25
50
   0.00000 	  570.82920 	  964.39717 	  428.71372 	  415.77994 	  718.30046 	  859.46941 	 1224.12171 	  700.05649 	  660.24334 	  582.09204 	 2350.70552 	  300.20069 	  473.08063 	  803.22792 	  426.84830 	  608.01073 	  813.74963 	 1709.70478 	  635.53064 	  525.88132 	 1867.18975 	 1841.71511 	  364.94772 	  502.16297 	 
 418.86419 	    0.00000 	  463.19387 	  660.60647 	  343.72167 	  312.63158 	 1478.28995 	 1458.22225 	  443.03996 	  918.74012 	  888.30121 	 2091.19075 	  728.04876 	 1176.25262 	  691.84631 	  967.37118 	  218.92830 	   72.11425 	 2554.42848 	  183.98966 	  572.35848 	 1951.37382 	 2475.62153 	 1005.69546 	   29.61500 	 
 804.21971 	  315.79324 	    0.00000 	  911.02782 	  672.03295 	  419.24734 	 1793.58023 	 1398.30702 	  685.45823 	 1688.05597 	 1406.90588 	 1885.60256 	 1425.20355 	 1209.35940 	 1036.13067 	 1368.82553 	  176.66891 	  306.16877 	 2531.79260 	  546.41655 	 1053.04847 	 3246.94113 	 2946.10911 	 1381.10336 	  500.51839 	 
 771.37840 	  713.91598 	  910.02016 	    0.00000 	  232.95435 	  242.15682 	  586.08208 	 1153.61140 	  166.57566 	  978.24244 	  426.56539 	 1782.76376 	  366.73651 	 1225.83070 	  444.74081 	  851.70233 	  554.84983 	  816.73048 	 1835.50612 	  420.53408 	  185.94511 	 1391.70573 	 1826.00993 	  902.20903 	  724.27792 	 
 280.28013 	  434.01539 	  737.15226 	  280.29809 	    0.00000 	  253.69504 	  713.95002 	  757.02073 	  167.46690 	 1021.71939 	  424.74175 	 1380.49940 	  506.71420 	 1127.05182 	  509.66443 	  636.63807 	  482.97664 	  376.25259 	 1106.50216 	  194.36292 	  369.70426 	 1456.75796 	 2252.32153 	  930.96661 	  391.85091 	 
 470.29568 	  276.39075 	  694.03364 	  222.53986 	  163.25607 	    0.00000 	 1033.12771 	 1303.21109 	  100.09419 	 1186.21018 	  635.63108 	 1699.52302 	  808.04645 	 1228.85633 	  509.33334 	  703.43686 	  297.75235 	  458.63730 	 1913.93376 	  104.49894 	  541.84877 	 1928.30680 	 1649.18630 	  833.42006 	  246.21100 	 
 804.67118 	 1205.90970 	 1466.57570 	  941.56947 	 1001.71076 	 1311.33345 	    0.00000 	  860.36566 	  719.16561 	  253.49741 	  408.54979 	  891.36188 	  345.43790 	  908.45263 	  798.47917 	  371.05545 	 1262.73812 	 1446.10253 	  807.51608 	 1025.30923 	  543.51984 	 1881.83128 	 1811.73012 	 1096.62799 	 1013.65034 	 
1551.91608 	 1704.45836 	 1831.76750 	 1068.32806 	  987.31742 	  857.55503 	  558.86849 	    0.00000 	 1239.71742 	  990.85179 	  532.74231 	  762.45684 	  621.51044 	 1988.76995 	  818.74478 	  920.28617 	 1213.60402 	 1356.44703 	  609.86636 	  984.53061 	  965.57393 	  714.90734 	  932.42010 	 1792.77770 	 1313.62716 	 
 725.76499 	  349.82764 	  608.24802 	  253.31241 	  281.67387 	   74.20886 	 1029.11757 	 1012.15894 	    0.00000 	  828.47977 	  477.33858 	 1472.91154 	  572.64302 	 1057.17873 	  544.32273 	  668.39165 	  568.93775 	  584.40406 	 1928.12568 	  158.97115 	  370.02082 	 1759.23773 	 2288.29721 	  814.83601 	  410.63302 	 
 772.51016 	 1168.48968 	 1653.09987 	  667.39392 	  968.30146 	 1331.78531 	  232.16940 	 1104.68016 	 1009.99854 	    0.00000 	  545.23739 	 1588.19046 	  434.17521 	 1099.15656 	 1072.09605 	  315.20077 	 1343.14054 	 1587.17507 	 1043.91317 	 1259.79090 	  770.83159 	 1678.45026 	 2378.50635 	  813.01914 	 1119.52539 	 
 556.63640 	 1128.60937 	 1347.06492 	  426.42885 	  452.37543 	  724.06583 	  327.28629 	  426.73373 	  539.38848 	  793.84780 	    0.00000 	 1148.54654 	  478.29597 	  965.37330 	  464.25122 	  761.72591 	 1024.50882 	 1261.72148 	  915.34713 	  754.23634 	  173.63263 	 1848.63204 	 1148.35260 	 1341.50598 	 1120.28669 	 
2200.24265 	 1657.68467 	 3350.22325 	 1583.60535 	 1521.42950 	 2020.67757 	 1031.08545 	  836.05223 	 1409.19809 	 1468.78927 	 1016.32668 	    0.00000 	 1705.38433 	 2417.04115 	 1719.63785 	 1213.80929 	 1767.68710 	 2273.85377 	  407.21310 	 2339.60495 	 1891.69528 	  385.58105 	  833.68148 	 2547.84571 	 2008.59675 	 
 238.83073 	  976.79448 	 1440.73713 	  556.29380 	  453.54802 	  774.65050 	  304.12445 	  779.77980 	  462.64994 	  431.60004 	  404.83806 	 1267.64859 	    0.00000 	 1101.14732 	  770.92191 	  313.58313 	  949.06527 	  732.20980 	 1157.75248 	  708.92940 	  274.54412 	 1278.37072 	 1885.30175 	  694.03588 	  670.46283 	 
 617.05545 	  709.42067 	 1228.10291 	 1421.95084 	 1100.20561 	 1334.16425 	 1051.88193 	 2001.46543 	  925.24914 	 1093.84160 	 1117.48569 	 2385.22787 	  610.50210 	    0.00000 	 1591.32245 	  516.87007 	 1203.52514 	  753.13987 	 1452.99667 	 1309.04692 	 1035.80713 	 2547.39038 	 2888.23727 	  213.47696 	 1106.12784 	 
 893.14669 	  682.95342 	  928.97885 	  339.92229 	  700.12019 	  776.12605 	  624.35302 	  513.83457 	  386.43497 	 1016.21275 	  373.19234 	 1672.12705 	  891.38724 	 1848.00309 	    0.00000 	 1278.17309 	 1028.31660 	  870.07886 	 1277.28247 	  652.84265 	  348.98138 	 1675.71147 	 1619.09539 	 1408.56253 	  803.75903 	 
 518.81881 	  810.77462 	 1026.34954 	  648.89259 	  588.71507 	 1133.33785 	  343.86548 	  993.44447 	  932.65293 	  219.18057 	  507.27725 	 1728.50999 	  278.37395 	  678.34060 	  959.88285 	    0.00000 	 1215.15204 	 1102.16309 	 1125.07648 	  780.58718 	  515.91137 	 2234.46554 	 1612.54161 	  409.16998 	 1208.33127 	 
 953.94149 	  229.50390 	  150.20136 	  751.21428 	  606.03537 	  530.98777 	 1166.16688 	 1407.48187 	  562.31317 	 1375.23938 	  817.49912 	 2783.21385 	  976.06508 	  815.46367 	 1239.87031 	  937.51515 	    0.00000 	  107.08785 	 2672.40817 	  411.39663 	 1114.99597 	 2604.55807 	 3085.98870 	 1149.29540 	  223.44597 	 
 773.78727 	   88.79430 	  207.05725 	  533.09369 	  552.21482 	  280.40307 	  938.04188 	 1687.42513 	  415.64216 	 1736.38153 	 1199.78987 	 2236.68624 	  668.58273 	 1302.26471 	  943.03169 	  839.09626 	   84.16266 	    0.00000 	 2393.25804 	  313.03581 	  725.93617 	 2346.07888 	 1697.71124 	  667.52232 	  104.05836 	 
2039.92911 	 2441.23416 	 2870.70686 	 1808.76832 	 1543.60671 	 1680.91975 	  766.13495 	  460.64398 	 1419.02340 	  975.80540 	  968.40718 	  394.42712 	 1173.48895 	 2274.91086 	  899.39427 	 1149.04438 	 1797.15031 	 1659.67550 	    0.00000 	 1434.15937 	 1276.23165 	  573.62945 	  790.74671 	 2249.07777 	 1595.38036 	 
 664.70835 	  218.39057 	  458.38393 	  419.82737 	  300.77920 	   79.08941 	 1332.23639 	 1640.56528 	  169.89248 	 1276.33727 	  881.97796 	 2058.31156 	  595.66693 	  729.25476 	  646.12959 	  870.77097 	  378.20129 	  296.41507 	 1323.01234 	    0.00000 	  531.84716 	 2894.99737 	 2713.54696 	  963.43605 	  181.52287 	 
 390.59404 	  644.77555 	 1069.07439 	  250.14032 	  308.41542 	  343.84338 	  547.73663 	  921.65558 	  338.96006 	  671.34406 	  206.80380 	 1312.83510 	  244.39136 	 1233.51377 	  380.49695 	  594.47251 	  721.22573 	  832.82259 	 1167.15749 	  715.09695 	    0.00000 	 2178.41346 	 2027.16714 	  934.93638 	  534.18286 	 
2564.89450 	 1927.95362 	 2660.36193 	 1578.77654 	 1782.49366 	 2202.31643 	 1864.45481 	 1045.03691 	 2510.50183 	 1513.28050 	 1751.95487 	  291.97752 	 1480.93769 	 2268.37140 	 1620.56068 	 1693.08701 	 2517.14682 	 3178.41818 	  477.10981 	 1635.92605 	 1839.37554 	    0.00000 	  556.73797 	 2048.35879 	 2059.47423 	 
1849.76939 	 1641.64114 	 1770.24064 	 1647.91200 	 2194.94378 	 2297.46620 	 1774.84726 	  737.97033 	 2136.60951 	 1391.38999 	 1108.29611 	 1219.78466 	 1518.92663 	 2775.49266 	 1778.74320 	 1521.90847 	 2383.80094 	 2176.58222 	  978.06200 	 2517.09259 	 1868.85820 	  566.78369 	    0.00000 	 2190.68992 	 2173.12379 	 
 303.67784 	  829.76112 	 1036.51727 	  866.27099 	  767.60988 	  973.57213 	  719.67582 	 1913.80362 	  712.65175 	 1010.78486 	 1296.75120 	 2345.02895 	  584.98078 	  159.50526 	 1224.09370 	  461.27666 	 1056.13230 	 1026.67408 	 1766.74085 	 1118.24773 	  912.00654 	 2366.11042 	 2391.86557 	    0.00000 	  619.10800 	 
 524.82570 	   31.58045 	  290.49563 	  607.81489 	  319.12975 	  364.45459 	 1263.66836 	 1272.97989 	  462.47951 	  889.85857 	  693.30655 	 2674.43083 	  586.28735 	 1138.99847 	  772.82098 	  949.34163 	  261.04376 	  111.74854 	 2371.70561 	  222.95616 	  883.99006 	 1901.78691 	 1854.90335 	  644.25900 	    0.00000 	 
   0.00000 	 6461.18435 	 7224.78110 	 23088.41917 	 5781.73524 	 7082.89911 	 9138.67519 	 2892.81550 	 7118.33113 	 8150.57403 	 2730.72819 	 7839.69427 	 7710.77988 	 25354.78130 	 3799.15672 	 12007.72634 	 56436.53464 	 9697.49067 	 1430.15937 	 4120.99932 	 6396.59191 	 7874.72693 	 2654.36748 	 15128.00474 	 20689.42360 	 
5025.06946 	    0.00000 	 16517.57065 	 12866.55249 	 3588.21045 	 6762.54611 	 4193.74239 	 3877.62298 	 8679.47508 	 3435.63554 	 1718.05165 	 9174.30137 	  903.93542 	 6844.34511 	 1125.66880 	 6616.67529 	 28832.38537 	 6830.42744 	  744.10634 	 9862.75507 	 3592.13553 	 8306.12231 	 2727.84480 	 2007.31133 	  437.06547 	 
8411.19844 	 12468.75585 	    0.00000 	 43887.94877 	 7700.28302 	 14570.51143 	 7068.26608 	 4304.46769 	 21297.41324 	 3207.16193 	 3928.88932 	 21525.81672 	 1342.35890 	 25235.68424 	 8435.10967 	 3367.62344 	 253025.60427 	 45229.53753 	 2640.47240 	 12869.68571 	 6658.33580 	 18053.06327 	 3354.18637 	 8421.68764 	 42280.73947 	 
20337.25461 	 9682.26358 	 33829.34238 	    0.00000 	 20283.63696 	 43483.49561 	 16693.77970 	 31455.78934 	 65810.00138 	 18732.46407 	 24100.45013 	 74641.78343 	 9650.29030 	 43637.53781 	 43783.83901 	 12572.53751 	 213293.78231 	 39724.77267 	 18211.62979 	 24823.91093 	 51423.82186 	 35060.45161 	 11769.09951 	 17183.59427 	 41946.65548 	 
4718.66553 	 3904.76087 	 7026.93298 	 21210.75280 	    0.00000 	 7190.34418 	 3026.67850 	 2026.37308 	 9259.30613 	 2339.18821 	 2814.32786 	 6949.91583 	 2006.61906 	 5251.78822 	 1481.49689 	 1638.96115 	 18388.45487 	 6100.28694 	 1009.31072 	 3848.04700 	 7002.56540 	 3890.87606 	 1382.68918 	 3434.97553 	 5859.00018 	 
6821.00363 	 4124.97149 	 13523.92616 	 25630.07797 	 5192.20938 	    0.00000 	 6266.51810 	 4211.27392 	 12425.44571 	 3995.86062 	 3189.64995 	 17113.03171 	 1574.74704 	 20113.97758 	 3746.85465 	 2310.43134 	 74094.19651 	 17971.20994 	 2341.13599 	 5640.73375 	 7970.61408 	 6989.99777 	 2405.06353 	 5580.52660 	 15845.02071 	 
11687.27506 	 2771.68531 	 7726.74027 	 18304.02352 	 3385.09959 	 4394.33738 	    0.00000 	 11550.94390 	 6925.29469 	 24202.38980 	 8334.48161 	 20966.01375 	 7548.40501 	 8050.28471 	 4045.86682 	 12305.31156 	 21895.19627 	 9387.35208 	 4344.10295 	 3207.14984 	 7334.46336 	 14245.23085 	 4152.49682 	 1926.14670 	 11758.95287 	 
1658.19962 	 3590.07174 	 5537.29394 	 25058.15657 	 1384.22958 	 2789.93656 	 8261.74245 	    0.00000 	 6657.08382 	 6535.29364 	 11204.92937 	 24869.40508 	 1880.01255 	 3076.22896 	 8718.89250 	 2948.36377 	 23591.05862 	 5905.49496 	 8893.86200 	 2824.53834 	 8097.11078 	 20200.92705 	 9814.48824 	 1495.39282 	 8225.78025 	 
8760.91555 	 7767.01335 	 14321.30163 	 43833.24121 	 6348.30467 	 8875.85247 	 5487.55562 	 5442.81197 	    0.00000 	 4598.78281 	 5318.15231 	 27066.93839 	 5349.50856 	 17560.76672 	 12932.83198 	 4603.11678 	 96914.37628 	 14121.18374 	 4642.56179 	 8750.31551 	 13389.74946 	 13576.07478 	 4598.94163 	 15030.45301 	 17971.55940 	 
8038.25840 	 5120.50479 	 5230.41133 	 18588.30961 	 1748.28686 	 4145.57434 	 37244.16834 	 6304.68875 	 4704.32645 	    0.00000 	 5130.72152 	 13984.92027 	 4026.67181 	 9659.71367 	 3203.14360 	 20665.14985 	 36186.80457 	 5276.03760 	 1505.91860 	 2678.08595 	 6851.93077 	 9000.17141 	 2949.86128 	 2037.47287 	 4914.21896 	 
2796.90569 	 1941.50314 	 2502.66728 	 35789.76466 	 2349.28963 	 3150.62457 	 9941.47027 	 13677.27854 	 5545.70035 	 3960.16292 	    0.00000 	 16666.28964 	 2907.99868 	 3620.66755 	 8296.67453 	 2637.94897 	 15148.08661 	 3842.14038 	 2523.82789 	 1938.31073 	 13584.44857 	 9577.28787 	 2875.40455 	 1439.92837 	 5178.02453 	 
9692.40315 	 6775.66546 	 20158.36619 	 60620.74253 	 5983.09145 	 13777.31407 	 21048.02801 	 32369.54838 	 16758.70405 	 18830.22473 	 19549.87071 	    0.00000 	 6620.25337 	 14872.71709 	 19843.44860 	 9629.29277 	 120437.53555 	 21693.03895 	 29810.38197 	 9611.71359 	 18557.94497 	 70956.93835 	 33916.72035 	 4747.69977 	 26614.74721 	 
7518.22271 	  980.26914 	 1336.19929 	 15916.63739 	 2438.98078 	 2486.75232 	 6599.72574 	 1781.81719 	 5181.24711 	 3001.67187 	 3585.07314 	 6572.80618 	    0.00000 	 3524.89542 	 1066.76075 	 4447.25112 	 8151.81406 	 3927.99230 	  794.03222 	 1516.38899 	 6456.30484 	 3546.75166 	 1023.24316 	 1261.84400 	 5533.85027 	 
17295.69889 	 8483.66623 	 30602.20661 	 52376.50397 	 7559.04149 	 11402.72983 	 9505.33714 	 4207.34855 	 17658.16954 	 6893.63300 	 5193.33081 	 10976.50756 	 3095.07644 	    0.00000 	 6119.23665 	 7971.73833 	 205134.75307 	 30296.03959 	  986.35229 	 14493.93766 	 9238.54814 	 7164.30739 	 1532.32771 	 14989.93376 	 19237.94198 	 
3540.56647 	 1072.65891 	 6734.33094 	 61412.15003 	 1739.30910 	 3944.70089 	 5359.75583 	 10677.22407 	 7002.15182 	 3067.72025 	 7996.74157 	 17155.94671 	 1325.39195 	 5074.57823 	    0.00000 	 2102.85675 	 27617.05107 	 5293.90199 	 4261.44102 	 2594.65769 	 7587.42375 	 9156.14387 	 5915.09206 	 3309.80277 	 12712.21335 	 
9669.88365 	 4186.30558 	 3801.15207 	 16985.28231 	 1705.69373 	 1606.69987 	 12101.65640 	 2009.71731 	 5002.35637 	 19884.69923 	 3438.00261 	 9424.22132 	 4708.28472 	 9251.95117 	 2531.36648 	    0.00000 	 23122.78366 	 4959.51115 	 1140.58311 	 2088.07115 	 3715.19119 	 7418.28372 	 2183.04409 	 3130.10830 	 4304.74368 	 
48404.28598 	 22855.65853 	 153621.25900 	 162355.42472 	 24316.43988 	 68515.32822 	 34420.77697 	 19848.93491 	 61760.19400 	 35693.91105 	 21149.61651 	 104971.21802 	 12121.52718 	 166872.36493 	 33328.42948 	 24612.97501 	    0.00000 	 7881.14466 	 11495.42955 	 63646.19265 	 27400.62256 	 81792.27324 	 16629.94343 	 24899.38745 	 160917.61843 	 
11430.40406 	 5451.31907 	 36206.55154 	 41024.92035 	 5710.79442 	 15813.81381 	 7794.09745 	 6227.54416 	 24940.26056 	 4337.51916 	 4535.52995 	 15223.35500 	 3973.43328 	 17705.36633 	 6038.56702 	 4365.72023 	 9997.57991 	    0.00000 	 2852.01264 	 37678.71875 	 8556.82444 	 18018.60684 	 4204.99649 	 5613.48037 	 9220.22596 	 
1363.39278 	  940.90430 	 2324.19566 	 16113.70035 	  969.63675 	 2427.05674 	 5039.57584 	 11145.54844 	 4631.46406 	 1578.46808 	 3902.85171 	 27642.41859 	  903.46308 	 1293.73581 	 4008.61777 	  817.22850 	 10712.26700 	 2282.27895 	    0.00000 	 1760.03586 	 2798.16249 	 12036.02504 	 3600.84648 	  695.40151 	 3409.84702 	 
4580.51270 	 9558.38517 	 9720.22497 	 31079.78305 	 5152.97273 	 6086.34219 	 3865.00615 	 2067.45968 	 13594.13064 	 3894.00927 	 1938.80838 	 7930.58624 	 1254.67646 	 11727.31349 	 2822.35176 	 1235.54922 	 69625.55165 	 33241.27387 	 2368.32676 	    0.00000 	 6130.84243 	 7325.43748 	 2597.35404 	 5553.52709 	 11635.40030 	 
7150.61422 	 3980.21493 	 8244.96663 	 30555.01674 	 3827.47796 	 6995.88863 	 7167.95136 	 7741.53564 	 10539.99461 	 6886.25800 	 12628.63760 	 12002.24100 	 6997.32482 	 6226.30576 	 7172.14214 	 3799.36306 	 33451.95594 	 6614.85858 	 4620.07481 	 4470.78362 	    0.00000 	 10812.93990 	 3030.29202 	 3804.19062 	 14836.58678 	 
8072.58450 	 9263.36934 	 18997.41075 	 26860.59768 	 2625.88686 	 5356.89955 	 17978.65817 	 18964.89611 	 10200.62600 	 10558.54293 	 7359.52749 	 71455.57413 	 2488.68637 	 8673.57438 	 13842.72485 	 6300.98806 	 54220.03876 	 11741.64559 	 11677.61925 	 7606.80680 	 10064.25846 	    0.00000 	 27325.46912 	 1819.52462 	 17163.31872 	 
3118.99464 	 3798.46705 	 3366.76816 	 17565.20106 	 1199.62272 	 1587.84640 	 4899.73152 	 8200.09613 	 5119.91491 	 2025.58335 	 2497.60153 	 27424.74338 	  748.21304 	 2270.02449 	 6921.78955 	 1673.80259 	 18985.30493 	 4254.32115 	 3925.88827 	 2093.89327 	 2979.14982 	 43487.21008 	    0.00000 	  694.01721 	 6139.21735 	 
11467.01593 	 2000.11824 	 8056.42206 	 18728.14269 	 5431.90293 	 8427.28178 	 3247.71174 	  986.91265 	 9826.73591 	 2873.15585 	 1896.23685 	 4164.74465 	 1297.62608 	 23224.36554 	 2866.66244 	 3720.61865 	 21704.55574 	 7887.96010 	  689.02170 	 4439.00787 	 3342.81089 	 2654.05617 	 1005.55784 	    0.00000 	 6837.62493 	 
13016.20980 	  454.74976 	 45459.49930 	 51692.69333 	 8149.37181 	 15233.16154 	 12194.82158 	 10740.57803 	 24820.26122 	 4924.32144 	 5810.20172 	 22427.86374 	 4436.59810 	 24887.71060 	 10906.15293 	 4923.33949 	 200685.74602 	 13323.46276 	 2864.49052 	 11520.16704 	 14268.71589 	 25145.29977 	 4282.83687 	 7546.15835 	    0.00000 	 
   0.00000 	  673.48971 	  876.50313 	  747.88233 	  478.93838 	  661.42198 	  517.89381 	 1431.31510 	  637.90946 	  573.61304 	  780.00209 	 2302.01413 	  428.62451 	  572.63660 	  995.38487 	  435.50834 	  623.38292 	  655.42843 	 1234.28873 	  493.99666 	  606.01116 	 2671.71358 	 2681.87706 	  385.95922 	  580.86022 	 
 567.52334 	    0.00000 	  466.13012 	  553.53175 	  432.36821 	  222.96218 	 1315.88962 	 1532.44488 	  487.25854 	 1600.54976 	 1193.71326 	 2785.39839 	  716.71403 	  711.81408 	 1099.43745 	 1196.07565 	  199.04104 	   96.43296 	 1917.39849 	  256.79630 	  743.20955 	 2921.08208 	 1733.70526 	  649.79269 	   35.19275 	 
 723.91347 	  299.45668 	    0.00000 	  656.12347 	  604.32839 	  668.03591 	 1097.54675 	 1772.13251 	  804.57518 	 1420.69033 	 1387.45128 	 2224.27967 	 1356.41118 	 1221.14963 	 1068.22836 	 1056.24935 	  214.04340 	  250.81268 	 1963.84323 	  423.98547 	 1037.43972 	 2480.69781 	 3212.61331 	  857.98437 	  414.49587 	 
 482.14250 	  756.90408 	  746.09027 	    0.00000 	  216.06170 	  329.93201 	  593.77097 	 1126.51345 	  207.03271 	  751.64301 	  525.07427 	 2003.36060 	  458.46633 	  965.16838 	  448.67930 	  784.12070 	  915.81419 	  756.22266 	 1684.13955 	  318.32144 	  245.10823 	 2037.04442 	 1747.85631 	 1056.97649 	  730.92034 	 
 283.92088 	  487.65665 	  625.54411 	  227.75236 	    0.00000 	  286.52536 	  645.75550 	  830.69468 	  286.00352 	  882.12771 	  520.85045 	 1492.81742 	  367.74450 	 1080.31352 	  693.27164 	  532.08194 	  413.59295 	  629.68436 	 1183.61351 	  229.74502 	  236.84090 	 2297.03113 	 1841.15762 	  635.02428 	  297.40262 	 
 504.91204 	  253.39433 	  705.73736 	  318.52655 	  160.10207 	    0.00000 	  789.43391 	  855.46777 	  115.29263 	 1410.67854 	  633.20648 	 1998.22095 	  555.87746 	  826.01036 	  720.39166 	  729.41874 	  448.93427 	  332.74228 	 1761.47030 	   93.14491 	  596.27060 	 2105.13110 	 2393.57546 	 1185.14347 	  251.25070 	 
 718.95453 	 1470.28520 	 1212.67026 	  580.49857 	  980.28944 	  834.99258 	    0.00000 	  723.71236 	 1080.89269 	  285.40029 	  475.42543 	 1163.76861 	  455.01590 	 1319.36489 	 1054.86028 	  530.03310 	 1065.69431 	 1265.83143 	  957.56297 	  983.19045 	  634.54020 	 1274.51181 	 1815.94616 	  814.08932 	 1390.83934 	 
1515.49576 	 1647.54884 	 1978.50030 	  771.12688 	 1383.86678 	 1165.26610 	  706.65448 	    0.00000 	  886.58993 	  941.37462 	  538.76879 	  757.34433 	  680.81024 	 1947.49813 	  744.40494 	  929.13605 	 1347.27077 	 1385.36639 	  742.30671 	 1145.00542 	  972.54259 	  980.13354 	 1120.99670 	 1722.50996 	 1366.51051 	 
 470.31070 	  330.87130 	  565.88449 	  203.59352 	  257.83704 	  113.06690 	 1221.97992 	 1293.49786 	    0.00000 	  923.13130 	  723.04733 	 2414.10012 	  626.42799 	 1340.71315 	  615.69389 	 1043.61604 	  409.29073 	  586.17782 	 1188.51014 	  182.72200 	  564.67130 	 1520.81748 	 2102.13146 	 1128.82551 	  423.50080 	 
 878.23141 	 1268.57058 	 1633.94492 	  809.20644 	 1029.51514 	  831.36963 	  238.14837 	  640.01055 	 1374.34023 	    0.00000 	  637.86819 	 1117.36150 	  383.76960 	 1114.89723 	 1344.83207 	  353.73911 	 1496.08270 	 1195.74859 	 1177.20000 	 1314.27682 	  580.53700 	 2007.89219 	 2176.48410 	  663.55742 	  951.14546 	 
 788.78014 	  777.64738 	 1031.91306 	  347.89820 	  652.51904 	  579.37844 	  353.36924 	  594.23720 	  478.68158 	  484.83074 	    0.00000 	  957.47373 	  277.72859 	 1372.92280 	  406.58927 	  689.77871 	 1252.04607 	 1298.39288 	 1199.88550 	  707.48488 	  278.82512 	 1519.74095 	 1880.66001 	  898.56210 	 1027.70886 	 
1845.76146 	 1784.54256 	 2130.86626 	 1613.66901 	 1324.96735 	 1521.20544 	 1064.17753 	  914.82869 	 1953.53586 	 1419.54122 	 1048.34957 	    0.00000 	 1701.61799 	 1772.04635 	 1641.86061 	 1245.56431 	 1816.96159 	 2233.19578 	  281.60412 	 2263.63912 	 1881.78775 	  311.06537 	  746.19858 	 1617.81318 	 1936.44936 	 
 243.08960 	  675.15106 	  878.51488 	  624.67726 	  312.26096 	  515.32939 	  374.86845 	 1082.78966 	  455.29841 	  467.70236 	  469.56364 	 1544.79950 	    0.00000 	  813.51790 	  577.53879 	  372.35746 	 1190.78474 	  678.35403 	 1358.32241 	  530.09075 	  187.90636 	 1926.52893 	 1709.31608 	  797.71370 	  529.30345 	 
 731.43964 	  739.22048 	 1491.03499 	 1137.33933 	  758.00654 	 1084.73516 	 1193.02441 	 1378.88611 	 1269.79966 	  949.94301 	 1515.26054 	 2274.44699 	  930.61945 	    0.00000 	 1508.03461 	  538.46662 	 1294.31226 	  938.81603 	 1974.71611 	  919.71573 	 1089.38840 	 1952.72863 	 2962.43255 	  153.56513 	  842.27745 	 
 925.90627 	 1111.37691 	 1079.87088 	  362.65104 	  525.80727 	  717.74779 	  883.33018 	  647.05095 	  580.09771 	  923.34334 	  510.39477 	 1825.29993 	  869.80553 	 1361.90839 	    0.00000 	 1013.64728 	 1265.09612 	 1059.23657 	 1450.71632 	  822.92423 	  446.84968 	 1923.46718 	 1769.38032 	 1424.27535 	  933.40257 	 
 355.12806 	  800.63184 	  986.23505 	  809.88898 	  607.54775 	 1168.20029 	  487.86836 	 1212.78091 	  682.86637 	  358.33773 	  852.77005 	 1994.71196 	  341.90900 	  483.64267 	 1349.11783 	    0.00000 	  878.15868 	 1345.63454 	 1325.96831 	 1148.96198 	  463.59196 	 2329.03091 	 1686.38104 	  405.29520 	  818.43733 	 
 743.76909 	  217.91305 	  179.77354 	  833.11652 	  712.72035 	  367.06496 	 1300.39739 	 1588.61012 	  459.05680 	 1059.40711 	 1216.74635 	 2546.80601 	  982.65538 	  921.20551 	 1217.20565 	  860.02369 	    0.00000 	   91.02995 	 2761.54857 	  383.35862 	 1117.30010 	 2001.03674 	 2086.77745 	  822.79606 	  191.98446 	 
 855.61816 	   87.34392 	  262.06082 	  804.27979 	  462.35252 	  400.45347 	 1129.54229 	 1209.51069 	  432.43041 	 1645.46403 	  941.07719 	 2964.34793 	 1015.11060 	 1028.77005 	  780.14371 	  906.53538 	   78.05619 	    0.00000 	 1623.71207 	  196.88448 	 1035.52442 	 3080.59961 	 1701.27950 	 1052.47199 	  142.62046 	 
1573.18928 	 1816.84932 	 2275.76721 	 1871.96639 	 2006.40083 	 2150.43782 	 1162.21629 	  619.87452 	 2080.53245 	  952.53239 	 1168.35539 	  387.55092 	 1411.57041 	 1827.06302 	 1238.26069 	 1398.97746 	 2594.94745 	 2019.11731 	    0.00000 	 1866.41627 	 1319.19644 	  831.89253 	 1227.39420 	 2159.70333 	 1754.52810 	 
 517.12719 	  178.15983 	  428.25708 	  414.05476 	  186.04935 	   93.03772 	  741.14618 	 1182.65007 	  166.53139 	 1299.70984 	  576.59987 	 2559.48861 	  752.77108 	 1139.96158 	  840.21289 	 1035.73455 	  315.37600 	  344.90339 	 2351.78274 	    0.00000 	  507.17946 	 2779.97217 	 2323.78147 	  763.95112 	  241.56437 	 
 476.35095 	  834.87196 	 1008.55572 	  332.25673 	  307.03161 	  537.74941 	  494.78141 	  751.90154 	  419.95217 	  478.78025 	  163.05488 	 1519.44112 	  267.08645 	 1335.21709 	  455.24963 	  750.52692 	 1110.30309 	  962.27809 	 1566.45030 	  703.33735 	    0.00000 	 2141.92945 	 1594.94436 	  629.83652 	  535.45394 	 
2094.32269 	 1876.68719 	 2875.23713 	 2167.53661 	 1861.49056 	 1759.48795 	 1660.82637 	 1179.84579 	 2362.17892 	 1630.98848 	 1387.57153 	  325.12398 	 1734.89898 	 2464.76582 	 2001.86852 	 1708.92397 	 2834.99869 	 2164.69894 	  781.74240 	 2327.64499 	 1829.33553 	    0.00000 	  537.93194 	 2431.11790 	 1846.43289 	 
1657.79778 	 2446.37756 	 2547.49365 	 2224.63200 	 2497.14588 	 2209.65920 	 1587.90741 	  765.42577 	 2290.59669 	 1558.69203 	 1564.18446 	  951.65980 	 2007.03403 	 2618.09573 	 1000.04780 	 2360.96416 	 2298.61120 	 2972.42089 	 1138.48196 	 2264.20341 	 1971.24153 	  820.51532 	    0.00000 	 2266.94442 	 1869.56260 	 
 375.68597 	  874.64890 	  925.73380 	 1111.36428 	  804.92398 	  884.00266 	  906.79095 	 1419.83638 	  843.66055 	  714.62892 	 1148.82141 	 2212.39929 	  530.42505 	  140.96244 	 1473.42620 	  455.60137 	  761.35557 	  750.30309 	 2073.56174 	  915.13645 	  994.47072 	 2981.14210 	 2050.76717 	    0.00000 	  571.57536 	 
 522.37824 	   31.64619 	  287.58889 	  663.44434 	  434.95850 	  265.50204 	  942.34325 	 1096.26809 	  500.42157 	 1277.82620 	  952.69043 	 1617.85523 	  677.05760 	  897.04480 	  933.79127 	 1077.49370 	  258.46902 	  134.13970 	 2139.85483 	  205.07580 	  700.20347 	 3119.30442 	 1726.72133 	  777.42266 	    0.00000 	 
   0.00000 	 6532.94968 	 9687.45196 	 21548.40980 	 3343.31910 	 5304.56335 	 13842.58064 	 1874.29491 	 7591.45240 	 7728.57883 	 4592.43824 	 8362.74667 	 8774.41023 	 22031.24082 	 2868.87768 	 8591.27062 	 55069.78750 	 13198.90518 	 1614.08198 	 5127.91156 	 5022.29648 	 5160.12888 	 2842.76121 	 11429.57109 	 14334.86352 	 
4838.32670 	    0.00000 	 9596.19062 	 13361.29262 	 2558.27042 	 4073.31287 	 3334.88123 	 2682.29690 	 5505.99895 	 4011.31743 	 1896.10387 	 5857.60039 	 1371.85818 	 8841.75484 	 1464.03417 	 4387.07924 	 28311.10307 	 5525.15084 	 1015.07528 	 7579.97491 	 3340.50252 	 7785.90702 	 2875.28918 	 1721.33113 	  427.79369 	 
8169.70280 	 14966.60651 	    0.00000 	 33130.30912 	 4678.43168 	 12506.13832 	 7479.83816 	 5542.16349 	 16014.44756 	 3081.08107 	 2432.31651 	 19194.20064 	 1872.13217 	 21808.31306 	 5273.89629 	 3996.01459 	 159668.52061 	 28938.89534 	 3132.41193 	 15387.76149 	 6922.29153 	 20110.27698 	 3476.86231 	 8910.89447 	 37925.71441 	 
23257.66774 	 17212.08014 	 35431.74491 	    0.00000 	 18430.43698 	 30419.12575 	 18623.96967 	 20724.80225 	 59654.35382 	 16431.91871 	 24846.89699 	 69282.99174 	 15373.57708 	 41435.82189 	 36231.62756 	 14164.98023 	 195611.18317 	 41862.34053 	 16563.53210 	 33591.08368 	 36071.76920 	 38994.95374 	 15188.50504 	 20084.48321 	 35906.53914 	 
5208.12359 	 3804.59326 	 5854.69210 	 23152.97169 	    0.00000 	 8561.98549 	 3153.06731 	 1281.94268 	 8808.27883 	 1813.95428 	 1619.19814 	 7351.87268 	 1749.16886 	 5824.11357 	 2483.07758 	 1023.19323 	 30496.61761 	 6544.45025 	 1162.49120 	 5086.32638 	 6389.05883 	 2607.11525 	  816.53943 	 5106.11618 	 6272.92157 	 
6017.86641 	 5025.65309 	 16537.66673 	 36950.89076 	 6192.07670 	    0.00000 	 6124.95079 	 2657.50494 	 13424.19822 	 3545.28862 	 2716.33197 	 18115.88174 	 2494.37583 	 13195.36264 	 6335.41658 	 2335.20434 	 61110.03680 	 11417.85306 	 3673.69827 	 5186.62571 	 5502.71351 	 7784.21087 	 2466.61779 	 6214.02199 	 13516.31889 	 
10458.31052 	 4121.41902 	 5086.71608 	 19083.97830 	 3262.05691 	 5436.87354 	    0.00000 	 13729.87887 	 5526.90369 	 40114.92672 	 11805.60622 	 26684.92454 	 8500.23322 	 5907.40527 	 5935.39094 	 13055.65866 	 21074.32817 	 7871.99287 	 6143.74944 	 2495.54170 	 8233.02903 	 11502.59961 	 5974.07325 	 3175.88643 	 12177.61897 	 
2485.00481 	 3081.61235 	 5398.41956 	 25207.64912 	 1371.10429 	 2891.96588 	 9372.80577 	    0.00000 	 6482.53345 	 6047.57723 	 10118.61320 	 27557.75999 	 1388.51214 	 3429.29807 	 11358.32957 	 2273.63890 	 27552.79985 	 4227.71397 	 9588.53252 	 1828.08416 	 8340.09265 	 15529.09833 	 8819.54095 	 1374.47437 	 6681.24314 	 
8963.55097 	 7584.54866 	 13623.56462 	 50529.68728 	 5918.50676 	 11727.26022 	 8063.36314 	 4095.15235 	    0.00000 	 3480.51294 	 5999.94074 	 19674.62740 	 6111.06688 	 22028.28860 	 7097.74745 	 5218.24471 	 89845.38824 	 18400.71418 	 4195.84656 	 9062.66021 	 14805.71659 	 10214.79250 	 3002.87685 	 9494.72748 	 24478.23486 	 
8811.05212 	 4957.51392 	 3009.79136 	 18006.35152 	 1690.69221 	 2873.09423 	 33081.65450 	 6498.18729 	 5435.61526 	    0.00000 	 5505.38351 	 21415.68888 	 3360.28183 	 7436.92487 	 3532.10063 	 23074.40025 	 26312.11765 	 6136.17488 	 1730.22212 	 3335.53509 	 6159.96730 	 10443.45956 	 2600.86782 	 2559.63011 	 4791.95314 	 
3863.34037 	 2882.06478 	 3485.10092 	 27092.84994 	 2818.65891 	 2192.69516 	 10361.26765 	 12753.12768 	 4941.19871 	 4737.11363 	    0.00000 	 17359.37189 	 2518.02163 	 4048.90558 	 6723.02769 	 2468.03410 	 13806.32433 	 4148.65353 	 3752.50955 	 1652.51166 	 18104.49534 	 7300.91414 	 3238.22233 	 2245.78703 	 6481.43101 	 
10971.81432 	 9403.47065 	 24905.36118 	 62642.75021 	 5898.63905 	 17742.79647 	 28089.77661 	 35698.97692 	 25222.04610 	 16978.96326 	 16574.70927 	    0.00000 	 4417.68514 	 16272.52367 	 22089.29887 	 9195.63057 	 99735.73241 	 19046.29266 	 24075.72980 	 12497.34327 	 16811.11401 	 81905.75394 	 24427.11059 	 4835.12333 	 21929.10242 	 
9241.01825 	 1514.03148 	 2333.69571 	 16473.93590 	 1756.31837 	 2353.23402 	 6889.73881 	 2210.54544 	 5108.57240 	 4261.51619 	 2210.82546 	 5750.30526 	    0.00000 	 2283.07427 	 1394.85485 	 4931.56474 	 8881.46384 	 2842.57504 	  546.09382 	 1328.27388 	 7771.54278 	 3629.85626 	 1278.03193 	 1330.65899 	 5406.81115 	 
16401.55413 	 8962.19376 	 20562.42431 	 31585.16674 	 8290.36796 	 18540.51865 	 8655.26356 	 3679.84428 	 30751.06633 	 6187.33121 	 5311.11677 	 13588.12936 	 2721.61332 	    0.00000 	 6862.88997 	 12168.25419 	 139343.26112 	 24029.08885 	  907.83704 	 13738.18857 	 7556.60872 	 8101.08382 	 1940.34921 	 23264.45171 	 20372.95785 	 
4312.94024 	 1353.66754 	 6975.91133 	 38721.77375 	 2171.75588 	 6088.61533 	 4806.56283 	 8913.70564 	 11634.92019 	 3300.63759 	 7495.65226 	 19432.14327 	 1063.12895 	 7126.49973 	    0.00000 	 2663.11999 	 33705.37034 	 5753.95512 	 5228.73454 	 3087.27985 	 9514.84513 	 14932.97661 	 5897.42421 	 3093.81141 	 15318.05777 	 
7855.08592 	 6125.55454 	 2834.50578 	 16282.59421 	 1078.24713 	 1649.67251 	 9646.67677 	 1867.62765 	 4506.82428 	 21229.09738 	 3384.66979 	 8408.27300 	 5974.69663 	 11046.16555 	 1600.62369 	    0.00000 	 16675.37209 	 3621.02455 	 1085.72726 	 1875.22223 	 5452.14521 	 8235.92069 	 2441.30629 	 3656.23474 	 5580.27987 	 
37554.62936 	 25509.29865 	 169875.46574 	 190073.63573 	 26821.58669 	 57052.47413 	 36011.48444 	 26548.44533 	 63896.09496 	 20603.77150 	 18402.95966 	 81111.68138 	 10968.59841 	 185995.50807 	 20349.79165 	 26210.68924 	    0.00000 	 9290.59711 	 12179.20866 	 56180.33550 	 33748.79168 	 75362.96480 	 16002.72878 	 20358.06766 	 133032.12528 	 
11689.42796 	 5853.81400 	 31891.19019 	 32002.76839 	 7121.47809 	 19903.36897 	 7947.27780 	 5490.75810 	 25609.76899 	 4973.75772 	 3208.70081 	 19798.52733 	 2590.12841 	 25023.98769 	 7238.62432 	 3724.88381 	 11093.51302 	    0.00000 	 3245.71886 	 25407.87735 	 10018.11100 	 17826.32742 	 3670.11523 	 4688.90178 	 10932.69943 	 
1309.28471 	  793.88251 	 2630.31899 	 18489.54732 	  864.00155 	 3566.18608 	 6178.37588 	 7981.54256 	 4961.01809 	 2025.11667 	 2914.14787 	 29998.29347 	  631.26069 	 1210.41340 	 6426.43442 	  781.53838 	 7899.42582 	 2603.90697 	    0.00000 	 2287.39380 	 2815.95409 	 13307.70693 	 2981.55218 	  458.41411 	 4110.64993 	 
5597.65541 	 9588.12366 	 10041.99156 	 19295.64709 	 5322.91410 	 5005.29733 	 2240.70028 	 2385.98310 	 9513.51395 	 4245.34136 	 2203.42894 	 12514.07691 	 1396.75351 	 10210.57057 	 2398.64553 	 2033.95308 	 58265.82710 	 25722.48376 	 1692.16489 	    0.00000 	 6482.49956 	 6750.65336 	 2018.24086 	 4195.57005 	 15307.37381 	 
4283.95620 	 4569.66917 	 8827.87795 	 31380.35523 	 6867.46458 	 9190.08950 	 11728.65106 	 6594.20662 	 11395.70830 	 6029.09701 	 12082.04790 	 15522.32953 	 6537.55922 	 7041.08878 	 9292.59232 	 4951.78176 	 42705.11054 	 9362.57986 	 4647.99835 	 4102.13289 	    0.00000 	 7496.27724 	 3804.87083 	 3987.76968 	 11528.10733 	 
6711.30215 	 6144.98201 	 14025.37610 	 41642.34627 	 3176.65940 	 5702.64064 	 10454.67391 	 19332.48980 	 12692.29752 	 7033.30833 	 9816.25516 	 99576.65731 	 3222.68178 	 5928.14339 	 15742.52483 	 5153.67397 	 54073.48756 	 12425.16261 	 14294.23058 	 8113.64485 	 10248.03308 	    0.00000 	 41993.61743 	 3223.83530 	 22916.21131 	 
2406.30094 	 2891.42887 	 4727.32057 	 16129.78726 	 1295.32030 	 2798.73673 	 4118.97528 	 6969.59831 	 4804.88164 	 3432.66113 	 2899.95792 	 27612.47131 	  989.46976 	 1470.15750 	 6039.79351 	 1684.47666 	 17972.67989 	 3834.96489 	 3320.74724 	 2333.80550 	 3487.66874 	 32479.53865 	    0.00000 	 1006.72769 	 4714.98139 	 
13168.06792 	 2214.85575 	 6139.24771 	 19126.44222 	 5140.07906 	 8124.40706 	 2981.20367 	 1348.96289 	 12336.01098 	 2464.40584 	 1321.23854 	 4129.52095 	 1811.77433 	 25975.19625 	 3398.29088 	 3585.26101 	 19907.18832 	 5514.70150 	  696.00339 	 5940.56671 	 4582.20658 	 3319.05230 	  856.26355 	    0.00000 	 7407.89704 	 
17984.94602 	  584.87747 	 46655.26474 	 32629.93029 	 9153.14582 	 16153.13350 	 11627.17448 	 8057.03778 	 17522.02000 	 6564.58069 	 9354.26769 	 26486.75572 	 4272.77475 	 21115.51397 	 12434.94794 	 4852.61667 	 150873.28854 	 9504.78165 	 3703.19295 	 16383.41847 	 11741.45090 	 13959.74529 	 3587.63048 	 7753.59983 	    0.00000 	 
   0.00000 	  671.97026 	  784.63384 	  421.40927 	  482.19197 	  410.29614 	  702.88169 	 1087.33415 	  682.95352 	  491.83986 	  621.14822 	 1401.78580 	  307.17352 	  482.25288 	  709.15730 	  299.78741 	  789.61699 	  633.58908 	 1873.37165 	  600.45346 	  418.24064 	 2165.79958 	 1861.80756 	  517.18642 	  443.78194 	 
 549.61777 	    0.00000 	  336.78813 	  595.36728 	  470.52859 	  239.68522 	 1290.67485 	 1927.06690 	  337.17161 	 1600.85242 	 1154.45946 	 1868.81536 	  791.13613 	  874.70572 	  785.05416 	  984.27549 	  208.09690 	   71.80028 	 2281.10432 	  154.11075 	  624.19403 	 1972.32114 	 2703.74218 	  964.62891 	   36.75189 	 
1157.74484 	  276.02828 	    0.00000 	  736.07627 	  807.33612 	  647.84868 	 1282.35691 	 1758.67493 	  737.17433 	 1914.71100 	 1597.77393 	 2255.61836 	 1477.40705 	  888.02870 	  993.04481 	  998.51195 	  186.94589 	  237.62069 	 2450.63033 	  397.56383 	 1111.65679 	 2504.79673 	 1926.85384 	 1084.51240 	  448.59872 	 
 696.77770 	  507.86194 	 1076.71339 	    0.00000 	  326.44396 	  345.16365 	  589.29246 	 1089.62666 	  269.33902 	 1050.01443 	  352.69007 	 1854.91755 	  503.56144 	 1336.34204 	  341.19395 	  663.64000 	  912.05018 	  536.37354 	 1847.55685 	  490.05791 	  300.59328 	 1994.65381 	 1655.83481 	  805.83668 	  633.93625 	 
 422.68320 	  379.99834 	  611.96320 	  235.60174 	    0.00000 	  280.68529 	  871.34232 	 1010.29764 	  227.43580 	  860.03254 	  676.01308 	 1862.72227 	  511.49203 	  702.29775 	  775.63129 	  493.69970 	  627.55388 	  460.54245 	 1611.84339 	  271.44984 	  349.46998 	 2398.41712 	 2192.43998 	  775.37447 	  354.61480 	 
 521.48886 	  387.09838 	  657.54383 	  388.09647 	  185.54061 	    0.00000 	  859.01371 	 1048.76376 	   66.59472 	  831.26240 	  503.83263 	 1684.25727 	  555.48635 	 1250.52747 	  682.82668 	 1126.83861 	  410.22564 	  470.13049 	 1438.21976 	  110.03772 	  574.87346 	 2192.83911 	 1628.67402 	  689.81653 	  301.09539 	 
 561.61442 	 1522.59237 	 1176.90403 	  767.09083 	  991.72791 	  978.32880 	    0.00000 	  768.41158 	 1109.57982 	  200.71490 	  581.63976 	 1609.48048 	  477.43332 	 1009.53451 	  731.37170 	  401.86232 	 1695.53789 	 1221.87056 	  918.26551 	  872.30918 	  698.04282 	 1108.71137 	 1213.92510 	  843.47774 	  987.72891 	 
1118.02528 	 1536.68860 	 1926.98121 	 1041.04101 	 1148.25508 	 1296.65214 	  774.88790 	    0.00000 	 1316.80283 	  912.64262 	  614.59237 	 1032.06759 	 1017.50732 	 1965.69075 	  541.26124 	  789.93981 	 1930.36174 	 1106.44005 	  473.77434 	 1431.07816 	  574.72089 	 1091.67928 	 1151.81050 	 1730.33767 	 1431.72159 	 
 719.40633 	  330.63948 	  713.02270 	  211.30382 	  246.16073 	   72.02370 	 1122.49098 	  931.32095 	    0.00000 	  779.55976 	  536.51922 	 2412.82922 	  656.44948 	  874.94932 	  420.16857 	  699.19671 	  399.25317 	  368.45384 	 1827.36663 	  216.93058 	  415.82893 	 2064.83986 	 1748.64501 	  882.07096 	  484.90364 	 
 520.21084 	 1138.34806 	 1384.63211 	  707.24633 	  645.86273 	  843.79523 	  256.28229 	  950.16814 	  886.85894 	    0.00000 	  701.37547 	 1410.84902 	  334.22357 	 1131.97212 	  934.66576 	  264.69806 	 1227.52981 	  975.44262 	 1223.86730 	 1322.64829 	  592.58296 	 2142.47616 	 1656.92560 	  724.44719 	 1290.89395 	 
 789.57479 	 1148.54676 	 1597.63654 	  333.18216 	  647.33706 	  619.82766 	  387.23316 	  689.63077 	  664.14379 	  807.05674 	    0.00000 	 1293.62994 	  343.16013 	  886.45836 	  523.30865 	  473.84868 	 1165.65079 	 1118.35804 	  740.23165 	  730.48734 	  202.63091 	 1072.93752 	 1502.68397 	  902.66532 	  776.92693 	 
2218.44311 	 1666.50492 	 2381.50436 	 1387.00585 	 1470.54849 	 2303.96131 	  967.76500 	 1049.70953 	 2024.34292 	 1692.64022 	 1128.44607 	    0.00000 	 2089.15952 	 2614.66908 	 1863.12165 	 1743.97603 	 2695.27853 	 1692.30785 	  366.52196 	 2664.34513 	 1367.78762 	  396.24030 	 1254.33636 	 2216.32346 	 2456.10695 	 
 344.68859 	  647.51312 	 1120.16486 	  569.78488 	  343.56443 	  490.36621 	  421.79549 	 1022.07860 	  618.09361 	  519.41615 	  298.89217 	 1281.81187 	    0.00000 	  748.06314 	  851.82689 	  330.08398 	 1194.10259 	 1022.07958 	 1163.15522 	  656.15173 	  247.88076 	 1492.83847 	 1618.57025 	  848.45791 	  661.72378 	 
 722.68071 	 1114.19192 	 1257.87367 	 1070.52495 	 1114.53554 	 1127.07055 	 1031.99523 	 2224.34201 	 1095.15316 	 1029.73497 	 1011.80102 	 2462.64486 	  918.67517 	    0.00000 	 1906.84715 	  635.89919 	  769.36011 	 1281.47424 	 1960.70434 	  923.16427 	 1213.84216 	 2583.80424 	 3191.05270 	  203.82754 	  970.75725 	 
1075.67312 	  938.41090 	 1158.68202 	  307.79351 	  486.15881 	  800.32521 	  879.36674 	  737.30027 	  681.94985 	  836.59781 	  448.04823 	 1512.94774 	  817.58020 	 1289.37325 	    0.00000 	 1175.06846 	 1247.87715 	  824.76172 	 1052.26055 	  704.83886 	  484.82025 	 1199.66758 	 1176.11440 	 1392.46012 	 1196.43414 	 
 313.55965 	  941.39853 	 1578.31886 	  749.13790 	  568.62316 	 1024.21497 	  349.72283 	 1108.39680 	  983.28550 	  337.90742 	  494.99101 	 1584.27805 	  276.85991 	  549.39112 	  815.97776 	    0.00000 	  906.90689 	 1395.21651 	 1465.02315 	  754.92177 	  577.44554 	 2475.82208 	 1468.95444 	  411.24378 	  951.73919 	 
 881.67153 	  230.73036 	  224.67793 	  747.61296 	  655.47024 	  366.49200 	 1105.44379 	 1744.57238 	  438.08641 	 1342.90229 	  800.82172 	 2767.44513 	  765.42697 	  847.96179 	 1307.87570 	 1360.70621 	    0.00000 	   87.09825 	 2060.46304 	  294.90196 	  901.66825 	 3138.11046 	 2156.40406 	  966.11725 	  186.00220 	 
 644.73310 	   67.56042 	  210.99692 	  779.95726 	  613.44605 	  370.68833 	 1505.89484 	 1123.34381 	  359.97531 	 1202.62631 	 1126.25936 	 2267.88466 	 1128.22994 	 1135.24124 	  968.55840 	 1375.04893 	   80.36959 	    0.00000 	 1635.22734 	  335.12506 	  884.28439 	 2508.74623 	 2618.37040 	 1061.25159 	   95.21396 	 
1705.09313 	 1472.49697 	 2772.44907 	 1319.74376 	 1771.04877 	 1930.05158 	  767.05953 	  732.98683 	 1625.55296 	 1162.00138 	 1143.89924 	  375.76813 	 1544.02158 	 2408.31172 	 1344.53995 	 1026.59351 	 2200.72624 	 2115.42965 	    0.00000 	 1302.14838 	 1214.85943 	  690.65279 	 1051.10259 	 2187.38585 	 1680.05326 	 
 559.92457 	  249.87573 	  440.58760 	  353.72002 	  276.31388 	  103.58920 	 1362.71776 	  933.04153 	  194.79849 	 1184.82111 	  874.96129 	 2444.64105 	  462.49555 	  785.90726 	  688.67594 	  962.04107 	  312.13117 	  324.30020 	 1353.57424 	    0.00000 	  502.86362 	 1872.77379 	 2682.18113 	  995.33083 	  249.30730 	 
 580.80953 	  560.41591 	  748.10059 	  251.03660 	  290.28907 	  353.66596 	  684.26290 	  717.39636 	  485.43982 	  710.78096 	  247.68190 	 2047.13542 	  267.55287 	 1002.61763 	  568.05531 	  473.30061 	  928.44063 	  630.68568 	 1510.88673 	  515.68454 	    0.00000 	 1779.64019 	 1930.26016 	  640.40299 	  535.57389 	 
2176.40193 	 2334.25001 	 2862.17507 	 2030.60584 	 2122.41052 	 2152.32776 	 1243.63175 	  886.26083 	 1874.98315 	 1743.40196 	 1610.59680 	  407.19791 	 2185.71618 	 3057.39680 	 1608.54978 	 1646.33370 	 1928.13966 	 3097.38445 	  523.37200 	 2788.81130 	 1668.40319 	    0.00000 	  714.38719 	 1903.81529 	 2175.32138 	 
1979.58220 	 2422.06628 	 2120.50925 	 1997.87377 	 2282.96425 	 1749.21994 	 1729.76294 	 1268.99372 	 1494.87234 	 2021.09841 	 1523.31162 	 1093.42881 	 1692.75882 	 3286.21246 	 1408.68214 	 2702.58694 	 2934.47702 	 2200.73169 	  894.55518 	 1733.12940 	 1635.95746 	  701.10869 	    0.00000 	 2314.11411 	 2407.16571 	 
 459.32791 	  925.55926 	 1037.78083 	  764.84652 	  927.17787 	 1141.69492 	  811.30028 	 1164.45658 	 1148.82175 	  701.20550 	  889.14858 	 1601.32317 	  560.26638 	  178.89335 	  988.46959 	  469.03428 	  952.88147 	  661.86131 	 2309.39498 	  626.26299 	  905.68299 	 3117.47824 	 1791.05637 	    0.00000 	  624.90184 	 
 456.83881 	   38.49790 	  336.18085 	  558.51445 	  295.48953 	  291.52795 	  847.90332 	 1440.46335 	  389.67730 	  868.78876 	  932.72085 	 1890.87691 	  608.71853 	  667.22691 	  801.88347 	  796.29953 	  247.30499 	  159.30626 	 2502.28624 	  198.37574 	  915.97263 	 3116.07026 	 2151.82806 	  819.73114 	    0.00000 	 
   0.00000 	 5503.38465 	 5971.71548 	 22647.90422 	 5454.34909 	 5582.45751 	 13088.53577 	 1955.86986 	 9284.82718 	 9196.88580 	 3738.28616 	 6511.20130 	 11863.60968 	 28930.62312 	 3050.44507 	 10857.51308 	 44451.79968 	 12351.95289 	 1697.54553 	 4305.90544 	 6047.10478 	 7845.93014 	 2740.99991 	 13656.08124 	 19212.46715 	 
5222.03477 	    0.00000 	 13531.16598 	 11289.10586 	 3265.76754 	 6887.13010 	 3009.71870 	 3667.71646 	 5991.61678 	 5372.49293 	 3169.38869 	 9710.83674 	 1525.67737 	 9184.14234 	 1178.26334 	 5815.90388 	 26431.74923 	 6285.76264 	  756.09747 	 9625.64361 	 2921.38120 	 7468.64463 	 2616.14419 	 2027.75074 	  548.67226 	 
5364.99527 	 9101.32572 	    0.00000 	 29538.09460 	 4928.95162 	 12967.45476 	 4684.24799 	 4597.46896 	 12322.09501 	 4750.84308 	 2936.29145 	 25842.78853 	 1890.88646 	 28956.56974 	 4790.42854 	 2567.93977 	 186359.90673 	 31800.11350 	 2567.09665 	 15392.99561 	 6000.85394 	 19002.09324 	 5419.83284 	 9815.77200 	 64173.98329 	 
17583.32039 	 10979.56675 	 41903.48872 	    0.00000 	 16150.44744 	 25545.81653 	 18027.39313 	 28915.86838 	 48424.14399 	 19048.17250 	 31004.78009 	 76896.47060 	 14358.84586 	 56047.62233 	 41343.47421 	 17677.05659 	 145643.60743 	 31505.91038 	 15125.26069 	 32264.66926 	 39618.99293 	 44120.81313 	 12597.49477 	 14586.25630 	 37483.32096 	 
3637.33804 	 4297.43714 	 6268.15900 	 21098.27490 	    0.00000 	 7546.02732 	 2757.84240 	 1490.71531 	 6402.44112 	 1821.02801 	 2475.83772 	 6857.28636 	 2201.53436 	 8316.03447 	 2066.32491 	 1551.48959 	 31760.11398 	 6390.33047 	  815.33224 	 4028.05827 	 7041.79064 	 3294.21816 	 1155.63832 	 5047.67711 	 6784.42004 	 
5595.27359 	 5756.89044 	 10754.51828 	 27869.76480 	 9303.91269 	    0.00000 	 3762.80876 	 3222.85072 	 12704.40055 	 3140.27674 	 2420.21557 	 14570.39610 	 1702.22299 	 18106.40927 	 5536.84097 	 2443.05666 	 61027.04973 	 13450.40793 	 3431.23594 	 3675.14612 	 6331.01822 	 7657.19198 	 1770.95052 	 8451.71033 	 10193.35939 	 
14256.45434 	 3851.47119 	 7577.94184 	 24757.92957 	 2386.75770 	 3933.93242 	    0.00000 	 9668.38184 	 7833.81857 	 28669.75105 	 9473.84957 	 26062.18468 	 8063.68248 	 7824.54704 	 3612.05476 	 15753.01323 	 37381.33081 	 6010.69822 	 4063.26821 	 2754.75346 	 7464.34673 	 14351.90993 	 3685.91861 	 2732.28542 	 13229.69398 	 
2481.49856 	 3480.64005 	 4409.33141 	 29833.83073 	 1513.14369 	 3029.01585 	 13719.65720 	    0.00000 	 4871.12061 	 6985.47399 	 10496.69429 	 35429.86638 	 1545.17331 	 2758.03933 	 7271.87145 	 2320.51438 	 29289.93426 	 5517.08145 	 10744.33066 	 1870.48317 	 6995.38098 	 19442.28186 	 6990.34390 	 1178.24921 	 10669.63817 	 
8927.48817 	 5888.54457 	 19503.24215 	 36613.71857 	 5199.71821 	 7772.59948 	 6871.82086 	 6829.18214 	    0.00000 	 3213.14074 	 4297.70005 	 23389.80952 	 6054.01247 	 17514.50137 	 7568.87216 	 3570.97176 	 88810.88518 	 18169.11442 	 3874.67090 	 13092.80869 	 9892.64592 	 16034.90963 	 3811.48905 	 14426.73402 	 16384.38574 	 
5948.35145 	 3558.34496 	 5425.82442 	 11647.45822 	 2318.39006 	 3440.05695 	 37794.36719 	 6112.64091 	 5421.51231 	    0.00000 	 3119.70735 	 14164.47567 	 5039.40339 	 7436.99111 	 2572.96814 	 16379.97775 	 23670.61956 	 7157.94148 	 2236.90232 	 4576.80018 	 8104.18736 	 7761.94647 	 3177.62552 	 2787.28033 	 4748.24928 	 
2587.87364 	 2108.11699 	 2473.27271 	 34017.12818 	 2358.78042 	 3380.27448 	 12850.18889 	 10103.49210 	 4886.68820 	 4319.15197 	    0.00000 	 18826.79687 	 2232.19972 	 5158.55154 	 9713.96122 	 3615.89082 	 20747.30015 	 5783.94199 	 2613.81698 	 2064.07768 	 16012.44492 	 8700.17817 	 2778.10699 	 1249.44959 	 6606.39335 	 
8401.52534 	 6938.30456 	 18172.99653 	 79357.14146 	 5673.07271 	 12271.79317 	 34990.92095 	 32699.60724 	 22152.39206 	 17269.58181 	 16800.80534 	    0.00000 	 5775.92505 	 18085.75890 	 14016.59962 	 9811.80903 	 91525.63863 	 25095.71532 	 36010.35672 	 13885.59526 	 17004.32646 	 100450.95628 	 31331.94726 	 4994.07156 	 29818.89543 	 
12898.63811 	 1509.89668 	 1722.99136 	 16412.09979 	 1794.48236 	 1689.21174 	 8651.92083 	 1956.55484 	 4033.36268 	 4013.01887 	 2171.23451 	 5295.82772 	    0.00000 	 3235.61663 	 1285.66560 	 5479.10579 	 9961.04299 	 2546.58257 	  582.82994 	 1521.60854 	 6150.87581 	 2726.76689 	  911.27220 	 1677.54973 	 3476.58555 	 
24254.43110 	 8514.10942 	 29962.52993 	 50736.59378 	 6083.13620 	 19954.77038 	 6086.83579 	 3887.66770 	 30120.05749 	 9750.05298 	 4265.61305 	 14450.99602 	 2820.51753 	    0.00000 	 6471.50178 	 11783.21188 	 159193.51965 	 24950.70401 	 1264.94724 	 12911.24282 	 8001.48003 	 8046.20168 	 1772.55124 	 21934.88417 	 25676.89275 	 
3171.33236 	  834.74994 	 8362.83583 	 63686.57841 	 2261.96118 	 6492.43654 	 5347.55131 	 6686.13486 	 12407.07078 	 3549.68508 	 8652.14541 	 22477.74219 	 1321.91687 	 5934.98087 	    0.00000 	 2684.79195 	 25218.33283 	 5606.84793 	 6374.94484 	 2575.50742 	 9729.87237 	 12111.73140 	 6798.50501 	 3414.59813 	 12379.97189 	 
7439.08019 	 4033.04860 	 4584.00513 	 10673.74612 	 1426.25403 	 2444.43396 	 11297.32281 	 1930.75019 	 3437.16886 	 14240.82874 	 2327.45733 	 12678.84250 	 6678.51710 	 7202.85282 	 2572.42333 	    0.00000 	 20984.62182 	 5197.92604 	 1080.99958 	 1630.18487 	 6087.53988 	 6736.82630 	 2537.58004 	 3302.96820 	 4953.60559 	 
58439.84515 	 32105.40837 	 188806.90683 	 206541.06225 	 26362.27518 	 76691.94240 	 31194.57946 	 29894.32722 	 72523.35178 	 23438.50973 	 21362.32903 	 122263.92289 	 11658.45259 	 144723.44971 	 20895.69708 	 20906.70455 	    0.00000 	 7070.75355 	 11257.07924 	 62171.75513 	 31593.64997 	 72990.27594 	 13123.27541 	 28697.42450 	 190518.24048 	 
14822.79363 	 6761.46297 	 43193.15617 	 38913.33802 	 5226.45732 	 17190.26498 	 5844.86307 	 5749.15200 	 25180.58734 	 6961.46437 	 5776.02013 	 19172.45801 	 3472.40460 	 26376.11546 	 5516.50863 	 4894.22970 	 7926.86746 	    0.00000 	 3590.02848 	 26079.59438 	 7014.32130 	 15951.73807 	 3787.01198 	 6577.41673 	 11700.56379 	 
1694.17258 	  889.36523 	 3102.34866 	 19589.94400 	 1303.16013 	 2858.36862 	 6896.01236 	 7507.61829 	 3933.63630 	 2490.62499 	 3346.90881 	 35783.70892 	  956.32656 	 1072.31563 	 5893.89107 	  801.65416 	 10277.41391 	 2664.50874 	    0.00000 	 2304.49784 	 3095.38513 	 11032.41125 	 3909.47438 	  472.14821 	 2672.04787 	 
5218.77126 	 8476.37903 	 15834.71944 	 31220.56693 	 3163.09180 	 5805.46340 	 3632.16449 	 2124.02340 	 8967.89816 	 4060.51585 	 2526.19850 	 8262.18966 	 1025.19575 	 15677.92197 	 3265.22335 	 1741.59064 	 46552.91286 	 39200.70207 	 2222.20588 	    0.00000 	 5115.19870 	 5142.01434 	 2551.30192 	 4281.04059 	 13345.37161 	 
4578.00406 	 4008.70750 	 5820.96445 	 41695.04518 	 6828.09573 	 5366.93550 	 7824.21803 	 7673.38001 	 10828.72128 	 6772.69041 	 13083.19186 	 13052.59789 	 6496.42923 	 6627.72355 	 6705.33606 	 5534.65415 	 26495.16471 	 8461.92381 	 3508.05513 	 5704.61470 	    0.00000 	 9118.52886 	 2441.75165 	 4752.68045 	 15111.06329 	 
7284.76669 	 9479.28372 	 21618.99579 	 45208.64281 	 3183.75439 	 8174.60857 	 17093.91425 	 18646.62274 	 14946.53143 	 6319.65382 	 7551.27668 	 84394.53777 	 3019.31587 	 6744.75955 	 11735.03773 	 7155.54201 	 59179.10858 	 16375.17770 	 12920.11609 	 6825.29608 	 9362.69106 	    0.00000 	 33065.74468 	 2815.04749 	 22215.34050 	 
2546.04422 	 3754.36350 	 5152.83315 	 12515.72622 	  924.36726 	 2241.75469 	 6203.37982 	 7889.12406 	 5181.28117 	 3131.41341 	 3294.11288 	 29723.63434 	 1128.10208 	 1842.81197 	 7441.59176 	 1957.14373 	 18236.53937 	 3387.86971 	 4225.27348 	 2179.19285 	 4197.42877 	 41141.45940 	    0.00000 	 1147.71918 	 4026.72356 	 
14645.45252 	 1662.82385 	 8809.26586 	 12664.88885 	 5102.28886 	 8220.44838 	 2134.85920 	 1170.60343 	 16507.71259 	 2903.08613 	 1933.09815 	 4248.48614 	 1219.61477 	 26156.70412 	 3753.61313 	 4015.01457 	 21234.03417 	 6274.13938 	  662.91081 	 6743.37300 	 3498.66470 	 3008.87241 	  997.41000 	    0.00000 	 7464.95459 	 
16509.69858 	  528.10087 	 65220.84601 	 46334.04106 	 8463.46958 	 15182.50337 	 10985.46823 	 10243.90749 	 22154.83485 	 5986.27479 	 8630.83675 	 17768.68713 	 5066.70427 	 24754.23300 	 8769.52899 	 4462.70200 	 178016.41687 	 15978.43144 	 4100.81293 	 10558.70013 	 9058.33457 	 16637.67242 	 4818.89762 	 4414.02492 	    0.00000 	 
   0.00000 	  479.80129 	  949.51641 	  713.15077 	  399.83504 	  648.03251 	  861.84984 	 1121.86481 	  460.28916 	  852.61122 	  528.32901 	 1455.52511 	  279.62661 	  709.18487 	  889.07882 	  495.85976 	  737.89111 	  608.73955 	 1577.76920 	  496.77439 	  411.32827 	 2336.33652 	 2759.23216 	  462.52625 	  668.88046 	 
 720.00412 	    0.00000 	  304.38273 	  696.91462 	  556.34646 	  337.01769 	 1404.30747 	 1108.70056 	  410.52041 	 1441.26833 	  917.71354 	 2509.17094 	  888.79392 	 1190.22285 	 1156.85098 	 1146.64102 	  167.82383 	   78.62830 	 1448.50453 	  175.24193 	  858.94583 	 3070.49505 	 2249.79203 	 1062.40952 	   46.21693 	 
 735.34387 	  328.67082 	    0.00000 	 1002.67048 	  949.27403 	  523.41945 	 1420.17887 	 1292.94763 	  545.99037 	 1466.35080 	 1395.29489 	 2670.61633 	 1008.94934 	  914.69757 	 1292.23469 	 1103.03534 	  140.30541 	  260.64852 	 2294.43921 	  536.55112 	  876.28483 	 2996.67996 	 2539.61525 	 1454.94260 	  367.42807 	 
 425.12521 	  644.36032 	  860.29274 	    0.00000 	  185.05457 	  239.69578 	  681.09640 	  867.37635 	  223.30933 	  801.12991 	  345.75402 	 1580.47649 	  446.39080 	 1205.92292 	  365.65669 	  862.83416 	  605.22816 	  538.80842 	 1719.01897 	  508.45658 	  302.49482 	 2402.22398 	 1751.48871 	  930.52407 	  581.30918 	 
 341.21878 	  395.12063 	  713.34279 	  291.74875 	    0.00000 	  241.19338 	  864.46017 	 1063.04095 	  258.03250 	  673.21655 	  513.08014 	 2006.56844 	  468.95229 	 1150.33695 	  694.43217 	  893.45135 	  586.33316 	  503.43540 	 1552.08260 	  198.61686 	  281.81090 	 1838.98316 	 1541.27633 	  666.96035 	  431.97468 	 
 431.45885 	  391.29633 	  545.18936 	  272.17713 	  247.00088 	    0.00000 	 1115.21403 	 1102.00048 	  112.41581 	 1311.88607 	  794.71616 	 2389.71975 	  599.99376 	 1409.15656 	  661.09447 	  729.92300 	  297.28200 	  274.31916 	 1415.00814 	  109.09601 	  343.86049 	 2753.21820 	 2095.22309 	 1169.21965 	  239.04099 	 
 715.61832 	 1376.59813 	 1372.51053 	  558.36127 	  780.44720 	  934.11814 	    0.00000 	  545.31569 	  814.58320 	  287.51147 	  391.41088 	 1373.58298 	  354.85018 	 1025.76191 	  643.00317 	  303.67108 	 1510.06857 	 1297.76789 	  706.27238 	 1229.99592 	  606.72646 	 1690.80151 	 1566.40755 	 1072.14201 	  906.96098 	 
 947.61468 	 1103.29707 	 2075.61758 	  873.20994 	  970.51484 	 1180.09177 	  502.19289 	    0.00000 	 1445.85038 	 1098.22998 	  605.30589 	  606.01840 	  813.73110 	 1321.11643 	  606.44642 	 1280.05232 	 1254.03326 	 1724.50568 	  509.07408 	 1258.81741 	  780.73031 	 1228.79982 	  760.29220 	 1490.66727 	 1721.21454 	 
 740.35350 	  288.42352 	  670.93233 	  182.74257 	  185.99599 	   75.96843 	 1156.08844 	  936.25533 	    0.00000 	 1286.33551 	  625.56492 	 2035.78264 	  554.08415 	 1152.07131 	  552.58656 	  997.57878 	  518.29766 	  319.40938 	 1919.83005 	  228.23958 	  513.35672 	 2499.37728 	 2069.20327 	  757.32541 	  305.43716 	 
 782.29096 	 1506.87780 	 2059.14860 	 1019.49375 	 1141.01464 	 1156.00043 	  175.81261 	  971.36365 	 1097.31911 	    0.00000 	  681.47654 	 1644.14616 	  491.90962 	  894.18840 	 1035.67704 	  217.36922 	 1746.71906 	 1019.02760 	 1148.18077 	 1356.49302 	  579.70766 	 2111.14621 	 2382.17832 	  628.06328 	 1154.08396 	 
 523.85062 	 1030.72895 	 1475.90905 	  459.25183 	  646.68119 	  514.71043 	  507.50394 	  590.31531 	  492.60434 	  597.82574 	    0.00000 	 1324.66962 	  431.14116 	 1289.98727 	  321.57718 	  848.62517 	 1030.84882 	 1048.07227 	  835.93139 	  604.45377 	  284.07725 	 1072.78541 	 1604.37277 	  935.75396 	  881.00585 	 
2436.22183 	 2237.88867 	 2863.58853 	 1516.39879 	 1990.71656 	 2575.36440 	 1242.36273 	  873.79379 	 1884.79073 	 1029.05925 	 1115.17860 	    0.00000 	 1933.44377 	 1984.12445 	 1641.38280 	 1894.90142 	 2552.28879 	 1876.74947 	  254.96083 	 1789.01169 	 1562.68679 	  314.74602 	 1159.08394 	 2800.16048 	 2439.58381 	 
 252.38406 	  622.98434 	  848.48725 	  344.73398 	  312.20942 	  720.79326 	  510.34464 	  804.42448 	  541.15826 	  495.86538 	  472.86673 	 1273.52076 	    0.00000 	 1073.47067 	  595.39173 	  412.98587 	  767.78316 	  908.25848 	 1563.68080 	  477.47882 	  226.58481 	 1561.02198 	 1730.19412 	  533.62437 	  803.23857 	 
 732.01371 	  785.89375 	 1367.28726 	 1273.57648 	 1173.14175 	 1190.08963 	 1005.82863 	 2056.35731 	 1087.72198 	 1024.91410 	 1321.79075 	 1659.03505 	  935.38918 	    0.00000 	 1667.01668 	  762.70665 	 1092.64509 	  746.06298 	 1516.91087 	  994.62446 	 1216.15846 	 2117.36484 	 2991.09840 	  195.24396 	  836.63431 	 
1126.51107 	 1159.28829 	 1204.20480 	  448.84407 	  684.34688 	  500.31191 	 1093.19723 	  702.72047 	  677.55215 	 1157.90195 	  358.81304 	 1863.33745 	  507.30316 	 1900.33235 	    0.00000 	  887.11849 	  959.88251 	 1059.13338 	  938.45675 	  673.78269 	  568.98477 	 1272.66360 	 1502.01599 	 1298.39298 	  795.41196 	 
 335.67000 	  859.00192 	  968.11233 	  590.83711 	  525.77257 	  969.58619 	  352.32627 	 1340.06283 	 1081.11289 	  351.05497 	  707.17518 	 1335.97152 	  412.21257 	  856.60211 	 1153.69314 	    0.00000 	 1386.23845 	 1097.58571 	 1179.12755 	  989.84465 	  429.66093 	 2049.14807 	 1555.90721 	  626.36089 	 1084.00062 	 
 965.40612 	  215.22608 	  160.31776 	  777.71540 	  420.24574 	  410.88118 	 1310.32921 	 1320.09519 	  403.31266 	 1817.08093 	 1132.71253 	 1951.45179 	  969.88196 	  980.17732 	 1015.65062 	 1278.57105 	    0.00000 	   61.44869 	 1843.92256 	  348.16456 	  625.38423 	 2935.39079 	 1774.52289 	  731.05591 	  186.61162 	 
 492.88404 	   92.39672 	  325.76408 	  828.39633 	  396.91483 	  335.00072 	 1028.04721 	 1493.56940 	  472.50856 	 1399.06502 	  807.98797 	 2090.67265 	  979.54131 	 1209.52067 	 1154.23511 	 1167.59670 	   74.94945 	    0.00000 	 1469.09404 	  271.58205 	  964.02642 	 2665.52785 	 1774.59804 	  700.61987 	  144.40657 	 
1929.85122 	 2359.91128 	 2144.92952 	 1785.30284 	 1372.34303 	 1935.90342 	  682.70969 	  480.83246 	 1182.86136 	  888.40983 	  788.47835 	  392.79688 	 1321.32820 	 1798.21279 	 1442.81650 	  914.50388 	 2151.98912 	 1665.86594 	    0.00000 	 2060.61888 	 1448.68737 	  717.83531 	 1333.68508 	 1763.11079 	 2502.31482 	 
 613.93574 	  265.71725 	  567.97896 	  450.75228 	  199.78492 	   81.03359 	 1055.91733 	 1006.43642 	  228.95583 	 1359.07698 	  603.89471 	 2234.52241 	  723.58501 	 1186.60401 	  546.13390 	  740.27490 	  352.30594 	  329.52130 	 1847.24146 	    0.00000 	  695.61378 	 2680.76937 	 1768.87533 	 1052.09740 	  222.14315 	 
 438.77802 	  546.92807 	  782.55937 	  218.00490 	  229.89283 	  423.22500 	  427.71838 	  903.44394 	  552.38826 	  677.98100 	  179.12240 	 1161.76651 	  230.16519 	 1316.37717 	  374.62084 	  454.07258 	  940.86704 	  849.64182 	 1587.34089 	  448.34888 	    0.00000 	 1670.01438 	 1968.84004 	  703.80930 	  518.28154 	 
1845.42532 	 2463.46627 	 2439.12436 	 2391.28465 	 1773.36478 	 2807.16959 	 1452.41916 	  927.85473 	 2457.46735 	 1978.30546 	 1823.00806 	  411.35014 	 1682.95134 	 2829.24512 	 1291.74589 	 1473.36440 	 3218.17727 	 1980.15675 	  658.20449 	 2161.63824 	 1491.50632 	    0.00000 	  606.47274 	 2499.28685 	 2411.85142 	 
2452.92627 	 2394.58268 	 2476.37205 	 1293.44050 	 2007.72341 	 2252.79226 	 1241.98860 	 1281.95933 	 2335.67008 	 1544.25279 	 1057.17161 	  785.63684 	 1575.32287 	 2590.19105 	 1708.52798 	 2087.48519 	 2273.81511 	 2978.74443 	 1083.90564 	 1786.20124 	 1963.08460 	  652.43436 	    0.00000 	 2404.09709 	 1945.56693 	 
 295.93696 	  773.41924 	  948.82275 	  815.69953 	  699.44961 	 1200.21116 	  923.78690 	 1105.69722 	 1281.34382 	  874.44704 	 1240.93901 	 1668.17915 	  651.17461 	  243.63145 	 1333.26328 	  411.15065 	  717.01493 	 1047.39715 	 1796.44319 	 1089.27449 	 1087.92040 	 2164.22115 	 3157.78840 	    0.00000 	 1052.17453 	 
 553.09749 	   27.93293 	  491.66816 	  557.50013 	  319.61564 	  242.66297 	 1235.91736 	 1458.23988 	  361.97562 	 1309.16912 	 1069.61272 	 1792.19379 	  969.69879 	 1096.71931 	 1100.65828 	 1108.51057 	  160.79091 	  155.00633 	 2270.28453 	  142.10126 	  880.60157 	 1996.74439 	 2026.25637 	  638.13312 	    0.00000 	 
   0.00000 	 6938.14309 	 8179.26872 	 15849.71080 	 4749.13002 	 6125.42418 	 13700.64387 	 2316.89770 	 7747.47649 	 8455.73967 	 2596.23268 	 6462.93079 	 10414.36573 	 28676.32466 	 2614.67648 	 9607.28453 	 36491.08202 	 8913.85855 	 1359.55799 	 6831.39226 	 7137.72582 	 7625.64856 	 3436.69866 	 11821.74617 	 17315.08409 	 
8200.08627 	    0.00000 	 9601.95007 	 14687.80592 	 4282.56333 	 6317.60836 	 4648.89887 	 3776.71892 	 5455.41659 	 3385.07760 	 2310.99353 	 7558.26548 	  906.83609 	 9291.55792 	 1486.11641 	 3999.87837 	 24775.12685 	 7055.43267 	  819.04186 	 9840.87475 	 4904.74826 	 5393.25953 	 3505.67402 	 2385.45134 	  491.19190 	 
9609.00426 	 9481.92692 	    0.00000 	 39567.30032 	 6560.31154 	 15328.21003 	 4220.51219 	 4587.11314 	 17964.36821 	 4881.43697 	 2701.87215 	 24274.97069 	 2344.78986 	 24029.49161 	 7056.75235 	 2608.86666 	 207212.90851 	 35986.63564 	 3196.23825 	 15489.86697 	 8588.27376 	 13986.10838 	 5007.42428 	 6855.74881 	 64180.07816 	 
17470.44046 	 15289.04883 	 27967.86270 	    0.00000 	 15837.98041 	 33433.95400 	 18312.06243 	 29651.84188 	 64228.92635 	 14851.14398 	 28474.10604 	 66458.62895 	 14890.83491 	 43709.89451 	 57331.41406 	 15265.53700 	 131374.53197 	 37253.82047 	 12328.50503 	 27243.07628 	 50699.77788 	 32625.10098 	 15840.32059 	 14341.34514 	 36894.91933 	 
4557.31649 	 4288.47378 	 5518.75265 	 21229.27624 	    0.00000 	 6585.82740 	 2554.55859 	 1451.55890 	 5476.85997 	 1507.83073 	 2918.00980 	 4999.86009 	 2328.15419 	 5422.76645 	 2005.53245 	 1193.32761 	 28134.69562 	 5257.01779 	 1037.56051 	 3164.77422 	 5681.72532 	 3085.43017 	 1012.57449 	 5218.70323 	 8193.10428 	 
7696.18125 	 4756.58445 	 13131.58349 	 34157.25971 	 6024.72372 	    0.00000 	 6266.58588 	 3588.62440 	 13505.16982 	 4373.55543 	 3431.43467 	 11747.11768 	 1620.19051 	 13065.68437 	 4507.53184 	 2548.70100 	 53052.59135 	 13492.53241 	 2891.38766 	 6259.48312 	 6915.57058 	 5175.68485 	 2475.83693 	 6104.53976 	 13629.63098 	 
8769.36724 	 3688.04785 	 4292.45790 	 16077.04921 	 2813.69848 	 4033.68321 	    0.00000 	 10626.25969 	 7477.77629 	 24258.94374 	 10418.88499 	 23175.38332 	 8277.83374 	 6750.59881 	 5366.08895 	 15673.26039 	 32567.81335 	 8515.59328 	 4372.95698 	 3616.00292 	 11896.34221 	 12724.95997 	 5944.27231 	 2181.39038 	 9238.33179 	 
2653.74784 	 3018.28961 	 5841.60149 	 19782.82260 	 1401.28205 	 3580.92516 	 8695.18429 	    0.00000 	 6852.75444 	 8030.03497 	 13908.13295 	 31231.72100 	 2244.75676 	 2983.34723 	 10982.67321 	 2203.51748 	 20578.78982 	 5931.69707 	 9059.61441 	 2861.26793 	 6673.31412 	 19657.85560 	 6891.96530 	 1266.11987 	 9485.06659 	 
11491.92686 	 6316.29524 	 20384.13456 	 48096.07889 	 5857.98267 	 13512.79293 	 5206.34779 	 3977.17005 	    0.00000 	 5702.12066 	 5444.08257 	 17040.86583 	 3713.92466 	 19335.93040 	 7274.38057 	 5219.61167 	 93786.59682 	 16192.53179 	 4743.07884 	 9047.13011 	 9478.26464 	 16881.88897 	 3587.10101 	 13944.31988 	 20167.01323 	 
7233.59267 	 4464.07748 	 4350.36624 	 16623.82898 	 2395.61206 	 2556.53787 	 33144.53967 	 6692.38045 	 3992.73191 	    0.00000 	 5436.57080 	 20599.93533 	 3151.87799 	 10941.44801 	 2880.02029 	 19778.98160 	 24499.10804 	 7213.91238 	 2532.96596 	 2632.39304 	 7153.98926 	 9216.54845 	 2419.16854 	 2650.66181 	 5860.63540 	 
4037.21169 	 2145.99385 	 2792.36086 	 22023.09147 	 2113.67478 	 3515.75723 	 7212.99394 	 11121.77636 	 5861.03868 	 5381.23618 	    0.00000 	 17233.23726 	 2779.44597 	 3602.86349 	 9752.36700 	 2214.57099 	 14695.46566 	 4499.71837 	 2799.47167 	 2389.62752 	 17937.53626 	 8366.03796 	 2701.49265 	 1561.71945 	 6736.39307 	 
7381.25755 	 8500.18552 	 27934.48206 	 81235.14516 	 4660.50584 	 10379.37484 	 26192.09512 	 34181.52461 	 27087.17666 	 16326.26076 	 13154.63447 	    0.00000 	 5358.53176 	 17678.22280 	 17755.28821 	 11366.40237 	 131914.55765 	 16536.71932 	 32171.61340 	 9148.12858 	 16443.79907 	 68153.92537 	 35138.52921 	 3176.15399 	 31782.42073 	 
9684.02862 	 1534.33121 	 2257.03576 	 9433.01572 	 1543.59816 	 2124.08359 	 6767.00747 	 2133.00965 	 4930.35675 	 2937.85018 	 3253.04451 	 6571.71514 	    0.00000 	 2719.10237 	 1070.76957 	 5383.03208 	 9717.38300 	 2637.05851 	  583.92763 	 1256.98208 	 4927.46074 	 2535.51931 	 1049.81927 	 1183.05587 	 5117.75514 	 
27290.87928 	 7138.29334 	 23373.32135 	 52669.12215 	 5296.03636 	 19806.03446 	 8707.24333 	 4111.61900 	 29555.34693 	 9802.81526 	 2960.66784 	 19017.64454 	 2956.10452 	    0.00000 	 4982.72653 	 8623.89161 	 159739.14305 	 26656.67736 	 1410.24307 	 10362.59181 	 6615.54350 	 9856.60719 	 1902.16027 	 16445.37886 	 23784.91939 	 
2878.14257 	  861.53520 	 6430.22188 	 47836.53083 	 2174.10906 	 4334.77436 	 5769.07064 	 9365.69050 	 7501.99194 	 2082.74728 	 5692.88231 	 17205.57151 	  963.52557 	 6711.76720 	    0.00000 	 2046.26304 	 24737.00377 	 7846.37483 	 4935.26102 	 3214.59601 	 7220.21692 	 9064.26640 	 7114.30401 	 3483.04852 	 10703.55485 	 
12547.97749 	 4150.16442 	 2894.74436 	 15419.63282 	 1216.92398 	 1640.44619 	 10799.24158 	 2296.89424 	 5400.10506 	 18447.34556 	 2403.76214 	 8404.41311 	 7540.42210 	 9562.37673 	 1768.25501 	    0.00000 	 20802.35284 	 4372.99581 	 1073.33674 	 1757.58710 	 3431.74457 	 6444.50542 	 2362.53823 	 3443.94533 	 3666.56386 	 
46981.62135 	 17932.17042 	 260197.77152 	 162261.15556 	 27859.21888 	 65134.63478 	 37205.63102 	 17636.27673 	 82781.06169 	 21517.01674 	 18649.05168 	 105735.46632 	 13357.34038 	 140721.01211 	 28196.11105 	 15586.51807 	    0.00000 	 9689.29433 	 12845.77974 	 63292.46405 	 35210.09354 	 91537.48376 	 14973.62211 	 23445.04563 	 172277.42073 	 
11832.83049 	 7801.07294 	 38950.62153 	 33836.03463 	 6051.53217 	 12072.31022 	 8101.48981 	 5458.95401 	 14361.81763 	 6369.86972 	 5214.90545 	 15289.31921 	 3013.73372 	 20374.83743 	 5756.67925 	 4293.79374 	 7801.63189 	    0.00000 	 3168.80596 	 25521.81946 	 8277.41244 	 17136.48745 	 3238.33299 	 7257.55167 	 13708.78818 	 
1328.98722 	  785.08849 	 2576.66737 	 19628.20861 	 1084.60442 	 2710.40353 	 3906.71204 	 7286.32246 	 5495.41385 	 2204.61005 	 2328.34046 	 25085.40316 	  980.93151 	  956.94576 	 3768.62842 	  709.69027 	 11204.72411 	 2285.31929 	    0.00000 	 2239.84129 	 2931.22346 	 9030.92550 	 3409.45707 	  448.83185 	 3111.38045 	 
3984.35622 	 10091.78676 	 9918.79150 	 28021.32351 	 3586.15129 	 5009.62572 	 2712.27443 	 2606.79125 	 12137.07670 	 2626.22222 	 1655.46350 	 12794.60515 	 1473.44249 	 13000.97031 	 2267.39961 	 2037.34549 	 59495.13191 	 21459.90642 	 2418.58405 	    0.00000 	 6342.59909 	 5114.55183 	 1956.45940 	 3991.00233 	 10288.43834 	 
4875.92495 	 3518.87255 	 6103.91405 	 30833.47390 	 5802.95632 	 8778.85075 	 12683.57104 	 7997.94558 	 12220.38966 	 5122.65032 	 12174.42101 	 15502.67614 	 5769.95006 	 6145.80213 	 8752.02884 	 4275.67217 	 32713.97110 	 8832.67474 	 3147.90195 	 4950.77985 	    0.00000 	 10395.27899 	 4093.52521 	 4965.19845 	 10489.23053 	 
6385.98435 	 8691.30964 	 21325.24807 	 26053.06659 	 3583.34788 	 7564.54636 	 12705.45998 	 15028.02088 	 13168.76774 	 10035.46310 	 6192.96110 	 94084.84020 	 3318.33808 	 8303.29446 	 10876.04192 	 7058.13911 	 55964.79659 	 13626.83186 	 12614.94966 	 7851.35046 	 10189.30526 	    0.00000 	 42260.26690 	 3155.10043 	 20065.67000 	 
2177.60234 	 2696.59786 	 3698.89024 	 13620.11387 	 1099.42250 	 2482.97600 	 4531.79914 	 7427.04692 	 3848.64771 	 2682.65385 	 2470.57896 	 31262.56011 	 1219.86454 	 2381.90849 	 7594.02067 	 2205.70344 	 18178.77224 	 3713.74374 	 2582.15457 	 2328.88431 	 2731.28167 	 28870.74524 	    0.00000 	 1200.97998 	 5088.19100 	 
14704.02436 	 1627.93029 	 7930.28357 	 21850.13858 	 5820.95162 	 7527.39510 	 2118.97403 	 1032.93346 	 14732.44589 	 2700.66130 	 1244.37662 	 4466.56107 	 1230.27844 	 25030.33716 	 2973.17494 	 2624.96209 	 32378.23409 	 5653.05164 	  481.68121 	 5736.87761 	 4094.17133 	 2163.46912 	  815.41317 	    0.00000 	 6824.40544 	 
11723.69471 	  503.02881 	 50116.85203 	 45837.14231 	 6848.25316 	 15993.90791 	 13011.84888 	 6928.46202 	 22524.66221 	 4965.51864 	 6925.68188 	 29803.64486 	 5035.81278 	 20771.57804 	 13732.70475 	 6127.13197 	 169621.62401 	 10845.47763 	 4035.98629 	 13184.31999 	 11552.56035 	 24844.01412 	 5503.57710 	 6998.77067 	    0.00000 	 
   0.00000 	  500.24245 	  897.05454 	  697.51431 	  344.71563 	  542.05970 	  878.13849 	  908.11228 	  712.80691 	  821.80645 	  561.04256 	 2047.23470 	  309.56776 	  554.13316 	  761.44122 	  431.04167 	  577.89069 	  735.34330 	 1492.87956 	  433.31265 	  438.06000 	 1888.90169 	 1640.96407 	  367.62850 	  581.39901 	 
 594.01428 	    0.00000 	  360.24170 	  707.98779 	  441.29997 	  230.63108 	 1510.99856 	 1847.91093 	  382.69673 	 1237.51693 	  710.77753 	 1807.81355 	  694.34513 	 1157.72033 	 1123.04228 	 1258.47672 	  142.82842 	  114.48491 	 2247.59886 	  195.01836 	  580.92035 	 2555.64162 	 2784.66168 	  909.79813 	   32.98502 	 
1137.69094 	  454.48052 	    0.00000 	  809.68035 	  840.77184 	  693.52204 	 1299.16319 	 1499.80013 	  564.34853 	 1363.89948 	 1599.61842 	 2981.79313 	 1001.35045 	 1166.15220 	 1412.81160 	  960.02023 	  213.85635 	  291.66507 	 2226.26695 	  521.28747 	 1276.49812 	 2304.33108 	 2043.15786 	 1409.27164 	  350.53006 	 
 707.95784 	  643.92079 	 1027.12370 	    0.00000 	  224.77871 	  327.88599 	  875.39525 	 1146.90030 	  250.85203 	 1170.79202 	  495.33202 	 1445.94717 	  349.53583 	 1206.80916 	  404.43063 	 1048.52563 	  899.11424 	  500.10458 	 1798.24404 	  422.47025 	  185.02632 	 1957.85441 	 1256.06120 	  830.58961 	  730.40310 	 
 399.18832 	  384.56956 	  756.72835 	  306.09720 	    0.00000 	  284.07718 	  797.18585 	  766.98238 	  193.00492 	 1133.60931 	  467.48984 	 2086.24427 	  430.73230 	 1099.12530 	  718.17039 	  654.34841 	  680.88859 	  539.04305 	 1854.20026 	  202.39434 	  332.11276 	 2392.20006 	 1802.21559 	  926.85066 	  379.61886 	 
 437.57719 	  336.19343 	  695.61129 	  376.60507 	  235.30222 	    0.00000 	 1137.04857 	  928.93307 	  113.82453 	 1295.81045 	  733.96399 	 1827.30964 	  626.65909 	 1006.09427 	  647.13898 	  777.94411 	  395.37863 	  330.31052 	 2004.27074 	  121.00211 	  569.63752 	 2726.74593 	 2018.84415 	  878.89246 	  329.07057 	 
 791.79150 	 1017.67955 	 1638.19393 	  578.39874 	  658.03103 	  984.16079 	    0.00000 	  536.09358 	 1119.63329 	  167.29135 	  345.99350 	 1620.39434 	  361.09477 	 1246.73431 	 1039.00165 	  500.33550 	 1207.60245 	 1299.06584 	  891.64681 	  869.20562 	  662.81022 	 1857.95947 	 1879.75137 	 1161.99827 	 1276.97132 	 
1097.34028 	 1908.95399 	 2237.84454 	  905.71654 	 1181.41991 	 1199.56931 	  549.42469 	    0.00000 	  993.17533 	  946.02892 	  403.33884 	  839.38052 	 1044.89285 	 1661.50042 	  644.57919 	 1279.42577 	 1541.08046 	 1153.79291 	  622.90870 	  975.20992 	  637.53578 	  942.04206 	  965.48807 	 1618.64981 	 1568.62204 	 
 596.81416 	  304.18059 	  760.16515 	  280.61147 	  215.44712 	  116.00159 	 1206.78801 	 1097.69073 	    0.00000 	 1158.61351 	  484.63837 	 2271.76092 	  554.22622 	  962.43479 	  511.65930 	 1141.12254 	  584.98103 	  388.09780 	 1955.81784 	  207.07806 	  374.52781 	 1831.15282 	 1885.24302 	 1094.95181 	  284.58858 	 
 837.07320 	 1514.80631 	 1951.33133 	 1103.64332 	 1047.44283 	 1116.93981 	  233.42491 	  777.67022 	 1242.32085 	    0.00000 	  538.07817 	 1249.22629 	  588.97113 	 1003.49539 	 1278.21800 	  254.83081 	 1669.58474 	 1286.16201 	 1159.63901 	 1031.18230 	  754.97263 	 1527.09005 	 1491.27684 	  910.40316 	  857.69986 	 
 728.89294 	 1134.30490 	 1258.59632 	  434.64524 	  586.25529 	  511.91672 	  533.42246 	  665.93600 	  706.01864 	  750.77949 	    0.00000 	 1251.95276 	  480.69760 	 1394.03882 	  463.52132 	  513.03857 	 1054.13211 	  990.41001 	  774.32217 	  752.66025 	  260.79133 	 1321.89260 	 1776.22828 	 1142.17032 	  727.69810 	 
1480.16445 	 1777.91157 	 2917.13097 	 1605.89584 	 1337.80829 	 2328.45059 	 1234.31128 	  734.62415 	 1739.48252 	 1332.84626 	  951.94957 	    0.00000 	 1899.38385 	 2208.55823 	 1539.97106 	 1832.23733 	 2660.57530 	 2769.04070 	  271.05658 	 1951.64702 	 1229.94544 	  334.18188 	  949.99775 	 2457.30214 	 1604.67326 	 
 311.40927 	  958.12613 	 1322.24827 	  409.52429 	  420.70166 	  810.26203 	  304.66062 	  999.34603 	  631.51431 	  548.57661 	  353.21405 	 1829.51734 	    0.00000 	  995.65667 	  810.79343 	  380.65351 	  903.00744 	  709.97145 	 1330.66285 	  777.78395 	  325.05591 	 1710.33254 	 1495.85008 	  545.37525 	  968.65148 	 
 499.55642 	  955.42408 	  989.00857 	 1382.47455 	 1052.87187 	 1260.36597 	  855.34990 	 1950.21870 	 1442.21761 	  887.83655 	  878.02053 	 2031.62399 	  917.34431 	    0.00000 	 1156.85898 	  527.85110 	  920.20354 	  888.66618 	 1543.00848 	  895.11352 	 1250.55388 	 2768.68087 	 2135.21549 	  152.90580 	  973.82585 	 
 911.56849 	  987.41605 	 1153.49981 	  269.60655 	  423.94040 	  530.35661 	  838.52350 	  872.22303 	  693.42095 	  905.59482 	  317.06639 	 1816.86157 	  645.28106 	 1211.37470 	    0.00000 	 1182.22080 	 1088.88689 	 1189.33488 	 1278.51080 	  533.08795 	  320.84916 	 1130.84034 	 1183.05060 	 1248.35733 	 1189.07411 	 
 414.82059 	 1082.06522 	 1084.99469 	  634.69531 	  696.73558 	  776.00452 	  548.11402 	 1081.64634 	  823.31726 	  225.44188 	  794.85320 	 1537.90157 	  313.05494 	  683.60013 	  824.08022 	    0.00000 	  907.26386 	 1169.45227 	 1210.74342 	  944.56504 	  517.11650 	 2172.98744 	 1841.23473 	  429.66680 	 1009.37903 	 
 872.90031 	  206.05651 	  183.55717 	  704.77114 	  460.30941 	  476.18796 	 1558.62155 	 1266.95700 	  434.51782 	 1503.14773 	 1374.60073 	 2401.93532 	  817.47057 	  888.99930 	  727.63590 	  957.75733 	    0.00000 	   95.52167 	 1712.43424 	  269.64796 	  750.54530 	 1911.63340 	 2696.64547 	  956.20037 	  240.45287 	 
 703.67311 	  113.02146 	  345.18246 	  480.30613 	  638.76709 	  346.42577 	  982.15446 	 1406.18703 	  402.88745 	 1371.20050 	 1186.68596 	 2923.91438 	  897.52227 	 1057.23799 	  785.68677 	 1247.06254 	   60.89929 	    0.00000 	 2092.43138 	  210.19618 	  801.48209 	 2569.82361 	 2295.41465 	 1139.83074 	  123.80661 	 
1259.45448 	 2021.89311 	 1797.42750 	 1612.62479 	 1835.64879 	 2230.06211 	 1138.87272 	  723.85060 	 2121.34176 	 1260.52767 	 1027.95762 	  414.39517 	 1084.08247 	 2050.91648 	  900.03875 	 1576.40747 	 2765.91044 	 2097.65818 	    0.00000 	 1789.57017 	 1109.23017 	  723.69057 	 1158.61462 	 1904.95940 	 1837.37552 	 
 614.43409 	  269.41854 	  433.76292 	  346.20660 	  332.17784 	  129.92099 	 1197.54609 	 1573.62817 	  240.87596 	 1149.79397 	  978.19568 	 2208.59428 	  470.79764 	  786.74843 	  861.02156 	 1052.11387 	  408.80020 	  294.84725 	 2048.74937 	    0.00000 	  401.36483 	 2773.00872 	 2605.63256 	  780.03237 	  240.31020 	 
 439.32262 	  903.33761 	  784.85096 	  273.52097 	  381.14010 	  405.94639 	  517.09095 	  681.62307 	  329.92558 	  497.20794 	  192.70187 	 1469.31525 	  286.00032 	 1356.27253 	  342.12583 	  571.91185 	  725.58422 	  893.18033 	 1417.20821 	  685.35808 	    0.00000 	 1517.23011 	 1309.70298 	 1118.78170 	  749.12013 	 
1974.11763 	 2587.35351 	 3496.27828 	 1836.55347 	 2462.67865 	 1910.35900 	 1181.78610 	 1008.63264 	 1473.37681 	 1816.27539 	 1260.37986 	  333.55640 	 1901.04353 	 3331.12411 	 2056.56146 	 1400.65391 	 2906.56767 	 2322.16182 	  472.84768 	 2819.28026 	 2247.42450 	    0.00000 	  505.01777 	 3041.51491 	 2496.54832 	 
2529.32733 	 1835.54294 	 2023.21142 	 1601.13913 	 2247.96785 	 2139.15596 	 2147.12235 	  843.89322 	 1676.60218 	 2342.01828 	 1428.30765 	 1184.40407 	 2078.12073 	 2485.04447 	 1573.98298 	 2349.25591 	 2199.72174 	 1779.17149 	 1413.79240 	 2029.47187 	 1982.68522 	  506.43989 	    0.00000 	 2657.61059 	 1772.36841 	 
 295.65136 	  891.35299 	  971.29877 	  790.43647 	  837.86823 	 1188.21870 	 1008.15311 	 1324.21684 	  819.99622 	  794.30306 	 1209.00680 	 2044.13267 	  548.64665 	  142.31922 	 1518.09383 	  625.49753 	  898.62156 	 1197.44823 	 1604.61869 	  967.16425 	 1062.38926 	 2916.27082 	 1814.59759 	    0.00000 	  989.46232 	 
 489.04334 	   28.61834 	  296.90002 	  569.45692 	  504.54863 	  367.49399 	 1027.01931 	 1390.88944 	  317.58027 	 1265.45443 	  979.09666 	 2934.39622 	  922.29180 	  789.61179 	  928.67753 	  927.68896 	  154.63188 	  147.16688 	 2538.40703 	  160.42536 	  785.62329 	 1912.63916 	 3010.57593 	  911.86835 	    0.00000 	 
   0.00000 	 8074.56586 	 7281.80471 	 15362.97629 	 3512.73047 	 5027.90885 	 8196.39556 	 2534.38851 	 10235.17287 	 9399.18343 	 4118.04844 	 8763.16801 	 7245.23193 	 28538.98267 	 3616.88482 	 9562.36693 	 54790.76182 	 13151.79199 	 1362.21896 	 6267.05894 	 7177.33591 	 7539.22752 	 2466.29582 	 12560.99402 	 19749.30130 	 
6928.20051 	    0.00000 	 16737.54993 	 16486.68211 	 4253.44501 	 4742.05434 	 4744.52524 	 3053.46746 	 6694.52640 	 4424.22282 	 2154.84816 	 9506.44290 	 1481.90209 	 7498.41666 	 1505.57583 	 4349.38565 	 26837.39372 	 5808.95137 	  912.72158 	 10049.59997 	 5042.89014 	 5592.63123 	 3621.96299 	 1761.47507 	  428.21472 	 
9382.71740 	 10964.30390 	    0.00000 	 39256.91700 	 4522.37037 	 14010.02140 	 7647.16459 	 4924.82901 	 12827.93488 	 4603.04471 	 3188.23015 	 26279.05025 	 1954.88696 	 24317.89741 	 6603.18529 	 2481.07026 	 250665.09074 	 30500.91099 	 3656.46401 	 10689.50321 	 7183.92358 	 15651.53379 	 4908.36288 	 9415.40412 	 39050.78038 	 
22079.69001 	 16793.37067 	 33916.73973 	    0.00000 	 14053.98974 	 35166.74741 	 21429.01054 	 30490.63150 	 46008.87532 	 17053.96333 	 21168.66341 	 64075.27349 	 16468.35739 	 45950.38274 	 50419.19559 	 17877.64931 	 221307.14421 	 31674.55363 	 15998.10282 	 24334.28169 	 34419.59342 	 31760.43358 	 17299.61033 	 22367.61117 	 35819.69829 	 
3697.10849 	 2356.68903 	 4359.03061 	 16284.98717 	    0.00000 	 6417.02909 	 3761.62301 	 1254.78304 	 6662.57545 	 2329.04482 	 2131.89348 	 6060.10953 	 2126.38059 	 5254.44314 	 1658.69847 	 1386.36122 	 19763.89204 	 6402.42947 	 1166.47286 	 5280.41613 	 5992.39947 	 3408.49932 	 1037.37708 	 4251.97131 	 7150.67041 	 
6732.30805 	 5661.37496 	 12186.15794 	 42334.06633 	 6155.83495 	    0.00000 	 5558.42354 	 4548.94993 	 9165.69117 	 4073.93313 	 2942.05638 	 10557.21147 	 1785.27665 	 18912.44976 	 4135.72690 	 2024.93526 	 48977.99766 	 15730.35000 	 3734.76941 	 5684.06328 	 7927.19500 	 6678.55938 	 2805.68795 	 5066.28889 	 11188.75122 	 
14017.94118 	 2932.49730 	 6903.41005 	 22253.11863 	 3636.42255 	 4924.05485 	    0.00000 	 9463.14131 	 7488.79493 	 28640.92897 	 8139.71848 	 33585.03908 	 8423.02305 	 5781.18042 	 4559.46282 	 12746.35668 	 36432.30770 	 7611.05924 	 6033.34085 	 3306.72522 	 12873.67106 	 16372.79255 	 4611.76373 	 3183.97381 	 9109.68177 	 
1927.31180 	 3254.14090 	 7352.39935 	 22371.61671 	 1736.15833 	 2576.25116 	 10852.36593 	    0.00000 	 5340.44096 	 5932.98738 	 8379.74943 	 39215.23975 	 1657.03935 	 2554.01148 	 9035.84685 	 2327.50279 	 28026.47485 	 5351.95011 	 7727.61653 	 2537.50566 	 7396.48328 	 17214.81394 	 8742.63451 	 1072.45466 	 7067.56457 	 
8737.29215 	 7378.36711 	 20034.61457 	 53317.24756 	 5985.35948 	 7628.26064 	 6588.15569 	 5877.82048 	    0.00000 	 4850.30663 	 4876.79676 	 23162.96201 	 4987.44410 	 19012.54586 	 10856.30779 	 5003.19273 	 75450.55994 	 14804.37134 	 4992.94166 	 12036.16455 	 11743.63303 	 12730.22840 	 3098.09313 	 10560.28841 	 24639.97793 	 
9293.64853 	 2956.48993 	 3268.41996 	 13341.78327 	 1901.31164 	 4286.55496 	 34910.94855 	 8938.24668 	 3567.85947 	    0.00000 	 3943.79802 	 12791.01240 	 4411.08025 	 8152.44546 	 3098.66312 	 14948.72505 	 20544.61447 	 4967.10658 	 2756.08710 	 3353.91577 	 8268.32748 	 8282.68471 	 2437.19599 	 2870.89778 	 6807.11142 	 
4280.96195 	 1723.69716 	 4087.12064 	 30442.83173 	 1862.18786 	 2291.04841 	 8670.92397 	 9207.36641 	 3977.30020 	 4188.81534 	    0.00000 	 17848.04509 	 3828.93584 	 4244.58523 	 7963.44423 	 3387.86032 	 16748.99201 	 5614.70853 	 3116.24841 	 2381.22413 	 19321.24500 	 9600.36197 	 3668.76687 	 1409.50540 	 8912.13201 	 
7264.12926 	 10006.78130 	 20080.28386 	 53309.74165 	 5587.20741 	 12181.65287 	 32091.35842 	 31227.27602 	 16383.49668 	 13404.58756 	 11729.84073 	    0.00000 	 3872.30098 	 18503.69021 	 14389.98106 	 8789.63490 	 119233.87858 	 22369.87832 	 39084.24685 	 8880.42226 	 12920.67958 	 70372.60538 	 37636.71122 	 4202.28496 	 21389.58612 	 
11353.46455 	 1225.86993 	 1812.75943 	 16523.64295 	 1458.00449 	 2643.82401 	 5424.10289 	 1506.38989 	 4030.29997 	 5041.32547 	 2364.44955 	 6312.27640 	    0.00000 	 2595.88159 	 1151.53368 	 6977.57011 	 11889.74643 	 3182.23071 	  745.23576 	 1164.35560 	 5247.43408 	 3014.84177 	  840.40064 	 1340.04422 	 5023.24983 	 
20415.27832 	 6914.43151 	 17217.68118 	 36788.62181 	 6351.47535 	 12119.76079 	 8736.82912 	 3888.86054 	 22522.87554 	 7017.46700 	 4792.41253 	 13390.13346 	 2434.41215 	    0.00000 	 5294.14328 	 11804.93851 	 203914.12861 	 25517.10111 	 1173.84133 	 10800.76933 	 9944.34878 	 7068.80475 	 1942.79396 	 21060.51128 	 15598.00434 	 
3302.22863 	 1385.80616 	 7971.40835 	 60689.12843 	 2438.19259 	 5503.02048 	 4095.47691 	 10793.43875 	 12056.48003 	 3340.09917 	 7219.54137 	 20170.60362 	 1334.12905 	 6182.14820 	    0.00000 	 2579.48459 	 20679.04163 	 6959.35049 	 4979.00999 	 2366.46555 	 7503.21216 	 14207.71083 	 6341.88643 	 3337.03503 	 9011.91205 	 
9901.57328 	 6427.56614 	 2892.08096 	 15134.72399 	 1363.09225 	 1690.19248 	 11896.57734 	 3075.15737 	 3178.48882 	 15551.47004 	 2409.75547 	 8148.26825 	 7231.06159 	 11529.58301 	 2773.35298 	    0.00000 	 23553.47835 	 4732.28794 	  987.53021 	 1666.82338 	 5813.84940 	 5972.39700 	 2268.00254 	 3596.43242 	 6452.43482 	 
41232.47537 	 31163.18315 	 181202.58025 	 122633.95158 	 19304.31241 	 59732.15497 	 27332.74662 	 16330.54192 	 75424.29503 	 25583.49743 	 17161.76115 	 87732.29200 	 13244.10405 	 122283.39043 	 23070.65837 	 26120.89024 	    0.00000 	 8778.68109 	 10979.08695 	 73173.84312 	 44261.73018 	 55602.36624 	 16341.55592 	 26365.52905 	 144375.23006 	 
10506.46161 	 4862.45352 	 42854.18467 	 29302.00940 	 7563.50592 	 12110.86759 	 7866.45044 	 4987.86629 	 15417.45870 	 5473.06796 	 3770.99345 	 19194.78590 	 3274.10144 	 25588.22016 	 7472.75759 	 4525.65217 	 11158.04795 	    0.00000 	 2323.87353 	 30833.01589 	 6250.08796 	 15134.84555 	 4065.36094 	 4713.14494 	 12831.36568 	 
1665.77576 	  972.92891 	 2651.29077 	 14775.12608 	  740.00487 	 2974.68670 	 5015.04416 	 11309.34259 	 4854.83253 	 1781.48052 	 4181.96621 	 29218.22694 	  908.61675 	 1417.69270 	 6106.16893 	  711.37607 	 9561.11578 	 2798.07949 	    0.00000 	 2184.79695 	 3974.49537 	 10692.77981 	 4031.60749 	  596.68226 	 2895.28789 	 
6076.70341 	 9464.12735 	 10871.90890 	 28184.61347 	 4127.08946 	 4281.70119 	 2533.79767 	 2224.19751 	 9838.48909 	 3998.51351 	 2080.09320 	 12929.92141 	 1606.31632 	 13390.51329 	 3127.26146 	 1743.83802 	 70270.40638 	 31063.18767 	 2025.04154 	    0.00000 	 5215.41394 	 5861.84712 	 2216.83820 	 3849.52220 	 15766.43137 	 
5607.45051 	 2738.84722 	 8709.78799 	 45186.12889 	 5167.33410 	 8132.98693 	 10994.28600 	 5314.11123 	 13792.38665 	 6651.16082 	 11472.89321 	 16569.68087 	 5631.30195 	 6636.45325 	 8822.98102 	 5658.76151 	 23985.57666 	 8313.99093 	 3032.92681 	 6458.07366 	    0.00000 	 11647.96026 	 3112.29152 	 3366.82150 	 9483.41229 	 
6143.39435 	 7256.65853 	 22214.75010 	 34727.03207 	 3365.22734 	 5243.89149 	 10177.76842 	 21192.37922 	 13832.33170 	 8173.80858 	 7034.11585 	 78930.93438 	 2711.48948 	 7760.70734 	 16249.80100 	 7746.69847 	 90472.85838 	 11671.16452 	 11514.75228 	 4771.54109 	 11626.76638 	    0.00000 	 28945.38603 	 2717.57560 	 20200.07755 	 
2162.76928 	 4293.48660 	 4350.84338 	 14751.60626 	 1200.97166 	 2394.11533 	 4814.62019 	 8950.15935 	 4854.35135 	 2306.22575 	 2853.18317 	 26556.97159 	 1313.47724 	 2083.15120 	 5135.82008 	 1705.91491 	 18090.19247 	 3919.79947 	 2885.47576 	 2677.52674 	 3795.32972 	 36476.92783 	    0.00000 	  701.04127 	 5070.35217 	 
13722.64697 	 2274.24512 	 9582.66209 	 22722.27649 	 5857.40646 	 6204.38612 	 3250.73782 	 1403.17007 	 10623.05348 	 2771.04024 	 1320.38563 	 4421.05913 	 1866.99421 	 15759.96401 	 3412.94308 	 2934.62503 	 34138.37439 	 4501.79518 	  661.34923 	 4030.56914 	 3755.52578 	 2930.86326 	 1216.45692 	    0.00000 	 4662.85623 	 
19494.50724 	  654.78869 	 44996.76277 	 31620.59729 	 7333.32205 	 11802.84411 	 12306.36023 	 7751.23699 	 22291.09172 	 5704.58745 	 7222.11545 	 17855.75480 	 4927.23911 	 18833.86969 	 12777.11994 	 6494.01516 	 117391.48583 	 11383.12731 	 3415.25744 	 13235.10280 	 14040.30361 	 25141.89337 	 4517.51459 	 7852.72117 	    0.00000 	 
   0.00000 	  658.55726 	 1144.76783 	  565.99620 	  320.97658 	  538.10418 	  615.88446 	 1495.97101 	  775.74018 	  527.22026 	  496.93473 	 2008.70832 	  271.14714 	  442.12488 	 1154.44596 	  455.79505 	  637.92733 	  514.88294 	 1971.93404 	  464.23066 	  623.11188 	 1714.21609 	 1736.20313 	  356.05302 	  468.53925 	 
 438.36306 	    0.00000 	  474.34752 	  646.29396 	  455.08707 	  372.05762 	 1252.95264 	 1507.08753 	  471.96926 	  906.77568 	  888.56603 	 2943.15173 	  864.26761 	 1217.49185 	 1064.05978 	 1044.18945 	  144.62649 	   74.75111 	 1693.75667 	  238.68540 	  791.08612 	 2175.60155 	 3022.71513 	 1046.79968 	   26.01231 	 
1143.58101 	  400.77305 	    0.00000 	  979.05294 	  797.39193 	  468.42970 	 1447.54914 	 1320.29102 	  705.00245 	 1273.04271 	 1183.61350 	 3109.02142 	 1166.86062 	  895.85742 	 1257.46998 	 1437.63801 	  146.06813 	  230.99827 	 2133.97376 	  452.95999 	  984.03579 	 2683.18893 	 3168.65616 	  957.04655 	  475.35689 	 
 762.17701 	  494.81761 	  737.86564 	    0.00000 	  262.10168 	  387.28872 	  992.13406 	  807.19103 	  305.28718 	 1183.63353 	  480.32037 	 1519.92433 	  340.18856 	  967.48962 	  387.78847 	 1017.36063 	  866.45720 	  586.67233 	 1488.97718 	  346.33745 	  196.91371 	 1507.05044 	 1594.06819 	  969.33033 	  748.34052 	 
 454.20055 	  345.36374 	  678.90377 	  326.11130 	    0.00000 	  281.14078 	 1012.63088 	  831.76900 	  172.59472 	  712.35851 	  658.57353 	 2233.72290 	  372.24312 	 1094.98055 	  505.28593 	  835.85204 	  429.89618 	  475.23628 	 1417.16089 	  212.63252 	  391.92887 	 2500.50946 	 2177.10257 	  712.77598 	  335.07372 	 
 653.96502 	  242.54825 	  642.52139 	  326.74161 	  259.27307 	    0.00000 	  718.50626 	 1086.17799 	   98.44063 	 1244.99132 	  802.59532 	 1486.01771 	  681.54367 	 1064.66596 	  461.05769 	  771.11915 	  452.00511 	  269.75774 	 1373.03666 	  119.17325 	  508.40540 	 1676.27611 	 2525.06630 	 1049.23073 	  250.53491 	 
 920.73827 	 1367.68630 	 1712.03286 	  909.62598 	  965.55464 	 1141.21609 	    0.00000 	  729.82015 	  696.79487 	  159.39034 	  354.26716 	 1515.78903 	  333.31026 	 1277.55449 	  879.26819 	  404.62230 	 1319.78944 	 1073.38770 	 1072.12000 	 1252.13956 	  648.09332 	 1851.20056 	 1500.73669 	 1090.80739 	  869.78346 	 
1015.39780 	 1850.89715 	 1475.88636 	 1123.22956 	 1162.53112 	 1377.06840 	  751.97225 	    0.00000 	 1054.42974 	  680.23262 	  572.44940 	  896.00597 	  931.47881 	 1934.44817 	  867.11717 	  980.68412 	 1300.42906 	 1263.35393 	  726.34080 	 1035.64256 	  565.83635 	 1097.23975 	 1220.49473 	 1507.68206 	 1567.14552 	 
 427.13223 	  488.42458 	  469.55544 	  204.01163 	  216.36134 	   81.55445 	 1051.14191 	 1349.92834 	    0.00000 	 1229.99088 	  703.85302 	 1581.58049 	  617.28579 	  919.56298 	  602.88808 	 1004.92272 	  590.28178 	  394.77079 	 2022.42757 	  145.55643 	  360.66023 	 2512.66862 	 2343.81420 	 1278.98408 	  321.97634 	 
 687.16143 	 1143.82014 	 1811.50508 	 1098.27401 	  795.31069 	  922.96435 	  268.20639 	  900.34600 	 1086.63960 	    0.00000 	  458.54098 	 1128.70839 	  424.40923 	  988.72101 	  885.14191 	  237.23062 	 1557.26350 	 1687.94529 	 1193.83905 	  907.68067 	  689.34229 	 1715.09649 	 1526.24004 	  867.55800 	  914.49369 	 
 721.41586 	 1170.94031 	 1163.19071 	  494.70226 	  484.18957 	  842.12389 	  465.62981 	  464.96995 	  666.35794 	  737.04284 	    0.00000 	 1393.68664 	  451.07156 	 1456.82337 	  322.98712 	  654.80346 	 1001.04175 	 1006.03930 	  827.13421 	  979.70339 	  280.52251 	 1873.28707 	 1867.30872 	  868.80838 	  975.05488 	 
1365.24102 	 2202.65251 	 2038.36286 	 2194.09957 	 2005.54087 	 1967.39409 	 1100.27984 	 1074.27381 	 2246.37748 	 1111.17090 	 1759.24551 	    0.00000 	 1778.76148 	 2863.79227 	 1386.28944 	 1552.48223 	 1918.52520 	 2449.34752 	  411.92275 	 1806.65520 	 1740.73318 	  315.86897 	 1274.97198 	 1823.65056 	 2766.41667 	 
 389.66149 	  583.74896 	  967.14345 	  419.14257 	  464.83439 	  562.24198 	  510.50655 	  726.10296 	  635.46262 	  336.41940 	  411.74910 	 2080.24355 	    0.00000 	 1015.22412 	  671.03918 	  260.47858 	  741.37046 	  690.28942 	 1138.62355 	  807.11554 	  232.28658 	 1611.27079 	 1973.55376 	  641.50969 	  823.91751 	 
 448.63884 	 1123.30598 	 1450.40471 	 1441.04774 	  895.49119 	  803.90084 	 1166.20629 	 1891.18680 	  858.13971 	  795.35491 	 1278.57297 	 2454.45213 	  706.63120 	    0.00000 	 1183.40975 	  492.63662 	  771.25472 	 1200.17940 	 1746.51917 	  833.48734 	  805.64410 	 3112.67278 	 2533.32444 	  196.58184 	  995.78555 	 
 953.75921 	  832.11489 	 1334.41916 	  434.17316 	  538.50678 	  663.02328 	  646.43543 	  775.25223 	  544.56537 	 1050.74817 	  479.25420 	 1816.24103 	  854.91983 	 1275.30424 	    0.00000 	  907.75270 	 1117.71952 	  987.61546 	 1630.26305 	  656.36652 	  570.17511 	 1834.44753 	 1620.73609 	 1143.47644 	 1177.03440 	 
 470.60378 	  939.50966 	 1402.08224 	 1073.97860 	  801.70749 	  761.45518 	  487.27140 	  881.24856 	  761.29961 	  249.61885 	  754.29934 	 1637.65638 	  303.49815 	  804.71781 	  886.81354 	    0.00000 	 1057.39078 	 1362.74153 	 1642.94207 	 1006.09761 	  472.39884 	 2169.16571 	 1743.85390 	  467.47175 	  777.04674 	 
 681.96969 	  221.04293 	  204.93835 	  740.54909 	  739.88224 	  408.03904 	 1446.75521 	 1323.58502 	  372.90079 	 1334.21758 	 1184.27501 	 2648.19436 	 1194.29826 	 1012.70177 	  960.03293 	  920.08717 	    0.00000 	   73.75145 	 2105.40878 	  360.35109 	 1045.82070 	 2564.32281 	 2028.49312 	  723.64369 	  230.21054 	 
 532.35026 	  124.48249 	  350.75494 	  817.58702 	  477.23746 	  339.24094 	 1158.33307 	 1431.23085 	  458.58137 	 1126.90087 	  896.45631 	 2633.48096 	  670.76542 	 1008.18105 	  858.48171 	  937.39595 	   80.96649 	    0.00000 	 1805.28575 	  303.83572 	  577.26977 	 3010.12228 	 1712.99921 	  987.75036 	  124.12005 	 
2014.54799 	 1916.47671 	 1979.55286 	 1233.14398 	 1472.65605 	 2014.11991 	  862.23328 	  679.52456 	 1307.06283 	  863.69591 	  987.51684 	  256.27738 	 1257.25320 	 2373.82340 	 1255.19874 	 1620.19777 	 2740.06320 	 2010.99280 	    0.00000 	 1471.38845 	 1295.97683 	  565.21262 	 1455.24883 	 2185.33885 	 1924.57189 	 
 547.98507 	  171.89068 	  503.42308 	  365.81633 	  249.91838 	   87.62559 	 1261.71739 	 1407.34848 	  235.12039 	  933.27176 	  930.79305 	 2351.89345 	  802.02052 	  924.46857 	  572.99786 	  684.00331 	  262.21490 	  257.53237 	 2323.29130 	    0.00000 	  452.44430 	 2920.60273 	 1982.69460 	  723.66099 	  250.15941 	 
 578.48032 	  684.95610 	 1104.90332 	  202.85469 	  255.22139 	  568.82416 	  409.47387 	  778.63707 	  541.23283 	  805.01725 	  254.93119 	 1190.65646 	  318.42733 	 1102.98022 	  529.70557 	  486.85223 	  964.32253 	  690.41264 	 1351.09312 	  485.24979 	    0.00000 	 2238.87956 	 1881.00724 	  788.47012 	  795.49479 	 
2717.07954 	 2824.26010 	 2945.29262 	 1601.39115 	 2202.71666 	 2333.45326 	 1557.43518 	  801.49466 	 1657.38136 	 1700.75750 	 1870.93604 	  366.64583 	 1869.85492 	 2168.67299 	 1979.41832 	 2017.85855 	 1821.26849 	 2434.42826 	  794.37528 	 1666.66885 	 2252.66010 	    0.00000 	  687.78483 	 2808.23342 	 2972.78566 	 
2246.20798 	 2201.57455 	 1762.61859 	 1277.74720 	 1977.51739 	 1885.33576 	 1748.98511 	  926.40318 	 1629.84302 	 1845.88474 	 1588.88543 	 1020.76304 	 2237.46878 	 3426.31349 	 1035.50642 	 1692.65535 	 3120.82964 	 2899.93664 	 1225.22054 	 1828.99055 	 1793.89094 	  836.13762 	    0.00000 	 2260.73299 	 1726.56231 	 
 506.20292 	 1081.74416 	 1525.72347 	 1264.09830 	  617.93915 	 1193.41382 	  660.41061 	 1539.52116 	  904.99012 	  757.77714 	 1113.55096 	 1946.23917 	  759.93823 	  217.30847 	 1589.64888 	  424.65395 	 1194.26099 	 1198.48180 	 1757.05736 	 1031.48513 	  823.80197 	 1726.76378 	 3095.02746 	    0.00000 	  719.82898 	 
 645.98268 	   41.91916 	  437.61521 	  623.56974 	  410.38630 	  344.89295 	 1296.30005 	 1095.60114 	  327.20021 	 1169.84151 	 1049.83485 	 2750.08474 	  756.77498 	  954.67616 	  797.91286 	 1165.94813 	  165.12905 	  107.14651 	 1638.03990 	  139.97486 	  786.72191 	 2364.72301 	 2526.10458 	  949.68060 	    0.00000 	 
   0.00000 	 8302.88976 	 5799.03207 	 14277.42872 	 3654.52969 	 6782.43460 	 9646.23100 	 2303.99613 	 8100.84367 	 7578.74676 	 3727.46024 	 6625.63238 	 11032.97108 	 23513.70267 	 3359.38140 	 10119.48891 	 59923.15367 	 12507.31619 	 1767.75634 	 5717.28857 	 5962.69443 	 7734.18924 	 2502.62577 	 11228.45691 	 12152.78972 	 
6269.78546 	    0.00000 	 15134.61423 	 13371.58747 	 3769.71420 	 4320.42193 	 2823.85361 	 3962.01652 	 8702.20336 	 4684.71162 	 1953.86787 	 6571.29305 	  909.60023 	 5710.50811 	 1383.42062 	 4573.31964 	 28132.19653 	 8478.97462 	  934.04949 	 9051.13232 	 3112.07350 	 5864.24885 	 2773.16550 	 1641.45727 	  495.49826 	 
6729.07188 	 14520.09847 	    0.00000 	 25604.88228 	 6751.67027 	 13847.48363 	 5457.73985 	 6971.36684 	 13146.58583 	 4511.67352 	 3901.94917 	 24503.87876 	 2066.90691 	 29104.26120 	 4838.78370 	 2495.37394 	 156389.24454 	 41207.84599 	 2351.02691 	 9493.41804 	 8097.61529 	 18800.87060 	 4681.06243 	 8017.35642 	 54015.42201 	 
23916.78927 	 14833.79625 	 32510.41755 	    0.00000 	 18881.27486 	 27425.39691 	 24852.67090 	 24441.43325 	 48694.83843 	 20547.33841 	 24521.10769 	 80284.89471 	 9798.88331 	 45072.14328 	 65241.97361 	 12740.28265 	 200944.55150 	 33118.04685 	 13469.56330 	 23128.07045 	 37175.02317 	 25483.74726 	 13076.61734 	 18353.97841 	 34629.54998 	 
4357.08925 	 3100.02688 	 7169.84101 	 23549.13327 	    0.00000 	 7188.78874 	 2986.95358 	 1632.89099 	 9100.83447 	 1902.44749 	 1868.95516 	 6990.75286 	 1742.05889 	 5688.11955 	 1944.03979 	 1248.68808 	 19728.32470 	 4950.05010 	  975.12278 	 3227.40183 	 6251.91594 	 2849.42591 	  913.45381 	 4695.81909 	 8075.80038 	 
6957.50300 	 4518.27789 	 15675.24840 	 39302.39389 	 7598.60341 	    0.00000 	 5962.37174 	 3526.60812 	 7344.87279 	 3099.81490 	 2509.11315 	 14549.85793 	 1449.62035 	 13824.93485 	 4195.75693 	 1572.14758 	 78852.57835 	 16198.71019 	 2573.50352 	 4701.21100 	 5784.34196 	 8405.07105 	 2045.62475 	 5459.82304 	 15325.75874 	 
10968.19794 	 4699.74814 	 7583.13245 	 19537.95950 	 3425.87778 	 4834.86701 	    0.00000 	 12864.17956 	 4540.73584 	 43732.00542 	 8051.71606 	 27883.53659 	 9007.42340 	 6182.01960 	 5460.42767 	 10103.03003 	 23749.14012 	 8287.86392 	 6710.87333 	 2893.23459 	 10691.40639 	 15615.41629 	 5065.45200 	 2253.82949 	 8548.98737 	 
2641.26694 	 2371.94723 	 5652.09131 	 31686.96885 	 1391.68622 	 2748.43349 	 14637.20624 	    0.00000 	 5942.56964 	 8916.81243 	 12358.99219 	 31511.22602 	 2066.13286 	 3794.20667 	 10804.53604 	 2414.86520 	 27943.49728 	 5290.88997 	 9594.31035 	 2445.37155 	 8111.40124 	 12916.18537 	 8703.31112 	 1543.57958 	 8329.86467 	 
9982.81171 	 5633.52139 	 13358.68424 	 63657.60101 	 7711.21601 	 8108.03747 	 7031.89986 	 5324.88138 	    0.00000 	 3126.08928 	 6216.59196 	 26387.91752 	 3775.73687 	 26844.78015 	 10221.50264 	 4779.26640 	 85129.96080 	 19710.30710 	 4278.49185 	 9762.60337 	 10592.83091 	 13914.60621 	 3333.92827 	 12782.44126 	 22979.53486 	 
5921.65146 	 4507.81084 	 4741.99227 	 15234.13144 	 1719.22588 	 4575.89107 	 41989.40089 	 7445.86915 	 3318.36471 	    0.00000 	 5066.17285 	 12287.48913 	 4068.69108 	 9700.37833 	 2911.48374 	 19651.12866 	 21456.50876 	 6440.73108 	 2736.50257 	 4564.32958 	 7957.53519 	 7442.08747 	 2323.08332 	 2435.93584 	 6440.76694 	 
3417.27861 	 2689.67865 	 3051.17416 	 21392.68796 	 2299.92245 	 2947.06296 	 11585.56548 	 11821.84675 	 4120.29954 	 4224.28604 	    0.00000 	 12902.15325 	 3404.25293 	 4044.88461 	 6489.72590 	 2610.99346 	 13313.98045 	 4255.30309 	 3211.72075 	 2128.65970 	 14433.28827 	 8668.53319 	 3383.48627 	 2191.02417 	 6700.13093 	 
8181.07800 	 7831.20793 	 17298.02773 	 78159.75556 	 4974.20998 	 12456.56532 	 30550.06662 	 31797.45996 	 15728.34503 	 20351.74762 	 15115.49966 	    0.00000 	 5716.01570 	 13467.86619 	 13320.81154 	 11203.15367 	 107283.54012 	 16646.93404 	 22314.08404 	 9908.65336 	 14460.90254 	 103488.72864 	 35180.71044 	 4438.96418 	 27486.55610 	 
10069.67510 	 1139.12853 	 2250.73400 	 13447.49895 	 1458.65125 	 2378.29793 	 6813.25441 	 1420.53204 	 5780.93791 	 2996.52623 	 2945.79758 	 4879.61965 	    0.00000 	 3961.19343 	  951.62363 	 5415.30507 	 9693.10214 	 3963.15388 	  806.26605 	 1415.02616 	 4584.87257 	 3516.48577 	 1245.81083 	 1821.01675 	 4834.65646 	 
16489.48922 	 5299.51016 	 18090.53430 	 33725.11257 	 9068.62117 	 19440.48306 	 9135.34543 	 2791.80306 	 28625.47787 	 11155.85803 	 4908.67588 	 12523.04933 	 2298.03619 	    0.00000 	 4975.36250 	 7309.32039 	 215955.14796 	 27818.43176 	 1373.62793 	 11528.09541 	 7854.48641 	 9551.32766 	 1975.14638 	 22456.76807 	 20941.13457 	 
3040.35271 	 1136.43587 	 8367.39482 	 47732.52307 	 1948.34754 	 3826.75164 	 4821.04090 	 9484.85391 	 7964.70338 	 2067.62142 	 8031.59439 	 20632.06521 	 1161.72782 	 5684.68150 	    0.00000 	 1664.19526 	 31687.47250 	 6244.63183 	 4917.36418 	 1887.87358 	 10032.80022 	 8908.18026 	 7144.69335 	 3598.28457 	 11226.79326 	 
9886.00032 	 3937.28602 	 2677.02911 	 15640.82105 	 1343.89999 	 1528.06246 	 10530.28361 	 2845.32725 	 3007.55921 	 18232.33627 	 2612.26442 	 12525.31910 	 7130.32516 	 12049.98635 	 2407.35363 	    0.00000 	 25547.44764 	 4326.79664 	  904.05100 	 1790.84350 	 5900.41935 	 6599.43163 	 1480.58311 	 2869.08959 	 6148.03153 	 
53712.89299 	 27159.67519 	 230643.69741 	 184738.79404 	 27334.15399 	 52313.92077 	 22776.79143 	 17359.31172 	 92343.45266 	 27611.47095 	 17593.43270 	 121651.84789 	 8003.76320 	 163270.82456 	 34164.84425 	 27859.52546 	    0.00000 	 9596.84069 	 13421.96207 	 52145.13783 	 42587.38510 	 70370.95081 	 12620.25285 	 26547.07877 	 130515.75867 	 
10213.32091 	 7239.65671 	 46818.87117 	 28592.71129 	 5853.48944 	 17458.53610 	 8260.24562 	 6280.45520 	 23494.32829 	 6866.32900 	 3413.76978 	 18160.40848 	 2858.07291 	 19559.37481 	 6508.75467 	 4975.18248 	 7150.67235 	    0.00000 	 2790.28775 	 24864.98735 	 6342.55611 	 17973.52737 	 4975.50918 	 6752.12476 	 9535.35875 	 
1371.40831 	  946.02663 	 2317.82553 	 10840.90329 	  989.87142 	 2908.21043 	 4726.36641 	 6148.87461 	 5380.49814 	 2327.62446 	 3221.89913 	 23560.99520 	  978.55638 	  825.41533 	 3942.26015 	 1000.97117 	 10034.89005 	 3555.94163 	    0.00000 	 1733.78824 	 4446.54383 	 8983.14131 	 3825.66675 	  687.37177 	 4193.53374 	 
4102.32902 	 7437.09550 	 15826.58176 	 33463.41338 	 5024.70840 	 3668.83959 	 3960.70297 	 3253.44910 	 10795.99861 	 3719.08738 	 2396.79075 	 13090.91810 	 1005.51960 	 18328.31731 	 1997.75209 	 1256.84219 	 80627.66166 	 25363.07432 	 1344.81143 	    0.00000 	 4141.84250 	 8043.36189 	 1534.05818 	 3864.56728 	 12043.69901 	 
4946.89950 	 4075.13669 	 6788.67948 	 37916.49303 	 5361.95281 	 6372.35488 	 12616.87148 	 5785.80697 	 15307.70295 	 5384.53251 	 18274.94411 	 20844.78181 	 5565.85153 	 6042.72631 	 8714.01861 	 4449.33863 	 29851.02662 	 8333.90744 	 3815.51884 	 6109.05911 	    0.00000 	 10386.21916 	 3958.72539 	 3831.89814 	 10322.89622 	 
5811.90404 	 7266.94684 	 20457.32270 	 30183.34349 	 2776.76040 	 5957.75150 	 12106.00329 	 21690.56454 	 11183.75960 	 9277.81015 	 6166.90748 	 89913.36185 	 3177.72782 	 6462.82856 	 9841.41539 	 6687.30786 	 70465.94895 	 16547.84005 	 14531.15590 	 6825.68579 	 9184.46998 	    0.00000 	 30651.23009 	 2421.20069 	 21028.68733 	 
2423.10225 	 3065.95060 	 3563.17069 	 16169.61847 	  853.51458 	 2099.07434 	 6253.66611 	 5985.51486 	 4991.92157 	 2505.87282 	 3320.38196 	 36629.06509 	  936.99420 	 1875.48208 	 5646.47517 	 2501.39500 	 10941.20547 	 5585.17097 	 3109.63216 	 2666.47215 	 2482.18016 	 41723.81651 	    0.00000 	 1173.99998 	 5613.35740 	 
12641.25714 	 1859.67482 	 8708.86210 	 18216.90352 	 5585.04615 	 7512.39268 	 2799.23134 	  940.80475 	 14075.96066 	 1868.05811 	 1762.59634 	 3949.61947 	 1316.90829 	 26456.06057 	 2429.19598 	 2951.95099 	 24144.82564 	 7392.31544 	  427.46206 	 6185.85702 	 4083.74509 	 2187.33990 	  770.40469 	    0.00000 	 6835.96119 	 
15421.36983 	  404.74707 	 63600.40173 	 49127.02342 	 6673.38561 	 15995.13499 	 9865.04363 	 10063.45057 	 24645.31360 	 6112.35455 	 7820.93502 	 23981.85545 	 4466.49866 	 25239.24734 	 15394.34003 	 5908.19153 	 124931.09795 	 10470.71734 	 2530.31765 	 13274.23268 	 12289.15512 	 15898.65151 	 5283.83338 	 6596.82223 	    0.00000 	 
   0.00000 	  489.38720 	 1219.41871 	  681.00525 	  394.43375 	  598.20880 	  692.57003 	 1145.65903 	  489.15093 	  872.48008 	  830.49007 	 1953.07960 	  353.79293 	  716.47110 	 1050.67743 	  469.28633 	  801.29960 	  717.49703 	 1913.91047 	  616.41568 	  602.62908 	 2172.41643 	 2702.83788 	  464.94538 	  459.62298 	 
 436.92408 	    0.00000 	  294.01526 	  572.60915 	  491.46533 	  393.21698 	  912.58823 	 1158.19869 	  388.33839 	 1528.01651 	 1025.30099 	 2696.62743 	  852.33473 	 1208.73636 	 1162.91722 	  798.71690 	  208.54021 	  123.09652 	 2440.95959 	  205.52337 	  940.92149 	 2006.59325 	 2846.83880 	  623.93793 	   36.48343 	 
1181.38669 	  351.15361 	    0.00000 	  787.39394 	  638.30380 	  701.18398 	 1279.41460 	 1480.62755 	  522.63331 	 1539.27711 	 1282.18618 	 1901.29693 	 1133.95436 	 1358.32637 	 1241.68212 	 1121.39260 	  227.73055 	  342.56192 	 1726.60262 	  461.21936 	  749.21580 	 2221.49018 	 2130.13211 	 1533.40170 	  366.49109 	 
 695.75583 	  775.93004 	  842.71575 	    0.00000 	  184.22070 	  258.95792 	  787.78339 	  650.52717 	  206.63080 	  885.45101 	  296.78604 	 1819.15903 	  490.61621 	 1515.94363 	  340.66864 	  979.89646 	  543.78423 	  641.82028 	 1783.35111 	  313.05546 	  197.00327 	 1957.39937 	 1596.65559 	 1271.16849 	  747.50716 	 
 405.49725 	  466.74393 	  964.40893 	  268.58172 	    0.00000 	  292.59070 	  841.52866 	 1348.28920 	  242.84747 	  843.47496 	  571.29753 	 2232.24690 	  323.53478 	  690.66317 	  427.42087 	  745.85669 	  422.21421 	  361.96580 	 1981.03537 	  296.85499 	  372.72342 	 2586.53558 	 1911.74121 	  837.73058 	  337.37483 	 
 475.55772 	  302.04871 	  708.56405 	  337.08190 	  199.93573 	    0.00000 	 1211.54166 	 1208.93506 	  122.47107 	 1206.32754 	  723.01086 	 2234.02073 	  443.23562 	  948.94905 	  491.22814 	 1066.60309 	  516.33403 	  464.89172 	 1705.01868 	   74.01740 	  461.07645 	 2707.24692 	 1526.25330 	 1014.50439 	  308.87499 	 
 769.58310 	 1166.48834 	 1197.59015 	  864.21135 	  639.89892 	 1256.48069 	    0.00000 	  788.12555 	  899.23284 	  202.92849 	  358.97370 	 1199.24183 	  356.37724 	 1346.37313 	 1082.30300 	  428.72216 	 1668.05844 	 1273.20854 	 1075.24492 	  924.05439 	  671.43475 	 1430.56365 	 1402.20731 	  870.78225 	 1221.97022 	 
1065.68088 	 1259.65239 	 2108.58335 	 1149.49345 	 1072.08711 	  992.67281 	  835.43172 	    0.00000 	  891.54002 	  864.77896 	  394.68553 	  715.83161 	 1083.93334 	 1967.49137 	  681.49716 	 1075.49764 	 1469.48530 	 1865.04823 	  425.98944 	 1576.35764 	  671.26466 	  763.32890 	  784.54123 	 1647.65561 	 1560.12501 	 
 466.60191 	  415.07470 	  475.88263 	  201.37148 	  247.38603 	   74.03208 	 1067.70600 	  978.10560 	    0.00000 	  901.60292 	  700.85951 	 1696.46547 	  632.03019 	 1143.83228 	  691.41175 	  921.26113 	  565.86258 	  574.72607 	 1611.17970 	  193.81974 	  557.31191 	 2415.06968 	 1675.48470 	  967.35163 	  463.42047 	 
 795.95731 	 1375.37678 	 1326.85810 	  807.58227 	 1070.69097 	 1384.81661 	  179.76867 	  916.13255 	  897.82528 	    0.00000 	  591.01138 	 1000.67048 	  614.77858 	  719.00414 	 1134.69695 	  319.56696 	 1328.99799 	 1212.51956 	  924.80293 	  791.44678 	  482.41893 	 1772.02991 	 1633.33244 	  617.16416 	 1322.95931 	 
 543.18754 	  916.82375 	 1165.42889 	  520.61405 	  403.97475 	  670.54266 	  333.23943 	  590.09603 	  664.91779 	  575.97164 	    0.00000 	 1093.22507 	  361.28229 	  927.78125 	  359.09920 	  679.16279 	 1314.26917 	 1124.54186 	 1203.50901 	  950.63928 	  292.34340 	 1724.87001 	 1688.90225 	 1189.98376 	  685.16723 	 
1870.85154 	 2458.54437 	 2145.30955 	 1357.35663 	 2153.55575 	 2534.03908 	 1523.63223 	  659.09053 	 2324.37709 	 1357.43585 	 1557.11898 	    0.00000 	 1597.98508 	 2499.29771 	 1660.89078 	 2061.92524 	 2247.74156 	 3056.13891 	  463.16224 	 2200.98458 	 1558.53781 	  351.66270 	 1248.99788 	 1924.51008 	 1722.44558 	 
 247.53118 	  585.23585 	  811.85922 	  467.43785 	  406.46445 	  618.80232 	  364.34269 	  888.32643 	  643.04723 	  401.20839 	  342.37443 	 2025.70332 	    0.00000 	  648.11297 	  610.65578 	  324.49595 	  776.83715 	  982.53043 	  888.49009 	  688.80984 	  317.88907 	 2164.10584 	 2163.85505 	  756.82549 	  704.81679 	 
 695.14434 	 1072.78262 	 1115.54951 	 1045.22792 	 1041.16384 	 1219.11374 	  985.77936 	 1778.51605 	 1404.97812 	  767.59451 	 1124.56957 	 2695.75194 	  606.00098 	    0.00000 	 1629.65301 	  572.85996 	 1182.57667 	  994.89807 	 1422.06471 	  721.33863 	 1157.07185 	 1919.55899 	 2829.63662 	  237.78486 	 1124.84071 	 
 749.73004 	 1084.56477 	 1086.23780 	  357.23873 	  428.25923 	  531.94375 	  710.79802 	  814.36252 	  639.62090 	  994.38753 	  389.16680 	 1526.85224 	  845.38431 	 1878.34317 	    0.00000 	  824.63194 	  975.31115 	  986.61505 	 1536.36488 	  934.99587 	  345.25286 	 1201.36239 	 1136.87203 	 1059.97045 	  925.34844 	 
 347.78953 	  732.43357 	 1050.96362 	 1019.88869 	  668.42002 	  706.62905 	  454.10014 	  915.94821 	  787.73073 	  359.58956 	  745.60808 	 1458.40772 	  269.14203 	  616.91144 	 1043.65180 	    0.00000 	  825.33463 	 1393.99164 	 1242.66469 	  966.13922 	  491.15974 	 1529.84640 	 2389.34159 	  523.37597 	 1219.46264 	 
 955.90045 	  170.65111 	  150.61455 	  785.71508 	  738.84778 	  412.31656 	  980.01646 	 1274.55243 	  472.29417 	 1335.32551 	 1287.64251 	 2083.45619 	 1231.68310 	  957.34273 	 1043.77803 	 1110.18453 	    0.00000 	  104.14677 	 2487.97631 	  357.38042 	  982.08392 	 2565.85349 	 2644.62713 	  742.78044 	  226.44938 	 
 777.61075 	   83.00756 	  313.66379 	  483.04946 	  517.75894 	  269.45335 	 1163.26780 	 1127.53939 	  494.98199 	 1641.33394 	 1001.23966 	 2566.30560 	  848.02012 	 1159.39127 	  737.24658 	 1278.36215 	   90.14078 	    0.00000 	 2459.94633 	  321.90615 	  971.75757 	 2506.54064 	 2973.34736 	  892.29460 	  118.03973 	 
1325.04310 	 1898.67510 	 2341.24962 	 1228.52386 	 1237.48099 	 1253.88807 	 1053.63957 	  716.23938 	 2035.19355 	 1129.38973 	 1171.17372 	  434.34400 	  973.34657 	 1448.82435 	 1240.34229 	 1666.44339 	 2491.20310 	 1698.33360 	    0.00000 	 1287.36970 	 1418.26751 	  739.78187 	 1120.30972 	 1519.87073 	 2246.78839 	 
 580.40301 	  153.15611 	  364.74249 	  345.27089 	  304.94036 	   93.59887 	  803.58354 	  924.80936 	  211.13187 	 1256.97899 	  851.69516 	 1773.42750 	  771.71831 	  918.66364 	  690.71914 	  750.26109 	  366.38038 	  263.69976 	 1310.29819 	    0.00000 	  612.63020 	 1581.75384 	 2578.18090 	  702.89290 	  194.47411 	 
 627.02863 	  666.36554 	 1329.05749 	  231.39755 	  367.28359 	  631.12460 	  444.44953 	  665.83211 	  417.13896 	  799.13215 	  209.42035 	 1904.47863 	  218.48712 	 1075.95282 	  523.28726 	  578.93768 	  941.60614 	  988.61585 	 1411.00195 	  462.51608 	    0.00000 	 1693.72587 	 1249.47932 	  802.34581 	  709.56213 	 
1679.67563 	 1831.92139 	 2991.26913 	 1643.81101 	 2023.20264 	 2393.42744 	 1584.99103 	  872.55739 	 2403.55416 	 1317.07555 	 1919.62791 	  378.88368 	 2086.55663 	 2233.81026 	 1189.31877 	 2292.19100 	 2762.18201 	 2344.12277 	  844.01712 	 2444.10842 	 2178.66560 	    0.00000 	  675.37006 	 2808.81546 	 2851.81159 	 
2504.22006 	 2766.58382 	 2485.54284 	 2071.62440 	 2293.76915 	 2225.45376 	 1771.87731 	  934.58927 	 1969.16925 	 2330.24772 	 1725.36878 	  849.47942 	 1590.85092 	 2347.20199 	 1611.37660 	 1584.48169 	 1857.43980 	 2971.57618 	 1459.25580 	 2259.47541 	 2122.14748 	  875.45386 	    0.00000 	 1810.35842 	 1961.25921 	 
 402.91840 	  758.00986 	 1365.55508 	  908.05324 	  759.64704 	 1157.92327 	  749.09897 	 1442.00749 	  985.66892 	  798.77623 	  839.44032 	 1954.60729 	  647.51656 	  214.17326 	 1520.53269 	  589.07313 	 1079.91004 	  682.69346 	 1462.46205 	  854.72736 	  820.57659 	 1984.55672 	 3047.61597 	    0.00000 	  966.21487 	 
 591.39972 	   37.71788 	  372.01436 	  614.78363 	  335.60790 	  262.08682 	 1318.83382 	 1353.90870 	  443.26347 	 1323.95776 	 1151.76304 	 2435.42355 	  768.99412 	 1191.83416 	  871.95756 	 1137.34541 	  272.90570 	  136.42436 	 1642.38549 	  207.12313 	  652.74549 	 2916.11863 	 2236.98236 	  791.79651 	    0.00000 	 
   0.00000 	 7799.08495 	 6361.92293 	 23535.90212 	 3500.55169 	 6756.59900 	 13088.75653 	 2403.63890 	 8267.79865 	 5217.59508 	 3761.42087 	 11859.74484 	 7898.33774 	 28360.80068 	 3357.54694 	 9937.44720 	 54543.22518 	 11858.38823 	 1134.70666 	 4364.91284 	 6152.91125 	 4960.28310 	 2576.82320 	 14053.27393 	 12846.46451 	 
5880.73960 	    0.00000 	 10181.51221 	 12836.88065 	 2613.66706 	 4509.24503 	 3198.22357 	 3851.56466 	 8361.86896 	 2959.11724 	 2584.68032 	 8312.01829 	 1163.52846 	 5962.55057 	 1193.91196 	 4015.13866 	 26153.99432 	 6597.24321 	  719.44577 	 8493.35661 	 5021.23634 	 5208.25071 	 2951.16755 	 2309.97336 	  608.68768 	 
8026.71148 	 12361.83271 	    0.00000 	 26827.00727 	 7502.05679 	 14176.68616 	 7171.94069 	 7127.03872 	 12817.94558 	 5075.52312 	 2585.11726 	 23667.98999 	 1822.25301 	 29991.75508 	 8037.25426 	 3398.48951 	 214222.68230 	 41546.91841 	 2241.23169 	 16611.46219 	 7132.32137 	 20176.49540 	 3549.02008 	 8837.91470 	 48931.27350 	 
17771.37287 	 14460.28268 	 28149.79118 	    0.00000 	 21338.30579 	 32081.96696 	 25695.14798 	 27523.06228 	 45199.10821 	 18987.48598 	 29613.35933 	 54761.06770 	 15261.68743 	 34150.63011 	 59998.79134 	 12423.50486 	 132283.13873 	 36789.80330 	 18602.81302 	 27771.75977 	 40155.67065 	 27231.86921 	 14595.75139 	 15874.06264 	 51173.79044 	 
4369.42345 	 3407.10891 	 6554.82234 	 18574.94425 	    0.00000 	 8404.10667 	 3816.70719 	 1387.45216 	 6734.99300 	 1776.14077 	 1720.05628 	 4628.51146 	 1991.58582 	 7381.96320 	 2086.64358 	 1484.95356 	 27966.56237 	 5274.15521 	 1030.43483 	 5128.56779 	 6380.19607 	 3715.29992 	 1170.96839 	 4567.22708 	 5544.03101 	 
6857.78450 	 7080.39536 	 10992.73471 	 27795.56849 	 8188.83478 	    0.00000 	 4334.78663 	 3998.40897 	 8551.28747 	 2492.01429 	 2709.64419 	 12605.22386 	 2341.82917 	 19406.96086 	 6052.56962 	 1498.92350 	 69529.88127 	 11080.85722 	 2738.60210 	 4788.90560 	 5973.69242 	 6386.08003 	 2744.02334 	 6674.29334 	 13114.11232 	 
8553.37113 	 3113.38233 	 7288.03826 	 16589.61142 	 3546.45344 	 6048.88400 	    0.00000 	 13663.35838 	 5999.51649 	 28004.91063 	 7267.90027 	 33308.07872 	 8799.80158 	 7561.97969 	 4445.79545 	 14724.17531 	 22573.92100 	 6658.86551 	 5182.73269 	 2908.53846 	 8988.62667 	 16475.50978 	 5331.89179 	 3114.12739 	 12279.66943 	 
1616.44438 	 2478.38599 	 7138.69718 	 22588.21504 	 1872.34460 	 4095.24948 	 12602.89447 	    0.00000 	 4396.70705 	 6032.00938 	 10625.65262 	 32519.74618 	 1495.16042 	 2463.82529 	 9609.33204 	 2544.10165 	 25684.28263 	 4442.11144 	 8375.12434 	 2400.83288 	 6538.62419 	 21121.47420 	 8379.66607 	 1205.17719 	 9744.23971 	 
10577.27497 	 8477.43525 	 19504.64649 	 49458.59592 	 7094.20330 	 10830.38977 	 5124.77660 	 5429.64388 	    0.00000 	 3868.57248 	 5177.92369 	 19327.63711 	 4001.93233 	 29105.95990 	 10422.09208 	 4737.35279 	 70507.93957 	 18198.38850 	 3857.50858 	 13527.24390 	 13681.66642 	 11979.17852 	 4491.32825 	 10543.80013 	 18952.33888 	 
7809.89384 	 5098.51443 	 3498.40914 	 11937.26905 	 1663.53059 	 4407.06844 	 28644.69243 	 5362.74559 	 4093.14565 	    0.00000 	 5197.04143 	 12661.86909 	 2934.96436 	 6726.36330 	 3081.76880 	 23724.63605 	 28905.22557 	 6917.61419 	 1562.24805 	 2830.18760 	 5209.15507 	 10791.60390 	 2885.73328 	 2210.39045 	 4117.31869 	 
4570.97537 	 1870.92245 	 3857.83702 	 31809.87067 	 2915.61682 	 2257.91835 	 9826.50438 	 8489.82911 	 3922.74905 	 3990.92457 	    0.00000 	 10928.27239 	 2953.43606 	 3887.27503 	 7950.33176 	 2015.89804 	 19386.21829 	 4547.53885 	 3359.94748 	 1820.95632 	 19246.07252 	 7275.80746 	 2228.62484 	 1602.36305 	 6562.97884 	 
10510.70734 	 10183.74288 	 24800.03196 	 68086.79224 	 5331.23499 	 13141.73246 	 31427.63157 	 23814.65913 	 27256.85737 	 19116.27537 	 10897.16067 	    0.00000 	 3843.83636 	 12504.85368 	 20079.57113 	 7477.43787 	 115652.59355 	 14948.16629 	 31831.56474 	 8551.71313 	 20824.57030 	 109186.30258 	 42578.43573 	 3069.87182 	 23783.64613 	 
9558.21379 	  927.20697 	 1535.34305 	 9460.38367 	 1785.69610 	 2400.05023 	 4973.02368 	 2010.33418 	 5320.94355 	 3123.13435 	 3053.68559 	 4572.36150 	    0.00000 	 2735.19981 	  955.02497 	 6336.87863 	 10237.56664 	 2385.07214 	  889.83767 	 1622.55756 	 6391.96379 	 3465.87656 	 1085.14661 	 1397.43693 	 5892.42457 	 
19983.42247 	 7324.76829 	 22299.50867 	 37030.67213 	 7874.63766 	 11167.31299 	 5859.58326 	 2699.03517 	 31723.28455 	 8095.31018 	 5069.98219 	 15439.77026 	 3556.96250 	    0.00000 	 5124.82847 	 11327.16433 	 123102.33309 	 18035.67657 	  965.95305 	 10016.28930 	 9811.91101 	 8836.79601 	 2158.39659 	 15459.87314 	 26173.71454 	 
3390.39354 	 1177.05148 	 5433.79473 	 57127.78657 	 1465.99543 	 3529.63697 	 3944.22981 	 8062.93146 	 7570.45864 	 1962.71873 	 5696.18537 	 17622.41977 	 1005.69527 	 3935.09052 	    0.00000 	 1773.97166 	 21797.07401 	 5010.33548 	 5264.84898 	 3035.41207 	 8950.56538 	 12813.85116 	 5310.54323 	 3073.10811 	 12873.84307 	 
8073.50120 	 5288.55597 	 3635.58871 	 16797.35906 	 1154.01484 	 2327.64143 	 12872.83776 	 2064.03899 	 4485.87892 	 14138.43577 	 2275.35565 	 10773.26791 	 4507.68203 	 7910.61121 	 2131.89382 	    0.00000 	 26688.82033 	 3678.11949 	 1111.24954 	 1282.24631 	 3536.20199 	 5557.10837 	 1534.81280 	 4555.55231 	 5370.34206 	 
59085.30483 	 18624.19238 	 205612.15626 	 189169.19385 	 21694.89063 	 63882.40517 	 33781.07878 	 16700.81265 	 79590.85183 	 28507.76459 	 13168.85526 	 89374.34027 	 10449.44356 	 157377.24063 	 19813.27918 	 21520.99440 	    0.00000 	 9872.26419 	 8477.81537 	 57025.35073 	 37831.55512 	 56208.55318 	 13694.13528 	 27957.96330 	 205449.18064 	 
9844.16280 	 5295.67632 	 32112.16987 	 35915.30502 	 6666.48758 	 16959.70509 	 9255.37756 	 5830.38189 	 15261.57898 	 6121.94371 	 3953.22267 	 21366.71141 	 3329.66255 	 27290.05672 	 6042.47775 	 5328.50842 	 6712.65153 	    0.00000 	 2525.78124 	 28666.95805 	 9330.53798 	 13684.82587 	 4595.45769 	 5942.15273 	 10925.43196 	 
 996.64296 	  972.46964 	 2885.04434 	 17983.39202 	 1095.05100 	 2384.48552 	 6736.45284 	 9615.73829 	 3877.97862 	 2590.16077 	 2836.15522 	 37324.69225 	  711.23724 	 1043.71024 	 5053.35207 	  700.49682 	 8477.39775 	 2363.37776 	    0.00000 	 1488.94989 	 2613.58851 	 14105.92916 	 3659.29848 	  466.86859 	 3960.33550 	 
6005.75557 	 5871.81833 	 12916.41277 	 33448.43623 	 3540.81401 	 5847.40288 	 2399.83641 	 2706.15631 	 9779.60917 	 2639.91329 	 2615.49601 	 13841.17884 	 1196.43781 	 12045.18048 	 3399.23253 	 1305.85229 	 55405.24429 	 34161.27142 	 2202.28800 	    0.00000 	 6512.18420 	 5006.41965 	 1602.25529 	 4987.15564 	 13806.85608 	 
5282.04432 	 3323.24839 	 8852.36846 	 44365.63958 	 6653.32243 	 5325.20734 	 8856.90258 	 7413.02865 	 10419.74502 	 7041.01918 	 15396.76494 	 19000.78035 	 7170.89496 	 7194.91570 	 9680.29358 	 5404.70940 	 24659.00928 	 7617.58444 	 4040.65328 	 5990.97671 	    0.00000 	 9022.95595 	 3526.95166 	 4113.12198 	 8603.54992 	 
7564.75444 	 6515.30829 	 14413.29601 	 27073.61856 	 3301.03831 	 5872.21384 	 13388.58271 	 20151.05595 	 14867.51822 	 8467.61279 	 8479.51854 	 98324.13992 	 2328.14405 	 8036.45197 	 9985.41903 	 4831.62470 	 70493.89157 	 14487.17210 	 11073.20315 	 4793.64177 	 9324.88604 	    0.00000 	 43572.44409 	 3257.45039 	 16817.78787 	 
2328.81427 	 4376.53314 	 3200.88185 	 13067.45803 	 1014.76950 	 1692.41749 	 5215.75841 	 5824.63802 	 5290.24341 	 3057.88467 	 2985.61376 	 40480.97134 	 1192.68152 	 1640.69889 	 4853.06531 	 2165.68972 	 14880.19267 	 3361.51418 	 4537.85263 	 2688.97439 	 2431.57803 	 36562.46465 	    0.00000 	 1117.64942 	 3596.29571 	 
13452.84889 	 2127.67286 	 8578.14056 	 15289.02404 	 5565.88483 	 4962.92397 	 1911.73548 	 1519.98837 	 13050.37698 	 2528.05814 	 1473.74864 	 3557.02753 	 1678.16859 	 14459.87558 	 3769.30552 	 3350.24747 	 25121.30979 	 5837.22105 	  700.63659 	 5008.28290 	 3393.20943 	 3149.74702 	  663.44842 	    0.00000 	 4474.40527 	 
14143.11294 	  641.21910 	 43959.24766 	 33314.46815 	 6054.64738 	 12813.81956 	 11141.44193 	 10614.64256 	 17447.99710 	 5735.01780 	 5281.98809 	 19989.19759 	 4598.82445 	 24917.75453 	 12850.01641 	 5941.87507 	 206811.27709 	 15002.54707 	 3282.85541 	 16524.15966 	 13542.39501 	 14869.62265 	 5240.62485 	 4862.88174 	    0.00000 	 
   0.00000 	  636.57358 	  815.03596 	  437.48425 	  441.24935 	  469.51463 	  496.57441 	 1541.98707 	  768.99965 	  507.99827 	  631.65369 	 1691.75744 	  399.84420 	  464.06980 	  974.96778 	  329.54387 	  876.00526 	  795.61709 	 1702.20105 	  431.38990 	  531.73727 	 1911.49850 	 2407.66135 	  401.29964 	  466.96425 	 
 450.41538 	    0.00000 	  390.46915 	  628.25332 	  311.92224 	  262.51504 	 1035.06885 	 1935.21372 	  396.00260 	 1596.09835 	 1077.33717 	 2530.23553 	  610.41551 	  903.30025 	 1093.97000 	  846.84175 	  164.43471 	   96.78477 	 2052.25508 	  240.70426 	  547.92807 	 2084.16158 	 2009.88962 	  724.94088 	   42.62237 	 
1048.98556 	  300.33563 	    0.00000 	  846.59066 	  571.24032 	  682.72107 	 1177.64420 	 2163.56875 	  653.29288 	 1123.46172 	 1256.91913 	 3028.98982 	  816.38077 	 1011.53964 	  826.01108 	 1657.03164 	  164.14476 	  252.54688 	 2953.68880 	  604.07085 	 1162.66039 	 3361.60809 	 2662.48391 	 1499.14643 	  376.92815 	 
 507.21371 	  629.48969 	  701.00833 	    0.00000 	  272.32034 	  360.41613 	  970.27758 	  694.14278 	  251.10984 	  845.88704 	  291.93100 	 2104.28632 	  607.27220 	 1496.58653 	  375.86903 	  666.17369 	  932.85146 	  514.01847 	 1838.70230 	  465.18653 	  294.53797 	 1551.76623 	 1971.85675 	 1220.83786 	  458.62971 	 
 406.90893 	  546.06454 	  934.96168 	  230.00662 	    0.00000 	  293.20669 	  896.24674 	 1007.51711 	  247.04075 	  842.90489 	  451.56493 	 2058.17789 	  459.25597 	  736.42317 	  483.65604 	  668.33708 	  584.26636 	  519.54786 	 1535.59442 	  321.21602 	  267.14759 	 1510.60136 	 2197.17051 	  990.84954 	  408.42043 	 
 671.27787 	  318.20364 	  535.64986 	  262.08595 	  171.59343 	    0.00000 	 1088.01177 	  957.64057 	  109.90628 	 1281.64408 	  894.48756 	 2352.59257 	  642.80440 	 1128.63256 	  503.04600 	 1144.49263 	  385.87679 	  462.44652 	 1608.10546 	  108.60012 	  422.86324 	 2338.55689 	 2227.93537 	  787.02640 	  211.69642 	 
 497.82591 	 1003.93621 	 1420.73047 	  880.16157 	  748.73371 	 1080.38251 	    0.00000 	  527.12166 	  754.48841 	  177.70087 	  532.23645 	 1455.30718 	  498.10000 	 1373.79284 	  877.79884 	  331.89373 	 1027.34776 	 1102.84349 	  648.09603 	  850.40269 	  630.37397 	 1518.12648 	 1238.18227 	  684.53535 	 1317.63255 	 
1369.96998 	 1359.74991 	 1483.12604 	  852.51704 	 1021.99480 	 1132.89543 	  586.56259 	    0.00000 	 1080.58861 	  938.27366 	  406.36468 	  805.29994 	  954.56076 	 2047.18742 	  650.34996 	 1282.22459 	 1488.27879 	 1623.37195 	  746.14875 	 1130.58077 	  963.51071 	 1088.59123 	 1047.89163 	 1284.60659 	 1058.46937 	 
 508.06626 	  523.76092 	  524.64126 	  223.21204 	  203.76188 	   76.86104 	  740.99035 	  837.99494 	    0.00000 	 1138.38409 	  643.18019 	 1861.81732 	  703.41735 	 1195.92094 	  450.19994 	 1079.65788 	  459.21753 	  318.18598 	 2075.28893 	  143.63549 	  381.05732 	 2044.30035 	 1863.11307 	 1281.21547 	  407.01015 	 
 591.93624 	 1533.90081 	 1146.66756 	  675.04931 	  850.85925 	  919.07057 	  239.74920 	  658.88283 	 1050.71799 	    0.00000 	  627.03575 	 1683.62280 	  584.48097 	  722.71004 	 1290.94404 	  214.85931 	 1413.12274 	 1151.73452 	 1163.46347 	  979.67593 	  667.23790 	 1633.12693 	 1340.57866 	  934.02673 	 1532.66710 	 
 561.81947 	  798.04203 	  937.11142 	  291.17127 	  667.71113 	  697.69307 	  471.03041 	  494.33628 	  604.67369 	  766.88395 	    0.00000 	 1482.78556 	  332.23270 	 1347.26010 	  454.55166 	  540.40550 	 1131.82804 	 1228.37208 	  967.70566 	  801.32384 	  292.13193 	 1111.70020 	 1436.77721 	 1237.80377 	  892.72713 	 
1994.27269 	 2785.01522 	 2297.68779 	 1716.73649 	 1976.18514 	 1726.96547 	 1031.21503 	  834.92280 	 1721.85974 	 1320.29549 	 1113.99564 	    0.00000 	 1631.26079 	 1825.69748 	 1230.22361 	 1166.19871 	 2015.28508 	 1981.14224 	  416.82972 	 1533.66324 	 2042.24978 	  412.01214 	 1268.49429 	 2790.06408 	 2343.48573 	 
 414.08019 	  886.31675 	 1383.81780 	  624.60132 	  320.05571 	  612.94960 	  442.09151 	 1018.26816 	  766.43017 	  405.11167 	  402.13779 	 1550.17772 	    0.00000 	  916.52191 	  567.62810 	  325.01195 	  882.96553 	  712.89041 	 1018.15228 	  626.94542 	  210.09832 	 1778.15782 	 1785.95080 	  849.82287 	  732.88199 	 
 507.71901 	 1028.30160 	  935.08567 	 1429.37464 	  721.33878 	  798.95433 	  925.18772 	 1781.29077 	 1328.03378 	  809.08048 	 1222.67908 	 1987.11098 	  788.29470 	    0.00000 	 1808.60908 	  549.77413 	 1016.07406 	  995.28502 	 1474.25798 	  941.86232 	 1174.09671 	 2150.84163 	 2618.53134 	  157.35737 	  787.59076 	 
 818.78627 	  800.56889 	 1408.99897 	  444.44037 	  764.39091 	  557.08218 	  765.55763 	  877.09183 	  649.45204 	  923.54648 	  403.65356 	 1710.91134 	  717.01656 	 1946.81024 	    0.00000 	 1291.21540 	  973.18709 	 1185.43236 	 1435.64166 	  691.01346 	  553.04406 	 1390.58624 	 1279.39147 	 1694.44576 	  749.64508 	 
 479.99872 	  911.81068 	 1150.80967 	  810.20644 	  886.67580 	 1033.20870 	  491.63961 	 1039.52168 	  825.95166 	  321.60291 	  756.07737 	 1263.57300 	  245.47644 	  675.11318 	 1219.36167 	    0.00000 	  977.36618 	  845.28994 	 1325.12786 	 1168.21241 	  625.53070 	 2094.52563 	 2529.67350 	  553.16232 	  881.51953 	 
 820.63777 	  169.38313 	  167.18859 	  534.20752 	  620.54270 	  525.10338 	 1129.51577 	 1140.40944 	  620.16179 	 1599.58134 	  994.12191 	 1810.54874 	  794.83258 	 1418.62400 	  931.53647 	 1291.83944 	    0.00000 	   81.94364 	 2689.82137 	  316.75886 	 1119.04754 	 2918.01124 	 1876.41708 	  746.19323 	  161.35108 	 
 549.34627 	  113.38043 	  250.88650 	  711.23911 	  453.63367 	  300.66394 	 1263.24305 	 1765.57065 	  468.26554 	 1525.23722 	 1224.31250 	 1857.22118 	  618.09826 	 1167.89942 	  880.27730 	  802.41133 	   90.89624 	    0.00000 	 2320.54958 	  321.47912 	 1041.04366 	 2737.90451 	 1896.56721 	  672.88396 	  141.02776 	 
1717.82169 	 2508.70759 	 2350.47039 	 1354.34784 	 1781.99449 	 1786.65268 	  867.31061 	  539.90868 	 1292.31785 	  987.72111 	 1301.77173 	  427.01701 	 1557.68698 	 1848.57497 	 1602.36053 	 1195.84169 	 2370.50856 	 2387.85125 	    0.00000 	 1424.48729 	 1523.71527 	  682.46780 	 1460.42036 	 1956.72296 	 1776.80671 	 
 412.01773 	  266.51529 	  553.03043 	  301.60577 	  212.59814 	  108.17111 	 1045.86756 	 1185.06351 	  198.22454 	 1137.97064 	  704.92825 	 2143.83774 	  835.99481 	 1040.40093 	  766.58150 	 1036.72817 	  306.63823 	  325.19563 	 1421.23847 	    0.00000 	  404.79872 	 2724.36008 	 1634.85589 	  778.95898 	  205.42782 	 
 579.19325 	  589.36847 	 1122.52661 	  189.48836 	  334.04245 	  375.12044 	  631.55338 	  592.05633 	  396.71298 	  493.23160 	  186.94245 	 1889.75342 	  316.39888 	 1050.05234 	  464.20006 	  429.41677 	  845.74110 	  811.46746 	 1510.41615 	  693.29618 	    0.00000 	 1783.96851 	 1846.15954 	  891.85368 	  870.05553 	 
1907.94129 	 2914.40210 	 2684.70326 	 1797.32953 	 1471.70721 	 2342.49646 	 1615.82314 	  975.54371 	 1543.37234 	 1841.06346 	 1479.05427 	  301.04936 	 1837.17829 	 2679.87667 	 1899.82016 	 2081.28230 	 2681.07662 	 2523.51412 	  779.18411 	 1673.48268 	 1239.08685 	    0.00000 	  643.58224 	 3071.64037 	 2411.52701 	 
2435.23129 	 1898.71172 	 2293.60204 	 1553.46689 	 1494.95507 	 1446.94163 	 1363.24185 	  996.98134 	 2038.02470 	 2277.52009 	 1719.66733 	  812.88799 	 1492.88840 	 3332.81845 	 1610.58518 	 1550.90796 	 1860.05759 	 2474.78307 	 1316.98571 	 1726.57149 	 2016.37769 	  748.61617 	    0.00000 	 2330.77258 	 2100.18021 	 
 368.57506 	  717.88139 	 1474.33253 	 1049.46510 	  803.56515 	 1045.40174 	  759.70504 	 1653.19145 	  935.21995 	  902.31798 	 1293.45976 	 2284.40849 	  760.65556 	  222.94383 	 1280.88816 	  349.56411 	 1205.62858 	 1052.15612 	 1473.34539 	  704.85390 	  633.48282 	 1819.10732 	 2662.53770 	    0.00000 	  900.46300 	 
 679.27821 	   35.25399 	  424.44747 	  453.82094 	  320.03968 	  332.71705 	 1125.84221 	 1703.90582 	  456.27152 	 1198.11188 	  676.53930 	 2541.91399 	  717.33055 	  776.25314 	  670.02284 	  893.76711 	  223.32543 	  136.78444 	 1828.64617 	  151.60581 	  760.13462 	 3151.63136 	 2320.72967 	  763.49636 	    0.00000 	 
   0.00000 	 6409.94628 	 6856.24589 	 16246.05616 	 3291.66172 	 5239.58322 	 12045.66274 	 2127.69379 	 8910.67702 	 6244.21523 	 4339.01882 	 11948.91461 	 11610.92286 	 23559.90930 	 4232.91305 	 8112.93142 	 33230.71972 	 12469.47518 	 1373.00854 	 5676.70698 	 5092.11527 	 7856.39157 	 2813.59783 	 12414.67751 	 13163.74892 	 
4828.26706 	    0.00000 	 13632.25148 	 9984.50670 	 2365.62106 	 4591.32320 	 4345.30535 	 2404.38061 	 6819.11954 	 3530.28249 	 1996.02562 	 9272.83546 	 1161.25741 	 5546.57452 	 1203.11683 	 6381.57464 	 18903.80101 	 5216.11480 	  575.24988 	 7165.44991 	 4139.21548 	 5239.73583 	 4050.24454 	 1510.72949 	  481.12444 	 
9094.32646 	 10861.03571 	    0.00000 	 38382.99421 	 4439.45897 	 11285.50215 	 4689.23798 	 7265.40085 	 15848.76357 	 4592.32958 	 3402.29690 	 21259.78182 	 2141.81413 	 22927.83023 	 5987.46063 	 2946.55448 	 239111.70559 	 39416.68577 	 3292.42704 	 13565.99664 	 5237.92938 	 14919.68876 	 4267.27128 	 10234.19903 	 51565.83322 	 
21736.81651 	 16837.83381 	 34976.86013 	    0.00000 	 16748.68076 	 29136.54198 	 20120.24763 	 21106.26904 	 60211.95791 	 11232.51895 	 23871.19800 	 80957.86879 	 11631.02153 	 40140.26079 	 39184.31791 	 16988.97334 	 208025.31059 	 36929.14127 	 14405.22077 	 33209.60707 	 44022.06776 	 27647.00986 	 11362.65763 	 20403.14777 	 30046.55086 	 
5900.65115 	 3734.70739 	 7726.04677 	 15781.54379 	    0.00000 	 8668.20074 	 2473.55594 	 1483.99244 	 5269.84669 	 1976.17171 	 2549.31651 	 5500.03667 	 2165.14525 	 5392.64358 	 2172.31288 	  977.17197 	 28967.39281 	 5428.06271 	  920.46931 	 2969.18946 	 5993.69161 	 2408.17585 	 1092.97835 	 4403.34267 	 8620.71316 	 
7592.89057 	 5653.24157 	 10817.30884 	 29181.38946 	 6299.62816 	    0.00000 	 3604.54186 	 4520.07647 	 12448.78696 	 4296.66591 	 2729.26158 	 11964.51717 	 2458.25898 	 19579.96056 	 3924.18029 	 1509.35301 	 61640.02785 	 13801.33951 	 2666.09542 	 5601.89901 	 9720.36835 	 8421.86607 	 1777.44505 	 6359.91177 	 13300.25198 	 
14536.85301 	 2959.95388 	 5537.31521 	 22358.46850 	 2426.43744 	 5832.00607 	    0.00000 	 14426.93813 	 7068.63478 	 38480.10686 	 8976.69759 	 21256.60966 	 6193.60218 	 8499.95572 	 5231.44613 	 10103.68042 	 30542.85358 	 8859.21970 	 4945.43074 	 3473.60189 	 12257.57894 	 13389.61554 	 6188.37772 	 2558.88715 	 10079.34550 	 
2093.58477 	 3348.93609 	 7150.33953 	 29667.20732 	 1508.17476 	 4555.04980 	 13039.79105 	    0.00000 	 5299.74228 	 7046.17959 	 10801.41265 	 32904.54812 	 1775.05109 	 4134.41877 	 9616.02047 	 2076.41989 	 25972.57340 	 5500.38826 	 9186.97329 	 2647.20903 	 7608.68173 	 13301.25457 	 8519.32551 	 1577.98812 	 10951.62146 	 
9930.44627 	 8457.55999 	 14495.77117 	 51344.93940 	 8655.65761 	 10956.77034 	 7134.37786 	 5125.93694 	    0.00000 	 5093.87125 	 4305.54532 	 25889.06913 	 4948.70168 	 17921.79884 	 11117.55554 	 3805.96106 	 56991.72784 	 22967.10793 	 5002.21653 	 8450.47491 	 11528.83410 	 9924.52088 	 3397.85151 	 13038.25438 	 13876.97944 	 
9326.04487 	 4227.15821 	 3426.88626 	 19088.37601 	 1794.30443 	 3433.62739 	 24977.55921 	 8937.54411 	 3593.39555 	    0.00000 	 4315.85156 	 14729.25261 	 4955.74241 	 7187.55865 	 2197.79540 	 16991.01644 	 29760.74026 	 5397.60058 	 2657.41754 	 2902.49397 	 5210.42732 	 7882.87625 	 2561.51935 	 2688.70946 	 3932.28962 	 
3065.82331 	 2840.88531 	 3839.02919 	 33636.81669 	 2224.53110 	 3387.69087 	 12067.69745 	 10188.12603 	 6118.92755 	 3265.48972 	    0.00000 	 15646.07551 	 3926.53544 	 3986.76575 	 7105.39030 	 3195.28803 	 16783.33763 	 4869.33530 	 3975.98636 	 2445.58963 	 15460.74840 	 6346.73700 	 3263.03244 	 2266.00277 	 8506.00183 	 
10304.92987 	 8942.11572 	 18048.14282 	 71146.44019 	 6429.56272 	 14109.65419 	 24520.83496 	 31371.26408 	 16683.37996 	 20697.13874 	 18287.17995 	    0.00000 	 4488.89870 	 16184.21662 	 15294.86803 	 11222.52176 	 80204.74210 	 25692.89811 	 28278.19644 	 13842.27490 	 19982.27732 	 72340.82864 	 35243.99968 	 4705.96823 	 28610.92451 	 
8808.98910 	  987.22768 	 1647.14415 	 14296.11728 	 1714.81195 	 1953.76203 	 8449.39556 	 1452.44412 	 3952.13951 	 5064.28742 	 3870.79720 	 5679.39386 	    0.00000 	 3005.17273 	  878.25065 	 7561.19174 	 12182.66815 	 2604.58651 	  956.43467 	  995.84521 	 7655.15599 	 2202.43181 	  966.53748 	 1769.85259 	 4554.78149 	 
26517.15675 	 6673.87797 	 25271.09071 	 39960.53975 	 6117.42305 	 11667.04486 	 6344.17428 	 4377.66982 	 27684.43396 	 7928.84352 	 3807.14180 	 13425.24130 	 3448.43732 	    0.00000 	 4120.70618 	 7795.02827 	 120811.53130 	 23910.94056 	  952.46740 	 12208.60468 	 7791.51459 	 9776.58456 	 2078.05730 	 20677.40513 	 24845.75266 	 
4302.34785 	 1052.65257 	 5544.51656 	 49192.71472 	 2602.07722 	 4349.49080 	 3575.22373 	 6938.01295 	 9395.32552 	 2009.53650 	 7010.79365 	 18335.34707 	 1386.85672 	 6655.38575 	    0.00000 	 1565.56998 	 28162.22557 	 6672.37411 	 4621.72317 	 3398.44640 	 8932.52575 	 9081.11647 	 5309.01265 	 3182.71953 	 10340.10467 	 
8472.44590 	 6340.33540 	 2643.10395 	 16290.59692 	  982.42088 	 1491.12958 	 9592.94466 	 2750.44107 	 3953.57365 	 14559.72764 	 3569.27855 	 9058.07042 	 6033.14159 	 11252.18724 	 1510.56384 	    0.00000 	 21263.15702 	 4645.74420 	  893.20734 	 2240.94278 	 5945.95142 	 8012.40641 	 1980.35702 	 2731.69685 	 5157.89807 	 
47847.67802 	 25756.20223 	 224036.08929 	 159276.90671 	 31021.18418 	 58535.92421 	 31717.18433 	 26377.54209 	 62041.20493 	 23613.00429 	 20259.38694 	 127085.83199 	 13450.84180 	 187640.69807 	 33563.58954 	 23101.67814 	    0.00000 	 9040.64499 	 11991.87493 	 57654.79402 	 42555.66692 	 90812.15064 	 12820.72915 	 26197.83045 	 160132.30006 	 
11956.45506 	 5290.17193 	 41775.41399 	 48480.78444 	 4286.66902 	 14431.50286 	 5696.33509 	 6223.89995 	 15985.71425 	 5062.46727 	 4872.95027 	 25142.86744 	 2221.38960 	 27859.02917 	 5755.19042 	 5621.77889 	 9984.75060 	    0.00000 	 2582.21623 	 35392.79801 	 8637.80594 	 13755.92056 	 5237.07382 	 5822.36812 	 10334.11799 	 
1334.27834 	  917.20293 	 2722.69205 	 15005.63075 	 1339.68643 	 3563.87734 	 5275.54389 	 11152.72072 	 3378.61246 	 1795.15953 	 3345.41886 	 39129.58614 	  963.73989 	 1421.25677 	 4896.14771 	  694.10998 	 13360.21677 	 2486.70846 	    0.00000 	 2317.79747 	 3534.78088 	 8776.78117 	 4170.95428 	  640.94464 	 2945.33565 	 
4997.35460 	 7515.32428 	 10470.60171 	 34053.83431 	 3237.09116 	 5025.47994 	 3112.59500 	 2841.16021 	 11885.71434 	 4533.86228 	 2836.19605 	 11445.51871 	 1092.07071 	 11112.83637 	 2114.24443 	 1323.21131 	 71446.93510 	 24854.99450 	 1470.62694 	    0.00000 	 5081.37096 	 7610.68804 	 2219.62508 	 6592.95644 	 12616.47901 	 
4897.28092 	 4756.08243 	 8391.00457 	 53519.99790 	 5392.92646 	 8591.69047 	 7393.04973 	 6298.31005 	 14077.25294 	 4871.22927 	 19625.54916 	 20738.48501 	 6449.34529 	 6507.14497 	 7746.93941 	 5166.69198 	 35772.77161 	 10269.29296 	 2786.31887 	 5730.64462 	    0.00000 	 7875.84733 	 4054.61982 	 4734.13986 	 14693.58647 	 
7375.96218 	 6089.47161 	 15553.49658 	 36193.24617 	 4292.41739 	 5456.02376 	 10231.94870 	 21526.75299 	 10495.92324 	 8316.13008 	 9698.26792 	 100336.96207 	 2365.98585 	 8116.17508 	 10546.86211 	 5326.22307 	 91549.56718 	 18322.06838 	 12166.48251 	 7675.41469 	 7118.92055 	    0.00000 	 27005.42726 	 2817.16923 	 18331.21671 	 
1958.27617 	 3893.25824 	 5027.78144 	 16717.31642 	 1364.10060 	 1669.84253 	 3464.88563 	 8648.67473 	 4584.50714 	 3166.82928 	 2337.80572 	 35764.18150 	  960.41716 	 1517.26172 	 4634.39381 	 1718.33461 	 15884.55285 	 4623.18874 	 4328.23343 	 1507.17053 	 2711.84383 	 28861.87932 	    0.00000 	 1146.08442 	 5349.59965 	 
14626.01221 	 1495.43337 	 8336.98053 	 21795.20846 	 5838.25109 	 6141.58987 	 2472.68327 	 1168.83611 	 13619.28964 	 2834.71369 	 2179.38784 	 3327.26150 	 1531.12919 	 16813.06726 	 3686.15786 	 4579.76400 	 33827.35164 	 5058.46615 	  706.69320 	 5316.99575 	 3008.33336 	 2750.22618 	  702.05371 	    0.00000 	 6603.24429 	 
16279.03548 	  646.59337 	 38860.54707 	 37014.72148 	 7575.44186 	 11421.33273 	 12816.55379 	 10443.96186 	 20135.07141 	 4814.31675 	 8838.07500 	 24332.48613 	 5763.93811 	 16022.82442 	 13036.42786 	 5521.12052 	 197163.47324 	 9363.34785 	 3777.60645 	 16818.64078 	 9631.71727 	 23558.93939 	 6001.01608 	 7191.32748 	    0.00000 	 
   0.00000 	  574.44510 	 1004.45090 	  715.92168 	  303.95797 	  463.92906 	  506.65488 	 1068.75953 	  498.46942 	  600.18534 	  547.90824 	 1613.25184 	  396.98830 	  557.66423 	  697.47454 	  336.27524 	  839.55432 	  637.33310 	 1155.79044 	  429.11379 	  491.85014 	 1583.76000 	 2724.03506 	  413.76614 	  470.87326 	 
 492.80739 	    0.00000 	  388.41966 	  715.49138 	  501.13945 	  321.95889 	  883.96962 	 1908.70714 	  394.69388 	 1542.18894 	  706.84807 	 2377.53727 	  940.88991 	  715.70563 	 1030.81208 	 1260.74984 	  158.66584 	  110.24634 	 1933.79424 	  253.14407 	  707.98139 	 2464.20644 	 2729.50052 	 1095.55680 	   29.42175 	 
1056.56051 	  269.27206 	    0.00000 	  685.29007 	  783.83151 	  443.00427 	 1643.82007 	 1275.72458 	  484.31147 	 1261.82628 	 1393.48203 	 2409.39790 	  879.63374 	 1403.16257 	 1408.47320 	 1388.89380 	  140.04775 	  330.72902 	 2899.08996 	  552.77869 	 1342.20238 	 3189.52571 	 2139.26242 	 1519.49551 	  395.30458 	 
 658.00800 	  434.61751 	  977.40743 	    0.00000 	  210.35866 	  386.13954 	  732.61872 	  984.32729 	  212.29224 	  772.64273 	  389.93747 	 1928.58303 	  491.31911 	 1514.01529 	  248.20289 	 1032.17213 	  930.72756 	  632.29579 	 1291.68346 	  397.63776 	  299.52799 	 1815.50504 	 1557.41841 	 1250.83079 	  593.70954 	 
 446.20392 	  500.90410 	  935.62064 	  224.40960 	    0.00000 	  245.03074 	  596.37097 	  871.42881 	  230.18868 	  777.61243 	  426.73950 	 1729.31879 	  521.77112 	 1211.19501 	  559.47889 	  905.54576 	  480.40328 	  454.17910 	 1620.79964 	  308.60112 	  385.47338 	 1531.94034 	 1498.43194 	  561.63058 	  494.04101 	 
 719.89990 	  245.61227 	  523.92121 	  252.87579 	  189.94893 	    0.00000 	  933.69756 	 1261.13335 	  106.16748 	  832.85769 	  619.72469 	 2112.67455 	  517.44866 	  846.97703 	  544.29151 	  965.71511 	  433.63191 	  338.88259 	 2172.39360 	   81.08768 	  599.19855 	 2733.70538 	 1713.40316 	 1001.74785 	  329.18792 	 
 859.43453 	 1137.84781 	 1937.15032 	  893.22955 	  914.86110 	 1196.79223 	    0.00000 	  818.76274 	 1249.94019 	  260.16936 	  540.29886 	 1224.14304 	  354.43223 	 1174.19836 	 1006.72525 	  307.84220 	 1609.17600 	 1014.31268 	  777.22024 	 1324.84679 	  613.72236 	 1272.92490 	 2045.98526 	  684.74628 	 1016.42489 	 
1370.05324 	 1887.54004 	 1453.15825 	  879.29149 	 1205.00467 	 1083.37203 	  804.84429 	    0.00000 	  825.52796 	 1133.61092 	  663.00101 	  601.54325 	  685.03502 	 1834.69773 	  890.96638 	 1298.53541 	 1994.73449 	 1914.91165 	  447.03423 	 1081.97437 	  766.57952 	  930.97249 	 1010.70184 	 1736.88759 	 1481.61213 	 
 616.19208 	  440.66826 	  794.37703 	  170.01179 	  225.95791 	  112.53527 	 1102.42532 	  842.25631 	    0.00000 	 1402.61392 	  686.57243 	 1880.16831 	  488.70765 	 1159.57480 	  393.05650 	 1007.11835 	  630.69133 	  386.08488 	 2060.66592 	  161.06420 	  422.76600 	 2423.57319 	 1680.31194 	  737.77435 	  315.32841 	 
 707.18397 	 1067.17437 	 2061.83986 	  892.32585 	 1105.85461 	  815.92400 	  264.00485 	 1118.44034 	 1260.39762 	    0.00000 	  792.88294 	 1387.44813 	  602.71668 	  719.97787 	 1063.81415 	  357.68242 	 1382.60037 	  950.15902 	 1271.29757 	 1327.62009 	  842.61523 	 2115.49744 	 1421.02784 	  603.81219 	 1138.76603 	 
 685.43183 	  921.71876 	 1527.72267 	  374.53248 	  558.11562 	  685.56514 	  473.43373 	  708.76862 	  712.35027 	  764.02989 	    0.00000 	 1150.82352 	  334.43026 	 1170.43762 	  366.41167 	  533.82668 	 1289.96325 	 1166.82221 	 1220.66032 	  583.85984 	  195.68039 	 1818.08473 	 1579.94735 	 1088.62381 	  934.98478 	 
2147.89277 	 2981.89857 	 3178.87927 	 1261.20825 	 1491.29402 	 1442.29717 	 1560.93983 	  858.80265 	 2214.76993 	 1517.98822 	 1482.42146 	    0.00000 	 1649.02001 	 2858.91235 	 1521.05238 	 1773.53050 	 2037.39967 	 1888.12068 	  378.24308 	 2190.04730 	 1225.70699 	  296.28069 	 1099.22125 	 2225.91894 	 2121.96400 	 
 305.65019 	  554.60652 	 1258.20764 	  340.58078 	  309.61709 	  747.60460 	  409.95534 	  630.79436 	  514.11818 	  558.87236 	  375.65049 	 1647.58119 	    0.00000 	  772.04032 	  872.50745 	  417.58496 	  907.34040 	  860.18105 	 1372.13239 	  641.24353 	  211.28646 	 2217.99014 	 2000.03988 	  501.05356 	  961.29553 	 
 537.46012 	 1135.49925 	  911.40941 	 1234.54558 	  816.88846 	  792.39420 	 1189.02233 	 1790.52198 	 1345.91732 	  714.90108 	 1555.63678 	 1729.19016 	 1103.75203 	    0.00000 	 1842.39713 	  781.04161 	 1347.30847 	  770.14989 	 2380.25612 	  718.81115 	 1255.71244 	 2223.95470 	 3349.48104 	  255.50778 	 1064.46455 	 
 740.55931 	 1082.28189 	 1456.33607 	  395.87249 	  776.25501 	  678.29985 	  922.10935 	  519.38007 	  616.20344 	  973.20991 	  442.47548 	 1397.86294 	  613.22464 	 1756.15335 	    0.00000 	 1307.50455 	 1279.67678 	 1137.38041 	 1551.12777 	  787.65479 	  380.48827 	 1195.35770 	 1781.50398 	 1268.11041 	  872.83882 	 
 376.26651 	  797.27555 	 1149.51033 	  810.26464 	  748.57078 	  718.48116 	  431.58469 	 1341.33422 	  717.11252 	  219.49294 	  686.35972 	 1467.07709 	  274.02521 	  804.04372 	 1114.47028 	    0.00000 	 1229.64920 	 1398.57707 	 1548.76637 	  964.35605 	  594.77845 	 2194.57959 	 1689.69775 	  467.48800 	 1214.72278 	 
 878.10896 	  160.46922 	  228.80711 	  574.83654 	  407.06073 	  399.24201 	 1464.48356 	 1452.90762 	  454.79278 	 1185.58723 	  971.58297 	 2818.41571 	  748.95294 	 1408.20431 	  787.41108 	 1133.70193 	    0.00000 	  104.60600 	 2604.55217 	  245.68361 	 1066.45879 	 2018.65207 	 2155.46349 	  829.31206 	  207.60028 	 
 538.36884 	  123.06826 	  247.31044 	  734.63284 	  544.43464 	  325.55769 	 1240.11669 	 1428.89043 	  457.94311 	 1132.78732 	  777.14343 	 1879.01556 	  723.33044 	 1252.20705 	 1023.12730 	 1036.94301 	   74.93781 	    0.00000 	 1970.67620 	  199.65015 	  622.97327 	 2063.43113 	 2175.91768 	  814.30254 	   94.07176 	 
1364.53016 	 1516.67157 	 1962.68736 	 1129.85076 	 1926.95211 	 2071.22415 	  722.07515 	  621.17639 	 1497.51377 	 1069.70115 	  816.13162 	  351.96998 	  965.47724 	 2014.55497 	 1037.01390 	 1640.75503 	 1655.18328 	 1994.90134 	    0.00000 	 1720.17291 	 1602.42280 	  581.02990 	 1225.50913 	 1360.87459 	 1595.80074 	 
 669.23808 	  232.64798 	  611.04127 	  422.48406 	  191.42245 	   83.93164 	 1032.20106 	 1594.55067 	  240.90430 	 1427.29958 	  616.06561 	 1645.35170 	  699.37123 	 1299.50804 	  600.28062 	  956.87919 	  245.32536 	  262.79098 	 1939.45901 	    0.00000 	  564.24559 	 2519.23694 	 1490.26134 	  917.16914 	  224.73520 	 
 462.68155 	  850.74321 	  920.80780 	  290.46491 	  363.49647 	  392.44430 	  432.71383 	  804.72479 	  515.05107 	  638.72750 	  249.22509 	 1955.07381 	  294.05707 	  915.54364 	  511.03254 	  731.55814 	  744.89588 	  818.87642 	 1250.49741 	  571.73948 	    0.00000 	 1806.36712 	 1352.18135 	  875.20921 	  517.17270 	 
1561.25910 	 2935.99210 	 2767.54908 	 1490.99439 	 1966.27124 	 2045.25684 	 1365.00883 	  778.22260 	 2330.68056 	 1837.41042 	 1755.81266 	  441.94861 	 1729.76644 	 2349.58478 	 1442.55246 	 1656.12812 	 3324.27780 	 3260.87060 	  847.81569 	 2085.80343 	 1460.74980 	    0.00000 	  737.53720 	 1911.91300 	 1977.57332 	 
2157.04885 	 2452.83844 	 3173.19603 	 1559.26920 	 1838.80292 	 1833.99170 	 1804.69984 	 1207.66372 	 2021.89667 	 1672.85130 	 1510.47139 	  701.87774 	 1998.05261 	 1924.49880 	 1616.21536 	 2008.70127 	 3036.04184 	 3074.30658 	  948.56535 	 2228.12731 	 2024.51594 	  743.49764 	    0.00000 	 1775.67070 	 2691.60008 	 
 424.83972 	  664.65130 	 1484.03128 	  989.84560 	  857.42651 	  995.54722 	  711.30940 	 1858.04146 	  807.06488 	  656.63647 	 1297.44157 	 1887.38254 	  510.73561 	  241.40416 	 1237.45618 	  525.54926 	 1270.00803 	 1043.80755 	 2298.92537 	  817.77454 	  692.42487 	 2743.05700 	 1834.57488 	    0.00000 	  628.10304 	 
 542.32096 	   32.93106 	  388.43277 	  430.88814 	  317.59617 	  351.10929 	 1470.86194 	 1860.97729 	  392.99687 	  984.47950 	 1128.13122 	 1768.43182 	  660.11508 	  777.63504 	 1197.99793 	 1174.80938 	  181.65044 	  124.80198 	 2552.21490 	  222.15438 	  788.11084 	 2294.21866 	 1858.80413 	  881.24065 	    0.00000 	 
   0.00000 	 8203.09867 	 7528.87052 	 25875.65005 	 3801.41006 	 6608.81105 	 8374.45963 	 2233.19953 	 9172.57055 	 9286.37249 	 4294.50079 	 9146.94686 	 11752.99641 	 25051.62485 	 4030.28485 	 10741.11062 	 44703.67721 	 13566.12297 	 1667.36671 	 4585.35444 	 4685.33801 	 5740.18338 	 3119.56774 	 8579.60206 	 13403.45287 	 
7224.64813 	    0.00000 	 10732.39880 	 12476.33949 	 3163.88539 	 6603.78026 	 3166.44029 	 3144.19470 	 5545.36028 	 4989.97830 	 2920.14139 	 5812.09824 	 1443.84192 	 5776.52161 	  885.81724 	 4707.09460 	 20882.12406 	 4769.11477 	  731.77285 	 9959.61294 	 3229.39733 	 5285.97119 	 2680.49357 	 1915.80810 	  718.90623 	 
7423.84674 	 9154.10089 	    0.00000 	 29667.03732 	 6036.61002 	 11719.56903 	 5714.13094 	 7208.76278 	 15515.46149 	 3333.19721 	 3518.63951 	 24014.61413 	 1578.01055 	 25323.17425 	 5698.58928 	 3942.77372 	 164769.12948 	 41758.89303 	 2977.80611 	 16616.61334 	 8755.17223 	 12531.67283 	 3753.74206 	 8268.78682 	 60109.01456 	 
17095.52059 	 17539.69731 	 35949.50147 	    0.00000 	 21662.24486 	 35902.94142 	 20887.85800 	 28934.77630 	 37725.75515 	 17415.78168 	 30025.16230 	 81048.42368 	 15094.83418 	 43109.51221 	 49380.61257 	 18019.59144 	 202644.80590 	 43557.13024 	 17343.49459 	 18590.56319 	 29939.35463 	 24911.38410 	 11574.32797 	 14319.55640 	 35498.96029 	 
5103.10238 	 3438.72485 	 5387.61621 	 21607.11331 	    0.00000 	 6779.52238 	 3687.91900 	 1363.03674 	 6925.54704 	 1817.48564 	 1758.04135 	 6202.25018 	 2136.18956 	 5356.11189 	 2094.84947 	  959.04465 	 21810.52968 	 5259.05724 	  963.76882 	 4899.60357 	 6101.10686 	 2691.20509 	  941.26573 	 4542.28881 	 8571.91822 	 
5354.07600 	 5548.51062 	 17519.26015 	 25306.24625 	 8286.84262 	    0.00000 	 6081.96186 	 2823.52821 	 12991.90972 	 3014.31009 	 2429.39117 	 15238.71629 	 1555.88487 	 12013.78338 	 6416.43711 	 2298.15310 	 68652.52630 	 11878.28702 	 3512.02909 	 5166.85355 	 7978.84970 	 6780.03702 	 2546.86241 	 6640.59622 	 10468.42481 	 
13925.54019 	 4572.19502 	 5305.94813 	 25990.41715 	 2346.31530 	 6166.01735 	    0.00000 	 13197.67940 	 6437.49132 	 42951.58059 	 12662.85099 	 19221.98068 	 6382.41305 	 6666.86050 	 4650.49993 	 16269.04441 	 24089.41689 	 5495.24488 	 5104.54838 	 2694.61303 	 10926.50285 	 17329.41379 	 5166.60116 	 2522.72586 	 13674.28566 	 
1748.20318 	 4065.53061 	 5919.86196 	 25115.20859 	 1485.78899 	 3634.09744 	 13206.66553 	    0.00000 	 6803.43693 	 7521.98054 	 12449.00049 	 28065.93026 	 1938.17485 	 4219.39404 	 7882.17785 	 2978.13325 	 28673.05541 	 4031.36204 	 8201.16916 	 3181.84395 	 7354.61843 	 19959.00785 	 7425.27968 	 1652.19076 	 8654.55569 	 
9844.78280 	 7859.73339 	 16290.25801 	 37563.14499 	 8552.94345 	 7331.91813 	 5779.32267 	 6165.11603 	    0.00000 	 3618.80949 	 3662.33365 	 23409.56545 	 5269.04664 	 30056.13911 	 10122.36661 	 3766.46926 	 92665.56731 	 20296.52067 	 3761.85124 	 12316.38224 	 11307.30038 	 11166.65902 	 3765.46478 	 15618.50312 	 16582.17900 	 
8113.48069 	 4824.02284 	 3052.98570 	 16872.37299 	 2095.05083 	 3331.72132 	 41728.48459 	 7661.75191 	 4688.77851 	    0.00000 	 4444.54256 	 15751.52160 	 4261.69018 	 6262.92998 	 2019.43976 	 23389.15175 	 35163.50609 	 4431.82789 	 1941.95870 	 3411.59597 	 7261.67528 	 6917.36158 	 2902.81532 	 1993.26624 	 5005.64144 	 
4215.69473 	 1901.23433 	 3011.19554 	 24513.03999 	 2814.22127 	 2663.36892 	 7901.24231 	 8869.08963 	 4403.64537 	 3065.89905 	    0.00000 	 14912.94531 	 2412.49483 	 3692.83642 	 5749.39948 	 3488.52272 	 18675.52004 	 4063.95806 	 4047.63180 	 2482.30189 	 17696.18227 	 6340.17640 	 3734.47678 	 1398.92911 	 6195.57546 	 
8474.47024 	 9504.07185 	 22646.28002 	 77290.10089 	 4984.46361 	 11173.16702 	 27617.12780 	 30289.16727 	 25653.78842 	 15883.92570 	 11254.01442 	    0.00000 	 6479.00146 	 18321.87932 	 16994.86861 	 10122.29450 	 90977.26482 	 21745.10063 	 32582.49486 	 12196.82273 	 15243.91753 	 85168.55323 	 41594.99288 	 4796.83265 	 21652.73314 	 
11410.95022 	 1432.03291 	 1347.69667 	 16342.52108 	 2319.91419 	 2350.01705 	 7945.72969 	 2316.25861 	 3950.54243 	 3195.32631 	 2701.14640 	 5293.23981 	    0.00000 	 3650.07748 	 1233.76820 	 4362.68335 	 7698.56089 	 2404.15032 	  561.79463 	 1240.73779 	 6815.28578 	 3680.87569 	 1008.13031 	 1152.24160 	 4693.15492 	 
21962.73144 	 8485.32562 	 30166.05617 	 35932.93676 	 7926.01569 	 11786.09799 	 6473.03807 	 3220.57746 	 24273.82123 	 8634.70555 	 3914.15108 	 17085.67275 	 2769.31609 	    0.00000 	 5458.51248 	 8151.99093 	 120638.37030 	 22000.53166 	 1486.16948 	 11440.61840 	 8261.22981 	 6965.92203 	 2154.68745 	 26406.04030 	 15006.70658 	 
4295.62649 	  877.00392 	 8022.52811 	 45402.79992 	 2332.17229 	 6306.08387 	 5626.70766 	 10063.43929 	 9226.24323 	 2997.21900 	 7950.95941 	 20036.04490 	  993.81950 	 5509.36250 	    0.00000 	 2081.36399 	 30356.91385 	 4958.71423 	 5886.32338 	 3259.82226 	 6643.35671 	 14738.64647 	 5092.39775 	 2810.05292 	 11548.84121 	 
10552.48030 	 4265.17806 	 3001.01567 	 11357.17287 	  997.67200 	 1778.77237 	 16401.42206 	 1990.67113 	 4698.05116 	 16331.73681 	 2970.68994 	 12094.41348 	 7072.04708 	 11520.31331 	 2689.93748 	    0.00000 	 17151.37487 	 4229.48367 	  677.49630 	 1711.74875 	 6060.73660 	 7249.73326 	 2107.42327 	 4539.38525 	 6112.61689 	 
40533.67222 	 29952.45839 	 258779.23000 	 136994.09649 	 29214.79201 	 60340.21013 	 35264.49687 	 22865.79521 	 94891.32383 	 33569.79706 	 21799.29610 	 103799.51999 	 8463.90125 	 141615.42529 	 33683.92072 	 27841.76746 	    0.00000 	 11321.70704 	 10871.85938 	 72055.13770 	 27448.18271 	 52023.57364 	 12411.17798 	 35074.91137 	 172479.37631 	 
8672.24715 	 6109.21383 	 31761.31802 	 36357.03356 	 5399.62181 	 16577.84883 	 7771.09632 	 3824.22555 	 16893.22089 	 5552.41936 	 5512.60310 	 15382.93605 	 2584.82897 	 21285.14573 	 6395.66444 	 3409.29782 	 10433.39907 	    0.00000 	 2587.92052 	 31129.71798 	 9227.03899 	 14309.88566 	 5763.00449 	 6683.12625 	 13914.96258 	 
1222.11504 	 1019.84381 	 2280.83762 	 12122.85493 	 1191.03448 	 3090.53537 	 4889.14258 	 6958.94967 	 4375.82629 	 2746.82662 	 4080.63594 	 34343.66347 	  616.05171 	  850.60463 	 4193.69455 	 1143.26638 	 7883.45734 	 3410.91849 	    0.00000 	 2362.02372 	 3542.46778 	 8794.55260 	 3457.89958 	  443.25682 	 4448.99687 	 
5476.41975 	 9406.79516 	 15689.82692 	 28181.80284 	 3088.55963 	 4294.48157 	 2880.87148 	 2184.88393 	 9330.86175 	 3232.91237 	 2524.98514 	 12154.91280 	 1549.65997 	 12246.23122 	 2840.54264 	 1599.39306 	 50731.18258 	 32575.59475 	 2294.07648 	    0.00000 	 5113.76474 	 4662.63535 	 2664.44885 	 5523.80126 	 9482.00784 	 
7471.50584 	 4531.08974 	 8837.26618 	 52569.03284 	 4408.19009 	 8927.90768 	 10428.64082 	 7573.88562 	 11842.63353 	 7436.16338 	 20659.58274 	 13369.21445 	 4691.43697 	 8578.10390 	 10015.49294 	 3633.29780 	 39384.95476 	 6722.10106 	 4802.02281 	 3845.84623 	    0.00000 	 11689.83316 	 3882.29228 	 2905.60862 	 8363.86464 	 
6200.49963 	 8600.22850 	 16150.31114 	 45375.19326 	 3969.97521 	 7766.30366 	 15425.64520 	 17692.87411 	 13031.11924 	 7811.76333 	 5919.67251 	 101823.54089 	 2365.97976 	 9335.00480 	 9021.82133 	 5442.04524 	 63808.93018 	 12872.84070 	 12701.61980 	 7584.18964 	 11414.21898 	    0.00000 	 35537.92056 	 3273.18685 	 14389.99285 	 
3210.03798 	 3145.16576 	 4000.19385 	 14319.28192 	 1193.99726 	 2812.56569 	 4725.76070 	 10170.48602 	 4483.05842 	 3412.35783 	 3741.80278 	 28395.03217 	 1241.67431 	 2298.14156 	 6440.73109 	 2060.00393 	 18393.70535 	 5269.49836 	 4495.87654 	 2096.23066 	 4149.49933 	 29200.16382 	    0.00000 	 1071.23518 	 4174.36834 	 
14614.66628 	 2551.75610 	 9397.84824 	 12452.29484 	 3943.88399 	 7125.30519 	 2248.06797 	 1343.82302 	 12657.07588 	 1952.06606 	 1876.43481 	 4134.09114 	 1428.38315 	 21477.67695 	 2683.64419 	 3171.47462 	 34590.96914 	 5186.95695 	  412.22703 	 6807.63923 	 3698.54780 	 2303.91856 	  746.58781 	    0.00000 	 5409.37726 	 
16872.14504 	  429.69282 	 60977.48185 	 34394.88705 	 6110.23734 	 11045.78446 	 9267.53837 	 7744.12790 	 17696.25554 	 5589.59472 	 5787.83558 	 25138.09707 	 4430.43954 	 23259.91258 	 14843.79195 	 4828.41233 	 159442.63926 	 8914.98400 	 3629.39999 	 15618.15425 	 10400.15631 	 23082.13142 	 4607.55609 	 6297.19098 	    0.00000 	 
   0.00000 	  419.84914 	  820.46015 	  662.73167 	  283.67793 	  456.95902 	  672.40998 	 1026.98419 	  630.85616 	  660.64796 	  626.28515 	 1932.36732 	  251.70538 	  478.96409 	  695.65687 	  367.18929 	  652.60486 	  852.08015 	 2018.31796 	  580.27924 	  419.42334 	 1778.93242 	 1947.00055 	  411.94659 	  571.03689 	 
 496.48552 	    0.00000 	  471.00796 	  461.27446 	  480.04159 	  355.21263 	 1434.78196 	 1114.57649 	  476.95277 	 1101.97729 	 1171.95381 	 2629.27515 	  617.44879 	 1147.66218 	  919.17326 	 1214.17246 	  195.81010 	  123.76772 	 2130.93154 	  272.49274 	  915.34912 	 2665.94634 	 2554.35449 	 1029.81380 	   40.29421 	 
 686.17696 	  322.72692 	    0.00000 	  719.61301 	  580.41708 	  680.48520 	 1573.55725 	 1317.05710 	  545.40753 	 1617.79997 	 1124.01313 	 2256.91461 	  856.34429 	 1083.41160 	 1262.24966 	 1343.01037 	  163.45967 	  279.24255 	 1875.36918 	  543.03603 	  933.86827 	 2929.48777 	 2314.17497 	 1353.80382 	  498.06011 	 
 527.98336 	  765.55300 	  939.39250 	    0.00000 	  221.89749 	  399.18826 	  856.11285 	  929.30220 	  178.79841 	  675.65461 	  406.36256 	 1983.24614 	  380.78290 	  834.26077 	  410.87187 	  728.08377 	  757.13976 	  506.00396 	 1263.43060 	  500.51578 	  317.13123 	 1947.90672 	 1679.96646 	  802.78808 	  763.93370 	 
 343.80246 	  492.35020 	  637.33155 	  249.36944 	    0.00000 	  197.61563 	  653.70693 	  781.79722 	  228.17231 	 1120.36520 	  549.89275 	 2423.94770 	  299.60150 	  723.60046 	  562.97974 	  759.83738 	  545.40665 	  358.87518 	 1587.79236 	  266.60792 	  367.38222 	 1980.92905 	 1639.25221 	  937.42744 	  351.66636 	 
 689.83531 	  265.21576 	  624.34759 	  275.48045 	  172.33695 	    0.00000 	 1175.73314 	 1241.20067 	   69.67338 	 1181.38573 	  739.04788 	 1934.14005 	  448.95140 	 1126.36387 	  615.21746 	  722.52099 	  373.63691 	  451.66044 	 1472.91604 	  107.47196 	  558.97776 	 2754.22926 	 2206.77138 	 1035.44705 	  221.77003 	 
 574.26052 	  942.71419 	 1782.17454 	  844.14040 	  864.29974 	 1275.47453 	    0.00000 	  801.38973 	 1001.24684 	  157.63101 	  442.21720 	  989.00360 	  496.62072 	 1256.97427 	  664.89881 	  314.56138 	 1622.93739 	 1506.72479 	 1102.14136 	  987.22473 	  480.78816 	 1682.84720 	 1338.77837 	  670.32411 	 1391.44941 	 
 924.12769 	 1768.50567 	 1275.80215 	  798.81076 	 1188.43824 	 1357.91760 	  579.82890 	    0.00000 	  842.64331 	  703.80317 	  627.01298 	  756.82451 	  756.11168 	 1847.35167 	  759.35472 	  763.85455 	 1685.17292 	 1412.64623 	  434.61791 	 1140.61018 	  548.10154 	 1177.25029 	 1279.03651 	 1932.38579 	 1834.61906 	 
 522.71563 	  357.76708 	  711.12633 	  267.62568 	  291.60395 	   79.55875 	  858.21401 	 1437.63535 	    0.00000 	  952.12259 	  770.17345 	 1551.71819 	  768.06229 	 1114.35124 	  684.28589 	  986.02071 	  514.39180 	  355.48943 	 2126.92289 	  224.32102 	  441.09853 	 1833.51585 	 2236.14638 	 1069.34803 	  435.01286 	 
 672.06672 	 1561.12839 	 1475.30309 	  866.23663 	  815.93119 	  852.21150 	  232.14120 	  656.07645 	  891.01384 	    0.00000 	  572.14480 	 1003.37866 	  591.95135 	  792.46521 	 1052.67449 	  381.29263 	 1710.01182 	 1143.18584 	 1204.08264 	 1105.66697 	  596.53739 	 1769.14063 	 2454.55657 	  789.48026 	 1188.61016 	 
 720.79783 	 1158.25396 	 1354.57462 	  435.47732 	  442.29650 	  491.30629 	  335.38888 	  713.75236 	  535.83812 	  760.07431 	    0.00000 	 1649.47799 	  378.47897 	 1548.83353 	  327.30959 	  825.25794 	 1267.06461 	  800.83745 	 1302.43326 	  564.67930 	  284.47490 	 1297.89708 	 1862.71357 	 1325.37548 	  701.58761 	 
1889.55925 	 2703.56654 	 2843.59010 	 2006.54425 	 2419.04290 	 2483.00717 	 1341.55927 	 1079.43971 	 2210.86774 	 1353.79383 	 1052.27032 	    0.00000 	 1465.23722 	 3019.22697 	 1270.33455 	 1821.20824 	 1808.95097 	 2029.76296 	  402.39106 	 2325.90315 	 1419.29897 	  310.73120 	  847.58656 	 2138.28383 	 1986.68561 	 
 300.24536 	  999.39236 	  949.40262 	  366.79964 	  492.15595 	  684.47738 	  427.41805 	 1143.66232 	  782.20880 	  525.76152 	  315.67176 	 1970.23556 	    0.00000 	  776.60111 	  703.83999 	  411.94526 	  848.64572 	  832.66042 	 1479.09570 	  514.50891 	  243.54261 	 1692.02295 	 1988.49436 	  699.68165 	  631.57972 	 
 692.96076 	  814.81925 	 1095.24072 	  927.54559 	  747.43966 	 1161.06557 	 1064.72986 	 1360.56799 	 1022.66295 	 1181.75244 	 1604.11461 	 2006.55848 	  985.94200 	    0.00000 	 1710.77442 	  538.56200 	 1245.43629 	 1279.47078 	 2231.40640 	 1094.08541 	 1079.52393 	 3186.60633 	 2795.38166 	  186.52423 	  872.45345 	 
 733.85724 	  745.22163 	 1448.54612 	  242.79494 	  695.97251 	  730.87956 	 1087.33200 	  630.73536 	  629.85605 	 1348.96430 	  355.42615 	 1485.87269 	  700.17333 	 1139.05837 	    0.00000 	  740.60048 	  950.00374 	 1265.96004 	 1245.85855 	  879.28229 	  426.55671 	 1660.80866 	 1802.00416 	 1536.77411 	  941.67002 	 
 436.72097 	 1056.81581 	 1182.30929 	  904.11799 	  533.95757 	 1119.62589 	  390.62455 	  761.12169 	  729.61661 	  233.85682 	  659.90102 	 2044.85021 	  425.38670 	  722.48330 	  859.94951 	    0.00000 	  877.47457 	  869.41288 	 1057.11472 	  940.02257 	  729.29863 	 1385.75861 	 2478.16510 	  577.13569 	 1142.43226 	 
 846.64302 	  157.39818 	  164.67502 	  930.16602 	  560.94360 	  421.45526 	 1512.79215 	 1197.29545 	  622.65600 	 1304.14560 	 1087.42926 	 3146.98790 	  767.20162 	  844.71737 	 1239.39384 	 1377.14217 	    0.00000 	   70.14036 	 1949.65842 	  401.88205 	 1116.07461 	 2152.46479 	 2808.15122 	 1041.25330 	  265.55385 	 
 472.23986 	  111.30058 	  335.01758 	  544.28163 	  391.62118 	  377.61421 	 1556.10909 	 1204.48713 	  442.00339 	 1586.92087 	 1270.60401 	 3020.62601 	  642.32798 	 1146.16575 	  943.04984 	 1193.44910 	  106.41820 	    0.00000 	 2609.37848 	  325.82353 	  673.17974 	 3256.57352 	 3084.64232 	  861.95075 	  107.33376 	 
1740.77451 	 2255.35482 	 2450.65600 	 1080.34123 	 1254.54921 	 1453.85484 	  938.48112 	  438.65795 	 2161.97742 	 1016.36185 	  994.59270 	  462.93622 	 1595.69806 	 1686.42729 	 1596.46632 	 1688.95134 	 1988.00006 	 2180.58658 	    0.00000 	 2180.13932 	 1615.35860 	  828.87340 	  895.80579 	 1728.00339 	 2147.64759 	 
 576.53041 	  231.23326 	  349.12150 	  428.33595 	  244.71649 	  128.08087 	  997.52482 	 1343.95761 	  147.10756 	 1170.92649 	  916.66495 	 2402.86065 	  823.51624 	 1022.83089 	  876.80946 	  713.58957 	  255.79481 	  196.73084 	 1488.97310 	    0.00000 	  387.26160 	 1900.56492 	 2404.27749 	  832.06169 	  220.79971 	 
 536.52803 	  634.76451 	  746.34775 	  261.09005 	  216.85987 	  368.48553 	  420.98763 	 1005.75587 	  370.67934 	  689.78594 	  277.03919 	 1193.81659 	  280.76481 	  888.40901 	  415.37213 	  747.89169 	 1043.32759 	  942.77073 	 1234.75413 	  581.84957 	    0.00000 	 2030.23303 	 1879.61034 	  895.95903 	  893.97384 	 
2549.33296 	 2323.20152 	 2373.51835 	 1537.76123 	 2172.55532 	 2143.07260 	 1289.92544 	 1129.14860 	 1564.77153 	 1945.35355 	 1793.08931 	  300.67131 	 2272.88452 	 2047.67364 	 1767.94920 	 2083.17870 	 3246.23856 	 3167.42801 	  551.90993 	 2007.63711 	 1317.23109 	    0.00000 	  752.64723 	 1734.09116 	 2076.34754 	 
2716.18808 	 2088.68932 	 2209.30187 	 1764.61361 	 2003.63228 	 1635.83804 	 1553.10338 	 1030.46934 	 1677.12259 	 1531.44495 	 1565.60408 	  938.44141 	 2000.69806 	 3340.98607 	 1651.73966 	 2408.81219 	 2493.14167 	 1745.72737 	  831.94265 	 1501.25161 	 1954.32591 	  796.13438 	    0.00000 	 2640.91048 	 2493.72094 	 
 316.88714 	 1082.57652 	 1282.72409 	  909.66968 	  686.60619 	  973.64808 	  742.86030 	 1683.93391 	 1258.80556 	 1016.11406 	 1091.50298 	 2420.92389 	  466.99146 	  202.15236 	 1073.93217 	  610.25079 	  775.34313 	  895.31453 	 2040.65904 	 1096.76253 	  905.83472 	 1939.57054 	 1853.96742 	    0.00000 	  841.39154 	 
 633.15355 	   27.34966 	  324.07279 	  513.74585 	  445.12200 	  302.80677 	 1228.43035 	 1517.01623 	  293.28463 	 1566.11986 	 1072.92507 	 1787.12263 	  661.38567 	 1150.76078 	  824.76377 	 1217.63910 	  195.61596 	   95.18441 	 2391.34423 	  145.86302 	  896.49621 	 1709.73340 	 2114.39045 	  977.99097 	    0.00000 	 
   0.00000 	 4793.48428 	 9576.48988 	 23612.49600 	 4458.98718 	 7159.26244 	 12109.99352 	 2201.77847 	 8348.91523 	 8493.79122 	 3646.73796 	 7611.31387 	 8488.03676 	 28248.78602 	 3275.87470 	 11684.66311 	 55563.81822 	 14680.51821 	 1176.58141 	 3936.03302 	 7068.44657 	 8742.62696 	 2379.02876 	 12978.37028 	 16840.06560 	 
6602.86920 	    0.00000 	 15785.12755 	 10415.52439 	 2652.19537 	 4782.57249 	 3708.36999 	 2911.40631 	 5937.16912 	 3304.28984 	 1842.40471 	 7179.64032 	  927.53871 	 5832.11696 	  891.28592 	 5541.34446 	 20900.71116 	 7255.81275 	  611.17901 	 8314.07677 	 2851.16901 	 6611.94198 	 2652.97804 	 1429.82437 	  414.82961 	 
5874.79551 	 12277.23124 	    0.00000 	 38126.39163 	 6457.64259 	 13598.91214 	 5712.96084 	 7094.74699 	 13000.02334 	 4791.40055 	 4336.09292 	 23356.30804 	 1613.01559 	 17064.05238 	 5222.11575 	 4179.23885 	 246395.14876 	 31410.98740 	 2834.08138 	 14494.36215 	 7444.26097 	 16162.99957 	 3313.83453 	 9691.46437 	 64008.87921 	 
16744.56202 	 16303.32793 	 35324.13967 	    0.00000 	 24225.08597 	 45316.73412 	 26010.42557 	 28544.36569 	 63986.25865 	 16936.69064 	 28632.36064 	 63566.35559 	 13824.29886 	 38087.64501 	 43736.45774 	 17165.70164 	 186918.62453 	 29389.00394 	 14736.61017 	 21923.90721 	 43543.04929 	 43196.55601 	 10094.38408 	 14079.04963 	 39710.26879 	 
5419.02418 	 2595.70805 	 7350.06017 	 23545.41141 	    0.00000 	 8027.97873 	 2846.85256 	 1502.59921 	 7935.53986 	 1861.62514 	 2614.81316 	 4403.15821 	 2444.01939 	 5468.89123 	 2049.00530 	 1712.16915 	 27411.30953 	 6438.68032 	 1076.60597 	 4968.84729 	 5341.13244 	 2750.86219 	  973.24316 	 5052.69043 	 8687.68982 	 
4446.53382 	 5683.32386 	 10361.48357 	 32595.75406 	 6814.53397 	    0.00000 	 5815.05798 	 2968.03612 	 8681.45432 	 3944.48205 	 2751.85541 	 12581.98206 	 2295.22286 	 15311.61541 	 4441.11238 	 2555.38155 	 47478.20349 	 12541.42323 	 3238.19031 	 5940.50993 	 5719.41690 	 5900.03437 	 2470.19836 	 5703.98842 	 12862.86123 	 
13758.31541 	 4857.89385 	 7200.09327 	 21732.18482 	 3536.54701 	 5860.36975 	    0.00000 	 14779.45635 	 8376.64902 	 30734.80296 	 8390.11617 	 24706.56711 	 5880.77640 	 7876.18537 	 3355.03206 	 15032.56953 	 28192.67797 	 9415.33312 	 4299.67670 	 2574.04166 	 8002.72377 	 14965.05282 	 3768.53788 	 3406.54390 	 12515.25654 	 
2282.68803 	 2542.43428 	 4978.03226 	 30015.30688 	 1852.55865 	 4006.94829 	 9905.78098 	    0.00000 	 4324.64520 	 6079.70183 	 12676.52312 	 22795.08711 	 1868.57716 	 4190.11645 	 9817.33334 	 2846.53286 	 24980.31367 	 5094.33364 	 6522.41942 	 2633.65205 	 5217.26222 	 22637.99387 	 9271.33729 	 1440.69200 	 7357.94791 	 
7083.42027 	 4720.82947 	 13162.31924 	 37264.24689 	 7211.88946 	 8163.80247 	 7003.75528 	 6393.41155 	    0.00000 	 4361.84356 	 3957.96229 	 20669.64532 	 5563.60531 	 18954.06401 	 11981.87602 	 5329.84532 	 97840.60052 	 19549.40428 	 3142.93005 	 7871.06391 	 11957.87541 	 15342.58885 	 4138.36590 	 14314.15732 	 15452.77762 	 
9334.60600 	 3281.38823 	 4439.19328 	 16355.45051 	 1502.32829 	 4187.29741 	 39563.10480 	 7555.56882 	 4708.29637 	    0.00000 	 3863.62525 	 12602.20306 	 4051.51277 	 8785.80515 	 3184.41108 	 24046.83327 	 33223.81712 	 5831.73375 	 1535.60318 	 4059.47523 	 6041.84177 	 7637.69087 	 2113.74174 	 1812.98158 	 4378.41719 	 
3038.97556 	 2358.01771 	 3581.63365 	 32842.77701 	 2060.87139 	 2426.72272 	 7197.21395 	 9651.41489 	 3799.68788 	 3563.92506 	    0.00000 	 14913.70567 	 3893.51752 	 3954.31987 	 6500.58001 	 3395.80151 	 20013.66512 	 5275.71821 	 3038.49914 	 2439.06560 	 20719.01157 	 9793.37655 	 3176.30042 	 2029.96253 	 7324.00032 	 
8516.07715 	 7382.21193 	 26230.78639 	 47289.08052 	 4522.93221 	 14097.93244 	 19569.66319 	 25563.97758 	 26019.98470 	 16794.15633 	 17533.19100 	    0.00000 	 5234.60768 	 19346.32701 	 14345.26869 	 12984.15068 	 74880.21722 	 20190.13299 	 25472.33145 	 10642.33581 	 14216.46780 	 78655.48805 	 36074.61597 	 3596.33951 	 26377.57349 	 
7817.84935 	 1084.93318 	 1662.95881 	 9563.06800 	 2069.96288 	 1697.20760 	 7309.62978 	 2058.05213 	 4792.72948 	 5010.38401 	 2824.86741 	 6398.05379 	    0.00000 	 3575.90947 	  981.40382 	 4386.08952 	 8697.24034 	 3746.38548 	  738.17866 	 1246.51435 	 4385.53180 	 2497.32242 	  794.04483 	 1203.06034 	 3766.60378 	 
24402.23470 	 8203.86195 	 21831.14074 	 46034.48700 	 7871.61067 	 19930.88222 	 7175.76405 	 4129.11901 	 18513.11940 	 8633.61233 	 3617.94981 	 13781.37455 	 2759.63966 	    0.00000 	 4674.32029 	 12095.73993 	 175040.05699 	 19603.02064 	 1318.57107 	 12958.42813 	 6680.62111 	 6043.90207 	 1996.11125 	 26645.06533 	 15363.91049 	 
2991.90662 	 1088.90493 	 4715.01517 	 54699.99427 	 1853.46077 	 4119.04419 	 5346.21441 	 8053.20047 	 12527.48075 	 3414.89797 	 8398.71805 	 13012.65395 	 1102.67841 	 5521.36080 	    0.00000 	 1784.88131 	 28983.45451 	 8220.97174 	 5184.94644 	 2925.57037 	 10281.84663 	 9921.00563 	 5376.39907 	 2902.27474 	 10539.36089 	 
12908.98830 	 3613.32399 	 3259.64400 	 15710.45405 	 1088.06234 	 1447.61738 	 15132.92061 	 2143.83258 	 2971.48839 	 24618.64726 	 3508.60292 	 8980.45048 	 7357.91510 	 10930.10560 	 1802.71893 	    0.00000 	 20290.23601 	 3485.80950 	  966.67200 	 1955.73076 	 3705.78480 	 4619.16365 	 2222.46856 	 4094.70002 	 4652.46980 	 
55370.79687 	 19346.27689 	 154811.95643 	 223358.95129 	 31965.44441 	 74667.72069 	 24957.31960 	 21883.85532 	 80938.78752 	 24960.77567 	 16548.70051 	 116929.92855 	 9252.93859 	 160513.93509 	 28098.86529 	 19846.00658 	    0.00000 	 10167.92782 	 13107.29467 	 80703.92635 	 26036.89115 	 77693.68487 	 14147.21626 	 31152.41501 	 161479.95737 	 
9210.17553 	 8467.56047 	 45238.07291 	 32061.46604 	 7551.37782 	 15372.04858 	 6528.11834 	 5270.80479 	 15371.22420 	 5624.73914 	 3480.40465 	 19756.95887 	 2448.37451 	 24959.98669 	 7407.30973 	 3256.89750 	 7754.27168 	    0.00000 	 3254.22280 	 33847.13407 	 9546.64404 	 19360.52943 	 4260.98244 	 4973.93184 	 13124.16058 	 
1318.09374 	  601.76652 	 3363.28601 	 17475.14349 	  987.53764 	 2622.66141 	 5940.58522 	 7210.57212 	 3783.66726 	 2285.51325 	 2765.50028 	 33090.79127 	  738.64214 	  870.30617 	 3683.94044 	 1124.02032 	 9490.23089 	 2711.71925 	    0.00000 	 1789.34227 	 2754.03631 	 10739.75042 	 3546.31189 	  478.50504 	 4515.05589 	 
4633.13922 	 9972.70471 	 10197.40951 	 26421.91002 	 4886.79316 	 5959.97617 	 2428.52599 	 3297.79618 	 8089.58039 	 3815.45907 	 2747.19532 	 8459.68091 	 1156.12949 	 11982.44223 	 2334.15992 	 1355.55534 	 61562.73019 	 38395.37865 	 2332.16824 	    0.00000 	 3812.66590 	 5966.99160 	 2763.05121 	 4174.79926 	 9858.64735 	 
6892.63028 	 4900.97703 	 8470.12415 	 35898.36114 	 4744.65819 	 8902.30291 	 9756.02894 	 8460.74502 	 12068.45184 	 5884.60527 	 20481.33355 	 17029.56249 	 6039.09731 	 6867.59239 	 6459.53897 	 3439.22366 	 36311.78889 	 7130.16561 	 3659.55755 	 6468.90205 	    0.00000 	 9119.10812 	 3702.64286 	 4430.28849 	 14141.52058 	 
8441.64170 	 5927.86184 	 12543.19511 	 37692.09593 	 3834.95552 	 8102.48633 	 16377.18905 	 20272.05903 	 10467.75650 	 7060.84988 	 10224.91521 	 86509.86836 	 3150.20571 	 8559.04480 	 16191.75032 	 4737.92109 	 66380.20479 	 12292.89351 	 9823.51291 	 8405.21499 	 12842.51437 	    0.00000 	 45140.82498 	 2499.47524 	 17611.59144 	 
3212.15547 	 4503.94061 	 4949.63130 	 17459.02169 	  812.24772 	 2446.41239 	 4121.87422 	 5661.98842 	 4597.28527 	 2733.18731 	 3831.15735 	 28297.05967 	 1089.39062 	 1875.53827 	 6048.24340 	 2230.10329 	 15220.63927 	 4453.60244 	 3691.66016 	 2481.89938 	 2901.75502 	 45379.78251 	    0.00000 	 1155.59370 	 4946.52999 	 
9238.34705 	 1594.24227 	 7480.11407 	 19989.41648 	 3881.39834 	 6709.08261 	 2401.49336 	 1533.15700 	 16630.12011 	 2800.23368 	 2128.82450 	 2779.56840 	 1356.37235 	 18113.83754 	 3758.90986 	 4407.23249 	 29808.08047 	 6249.13694 	  623.47154 	 4965.65185 	 4623.34684 	 3128.46929 	  919.83941 	    0.00000 	 4709.01863 	 
14538.93584 	  587.88208 	 46242.02374 	 46246.91051 	 6964.12312 	 18233.05991 	 10804.91474 	 8823.95379 	 21679.39347 	 5057.13120 	 5935.25273 	 22987.64846 	 5962.50630 	 25390.97269 	 14625.40471 	 6138.54107 	 129555.22387 	 13608.08297 	 3658.62427 	 11250.55972 	 12324.89013 	 24133.78909 	 6266.01233 	 6685.82988 	    0.00000 	 
   0.00000 	  420.96472 	  748.61582 	  471.40981 	  391.89771 	  503.18924 	  832.48040 	 1243.25017 	  537.82464 	  506.18696 	  836.04522 	 1692.87070 	  305.59501 	  684.67770 	 1179.91243 	  485.06647 	  602.75216 	  501.78105 	 1585.78382 	  478.60812 	  486.68712 	 1556.72185 	 2582.16924 	  298.08665 	  402.85427 	 
 430.92507 	    0.00000 	  349.09012 	  543.35917 	  377.13939 	  329.48220 	 1433.39766 	 1420.47536 	  477.81230 	 1164.05505 	  850.19021 	 2731.05949 	  787.75158 	  933.34363 	 1114.98865 	 1079.99913 	  218.53085 	   89.98956 	 1649.36515 	  147.64454 	  579.11734 	 2912.42113 	 2369.02996 	  715.92120 	   29.74077 	 
1222.86241 	  316.73393 	    0.00000 	  736.58891 	  713.64222 	  471.85259 	 1924.54139 	 1840.48478 	  761.06277 	 2063.68680 	 1230.67399 	 3174.21958 	 1267.60764 	 1024.48803 	  808.52399 	 1004.69688 	  153.54760 	  294.33753 	 1616.69932 	  576.20236 	  780.56119 	 2404.41781 	 2867.63506 	 1370.92620 	  367.42424 	 
 449.67574 	  569.60941 	  778.45444 	    0.00000 	  187.26812 	  291.26588 	  802.57689 	  771.46184 	  175.04195 	  846.81213 	  362.86477 	 1366.97816 	  341.32032 	 1164.08222 	  364.99419 	  719.32181 	  920.99139 	  488.75149 	 1564.57935 	  363.56713 	  262.25187 	 2324.64027 	 2058.21539 	 1295.58744 	  672.90650 	 
 397.05281 	  315.41111 	  963.30791 	  187.52481 	    0.00000 	  232.69031 	  583.10324 	  776.09494 	  224.68930 	 1076.95342 	  601.18105 	 2046.62040 	  416.73884 	 1149.55485 	  734.13037 	  576.34033 	  637.44951 	  371.54932 	 1177.21547 	  253.52341 	  251.47409 	 2621.80977 	 2223.84762 	  766.36250 	  444.83724 	 
 646.77808 	  345.90608 	  648.78531 	  400.19052 	  223.59345 	    0.00000 	  928.28758 	 1434.60537 	   79.46104 	 1034.03264 	  598.88476 	 2334.74024 	  454.85248 	 1270.69612 	  607.31525 	  768.22482 	  369.46419 	  455.75943 	 2079.11051 	  134.02138 	  514.73433 	 1694.89585 	 2573.22191 	  876.53803 	  224.02251 	 
 874.25603 	 1148.15972 	 1239.14871 	  704.61866 	  722.25842 	  934.31930 	    0.00000 	  703.90620 	 1231.33935 	  174.59420 	  510.15594 	 1477.05630 	  505.20342 	 1389.20153 	 1028.83858 	  545.40587 	 1130.64769 	 1267.52864 	  957.61562 	  972.56357 	  662.44666 	 1624.85296 	 1450.94366 	 1158.37654 	 1349.66937 	 
1232.74981 	 1593.73361 	 2195.08794 	 1065.90804 	 1358.61783 	 1176.30788 	  705.32282 	    0.00000 	  989.71621 	 1023.36867 	  520.23062 	  707.94377 	 1048.04647 	 1800.36117 	  502.25547 	 1282.01321 	 1192.90928 	 1337.09312 	  518.10932 	 1252.90495 	  764.61075 	  825.29056 	 1015.89002 	 1950.15302 	 1233.68381 	 
 486.48783 	  488.11126 	  747.11425 	  202.11015 	  277.12156 	  121.32910 	 1093.96602 	 1352.91370 	    0.00000 	  976.36705 	  663.37623 	 2307.92505 	  791.36110 	 1146.11789 	  587.62798 	 1004.73326 	  423.81521 	  565.97338 	 1468.29551 	  164.31724 	  486.81496 	 2145.37942 	 2211.67233 	  875.83573 	  456.77384 	 
 711.17259 	 1223.03340 	 2035.83379 	  923.74619 	 1031.65515 	 1163.25910 	  194.56417 	 1040.85399 	 1175.23614 	    0.00000 	  592.69882 	 1737.56623 	  550.10264 	  904.04991 	  853.36831 	  241.80942 	  995.57818 	 1156.57192 	 1014.03984 	 1344.46162 	  694.79094 	 1744.07812 	 2289.22516 	  967.88887 	 1283.25532 	 
 564.44694 	 1060.55229 	 1089.88960 	  433.41682 	  418.33791 	  589.57313 	  572.66826 	  526.77618 	  490.81083 	  817.76949 	    0.00000 	 1083.91244 	  380.78205 	 1136.55971 	  497.67710 	  876.71423 	  832.13416 	 1086.69318 	 1250.97953 	  936.76445 	  211.36349 	 1302.22178 	 1314.03016 	  910.31302 	  959.15804 	 
1603.30236 	 2173.16289 	 1970.85822 	 1387.13316 	 2193.84151 	 1615.63326 	 1339.46394 	  622.47628 	 1698.40687 	 1724.13785 	 1632.91210 	    0.00000 	 1398.19916 	 2217.06091 	 1761.09221 	 1216.89284 	 2553.43595 	 1986.83595 	  451.10322 	 2221.68531 	 1246.69393 	  334.01916 	  736.41141 	 1675.61242 	 2566.98928 	 
 326.82379 	  960.21803 	 1433.37707 	  552.80910 	  325.93644 	  779.16854 	  367.53144 	 1088.80338 	  714.34921 	  378.20389 	  449.94167 	 1942.78607 	    0.00000 	  720.57889 	  572.40097 	  390.46645 	  909.79229 	 1118.53149 	 1586.73078 	  584.16004 	  236.31706 	 2193.44417 	 2238.47913 	  480.97009 	  899.62722 	 
 438.10877 	 1046.00858 	 1539.78315 	 1276.70437 	  774.28445 	 1350.81223 	  837.57083 	 1447.18031 	 1308.98039 	 1208.94177 	 1232.36148 	 2597.71092 	  634.82318 	    0.00000 	 1619.76913 	  625.86178 	 1407.71196 	 1148.52395 	 2263.04916 	  869.83866 	 1171.84801 	 2742.79600 	 2275.58321 	  213.46124 	  670.30092 	 
 894.64608 	  789.37001 	  811.25068 	  416.54621 	  502.02692 	  561.52729 	  969.83890 	  746.25206 	  377.98267 	  759.57780 	  375.92459 	 1199.39043 	  776.95650 	 1129.48983 	    0.00000 	 1213.43226 	  815.73859 	  760.43266 	 1194.68246 	  839.63523 	  412.01862 	 1482.71493 	 1064.10402 	 1476.32364 	  787.63963 	 
 391.40596 	  911.53885 	 1073.43298 	  779.00049 	  790.00937 	  917.13357 	  469.38123 	 1290.95720 	 1096.82911 	  224.37332 	  502.68731 	 1761.59829 	  450.02660 	  739.35288 	 1280.34895 	    0.00000 	 1402.38672 	 1200.57861 	  917.89888 	  712.37680 	  762.13903 	 1783.15027 	 1608.83679 	  394.57280 	  687.65148 	 
 944.80575 	  221.56233 	  165.40113 	  786.31508 	  618.26379 	  325.75531 	 1206.48375 	 1215.83761 	  442.45849 	 1290.66571 	 1130.54823 	 2294.58923 	 1166.30240 	  869.03392 	 1150.24810 	 1058.26135 	    0.00000 	   62.73155 	 2053.66594 	  375.85120 	  958.70106 	 1910.33873 	 2202.40201 	 1031.84870 	  266.72586 	 
 804.17782 	  116.13787 	  245.80054 	  776.69503 	  537.32224 	  350.52169 	 1590.08127 	 1128.58271 	  367.32023 	 1591.43978 	  790.44482 	 2184.64298 	  777.36636 	 1148.59723 	 1156.21537 	  771.22767 	  107.77252 	    0.00000 	 1662.55788 	  261.82080 	  573.19954 	 1839.80946 	 2122.35249 	 1146.54127 	  137.93537 	 
1689.63455 	 1550.84336 	 2182.72471 	 1647.68718 	 1197.64257 	 1432.85849 	 1153.04420 	  649.05826 	 1787.91709 	  923.17594 	 1346.32486 	  394.40316 	 1278.42279 	 2274.48572 	 1605.00033 	 1317.73543 	 1696.45102 	 2527.56251 	    0.00000 	 2061.51318 	  950.60894 	  673.08059 	  856.94411 	 2082.57552 	 2151.64802 	 
 455.17078 	  267.53771 	  578.18329 	  437.75482 	  203.62497 	  134.18332 	  798.92380 	  958.48624 	  257.76823 	 1131.83067 	  639.69654 	 2086.22083 	  779.14492 	 1230.78390 	  932.65197 	  744.00530 	  291.56495 	  244.98189 	 1979.97945 	    0.00000 	  419.34862 	 2022.92912 	 2220.57412 	  812.79423 	  188.37791 	 
 385.82592 	  710.49808 	 1065.03073 	  300.19583 	  238.54892 	  579.04815 	  414.91685 	  884.77424 	  373.78500 	  833.17025 	  287.93477 	 1429.91308 	  206.16981 	  891.40496 	  325.36789 	  672.98174 	  758.79290 	  943.44672 	 1385.79823 	  644.53126 	    0.00000 	 1344.54721 	 2104.31222 	 1073.39827 	  817.31954 	 
2195.10234 	 2752.56109 	 2459.11935 	 1530.98959 	 1989.56154 	 2775.39903 	 1383.95282 	  907.05064 	 2618.05958 	 1829.06943 	 1117.00190 	  368.35069 	 2081.66983 	 2247.28053 	 1196.74474 	 2154.38122 	 2836.86622 	 2431.95055 	  733.57638 	 2797.63589 	 1874.78619 	    0.00000 	  802.11046 	 2362.09032 	 2904.38704 	 
2480.08619 	 2626.61219 	 2753.35025 	 1452.56562 	 2213.96587 	 2343.22990 	 1650.32088 	 1148.94286 	 2116.88674 	 1638.70067 	 1165.62178 	 1126.39258 	 2224.72531 	 3359.67257 	 1797.10778 	 2170.11168 	 2554.04314 	 1857.66630 	 1182.32210 	 2766.79516 	 1940.33837 	  664.43928 	    0.00000 	 2317.14561 	 2905.31921 	 
 467.65534 	  691.66491 	 1170.61426 	 1133.54140 	  613.85931 	 1111.38942 	 1097.56007 	 1952.57838 	 1143.15317 	  643.58547 	  935.78341 	 2056.51960 	  543.02052 	  210.41013 	 1328.50581 	  547.76180 	 1246.49191 	  815.48803 	 1756.82728 	 1062.00521 	  626.95972 	 2144.25598 	 2106.77899 	    0.00000 	  990.05891 	 
 553.63274 	   38.36694 	  498.14174 	  687.07701 	  319.64163 	  220.73082 	 1005.19570 	 1761.45086 	  448.09805 	 1335.21783 	 1013.42172 	 1880.72784 	  850.41009 	 1159.22418 	  867.47353 	 1126.83894 	  256.66143 	  110.25886 	 2330.22009 	  218.46339 	  698.99888 	 2263.95144 	 1741.93625 	  571.95897 	    0.00000 	 
   0.00000 	 6510.08687 	 8996.02505 	 20034.33319 	 4504.82927 	 6088.72554 	 8295.14344 	 1902.71022 	 9042.51933 	 5825.03315 	 3162.48379 	 10527.15128 	 7119.59072 	 20114.70095 	 3796.92945 	 10403.82772 	 53905.70062 	 9356.59617 	 1136.19966 	 5486.53015 	 6223.28140 	 8584.20082 	 2361.31058 	 13164.08624 	 19598.98178 	 
8012.67480 	    0.00000 	 16716.46029 	 12973.53692 	 3150.75993 	 7034.27561 	 3666.10971 	 3565.57844 	 6909.67808 	 3328.91328 	 2653.02880 	 10052.55918 	 1135.25090 	 5270.32911 	 1458.79517 	 6335.34429 	 29335.03527 	 6589.61205 	  805.56490 	 10612.26922 	 4239.00108 	 8047.65857 	 2975.21679 	 1862.78441 	  631.31072 	 
9376.97352 	 14459.49677 	    0.00000 	 34321.43644 	 5322.40437 	 10511.98960 	 7660.98317 	 5538.33636 	 19866.11317 	 5264.71279 	 2737.05117 	 17247.00696 	 2033.36258 	 20110.60889 	 6009.31537 	 2988.91337 	 154558.45012 	 41563.60257 	 3453.31484 	 17014.86641 	 8364.21805 	 19067.33256 	 4151.65913 	 9693.89915 	 39444.94083 	 
17462.16021 	 15286.91014 	 37154.42783 	    0.00000 	 13664.56641 	 30160.61325 	 17142.14980 	 28670.09808 	 36755.98483 	 11872.00714 	 33512.73425 	 55834.18655 	 14571.69281 	 55046.03448 	 63446.07432 	 18348.02273 	 141231.32835 	 36273.87167 	 15071.73746 	 32130.56783 	 40523.61591 	 37145.98972 	 10568.75255 	 20179.51139 	 51068.48080 	 
5879.74429 	 2411.04659 	 4891.76224 	 21096.47839 	    0.00000 	 9352.35189 	 3488.01638 	 1533.04775 	 5262.10114 	 2246.29555 	 1622.86633 	 5746.40788 	 2349.83292 	 7971.14646 	 2379.47461 	 1184.31263 	 26731.76611 	 7726.07917 	 1026.27795 	 5196.48201 	 5858.59756 	 2493.22317 	 1278.18768 	 3761.01984 	 8966.66042 	 
5383.92853 	 4183.74149 	 15227.26405 	 26950.15585 	 6054.41473 	    0.00000 	 3603.01830 	 2971.79439 	 7893.92300 	 2548.35131 	 3347.72105 	 11246.71195 	 1588.63828 	 15922.56603 	 5674.07151 	 1732.05646 	 71620.52801 	 17404.36078 	 3577.26186 	 6247.43110 	 6771.70892 	 7277.29958 	 1841.80710 	 5175.78923 	 13583.71982 	 
12912.64336 	 3391.82151 	 6585.28078 	 17375.79935 	 2756.00648 	 4277.53223 	    0.00000 	 13536.47058 	 8062.40496 	 33847.48604 	 7758.07903 	 31924.61349 	 7069.40279 	 9778.93477 	 5021.24448 	 13635.08819 	 33221.37072 	 7256.25586 	 4944.11848 	 3479.07815 	 12010.07674 	 13945.57410 	 5752.11511 	 3101.88205 	 13626.96701 	 
2236.58872 	 2853.06163 	 6590.57382 	 30423.50766 	 1597.12169 	 3312.95414 	 11440.53876 	    0.00000 	 4219.39582 	 7781.09826 	 9684.31152 	 21776.51846 	 1796.80296 	 3140.99661 	 7944.46258 	 2662.73502 	 28105.97995 	 5214.04403 	 9603.33025 	 2545.55145 	 8289.03364 	 19792.52772 	 7515.67603 	 1343.15656 	 9902.25707 	 
6829.05570 	 8562.61910 	 13754.69750 	 43217.44519 	 5674.80782 	 8726.60593 	 7577.70662 	 5545.24686 	    0.00000 	 4779.93529 	 5667.96760 	 15786.39593 	 4357.50379 	 30369.29871 	 7057.91632 	 5134.47011 	 98714.95598 	 16816.11133 	 3281.06863 	 13733.27478 	 10175.45019 	 12714.12306 	 4051.52137 	 14830.54642 	 13797.76662 	 
5781.53706 	 3486.70044 	 5242.57075 	 13646.82409 	 1989.07460 	 2964.61498 	 43325.64974 	 6289.69146 	 4764.43174 	    0.00000 	 4406.14063 	 12721.41782 	 4317.00890 	 10031.57960 	 3524.81097 	 20601.64280 	 26360.39964 	 6628.05813 	 1598.31148 	 2963.54362 	 7577.29640 	 6791.32455 	 3039.00277 	 2221.19023 	 4827.33975 	 
3450.44406 	 2715.52650 	 2630.95629 	 26358.51387 	 2702.87992 	 2481.02633 	 9091.97250 	 12257.97095 	 4865.82069 	 3632.32511 	    0.00000 	 14207.14699 	 3606.47022 	 3401.45480 	 9392.83267 	 2268.45012 	 13240.25469 	 4927.55338 	 4171.66768 	 1787.27108 	 20280.48833 	 10561.85463 	 3744.40272 	 1667.15676 	 7080.67798 	 
8793.56039 	 9509.44475 	 26846.84759 	 82788.15143 	 6942.36177 	 13041.59568 	 32330.96833 	 30691.33113 	 17779.14467 	 19093.93239 	 13902.21202 	    0.00000 	 5596.82117 	 18679.77673 	 16332.74959 	 11402.94686 	 119778.91371 	 19912.87454 	 30842.80915 	 10515.04208 	 16168.12710 	 72479.86952 	 33423.43872 	 4313.20874 	 25972.77949 	 
10404.59329 	 1525.20869 	 1926.48360 	 16403.15678 	 1599.86237 	 2459.29214 	 7687.11696 	 1861.33494 	 3830.44845 	 4976.75506 	 2539.22929 	 5168.91107 	    0.00000 	 2291.05962 	  965.61434 	 5842.88920 	 11673.77359 	 3494.17522 	  585.74598 	 1366.46741 	 7980.68240 	 2318.21675 	  844.30506 	 1941.87018 	 4465.64904 	 
26451.25993 	 7839.14313 	 24092.40111 	 35291.67870 	 7334.88367 	 16568.70684 	 8314.70434 	 2837.14787 	 29703.29628 	 6592.83403 	 4102.00160 	 14815.76630 	 3211.53756 	    0.00000 	 7013.08618 	 8131.89562 	 197742.33591 	 18430.52480 	 1378.39080 	 16579.99343 	 7381.90075 	 5716.06023 	 1857.74435 	 22394.91160 	 21845.60790 	 
3930.06324 	 1165.36096 	 6585.94573 	 55688.73766 	 2490.77884 	 6287.78517 	 5536.62134 	 9867.42483 	 10764.25258 	 3348.23418 	 8258.43864 	 22249.50654 	 1412.58172 	 6400.45807 	    0.00000 	 2013.24188 	 27818.71255 	 7653.10862 	 3469.66915 	 3068.01237 	 10266.30136 	 14979.68883 	 5881.82679 	 3140.97752 	 9113.86219 	 
9797.30852 	 4125.01545 	 2731.52408 	 12350.74278 	 1140.35731 	 1716.29354 	 17411.88799 	 2485.29617 	 3734.44341 	 25918.51938 	 2372.35958 	 8433.08381 	 5142.22271 	 7432.61784 	 1919.87396 	    0.00000 	 17618.82054 	 5811.07257 	  951.73130 	 1942.10437 	 3592.67153 	 7630.63839 	 1587.98114 	 4145.98549 	 3631.77919 	 
47860.93520 	 22885.74622 	 203880.15610 	 191223.95337 	 21010.00710 	 63170.59537 	 36758.99565 	 25288.04641 	 95419.15383 	 20105.98438 	 20338.17465 	 117205.03351 	 11510.40610 	 195334.25241 	 25953.76611 	 18263.86044 	    0.00000 	 8128.46809 	 8817.18368 	 64870.97553 	 33631.28937 	 59601.88509 	 16279.04778 	 24897.11936 	 158130.94884 	 
10257.81626 	 7205.33270 	 34216.18870 	 41066.13934 	 7027.52526 	 16022.17722 	 6596.04962 	 3689.62286 	 20125.47309 	 5522.23336 	 4552.58490 	 17267.15606 	 2189.99995 	 29378.41437 	 6615.45799 	 3501.41828 	 11417.59561 	    0.00000 	 2623.66512 	 22270.20009 	 10250.60276 	 19365.50575 	 4355.33491 	 5066.92372 	 13264.75407 	 
1264.87248 	  595.31640 	 2488.12026 	 11351.01387 	  844.48623 	 3637.58527 	 5374.10807 	 9882.74491 	 4840.02237 	 2317.42648 	 2957.23336 	 26007.24229 	  803.10045 	 1143.27655 	 5443.61354 	  631.36199 	 8940.79637 	 2524.25684 	    0.00000 	 1897.80316 	 3144.22470 	 11243.14404 	 4131.80294 	  681.57650 	 3369.46861 	 
4744.13394 	 6503.87805 	 16171.68213 	 25912.96045 	 2943.56860 	 3939.84098 	 3802.07141 	 3025.86377 	 11662.56741 	 2813.45215 	 2666.68994 	 9459.81015 	 1340.15668 	 14441.03483 	 2758.44913 	 2098.48699 	 60292.55357 	 28883.88022 	 1598.27485 	    0.00000 	 4177.39985 	 7471.73733 	 1856.33982 	 5174.46123 	 12640.33115 	 
7167.71927 	 4177.06979 	 7727.67066 	 32616.03237 	 6317.96034 	 5300.67710 	 10481.35250 	 6001.50595 	 9485.96096 	 7817.53100 	 16137.40555 	 18919.09820 	 7087.34204 	 6176.46332 	 6687.19683 	 5098.89779 	 43196.15822 	 9414.35904 	 3173.57480 	 5878.07083 	    0.00000 	 8952.56231 	 2402.07204 	 4771.85813 	 12420.32079 	 
6356.85383 	 9064.26937 	 15763.36917 	 32385.38843 	 2647.92274 	 8057.26012 	 13016.25112 	 21221.48801 	 12845.17125 	 9638.65769 	 8493.96773 	 107527.66817 	 2346.79399 	 10100.95933 	 9959.22351 	 4540.95718 	 86982.30105 	 12929.71835 	 8341.59054 	 8374.14949 	 10127.24342 	    0.00000 	 33650.88276 	 3168.11679 	 19158.68392 	 
2884.37854 	 4400.44660 	 3130.45136 	 17314.05699 	 1362.26477 	 1711.33433 	 5553.51254 	 7783.04173 	 4609.67802 	 2332.60935 	 3276.86647 	 29901.51484 	  802.30589 	 1578.06830 	 6250.98345 	 2018.97142 	 14797.00473 	 3416.47444 	 3302.19707 	 2298.95216 	 3861.22163 	 31428.28484 	    0.00000 	 1193.27262 	 4378.98925 	 
11968.48538 	 2222.51355 	 10389.53091 	 20240.39071 	 5860.74925 	 7415.62708 	 2375.73502 	 1233.54171 	 16335.09787 	 3007.91034 	 1964.92165 	 2743.91920 	 1353.03543 	 24333.55663 	 2954.74998 	 3272.91069 	 33111.19182 	 7188.92379 	  510.37322 	 5463.73612 	 3110.04344 	 2576.99435 	  903.16201 	    0.00000 	 4926.79786 	 
19035.72740 	  483.58336 	 62866.50330 	 32301.30033 	 5232.90903 	 17282.36591 	 11443.20084 	 8480.32922 	 24075.72432 	 6288.64209 	 7106.19736 	 30532.98823 	 5695.46712 	 20601.48758 	 14203.84374 	 4132.88780 	 136847.17953 	 12326.92871 	 3549.64536 	 10015.73513 	 9288.04513 	 19026.15435 	 5856.87205 	 6113.22480 	    0.00000 	 
   0.00000 	  472.66818 	  908.11366 	  483.99228 	  431.76663 	  503.33028 	  596.87857 	 1153.55154 	  774.49223 	  821.38217 	  565.49947 	 1782.80901 	  281.02305 	  534.81303 	  692.91404 	  404.56392 	  909.75967 	  548.62809 	 1872.14330 	  459.87839 	  453.67072 	 2393.90785 	 1557.60948 	  316.16439 	  599.82569 	 
 630.35109 	    0.00000 	  465.32395 	  575.35065 	  496.10183 	  266.84578 	 1552.01653 	 1224.12063 	  477.09424 	 1202.98031 	 1116.10842 	 2985.85268 	  722.88276 	 1214.24969 	 1014.20272 	 1020.27986 	  232.19890 	   68.07406 	 2009.33321 	  251.74352 	  928.52780 	 2387.45955 	 2562.67055 	  696.28028 	   27.20445 	 
1071.01905 	  411.48500 	    0.00000 	  885.96283 	  774.82109 	  611.87039 	 1630.95784 	 1269.18944 	  722.05309 	 1694.82684 	 1381.97504 	 2148.62701 	 1457.95792 	 1264.95771 	 1169.30513 	 1257.69874 	  149.83573 	  228.94797 	 2034.88220 	  638.83577 	 1337.16483 	 2453.97672 	 2142.25276 	  885.81517 	  491.08830 	 
 485.39522 	  598.61236 	  691.19478 	    0.00000 	  248.41095 	  383.89637 	  619.12087 	 1164.63179 	  265.66855 	 1086.65937 	  462.63244 	 1829.70332 	  475.02162 	  839.09766 	  387.87666 	  933.90121 	  761.64439 	  601.79367 	 1329.34427 	  421.79533 	  317.90637 	 1408.64902 	 2183.50045 	 1278.28810 	  626.21859 	 
 457.20910 	  479.39146 	  919.20007 	  277.66163 	    0.00000 	  218.23587 	  920.53188 	  837.92299 	  256.13510 	  703.55641 	  622.90883 	 1947.92664 	  408.48306 	 1038.14723 	  554.36232 	  656.07575 	  705.17049 	  588.32145 	 1683.88820 	  196.27802 	  253.62179 	 2573.86901 	 1934.42827 	  572.45045 	  506.52220 	 
 696.57318 	  320.46083 	  671.97127 	  365.83683 	  241.87370 	    0.00000 	  927.38616 	 1023.85992 	   73.39208 	  899.18175 	  808.79074 	 1752.46499 	  771.30391 	 1369.14538 	  565.66275 	  670.83213 	  447.41399 	  270.83668 	 1727.59158 	  135.13384 	  592.00712 	 1846.97414 	 2410.81512 	  735.44009 	  283.13099 	 
 510.25507 	 1112.02192 	 1809.56931 	  937.76332 	  850.18415 	  806.81485 	    0.00000 	  705.01369 	  989.24508 	  244.66112 	  453.78028 	 1122.51413 	  517.77461 	  826.07062 	  876.52125 	  546.20813 	 1514.01111 	 1511.05891 	  821.73072 	  743.82431 	  640.45452 	 1263.42960 	 2047.62413 	  706.31237 	 1209.58059 	 
 996.54697 	 1128.80815 	 2258.79900 	  736.26958 	 1313.99551 	 1375.15462 	  553.59663 	    0.00000 	 1418.98094 	  774.68200 	  430.89353 	  707.34844 	  636.11335 	 1383.56874 	  624.37163 	 1251.24803 	 1641.75948 	 1772.15583 	  662.47908 	 1530.99590 	  639.89227 	  738.28647 	 1079.18393 	 1687.36278 	 1343.22062 	 
 576.96810 	  289.77321 	  591.32919 	  276.06998 	  235.04239 	  116.54927 	  755.82249 	 1149.09226 	    0.00000 	  988.97336 	  583.02664 	 2091.06772 	  759.72770 	  901.54113 	  609.05903 	  856.37718 	  525.42789 	  370.20420 	 1278.28300 	  212.39646 	  565.56363 	 2206.92811 	 2469.83897 	  715.00927 	  385.79422 	 
 888.81611 	 1415.75350 	 1968.13229 	 1157.46656 	  680.61501 	 1198.14010 	  185.99417 	  741.04424 	 1085.52689 	    0.00000 	  629.43372 	 1776.05634 	  556.85186 	 1249.47231 	 1254.03137 	  318.56316 	 1418.14149 	 1145.83906 	  986.39871 	  957.35835 	  784.18731 	 1981.17435 	 2238.01600 	  946.09178 	 1132.59603 	 
 778.63688 	  733.03462 	 1145.22055 	  364.10764 	  402.54269 	  811.02103 	  577.28604 	  475.56075 	  558.89940 	  600.97125 	    0.00000 	 1180.74134 	  365.59425 	 1457.73762 	  479.46091 	  571.45710 	 1037.23284 	 1118.39091 	  837.44075 	  656.77946 	  195.37245 	 1882.10977 	 1945.02154 	  905.69677 	  724.90233 	 
2146.57045 	 2212.94805 	 2514.25143 	 2201.12562 	 1523.53091 	 2434.02171 	 1569.14460 	 1071.35793 	 2366.80091 	 1439.67461 	 1422.74115 	    0.00000 	 1641.46818 	 1771.02774 	 1484.52313 	 1398.17743 	 2179.50753 	 2060.59050 	  431.88666 	 1900.40107 	 1279.35129 	  379.91956 	  839.31548 	 2151.79685 	 2049.30973 	 
 339.39860 	  954.20102 	 1158.08393 	  573.84671 	  359.73693 	  776.00907 	  503.40159 	  863.73151 	  760.02006 	  515.87281 	  350.45044 	 2086.76924 	    0.00000 	 1073.45084 	  892.94382 	  322.28846 	 1141.87954 	  629.22489 	 1034.74647 	  706.51016 	  263.39897 	 1356.55995 	 1413.36145 	  689.57588 	  824.61973 	 
 669.97662 	  945.73718 	 1148.26428 	 1277.46817 	  874.83720 	 1292.21595 	  779.20962 	 1665.16794 	 1324.70678 	 1214.58763 	 1532.81283 	 2327.73350 	  792.60865 	    0.00000 	 1610.07183 	  505.19069 	 1295.11807 	  956.91572 	 1493.24988 	 1006.54332 	  790.47012 	 3240.56737 	 2323.11289 	  197.68430 	 1024.76046 	 
 887.92183 	  717.06525 	  943.44237 	  434.97903 	  431.95471 	  491.69680 	  665.97894 	  555.31639 	  564.68228 	  795.98946 	  308.30518 	 1594.79698 	  808.98007 	 1802.02686 	    0.00000 	  988.98320 	 1052.30389 	  805.64766 	 1093.05080 	  574.26418 	  423.17772 	 2011.62948 	 1052.96658 	  996.23181 	  978.25864 	 
 416.65424 	 1214.70078 	  963.18947 	 1059.60016 	  743.49230 	  998.08356 	  520.16890 	  969.85432 	 1198.42093 	  331.55763 	  526.48488 	 1475.50993 	  246.17085 	  606.93897 	  899.73754 	    0.00000 	 1347.60357 	 1029.15925 	 1117.93234 	  702.13187 	  648.95445 	 2040.89287 	 1729.75865 	  441.96049 	  978.64549 	 
 585.32290 	  158.23734 	  158.32450 	  748.77436 	  657.99944 	  530.45223 	 1661.93043 	 1805.02221 	  489.24173 	 1687.28994 	  835.24270 	 2970.81410 	  827.57678 	 1290.38323 	  928.88125 	 1505.84501 	    0.00000 	   84.81276 	 2091.04524 	  251.82799 	  764.10338 	 3006.81705 	 2430.36861 	  933.64356 	  254.44979 	 
 745.05383 	   97.25694 	  346.59516 	  805.46079 	  391.93059 	  362.02225 	 1473.29062 	 1754.31370 	  376.03706 	 1577.69348 	 1118.18328 	 2027.93948 	  926.34256 	  855.43774 	 1234.50445 	 1363.56580 	   82.05829 	    0.00000 	 1904.13217 	  200.98573 	  763.39558 	 3153.52074 	 2875.91314 	  933.03752 	  147.88441 	 
1892.02992 	 1559.90084 	 2607.98906 	 1572.73667 	 1499.99696 	 1250.57458 	  661.01826 	  446.18686 	 1356.26540 	  960.29643 	 1279.87115 	  341.95595 	 1012.20199 	 1924.25088 	 1528.59157 	 1239.24020 	 2579.58469 	 2152.39167 	    0.00000 	 1502.65945 	 1431.58763 	  760.18753 	 1388.26103 	 1752.31695 	 1557.07547 	 
 549.14824 	  154.74585 	  364.06335 	  367.36328 	  285.74679 	  117.38868 	 1073.49900 	 1268.37346 	  157.84993 	 1462.37366 	  965.14932 	 1570.83389 	  776.23253 	 1293.63469 	  542.05295 	  871.29481 	  274.57193 	  253.97427 	 1723.85271 	    0.00000 	  512.32302 	 2420.32029 	 1749.01139 	  819.16000 	  204.66743 	 
 339.73711 	  670.38664 	 1174.31166 	  286.83944 	  232.43093 	  376.04922 	  613.11642 	  685.65688 	  448.97622 	  532.60454 	  166.48130 	 1577.78599 	  180.18691 	 1049.75545 	  495.50634 	  431.11500 	 1050.04122 	  888.69437 	 1633.90626 	  669.15088 	    0.00000 	 1488.85662 	 2194.02363 	  944.32001 	  909.06768 	 
2635.13340 	 1950.99061 	 2287.32536 	 1486.35453 	 2561.74627 	 2803.09131 	 1575.34739 	  953.43540 	 2140.43845 	 1485.19337 	 1561.28296 	  366.61876 	 1402.13900 	 2220.03141 	 1409.87371 	 1724.59663 	 2202.21559 	 3137.58560 	  613.42314 	 2343.17815 	 1616.26717 	    0.00000 	  679.90685 	 2811.29299 	 3047.52338 	 
2450.95474 	 2887.63556 	 3082.50372 	 1534.42842 	 2059.72350 	 2402.81454 	 1274.30567 	  959.69366 	 1977.97162 	 2196.66567 	 1340.08894 	  710.77586 	 1546.89116 	 2298.60724 	 1647.28530 	 1569.65447 	 2177.36376 	 3017.17126 	 1049.13307 	 1847.02012 	 1511.96604 	  697.37729 	    0.00000 	 2617.14389 	 2249.03466 	 
 397.53165 	  695.56531 	 1053.27755 	  767.74767 	  628.13053 	  674.35369 	  685.45177 	 1180.80675 	 1176.79204 	  627.73185 	  975.01267 	 1521.83498 	  534.58694 	  153.35658 	 1520.08278 	  603.55137 	 1281.86016 	  747.98289 	 2199.69458 	 1105.18128 	 1042.75834 	 2182.00269 	 2023.64779 	    0.00000 	  896.79825 	 
 475.94298 	   31.02256 	  415.71883 	  553.85404 	  315.83926 	  244.62687 	 1200.56822 	 1281.43166 	  505.90542 	 1059.90935 	  818.57933 	 2771.30213 	  576.52795 	 1159.90041 	  964.63302 	 1173.50970 	  197.90774 	  148.93213 	 2411.05396 	  240.88331 	  583.55039 	 2496.37547 	 2223.07731 	  695.94361 	    0.00000 	 
   0.00000 	 5736.50769 	 8684.38017 	 23198.31916 	 4428.08545 	 4806.88029 	 14889.67329 	 2694.55304 	 6878.27751 	 5458.96973 	 2587.37925 	 9967.19735 	 10638.29918 	 27049.09950 	 2995.30180 	 9190.85978 	 60189.43997 	 12823.91166 	 1360.78676 	 5286.81992 	 6780.69195 	 6100.71822 	 3220.95570 	 12523.37696 	 20456.21016 	 
5510.83729 	    0.00000 	 12704.85311 	 12586.32318 	 3712.73567 	 4239.88778 	 3828.82004 	 2818.15527 	 7615.47175 	 5405.93387 	 2276.44550 	 6646.93248 	 1163.84458 	 8672.80690 	 1011.85127 	 3705.58385 	 18642.48803 	 7370.71388 	  654.32805 	 7461.51157 	 4229.50337 	 9441.71310 	 3257.04663 	 1677.26093 	  405.13417 	 
7489.07460 	 12705.35898 	    0.00000 	 30787.12742 	 6053.01689 	 12187.62517 	 5560.20307 	 4844.58938 	 19608.79825 	 3286.64550 	 2612.72395 	 19309.35589 	 2010.78877 	 20558.53439 	 6332.27989 	 4487.54027 	 169998.60667 	 38421.21032 	 3517.69858 	 16375.03689 	 7188.90110 	 20707.99778 	 3863.57601 	 6897.56475 	 63243.89593 	 
17787.23387 	 10235.09321 	 25539.60027 	    0.00000 	 18141.69770 	 30772.98181 	 25784.90085 	 25648.49290 	 63500.86734 	 11788.09227 	 21438.92976 	 75433.34784 	 14358.14645 	 41259.41831 	 44637.68732 	 13254.88029 	 122798.53315 	 42457.64711 	 11652.68064 	 22206.10219 	 39811.36355 	 44001.56921 	 13689.74331 	 22640.39190 	 39806.69167 	 
4973.11459 	 2448.28194 	 7405.48347 	 19229.32174 	    0.00000 	 6161.79951 	 2458.32466 	 1986.66754 	 7719.59235 	 1568.07989 	 2886.29296 	 7316.26089 	 1856.17251 	 6612.05888 	 1430.43702 	 1498.15674 	 20801.59276 	 7106.35114 	 1031.96584 	 4378.18439 	 4647.05090 	 2738.06632 	 1185.45242 	 4680.60596 	 6007.34364 	 
5344.92502 	 5033.10532 	 13002.94340 	 39290.32228 	 7402.32685 	    0.00000 	 5367.27471 	 4153.16114 	 8617.02923 	 3671.74957 	 3059.66068 	 13652.37433 	 1457.89229 	 18285.97504 	 3733.02860 	 2177.90965 	 59429.71455 	 12195.51765 	 3310.10698 	 4106.68464 	 7226.37438 	 5257.38733 	 2810.86323 	 5762.74522 	 16076.02021 	 
12854.61201 	 3128.65892 	 6549.34768 	 16386.76432 	 2432.87715 	 6480.11156 	    0.00000 	 12398.39485 	 5167.89522 	 32184.76342 	 9397.21584 	 32740.38557 	 4987.77855 	 8827.25859 	 3622.59237 	 13854.59571 	 30969.00994 	 8750.26670 	 5319.60736 	 3474.20426 	 12116.30181 	 17416.86599 	 6211.66040 	 2738.69626 	 9508.08484 	 
1616.84361 	 2286.53040 	 4470.90905 	 32754.92652 	 1319.62780 	 4417.35273 	 13201.57655 	    0.00000 	 7133.75556 	 7364.96360 	 8855.77083 	 25402.31371 	 1992.10228 	 2830.61848 	 6445.38052 	 2916.16799 	 18736.48454 	 4062.63704 	 7428.70273 	 2334.07233 	 7737.50281 	 17508.18603 	 9698.95081 	 1064.71948 	 8551.81785 	 
11070.10819 	 6803.47523 	 15979.29210 	 46405.81131 	 6206.10363 	 9930.11148 	 5989.10773 	 5796.01968 	    0.00000 	 4225.77512 	 5194.66430 	 19620.45097 	 3847.02965 	 19746.89474 	 7056.85269 	 5276.14782 	 93754.72017 	 25075.73306 	 3439.50454 	 12455.14335 	 12816.19702 	 15029.09657 	 4884.32956 	 12305.10224 	 22213.70081 	 
7540.37479 	 4562.63872 	 5169.69542 	 11416.07932 	 2423.00111 	 2528.57073 	 40548.84509 	 8061.77458 	 3780.94201 	    0.00000 	 5453.96309 	 15595.44241 	 3732.14318 	 9372.74819 	 3158.53286 	 15515.71345 	 28574.53303 	 6167.35379 	 2558.89661 	 3566.74412 	 4946.44260 	 6955.90800 	 2224.79439 	 1674.51515 	 4921.11749 	 
4382.48086 	 1799.80263 	 4307.39116 	 35720.18769 	 1634.99530 	 2660.46233 	 9658.63657 	 8213.30452 	 4085.69885 	 4784.02977 	    0.00000 	 19197.96118 	 3869.71645 	 5094.75116 	 5744.67749 	 2734.62194 	 12724.86981 	 4589.16278 	 3374.38599 	 1991.12943 	 13436.88533 	 8754.56525 	 2673.65626 	 2123.17001 	 5285.78772 	 
7363.77189 	 6076.47844 	 18513.48577 	 51212.26698 	 5901.71605 	 13011.41058 	 22637.96604 	 26049.66902 	 25204.19022 	 13699.11645 	 16756.55596 	    0.00000 	 4698.05513 	 19145.42035 	 14546.28822 	 8866.48607 	 119164.74970 	 14205.25415 	 37626.67499 	 8484.28750 	 20656.14740 	 81116.51697 	 37856.26672 	 4964.52751 	 23652.80083 	 
9932.45391 	 1283.45487 	 1639.45511 	 12010.23587 	 1797.44163 	 1625.21241 	 5020.79284 	 1420.51175 	 6148.53269 	 3085.25836 	 3264.93225 	 5029.06391 	    0.00000 	 3179.38717 	  901.19406 	 6225.74631 	 9527.71551 	 2590.12619 	  953.98675 	 1554.21236 	 7596.51444 	 2543.49964 	  786.43821 	 1163.94766 	 5953.14887 	 
16728.07593 	 9536.35906 	 27698.92259 	 31375.13516 	 7992.52400 	 15912.30278 	 5992.69731 	 3952.81010 	 27917.56347 	 6630.45482 	 4313.26276 	 11176.18198 	 3963.81741 	    0.00000 	 4701.58988 	 9609.42752 	 203978.62937 	 23920.08086 	 1009.71216 	 17174.34765 	 10583.69669 	 6791.27106 	 1787.38276 	 26470.07710 	 21490.69527 	 
3464.71300 	 1037.12004 	 5472.81623 	 44046.57318 	 2186.65361 	 4949.84418 	 4518.02926 	 7624.73331 	 9240.95217 	 2145.14769 	 5743.11280 	 13641.08137 	 1049.13831 	 4185.63445 	    0.00000 	 2037.63549 	 30910.32223 	 8818.01585 	 5025.70163 	 2151.65283 	 8668.42070 	 9819.60463 	 5142.67364 	 3220.56859 	 12925.83967 	 
9061.16283 	 5904.09677 	 4268.88788 	 13834.33101 	 1262.85337 	 2146.25204 	 12749.79491 	 2537.39627 	 3880.56702 	 18870.96726 	 2324.51641 	 10393.74866 	 6676.01519 	 11716.64562 	 2319.77007 	    0.00000 	 15661.17989 	 4890.67706 	 1021.54222 	 1677.02873 	 4442.81538 	 8341.59934 	 2320.36059 	 3402.23734 	 5228.57507 	 
45577.43890 	 24259.46485 	 220232.50683 	 162101.66918 	 25967.98208 	 57451.29644 	 34219.03588 	 22883.84176 	 78082.64343 	 33326.16016 	 18143.88768 	 117218.77086 	 8536.65032 	 191425.75370 	 28305.02537 	 15395.76379 	    0.00000 	 6691.66332 	 8489.82434 	 79075.12833 	 35791.27112 	 82959.03238 	 18703.71453 	 22443.47136 	 178566.12583 	 
10661.82398 	 5507.25876 	 38990.58441 	 33498.79683 	 6543.74161 	 12835.32325 	 6333.51447 	 4104.30695 	 17055.09704 	 4462.26212 	 3456.18602 	 21992.31522 	 3349.80956 	 32094.07342 	 8031.95386 	 4439.47003 	 7491.60224 	    0.00000 	 2163.09189 	 22348.28751 	 7505.81529 	 18956.82763 	 4395.86185 	 7686.42667 	 12050.74873 	 
1606.65021 	  599.96107 	 3346.42800 	 15400.99174 	  953.14262 	 3126.19882 	 5327.62702 	 9818.17005 	 3809.60011 	 2455.28766 	 3214.25890 	 39780.93284 	  742.67090 	 1114.58104 	 3611.40219 	  841.64913 	 11772.76445 	 2543.09347 	    0.00000 	 1341.47714 	 4549.68895 	 11896.05122 	 3160.43340 	  537.73804 	 4544.04419 	 
5440.80870 	 9100.83712 	 10819.33493 	 21576.73734 	 4975.67013 	 5822.62880 	 3222.80377 	 2468.58858 	 13168.64256 	 3702.97397 	 2078.97732 	 11668.39113 	 1574.56656 	 11461.01058 	 3191.51145 	 1838.41375 	 48534.60887 	 38595.15462 	 2087.70693 	    0.00000 	 3747.38821 	 5231.14450 	 2247.78587 	 5132.65881 	 17113.37975 	 
7453.39000 	 3136.50631 	 7665.49513 	 47015.19358 	 3902.48117 	 6605.60184 	 8010.21530 	 6505.46705 	 11361.00038 	 5319.60806 	 13976.63260 	 11942.12298 	 7738.14845 	 6245.59356 	 7883.54871 	 5984.98500 	 41717.76905 	 9278.18483 	 3284.75096 	 5801.60887 	    0.00000 	 9518.27827 	 3612.75886 	 2766.26280 	 9771.79703 	 
5779.67934 	 8151.61705 	 13686.13290 	 28847.33022 	 2779.85352 	 6603.81991 	 17677.59394 	 13593.84086 	 14289.05015 	 8847.76370 	 9284.81808 	 86941.50770 	 3721.58051 	 8501.17710 	 15141.82729 	 6837.89589 	 88811.16481 	 15444.40969 	 10003.25592 	 6016.15280 	 9139.64089 	    0.00000 	 44924.45701 	 2385.14806 	 16650.78052 	 
2242.43889 	 4218.15284 	 4658.89644 	 10460.04069 	  812.04129 	 2807.34799 	 5500.97087 	 7315.42502 	 3707.24795 	 3434.86563 	 3138.46556 	 35206.69116 	  955.24055 	 2254.24413 	 4394.21726 	 2379.67663 	 16470.33051 	 5018.55836 	 2990.00662 	 1570.46386 	 2681.83635 	 38078.65497 	    0.00000 	  841.69633 	 4104.65723 	 
9346.84592 	 2398.22405 	 8521.13588 	 20132.52795 	 4580.28071 	 6427.12673 	 3002.71298 	 1303.36416 	 16396.90250 	 2914.69177 	 2201.17839 	 4649.79416 	 1248.17756 	 24247.75390 	 3161.36790 	 2538.85537 	 21229.37387 	 6414.75942 	  641.54310 	 6911.47397 	 2874.16917 	 2774.06638 	  768.59022 	    0.00000 	 6826.89178 	 
19662.90330 	  641.13337 	 48077.29206 	 45215.83469 	 6582.67471 	 17961.91469 	 9640.39627 	 8252.93651 	 23929.83559 	 5802.82585 	 7662.63381 	 24389.28793 	 5726.64051 	 21236.84594 	 14985.08875 	 5461.13100 	 133239.28586 	 9200.07547 	 2782.50566 	 16879.94043 	 10110.34059 	 17157.95202 	 4430.89976 	 5692.72847 	    0.00000 	 
   0.00000 	  661.65519 	 1109.56139 	  610.60717 	  458.00971 	  411.63950 	  615.23458 	 1358.62620 	  654.73853 	  723.39150 	  717.79671 	 1849.68088 	  380.82064 	  424.52286 	 1134.20303 	  375.69851 	  858.27341 	  503.12248 	 1755.83438 	  486.90690 	  467.55996 	 2163.84097 	 2327.38122 	  493.48167 	  651.95459 	 
 447.62204 	    0.00000 	  411.20811 	  662.41130 	  387.72245 	  288.67920 	 1203.46338 	 1828.95687 	  422.35008 	 1149.16264 	  945.14738 	 2831.89059 	  852.73083 	  925.39459 	  966.42445 	  941.50551 	  142.89465 	   95.32897 	 1737.10508 	  206.04302 	  657.79742 	 2645.81636 	 1752.93353 	  728.80978 	   43.26485 	 
 762.64847 	  327.01669 	    0.00000 	  920.51039 	  578.10794 	  634.53973 	 1471.86736 	 1872.80573 	  510.18655 	 2074.07018 	 1256.11136 	 1828.52880 	 1187.83638 	  934.96493 	  979.60206 	  974.01088 	  158.21431 	  323.41894 	 1715.76966 	  623.06503 	 1058.30002 	 2561.36118 	 1900.60537 	 1450.60442 	  402.83548 	 
 597.02354 	  495.07107 	  769.25642 	    0.00000 	  211.31219 	  331.15131 	  791.38844 	  675.58489 	  225.77862 	 1068.53568 	  307.06862 	 2105.01830 	  462.51532 	 1380.10517 	  347.23666 	 1074.20700 	  638.96033 	  724.46891 	 1699.14942 	  440.67458 	  326.22914 	 1792.19340 	 1825.15793 	 1098.11547 	  715.59424 	 
 472.20266 	  375.95391 	  611.11446 	  291.31563 	    0.00000 	  280.12162 	  889.10832 	  811.27004 	  298.13421 	  877.28284 	  458.23304 	 1822.63471 	  418.40941 	  959.59095 	  497.66305 	  704.80917 	  529.12662 	  416.64538 	 1810.96455 	  328.16697 	  257.50711 	 2568.33846 	 2497.13273 	  611.32115 	  353.15717 	 
 475.36139 	  338.02991 	  586.15959 	  332.14223 	  270.69337 	    0.00000 	 1297.01161 	  914.40040 	   69.00965 	  820.12393 	  752.73514 	 1919.25847 	  625.02020 	 1308.44802 	  563.60310 	  850.28762 	  368.89251 	  316.70155 	 2101.61722 	   74.99151 	  419.87415 	 2108.04579 	 2335.24398 	  671.05325 	  317.53021 	 
 855.32989 	 1541.40011 	 1442.12804 	  665.13490 	  833.68515 	 1078.08827 	    0.00000 	  717.74733 	  740.64961 	  170.51978 	  403.17781 	 1435.00333 	  525.76918 	 1254.70736 	 1025.93556 	  473.92933 	  993.62832 	 1099.32204 	 1021.02064 	 1014.52352 	  607.16512 	 1351.71199 	 2079.33512 	 1059.89368 	 1300.01834 	 
1168.09754 	 1827.06092 	 1266.98522 	  942.00165 	  845.33629 	  919.82636 	  801.83634 	    0.00000 	 1229.86465 	  965.84129 	  395.90269 	  780.04632 	 1095.44948 	 1287.06422 	  571.22596 	 1030.08993 	 1275.14405 	 1630.97479 	  478.87781 	 1040.62056 	  738.20707 	 1059.32470 	 1004.07746 	 1961.73052 	 1274.86087 	 
 455.75219 	  492.12277 	  481.18903 	  204.32688 	  289.13589 	  111.33672 	  841.40325 	 1464.29087 	    0.00000 	  852.19653 	  808.31605 	 1990.17768 	  497.31135 	 1454.31796 	  466.89634 	  894.27156 	  557.09785 	  588.11883 	 2105.57450 	  186.74858 	  554.72602 	 1919.45661 	 2408.97447 	  921.16763 	  323.08257 	 
 856.38971 	 1551.60323 	 1852.57483 	  849.41494 	  919.91562 	 1115.64818 	  279.23173 	  651.52847 	 1366.99680 	    0.00000 	  692.10835 	 1672.83887 	  572.92192 	  714.11637 	  879.54222 	  388.07809 	 1570.21933 	 1632.42696 	 1085.83986 	  943.67869 	  764.55450 	 1252.29509 	 1562.62481 	  741.90323 	 1281.29120 	 
 493.99520 	 1083.09895 	 1372.88926 	  314.89372 	  393.15254 	  777.14063 	  575.67085 	  533.35434 	  625.91368 	  593.85062 	    0.00000 	 1032.69034 	  314.94850 	 1235.11995 	  403.26229 	  713.86176 	 1333.45779 	 1209.19430 	 1200.54227 	  662.23032 	  176.85964 	 1581.72422 	 1714.23311 	  867.04287 	  830.54748 	 
2069.23850 	 1651.85580 	 1952.00046 	 1410.01672 	 1657.74347 	 1535.57081 	  978.94362 	  991.22772 	 2457.93456 	 1240.37331 	 1431.01516 	    0.00000 	 1888.91881 	 2244.28422 	 1876.31032 	 1925.65275 	 1988.95737 	 2923.28286 	  265.90696 	 1794.28559 	 1417.08714 	  362.77504 	  708.85961 	 2772.37277 	 2195.61525 	 
 378.31112 	  804.88335 	 1236.80536 	  557.30892 	  386.42468 	  572.17938 	  301.06380 	  887.01071 	  669.82524 	  352.18765 	  388.93570 	 1304.78841 	    0.00000 	  987.93141 	  693.37171 	  258.26232 	 1170.45466 	 1001.40605 	 1569.42362 	  731.72557 	  223.45109 	 2076.38364 	 2035.94900 	  584.86862 	  560.80241 	 
 425.26353 	  687.59199 	 1312.61596 	  948.13518 	 1210.79545 	  779.76453 	 1136.69157 	 1960.31029 	  976.78757 	  822.96018 	 1023.84212 	 2103.70764 	  913.27504 	    0.00000 	 1921.80341 	  813.61730 	  877.04997 	 1008.76055 	 1854.71516 	 1166.81757 	  950.40088 	 2479.91943 	 2420.07347 	  191.12181 	 1183.77767 	 
1003.19005 	  854.06925 	 1391.09568 	  346.27460 	  664.06273 	  611.14645 	 1061.21736 	  762.83633 	  393.41169 	  931.40134 	  517.06593 	 1633.44670 	  578.54031 	 1345.24052 	    0.00000 	 1258.54723 	  719.32607 	  832.87029 	 1425.83952 	  896.72940 	  395.14651 	 1300.14037 	 1009.53426 	 1689.09120 	  809.58911 	 
 459.95514 	  874.68065 	 1333.55687 	  581.55083 	  641.93767 	  934.84132 	  419.97307 	  897.25442 	  796.67664 	  248.76476 	  679.88174 	 1585.83410 	  324.95724 	  476.79282 	 1310.34596 	    0.00000 	 1516.22636 	  854.37147 	 1021.38651 	 1147.11655 	  747.41522 	 1997.92280 	 2160.58834 	  637.85779 	  729.28228 	 
 604.77584 	  210.83803 	  151.22361 	  824.68517 	  448.30715 	  432.02723 	 1086.21882 	 1275.64385 	  381.72618 	 1522.72779 	 1205.96767 	 2808.13760 	  695.43839 	  953.75048 	  865.05544 	 1444.45001 	    0.00000 	  103.53505 	 2017.93259 	  357.97145 	  862.44721 	 2687.99018 	 2219.90562 	 1209.34427 	  158.95374 	 
 718.35472 	  101.86085 	  261.57855 	  725.88223 	  662.97522 	  343.06430 	 1252.98954 	 1376.02641 	  411.89591 	 1132.33910 	 1177.89293 	 1987.35341 	  790.87660 	 1247.02223 	 1167.64354 	  846.65224 	   70.69059 	    0.00000 	 2043.59171 	  245.59933 	  857.46021 	 3084.74020 	 1887.47871 	  928.68183 	  136.33049 	 
1535.80519 	 2524.34116 	 2972.13692 	 1241.85905 	 1266.00698 	 2151.05847 	  854.15441 	  444.87634 	 1199.88033 	 1112.89337 	  910.44674 	  457.59249 	 1468.65091 	 2096.00339 	 1163.55599 	 1070.20911 	 2685.04135 	 1596.10645 	    0.00000 	 2129.47455 	 1228.08002 	  523.83919 	 1313.44955 	 1377.78866 	 1618.01863 	 
 525.36669 	  227.81432 	  519.23097 	  398.15504 	  248.61178 	   78.67216 	 1217.89515 	 1152.38698 	  245.53448 	 1331.99436 	  750.94995 	 1516.85793 	  750.40902 	 1146.86670 	  532.95413 	  888.84272 	  269.56897 	  228.72337 	 1633.50258 	    0.00000 	  402.05816 	 1848.21499 	 2440.10524 	  859.48206 	  174.01340 	 
 472.41958 	  717.50216 	  988.96624 	  259.53832 	  216.52829 	  530.18461 	  440.20664 	  616.92086 	  425.73726 	  729.19761 	  198.88787 	 1530.81216 	  191.67590 	 1195.16882 	  556.82525 	  533.96575 	  846.20298 	  882.92476 	 1368.58766 	  601.24803 	    0.00000 	 2214.05762 	 1282.71228 	  679.82899 	  773.98168 	 
2379.53135 	 2390.72309 	 2235.85863 	 2058.98072 	 2022.82992 	 1957.04646 	 1138.63938 	  838.08393 	 2178.77672 	 1777.08988 	 1173.94171 	  368.74992 	 1664.21166 	 2171.40787 	 1897.69328 	 1392.60779 	 2813.28069 	 2623.41011 	  508.62400 	 2397.92036 	 2141.19143 	    0.00000 	  774.28367 	 1803.24499 	 3123.69878 	 
1568.78565 	 2018.68477 	 2675.45368 	 1818.07558 	 1697.64203 	 1716.97181 	 1345.25196 	 1327.13711 	 2197.16607 	 2236.74372 	 1665.60522 	 1230.75394 	 2240.09493 	 2806.84959 	 1296.24405 	 1480.36456 	 3052.00391 	 2826.50445 	  958.14259 	 2547.38841 	 1603.05436 	  652.98487 	    0.00000 	 3022.55026 	 2591.79419 	 
 396.25115 	  762.07703 	 1357.36204 	 1169.88503 	  667.09278 	  668.95209 	  760.25188 	 1438.49893 	  846.74858 	  564.16660 	  811.11454 	 1588.10131 	  482.73365 	  257.12712 	  989.33884 	  592.85024 	 1259.73816 	  667.62696 	 2047.98836 	  876.82369 	  937.80756 	 2809.47204 	 2330.67277 	    0.00000 	  880.12119 	 
 663.30148 	   26.71829 	  372.88065 	  717.34870 	  335.32001 	  229.27543 	 1014.93224 	 1754.01060 	  338.59941 	 1338.53389 	 1042.41375 	 2101.09426 	  786.69927 	 1083.10843 	 1154.48305 	  980.05571 	  228.00627 	   96.19444 	 1494.30013 	  189.59001 	  906.54712 	 2500.49166 	 2804.52143 	  607.76167 	    0.00000 	 
   0.00000 	 5434.98295 	 7340.36686 	 19248.03218 	 3346.67266 	 6187.63368 	 12692.95478 	 2505.42791 	 7770.54020 	 8158.57726 	 3318.69733 	 8245.73558 	 9967.12507 	 28364.32238 	 3711.86846 	 10028.21988 	 43573.49661 	 11913.58450 	 1039.75613 	 4179.63199 	 6476.56717 	 6562.47132 	 3370.16740 	 14873.09875 	 16937.01964 	 
6896.49627 	    0.00000 	 11437.30476 	 13273.60185 	 2807.62227 	 5413.38377 	 4346.35264 	 2309.07623 	 8369.20998 	 3005.68686 	 1973.52764 	 9685.31135 	  923.96525 	 6831.72576 	 1240.17442 	 6257.34850 	 27510.46501 	 6635.43701 	  975.71079 	 5747.68905 	 4158.54888 	 7217.02030 	 3072.60231 	 2546.44741 	  514.52836 	 
8069.48718 	 12209.55116 	    0.00000 	 31084.36478 	 6778.65977 	 18125.58053 	 6914.45188 	 6369.17242 	 19021.30888 	 4368.77599 	 3900.80167 	 20580.64839 	 2362.28116 	 30470.14444 	 8274.71665 	 3907.05783 	 156191.17665 	 30284.95631 	 3077.83991 	 9614.17127 	 6952.52120 	 18262.13399 	 4849.86133 	 10217.25994 	 51753.12898 	 
24922.38934 	 9749.87432 	 33950.50764 	    0.00000 	 23975.53540 	 37687.01645 	 25958.72922 	 22771.17208 	 61221.90023 	 19885.40916 	 30693.23696 	 70742.04569 	 13453.99349 	 48440.26954 	 37201.40550 	 13981.15107 	 178430.49243 	 30339.56300 	 19737.51713 	 26750.98100 	 46445.25757 	 26681.09170 	 16510.26697 	 22404.60198 	 40907.24668 	 
5585.70613 	 3031.75319 	 5884.67790 	 21062.35356 	    0.00000 	 9398.77139 	 2335.63809 	 1129.40315 	 6949.75012 	 1988.56389 	 2498.83550 	 6186.77128 	 2365.71782 	 5734.25806 	 2227.99452 	 1354.92873 	 19602.31109 	 5094.07389 	 1037.48024 	 3823.86107 	 4719.10054 	 4184.75819 	 1156.20931 	 4443.07020 	 8643.46566 	 
5844.96308 	 5492.31628 	 11938.51949 	 32253.88163 	 7979.13654 	    0.00000 	 4511.22920 	 2604.84884 	 8984.56550 	 2834.01429 	 3010.25004 	 12180.82973 	 1567.39365 	 14314.08723 	 3716.30579 	 2029.99396 	 70906.25589 	 13510.49782 	 3369.77963 	 3632.03921 	 9358.13728 	 6864.33217 	 1956.32336 	 5890.53404 	 13090.02042 	 
13673.92297 	 3907.86953 	 7056.85952 	 20632.57108 	 2763.63938 	 3729.71627 	    0.00000 	 14649.56873 	 5696.70807 	 35467.40511 	 11028.32423 	 23627.39919 	 7207.30268 	 9892.98958 	 4691.15534 	 10344.86348 	 22507.36071 	 9145.20706 	 5788.44811 	 3228.03121 	 9503.16072 	 12564.27834 	 5793.81795 	 3528.73541 	 7964.92991 	 
1965.86814 	 2960.47447 	 7101.94062 	 29461.83138 	 1656.39284 	 3155.00362 	 14497.69485 	    0.00000 	 3930.60306 	 7149.30529 	 13462.41603 	 37210.67673 	 2274.52677 	 2914.19097 	 6877.75503 	 2940.06132 	 23651.30022 	 3966.74202 	 10835.84475 	 1995.72326 	 8890.73034 	 14699.29854 	 9482.86408 	 1136.76348 	 9908.63701 	 
6576.15047 	 8414.57454 	 19017.52208 	 50103.93486 	 8203.94737 	 7526.03170 	 5675.16635 	 6744.81286 	    0.00000 	 4841.84029 	 3685.40177 	 19539.65670 	 5337.43726 	 31901.88964 	 10499.60759 	 5189.74983 	 62256.54852 	 18725.12273 	 3891.18059 	 8961.03200 	 10600.71754 	 13304.58713 	 5331.94022 	 13495.07165 	 22447.65352 	 
7630.70628 	 3361.84797 	 4869.40197 	 17508.14285 	 1553.88803 	 3385.29640 	 26013.30165 	 6916.81821 	 3196.65045 	    0.00000 	 3553.90871 	 21917.81847 	 4879.21707 	 8333.84608 	 3566.31266 	 21979.68607 	 23909.67260 	 5215.01955 	 2227.89308 	 2796.94564 	 8306.52292 	 8260.99112 	 2334.35416 	 1748.87652 	 5607.37877 	 
2673.94712 	 1978.67125 	 4133.23314 	 20988.85580 	 2514.96773 	 2326.33473 	 7855.62346 	 11059.04563 	 6371.70249 	 4165.23142 	    0.00000 	 18033.45721 	 2985.74767 	 3369.37170 	 9811.47477 	 2800.13108 	 17242.57241 	 4269.63718 	 3745.36347 	 1892.82193 	 13968.98529 	 9075.69740 	 3253.10334 	 1579.91167 	 8984.85949 	 
7400.87045 	 5754.56926 	 18350.59712 	 54102.99703 	 5318.61122 	 11770.78030 	 23606.00311 	 23810.30847 	 28308.94975 	 15810.86162 	 15181.66411 	    0.00000 	 6722.23379 	 12954.62031 	 21786.52253 	 9512.66241 	 86894.97775 	 22228.34595 	 31453.95786 	 7802.54995 	 15239.96418 	 107159.68229 	 32619.56392 	 3131.61102 	 22972.53882 	 
10227.05755 	 1101.69327 	 1872.76994 	 13764.60515 	 1476.27956 	 1811.24160 	 6078.21817 	 2168.21692 	 4943.13438 	 3789.02906 	 2378.79242 	 5102.25793 	    0.00000 	 3487.84743 	 1325.90123 	 6582.62886 	 13657.20913 	 3686.03677 	  745.73829 	 1042.00672 	 7049.72171 	 3142.85864 	 1217.63295 	 1368.85530 	 5141.17624 	 
22991.27628 	 5900.18923 	 27792.40712 	 38057.03467 	 5916.83113 	 15949.86117 	 7132.26062 	 3519.82261 	 23968.11471 	 9792.47536 	 3236.00795 	 18430.25554 	 2734.15639 	    0.00000 	 4247.99323 	 12159.72286 	 218930.48033 	 29156.05001 	  921.52290 	 18167.61503 	 9302.85387 	 5820.83960 	 1481.19092 	 24402.85743 	 22334.71895 	 
3541.04657 	  930.97465 	 6708.43098 	 51989.43479 	 2533.15707 	 5510.73232 	 6009.77758 	 8599.39137 	 10054.61101 	 3425.52496 	 8473.76975 	 15105.97132 	 1059.99077 	 6516.41461 	    0.00000 	 2710.38103 	 29988.44211 	 7872.21769 	 4888.94211 	 3278.02227 	 8596.25465 	 15228.87093 	 5897.03069 	 2972.00637 	 13637.31448 	 
11937.18716 	 5429.28525 	 4019.79757 	 13740.29783 	 1447.60127 	 2094.19901 	 16418.66169 	 2424.30693 	 3375.56578 	 20037.66681 	 2725.27634 	 11846.45905 	 7114.02013 	 10972.78761 	 2337.83244 	    0.00000 	 18833.48429 	 3975.27121 	  788.78489 	 1352.76578 	 3832.04662 	 5890.37419 	 2400.21704 	 4142.47545 	 3774.39670 	 
59674.63104 	 18360.96726 	 203743.62437 	 150304.78281 	 17767.38705 	 48465.84113 	 33046.60000 	 16524.36697 	 67623.01573 	 32854.49848 	 22309.52321 	 103711.84968 	 9145.43665 	 167752.45788 	 23872.49252 	 27812.33241 	    0.00000 	 9991.31437 	 11548.71497 	 75834.02828 	 40305.48986 	 52996.66113 	 10875.37640 	 28494.72187 	 183816.57213 	 
11383.74906 	 5475.00236 	 27448.53946 	 40053.85445 	 6796.33112 	 13526.94788 	 9078.66034 	 3736.03565 	 25746.01709 	 4294.89984 	 5152.89945 	 20018.24166 	 3470.37096 	 32345.37255 	 5793.05389 	 4885.53213 	 6561.66865 	    0.00000 	 2787.08978 	 27166.71748 	 5735.62942 	 18545.33983 	 5000.89142 	 8092.28537 	 10678.39963 	 
1625.26083 	  803.16556 	 3438.32509 	 10863.73345 	 1059.63186 	 3100.21236 	 5728.05103 	 7726.90264 	 4751.47838 	 2293.75842 	 2783.88134 	 30786.65287 	  634.10521 	 1258.35468 	 6085.68020 	  936.91493 	 13151.32202 	 2139.18475 	    0.00000 	 1794.71731 	 3280.68859 	 12912.34967 	 4198.38127 	  589.22863 	 4403.23154 	 
4287.03559 	 8394.84666 	 12651.15715 	 23728.34332 	 3384.57547 	 5274.13611 	 3355.12742 	 3195.43730 	 13759.11623 	 2844.11309 	 2432.53093 	 11876.51415 	 1274.86783 	 17743.79824 	 2052.06439 	 1922.26400 	 66460.22383 	 30526.80339 	 2129.98369 	    0.00000 	 6447.45804 	 7451.31426 	 1538.73750 	 5629.97281 	 14069.57509 	 
5197.66742 	 3817.95772 	 8731.47037 	 52662.29686 	 4949.33333 	 6325.55938 	 7737.42136 	 7065.60424 	 9190.24717 	 8180.58115 	 13326.88524 	 13415.49584 	 6896.56781 	 10942.71223 	 6604.10760 	 4090.99634 	 31531.61218 	 9696.01016 	 2721.39941 	 4536.69208 	    0.00000 	 11296.76281 	 3701.30358 	 4757.44794 	 11523.86227 	 
6845.72149 	 5448.00689 	 18922.37278 	 27114.06518 	 3246.00407 	 6214.99530 	 10950.50251 	 17133.88967 	 10048.52227 	 7692.48520 	 8187.50950 	 98794.87829 	 2527.05088 	 7663.17665 	 16198.70816 	 7136.16215 	 56211.72408 	 16255.19028 	 13530.35222 	 7931.57243 	 9792.90290 	    0.00000 	 27160.86858 	 2550.27985 	 18918.07202 	 
2767.84785 	 4815.41039 	 3349.59687 	 10009.72318 	 1071.26462 	 2179.01724 	 6132.65930 	 7959.29122 	 4035.00147 	 3624.75584 	 3599.34391 	 25506.27332 	  815.37511 	 1916.32150 	 6565.54927 	 2549.36762 	 12854.19987 	 5660.16425 	 2839.69244 	 1577.97678 	 4038.63878 	 28330.63209 	    0.00000 	 1180.55343 	 4479.84830 	 
10771.03184 	 1918.09907 	 8759.88442 	 17575.53815 	 3371.48748 	 7212.15109 	 2694.77187 	 1594.63567 	 10692.49196 	 2158.14193 	 1724.82736 	 4608.66434 	 1568.89568 	 18168.99874 	 3272.89959 	 3496.78032 	 20997.74188 	 5359.82940 	  616.93736 	 5403.23615 	 2745.13868 	 2398.98290 	  765.43418 	    0.00000 	 5037.58901 	 
20546.39610 	  484.52460 	 65794.65070 	 48434.56650 	 7591.36508 	 16762.45880 	 12561.05557 	 8262.07532 	 17920.49672 	 6497.73697 	 8706.47553 	 24557.42571 	 5120.54763 	 22019.96311 	 10242.50323 	 4386.51808 	 154661.05950 	 8724.14599 	 2586.52698 	 13548.24301 	 9066.32282 	 23109.71578 	 4889.13574 	 6941.87102 	    0.00000 	 
   0.00000 	  667.54268 	  972.25156 	  624.41369 	  268.01325 	  558.28186 	  879.88285 	  864.87845 	  613.30895 	  807.26433 	  492.99499 	 2402.89455 	  290.96720 	  489.96333 	  667.45626 	  410.43974 	  689.33393 	  663.28148 	 1600.99851 	  517.69826 	  522.42368 	 2232.48584 	 2598.44311 	  334.03232 	  451.16182 	 
 485.98961 	    0.00000 	  304.49605 	  739.21298 	  306.83124 	  229.35013 	 1418.94478 	 1170.88810 	  349.23536 	 1517.78284 	  912.16881 	 2774.97234 	  662.95799 	  947.52851 	 1157.08310 	  881.75560 	  139.03041 	  122.41224 	 2085.03275 	  172.37754 	  913.28477 	 2091.87671 	 2289.55489 	  913.74258 	   40.74081 	 
 894.40602 	  297.13247 	    0.00000 	  923.19956 	  683.26703 	  458.56488 	 1594.32299 	 1333.40689 	  651.85642 	 1778.42791 	  924.09656 	 1824.27882 	 1440.33989 	 1522.27697 	 1454.21974 	  974.26076 	  230.46686 	  325.85758 	 1929.13607 	  568.30322 	  906.71270 	 2955.65515 	 2004.57779 	 1253.37635 	  319.66335 	 
 732.26523 	  558.94574 	 1009.97739 	    0.00000 	  220.33676 	  220.39963 	  575.26260 	  640.95889 	  278.97077 	 1083.95594 	  418.50718 	 1318.51808 	  617.56414 	 1229.62045 	  277.48713 	 1027.11425 	  598.07912 	  622.86517 	 1058.45749 	  380.58009 	  221.83139 	 2220.47703 	 2008.58207 	 1012.14556 	  700.79482 	 
 361.58586 	  457.32905 	  872.10712 	  256.68120 	    0.00000 	  206.97525 	  596.15269 	 1114.55297 	  197.34232 	 1077.46694 	  497.18569 	 2234.53967 	  343.81896 	 1171.56087 	  754.51127 	  648.09534 	  459.30957 	  573.05193 	 1470.11435 	  274.86969 	  372.62254 	 2580.04301 	 1823.00547 	  674.72120 	  370.48230 	 
 578.83944 	  308.69809 	  600.57940 	  272.69911 	  240.26180 	    0.00000 	 1164.39069 	 1572.26789 	  119.45638 	 1089.35857 	  494.53025 	 2317.22279 	  465.01539 	 1371.58904 	  509.54083 	 1068.00074 	  322.93318 	  430.17020 	 1555.81409 	  110.28334 	  493.79173 	 2040.87667 	 1724.75708 	  712.93176 	  372.31693 	 
 871.69269 	  861.92667 	 1343.13672 	  854.50598 	  891.40254 	  827.28042 	    0.00000 	  608.82741 	  922.54221 	  183.67913 	  551.98128 	 1122.11310 	  391.56960 	  927.10367 	  983.06060 	  438.74547 	 1626.59754 	 1659.26479 	  688.62137 	 1139.64423 	  440.50407 	 1862.28979 	 1730.01860 	  675.98077 	 1034.78215 	 
1228.71354 	 1523.88692 	 1371.48710 	  912.66673 	  862.45341 	  878.11104 	  493.44880 	    0.00000 	  914.04809 	 1043.65353 	  652.22962 	  604.61692 	  722.27653 	 1775.22226 	  592.98149 	 1004.92125 	 1541.40025 	 1429.78938 	  461.16137 	 1153.86678 	  785.02849 	  773.17371 	 1237.93789 	 1127.16020 	 1911.30431 	 
 701.38946 	  362.50957 	  789.48339 	  168.68256 	  309.66494 	   85.47622 	 1142.34990 	  824.47399 	    0.00000 	  845.47776 	  752.42872 	 1700.98975 	  469.12480 	 1411.92351 	  546.52890 	  920.59966 	  366.17153 	  422.20657 	 1558.76672 	  156.77509 	  347.98854 	 1706.34787 	 1435.44656 	 1006.39202 	  333.16880 	 
 629.25353 	 1109.09475 	 1850.46064 	  723.53370 	  722.55973 	  912.74478 	  163.44834 	  702.71913 	 1029.43884 	    0.00000 	  719.84253 	 1198.04325 	  434.31207 	  674.72466 	  998.94784 	  358.44373 	 1335.57464 	 1053.63131 	  986.46228 	  826.15239 	  730.75997 	 1280.43254 	 1765.58492 	  775.42635 	 1293.17270 	 
 861.13948 	 1240.88407 	 1037.76988 	  424.29895 	  680.25717 	  761.73306 	  401.99682 	  416.06394 	  533.15946 	  583.51780 	    0.00000 	 1335.46672 	  339.80600 	 1148.14936 	  501.47802 	  744.96091 	 1197.68022 	  882.99335 	 1155.91126 	  965.77231 	  222.83640 	 1784.43137 	 1778.15097 	 1256.70558 	 1119.34371 	 
2286.21322 	 2808.08132 	 2320.11358 	 1655.36232 	 1702.95387 	 1479.15543 	  881.85427 	  721.88637 	 2153.36020 	 1477.73904 	 1296.33751 	    0.00000 	 2009.10713 	 2729.84280 	 1237.57968 	 2131.53974 	 1985.36076 	 1708.58655 	  394.62497 	 1640.39766 	 1431.72136 	  455.78011 	  878.57574 	 2034.72792 	 1693.71938 	 
 310.94543 	  616.83692 	 1307.45633 	  342.67094 	  441.47643 	  773.06108 	  301.37815 	  965.42103 	  761.63422 	  577.45285 	  344.69350 	 1763.40197 	    0.00000 	  897.94940 	  794.04280 	  369.77398 	 1097.80037 	  893.76113 	 1462.53627 	  742.63578 	  192.65191 	 2078.41085 	 1720.68449 	  507.71650 	  542.41188 	 
 748.86999 	  761.67496 	 1569.81160 	 1279.95760 	  972.27329 	  914.59566 	  864.74899 	 1352.65832 	 1106.90225 	  733.96801 	 1281.30564 	 1895.70452 	  902.58996 	    0.00000 	 1899.78615 	  651.61893 	  811.28883 	 1247.12005 	 2253.22548 	  922.57955 	 1160.88722 	 3261.12728 	 3177.20321 	  142.23474 	  660.66712 	 
1076.10025 	  878.34965 	  870.34935 	  365.91869 	  757.10773 	  451.08987 	  642.54462 	  845.69887 	  476.13371 	  997.98088 	  405.35598 	 1420.20511 	  747.25925 	 1296.45335 	    0.00000 	  953.24349 	 1078.01813 	  937.60972 	 1260.30275 	  536.20932 	  469.35940 	 1476.33197 	 1236.73548 	 1480.58104 	 1062.08365 	 
 485.03857 	  797.67767 	 1409.76757 	 1017.86783 	  504.68772 	  726.00775 	  298.52195 	  915.89562 	 1015.65893 	  293.69894 	  866.37017 	 1301.58016 	  435.68180 	  557.75911 	 1246.97452 	    0.00000 	  880.96845 	 1029.63129 	 1605.40279 	  687.72704 	  497.73856 	 1407.52579 	 2128.64760 	  535.77407 	  692.73090 	 
 532.35684 	  158.77840 	  163.09693 	  672.21164 	  505.11283 	  293.64478 	  984.30023 	 1723.60198 	  395.65333 	 1669.66887 	 1028.63405 	 3084.98893 	  828.54867 	 1085.85768 	 1136.56792 	 1227.44508 	    0.00000 	   95.13284 	 1841.92837 	  252.56526 	 1133.45682 	 1853.82987 	 1932.58626 	  797.32039 	  266.88182 	 
 824.46439 	   90.03183 	  239.60945 	  516.56425 	  613.15045 	  468.23169 	 1099.61507 	 1467.77938 	  331.13882 	 1633.44548 	  898.37287 	 2308.72182 	  913.84428 	 1222.12807 	  857.77712 	 1271.06747 	   64.37816 	    0.00000 	 2283.72397 	  336.80997 	  645.49646 	 2484.10337 	 1753.19618 	 1194.11404 	  168.78752 	 
1489.02400 	 1898.72461 	 2370.72825 	 1574.68515 	 1377.69247 	 2088.91367 	  752.43563 	  769.78325 	 1387.58659 	 1042.83264 	 1302.73821 	  433.67214 	 1193.71359 	 2232.86126 	 1093.61904 	  983.36776 	 2762.33709 	 1521.80748 	    0.00000 	 1373.35824 	  979.51728 	  594.50114 	  965.64406 	 1832.57151 	 2535.37394 	 
 683.70438 	  170.14189 	  555.33376 	  352.48918 	  245.03011 	  105.64238 	  842.50674 	 1032.10967 	  237.87471 	 1075.13668 	  705.57218 	 1503.58155 	  578.49373 	  892.99265 	  571.56325 	 1006.02281 	  304.52625 	  235.71011 	 2314.84776 	    0.00000 	  548.35945 	 2046.79278 	 2745.43367 	  658.63661 	  189.67079 	 
 359.52001 	  727.82658 	 1096.51664 	  185.32348 	  238.02289 	  439.21852 	  600.04787 	  732.10545 	  576.42621 	  550.36027 	  177.58561 	 1863.70101 	  273.75610 	 1078.91313 	  422.39896 	  749.55712 	  687.59297 	  667.98293 	 1271.10940 	  660.64534 	    0.00000 	 1811.61751 	 1506.02182 	  690.12556 	  779.88238 	 
1800.76101 	 3120.65903 	 2498.13047 	 1658.48556 	 2193.15613 	 2034.13813 	 1866.62355 	  968.04285 	 1689.22934 	 1689.99824 	 1814.18875 	  285.01709 	 1575.23084 	 2592.71757 	 1169.78714 	 1550.96073 	 2343.36874 	 3241.02974 	  637.88763 	 2021.14594 	 1390.46844 	    0.00000 	  819.66094 	 1766.09303 	 2221.82354 	 
2018.37057 	 1986.89122 	 2464.22970 	 1526.29482 	 1883.09686 	 1433.85223 	 1510.98908 	 1157.95311 	 1467.27852 	 2122.90823 	 1396.14963 	  933.57318 	 1596.48616 	 3121.94561 	 1769.93540 	 1749.24605 	 2885.39917 	 3084.58498 	 1282.59366 	 2373.45486 	 2016.44823 	  647.01734 	    0.00000 	 2518.09727 	 2924.07374 	 
 369.19543 	  694.12292 	  860.50374 	  997.88479 	  884.13872 	  798.15291 	  930.20850 	 1591.92033 	 1161.07153 	  833.31069 	 1034.33482 	 2569.93338 	  737.96840 	  159.94063 	 1048.71333 	  372.89911 	  832.64304 	  696.83492 	 2318.41421 	  714.11356 	  764.51951 	 2005.06328 	 1955.15932 	    0.00000 	  681.35592 	 
 481.91721 	   25.87860 	  377.11673 	  639.30285 	  406.24792 	  322.26903 	  984.83717 	 1556.51334 	  338.85697 	 1416.70478 	  875.00077 	 2279.40794 	  538.15654 	  681.81942 	  808.33215 	  893.72595 	  251.30476 	  144.01135 	 1478.57086 	  193.56022 	  836.61163 	 2305.31614 	 2402.33297 	  918.86112 	    0.00000 	 
   0.00000 	 6993.93876 	 7495.48550 	 25282.49244 	 4422.52934 	 6251.31348 	 12913.85480 	 2149.38289 	 9878.55056 	 6240.20736 	 3155.60183 	 9582.02456 	 9926.95744 	 21672.56785 	 4371.64494 	 8493.65215 	 41979.05894 	 13996.44353 	 1424.95061 	 5836.68260 	 5757.16838 	 6398.87937 	 2015.30693 	 10461.15361 	 16765.26818 	 
6259.43197 	    0.00000 	 16811.46688 	 15189.38841 	 4095.83649 	 5295.59516 	 3396.65067 	 3169.88434 	 8008.21828 	 3735.02029 	 2102.91827 	 10058.02030 	 1298.75913 	 8864.80205 	  834.77768 	 4357.69626 	 18336.79614 	 5382.78860 	  702.96232 	 9118.70635 	 3196.39733 	 7540.19897 	 3884.72267 	 2088.04280 	  560.36813 	 
6674.10539 	 14987.05746 	    0.00000 	 35296.20042 	 4634.38847 	 10837.72360 	 5175.87847 	 4512.07562 	 13375.02298 	 5101.90753 	 4139.78106 	 22646.87990 	 1522.50930 	 24305.83564 	 7080.36264 	 3168.53459 	 265400.49928 	 46488.60877 	 3525.67793 	 15242.18522 	 5672.78488 	 14867.71483 	 5050.99924 	 6640.10432 	 55765.87260 	 
23891.96538 	 16312.78255 	 36753.45749 	    0.00000 	 23912.41593 	 44272.79079 	 16407.86413 	 30579.28505 	 59327.14402 	 17249.48926 	 34752.76758 	 83883.82540 	 10066.81995 	 44124.06205 	 38421.79348 	 16424.89235 	 201745.35757 	 34396.12763 	 19938.75448 	 29188.71695 	 45785.46403 	 44892.93205 	 11451.42844 	 13164.77372 	 42214.23610 	 
4090.68031 	 2392.51710 	 7324.59476 	 19652.35869 	    0.00000 	 5183.48532 	 2220.72875 	 1412.84122 	 8555.13563 	 2147.00028 	 2424.32634 	 4175.86970 	 2398.40563 	 8839.71927 	 1527.28497 	 1577.60307 	 19522.08032 	 5646.13093 	 1171.47886 	 4672.69672 	 5483.06430 	 2775.83710 	 1321.05965 	 3939.38269 	 7621.07260 	 
5273.54150 	 4762.06718 	 11500.31676 	 43484.54862 	 6410.37709 	    0.00000 	 3867.20457 	 3854.34405 	 11249.93005 	 2524.32864 	 2353.52300 	 17785.26230 	 1804.42000 	 14831.52442 	 6164.23621 	 1580.26816 	 45680.33003 	 16254.28436 	 2399.74947 	 5979.48836 	 8862.66156 	 6948.20072 	 1536.84384 	 7976.61524 	 18368.42020 	 
8330.61164 	 4825.95365 	 7207.70072 	 26611.13449 	 3871.72164 	 4307.56758 	    0.00000 	 11496.92882 	 5809.95441 	 37445.86436 	 9132.40976 	 26838.22724 	 5741.32265 	 8354.06358 	 4541.74075 	 13921.62367 	 37112.22468 	 8504.23268 	 5495.29463 	 3534.87162 	 12044.10070 	 16893.07275 	 5077.35196 	 2637.79500 	 9793.29345 	 
1842.05187 	 2892.97708 	 6673.04792 	 22610.00196 	 1103.06212 	 3032.73420 	 8485.67106 	    0.00000 	 6788.09829 	 7445.27495 	 10368.42183 	 38223.01359 	 1804.28336 	 4164.89378 	 6842.67019 	 2101.59026 	 29242.11571 	 6163.75829 	 10554.83190 	 2518.45272 	 8636.54844 	 20461.84798 	 7850.40079 	 1258.48092 	 9564.47795 	 
9682.13468 	 5161.69521 	 16462.88829 	 45644.51041 	 6725.40120 	 12808.14861 	 8182.05361 	 4303.13221 	    0.00000 	 4774.92390 	 4134.13274 	 23141.53314 	 3704.14669 	 30871.63740 	 10594.36430 	 5337.11119 	 93687.72588 	 20524.15287 	 4007.46101 	 12830.91606 	 11851.48853 	 16579.67389 	 3478.62507 	 13094.75349 	 20907.93852 	 
6784.21104 	 5254.33999 	 4821.28066 	 19547.01776 	 1773.30215 	 4138.00072 	 37938.51980 	 5419.05442 	 4445.51697 	    0.00000 	 3863.37466 	 13988.91023 	 4630.72336 	 6975.85810 	 3314.30826 	 19249.91499 	 35278.65534 	 5632.09051 	 1758.27498 	 4552.34832 	 6477.55280 	 9133.08652 	 3125.72116 	 2043.48076 	 5092.56973 	 
4383.10833 	 2173.70967 	 2780.58686 	 23579.81496 	 1605.77153 	 2103.46416 	 8292.64759 	 9506.24443 	 6352.13490 	 3722.60455 	    0.00000 	 12365.82888 	 2178.28740 	 3853.74635 	 8144.72182 	 2877.18313 	 22254.57775 	 3257.92165 	 3618.34995 	 1634.62399 	 18665.64724 	 6206.03961 	 3875.40862 	 1546.43253 	 8364.68177 	 
10078.23029 	 9369.00004 	 18041.47857 	 67843.28500 	 6605.48810 	 10624.78670 	 28094.32635 	 30285.34361 	 16948.07685 	 20531.67061 	 17858.43711 	    0.00000 	 5242.93231 	 15449.34573 	 22508.40858 	 7475.47511 	 79650.06494 	 17862.76957 	 37823.84001 	 10159.89300 	 19530.49215 	 70018.85475 	 36556.92550 	 4132.75895 	 31685.45606 	 
10982.05391 	  881.13890 	 1300.64019 	 10929.15043 	 2027.22741 	 2204.27222 	 5255.74954 	 1307.06818 	 3712.76292 	 3710.59541 	 3197.46311 	 5370.44991 	    0.00000 	 4150.15324 	  865.13431 	 4400.93406 	 12477.95084 	 2781.81616 	  722.14663 	 1357.88450 	 4504.58592 	 3574.68114 	 1180.28887 	 1846.86642 	 5879.63200 	 
20973.33321 	 6082.41628 	 26212.36906 	 41116.75600 	 7624.35611 	 10976.01097 	 7860.16094 	 3422.25587 	 23651.56690 	 9688.56606 	 5069.84200 	 12706.44233 	 2694.03488 	    0.00000 	 4496.87031 	 10652.53467 	 153364.18554 	 27583.66395 	 1457.33234 	 16500.54709 	 10388.20991 	 7171.38362 	 1942.22478 	 23901.24697 	 19464.69663 	 
2923.57218 	  932.79164 	 4639.00875 	 55267.13065 	 1951.36849 	 5672.06397 	 4256.86790 	 6289.60086 	 11118.74521 	 3475.96164 	 8366.30073 	 21040.19523 	 1151.09526 	 4401.81316 	    0.00000 	 2047.91632 	 24735.92930 	 6870.34458 	 5033.32302 	 3041.72439 	 5663.36362 	 16104.71446 	 7362.12676 	 2885.84060 	 9207.96560 	 
12175.04925 	 5754.15081 	 3587.53060 	 17726.59657 	  987.87224 	 1908.90176 	 11864.06538 	 1806.03844 	 4885.28821 	 16327.53827 	 2372.81449 	 12970.76883 	 7141.49797 	 9940.36901 	 2478.23439 	    0.00000 	 25669.62925 	 5047.91613 	 1104.98593 	 2236.64472 	 3945.32311 	 5847.67276 	 2626.31188 	 4481.71512 	 5810.65953 	 
51021.18450 	 18200.10142 	 257814.42261 	 134290.32127 	 22060.80743 	 44736.91677 	 25924.65808 	 21680.43949 	 93291.43373 	 35045.85896 	 19963.90075 	 111479.66528 	 11864.32958 	 144222.83603 	 30792.40419 	 18583.65344 	    0.00000 	 8595.81013 	 8238.83817 	 74279.73726 	 43934.12372 	 64311.55908 	 14554.33043 	 33631.74158 	 182493.22047 	 
13930.04646 	 8374.07775 	 47923.41829 	 39136.48279 	 6048.81575 	 17654.47315 	 7090.49000 	 6296.61766 	 21239.17307 	 5598.20442 	 5524.74849 	 18597.58843 	 2632.13672 	 30013.26905 	 6593.42650 	 4664.42458 	 9765.74325 	    0.00000 	 2897.71507 	 24551.98655 	 7038.22979 	 13836.97588 	 4778.96827 	 6664.32583 	 15009.82273 	 
1061.40771 	  696.59360 	 2876.48531 	 16659.05691 	  893.52604 	 3427.97137 	 5189.54096 	 11190.10367 	 3485.51394 	 2731.74820 	 3066.71468 	 36275.53923 	  569.02201 	 1276.84404 	 5409.31513 	  914.00681 	 11257.88652 	 3015.67280 	    0.00000 	 2109.21593 	 3738.64841 	 8072.10210 	 3428.18067 	  519.13632 	 3979.22687 	 
5023.53708 	 10004.95594 	 16990.47769 	 31344.34259 	 5274.77720 	 6487.31494 	 2934.45759 	 2425.08206 	 8095.98418 	 2894.54321 	 1964.60762 	 9711.26326 	 1413.82388 	 14234.70429 	 2245.76713 	 1710.06138 	 44560.68645 	 36626.95640 	 1362.89630 	    0.00000 	 5984.88564 	 7586.12072 	 2252.86938 	 4721.91920 	 10128.98843 	 
5410.69021 	 5000.46960 	 9163.11797 	 54292.54247 	 5904.94782 	 6805.25992 	 8184.69188 	 9039.77656 	 11383.18107 	 5620.69238 	 11663.85506 	 14722.46138 	 6625.46305 	 10521.31721 	 8017.61435 	 4352.58250 	 40391.47559 	 6701.85195 	 4496.34551 	 6164.99665 	    0.00000 	 12022.83066 	 3251.58692 	 4895.06167 	 14672.94577 	 
7043.25530 	 8231.52051 	 16173.82390 	 43635.30143 	 2342.25819 	 5310.73821 	 14115.26977 	 21262.53857 	 10254.97362 	 6929.27540 	 9982.91693 	 88058.62566 	 2297.81394 	 7699.33840 	 14276.01672 	 5243.94665 	 84197.27173 	 14816.68377 	 12242.33129 	 7136.09123 	 8905.27735 	    0.00000 	 31177.61233 	 2734.09527 	 17992.18296 	 
3150.93510 	 2968.95904 	 3402.30141 	 17565.35115 	 1380.07392 	 2681.54083 	 4193.82795 	 9193.00496 	 4798.73826 	 3101.99201 	 2138.97262 	 38281.81308 	 1014.40934 	 2100.30388 	 6958.83251 	 1983.88468 	 14043.15114 	 4505.47349 	 3287.33560 	 1708.16947 	 3704.12511 	 33134.40737 	    0.00000 	 1188.64580 	 3975.40989 	 
9783.06487 	 1883.78571 	 9007.12241 	 17642.33272 	 5679.77488 	 8452.57516 	 3398.17126 	  985.68128 	 16193.34091 	 2791.04396 	 1635.51093 	 3321.46185 	 1164.28679 	 24152.73825 	 3095.68748 	 3285.78600 	 22887.52478 	 5125.29008 	  524.44731 	 6135.47687 	 4076.41015 	 1890.44155 	  859.87295 	    0.00000 	 6518.68169 	 
17578.79066 	  515.50788 	 44186.79738 	 35884.29354 	 7541.67364 	 17788.45817 	 10877.50681 	 10828.63450 	 19738.20389 	 5619.46341 	 5689.01852 	 24851.98044 	 5264.36274 	 16113.61160 	 11649.50969 	 3838.73002 	 190315.26104 	 10802.41969 	 3808.48986 	 16801.23489 	 12266.17815 	 17134.97913 	 4852.51234 	 5407.33424 	    0.00000 	 
   0.00000 	  693.49330 	 1056.21085 	  691.58394 	  422.30172 	  564.41266 	  727.25312 	 1012.62642 	  757.80979 	  717.07227 	  597.35116 	 1779.88111 	  278.91411 	  758.77926 	 1122.39585 	  444.51321 	  530.46799 	  711.31897 	 1341.68956 	  408.27870 	  574.65205 	 1852.37175 	 2427.89881 	  466.91171 	  688.70827 	 
 460.42071 	    0.00000 	  277.71017 	  584.00575 	  370.32615 	  269.27631 	 1040.70955 	 1268.93666 	  377.31461 	 1438.96989 	  880.86835 	 2674.70154 	  632.57718 	 1042.30290 	  835.21160 	 1127.32492 	  191.95415 	   73.74817 	 2572.08213 	  261.51323 	  555.69443 	 3028.37905 	 2696.84299 	  733.69950 	   27.26215 	 
 942.24644 	  457.97866 	    0.00000 	  958.24450 	  845.63505 	  612.54414 	 1848.64962 	 1313.29315 	  507.20712 	 1538.54950 	 1330.64952 	 2669.07899 	 1450.04020 	 1614.06037 	  961.76247 	 1568.66595 	  150.87650 	  245.05829 	 2195.55989 	  405.47389 	 1063.18790 	 3437.57887 	 2810.86294 	 1489.94827 	  299.42540 	 
 731.95304 	  789.03202 	  702.60090 	    0.00000 	  192.29031 	  286.16302 	  823.99168 	  748.99320 	  166.31516 	 1065.57103 	  307.04653 	 1951.51683 	  419.57664 	  887.35872 	  340.61885 	  885.89740 	  595.10154 	  526.62924 	 1812.44262 	  495.92666 	  226.45072 	 1424.35847 	 1415.62799 	 1040.33845 	  516.35576 	 
 334.09943 	  338.48235 	  724.59973 	  182.24697 	    0.00000 	  227.46996 	  673.58058 	 1231.75817 	  171.98278 	  620.50903 	  411.01942 	 1839.06597 	  313.42797 	 1133.98745 	  529.36894 	  877.99347 	  596.65271 	  432.61496 	 1350.59707 	  321.00715 	  350.42757 	 1493.39158 	 2303.48906 	  602.51636 	  488.01792 	 
 671.47490 	  382.73420 	  434.56987 	  403.24365 	  175.44150 	    0.00000 	  763.88652 	 1533.68682 	   85.34004 	  913.11066 	  754.75389 	 1553.62564 	  808.27166 	  980.89070 	  582.12568 	 1156.45485 	  326.56192 	  279.09791 	 2084.38576 	  124.36858 	  414.79697 	 2627.63806 	 2436.31492 	  817.25850 	  280.54581 	 
 858.30472 	 1147.75709 	 1366.37814 	  931.61736 	  983.30054 	 1091.41045 	    0.00000 	  753.42107 	 1093.86775 	  189.38028 	  561.50478 	 1571.89863 	  451.80108 	 1026.13379 	 1065.43932 	  507.46256 	 1537.99562 	 1075.91503 	  681.47199 	  850.52255 	  427.95862 	 1631.04602 	 1309.77117 	  764.67161 	 1023.28816 	 
1564.80988 	 1347.20565 	 2073.80788 	  795.85199 	 1137.17564 	 1206.59870 	  654.39392 	    0.00000 	  874.27392 	  742.24774 	  519.78231 	  840.53135 	  680.91311 	 2009.72456 	  698.59098 	  853.53823 	 1685.77982 	 1402.95576 	  532.45207 	 1546.23114 	  559.26889 	  805.97469 	  972.67772 	 1333.53303 	 1082.70519 	 
 650.61506 	  328.38019 	  798.47317 	  287.52230 	  236.84888 	   84.07443 	  813.75861 	 1226.28922 	    0.00000 	 1370.75910 	  569.52947 	 2217.39077 	  441.84383 	 1420.38295 	  523.03151 	  690.12074 	  613.66293 	  567.36050 	 1713.91330 	  146.10736 	  321.72709 	 1991.81061 	 1948.46460 	 1199.30157 	  332.63352 	 
 897.06373 	 1541.02544 	 2049.94748 	 1157.55634 	 1072.74929 	 1266.95071 	  156.29611 	  882.15026 	  923.23031 	    0.00000 	  593.39205 	 1004.51946 	  561.01977 	 1097.31607 	 1242.05730 	  372.06665 	 1128.51388 	 1543.25133 	  887.13601 	 1253.69704 	  755.97238 	 1442.72064 	 1357.93722 	  891.90554 	 1505.68075 	 
 883.42007 	  815.92224 	 1537.47792 	  295.71000 	  671.14173 	  657.33827 	  359.31481 	  631.02117 	  746.11502 	  677.44245 	    0.00000 	 1314.60963 	  277.90353 	 1353.50519 	  452.65688 	  642.36766 	  783.57325 	  978.77835 	  773.65284 	  612.11499 	  230.44513 	 1271.12751 	 1302.61841 	 1068.48455 	 1082.77647 	 
2122.37924 	 2283.99757 	 2053.61181 	 1904.90869 	 1553.93207 	 1565.62234 	 1061.38909 	 1049.75065 	 1541.72929 	 1222.96334 	 1613.04530 	    0.00000 	 1229.14248 	 1649.50470 	 1463.95006 	 2077.59481 	 2689.67212 	 1861.14981 	  360.80511 	 2182.95505 	 1481.28552 	  378.70593 	 1196.24610 	 2020.37093 	 1700.12269 	 
 254.33301 	  615.11658 	 1427.76087 	  613.42214 	  469.72542 	  580.31025 	  510.99631 	 1076.55840 	  707.50278 	  478.89340 	  417.32212 	 1785.83615 	    0.00000 	  728.59133 	  896.21958 	  358.70060 	  731.70630 	 1114.19919 	 1318.80442 	  808.06767 	  186.21783 	 1664.96488 	 1350.28791 	  487.43409 	  654.01874 	 
 593.42481 	 1185.71338 	 1353.09642 	 1416.39911 	 1092.71343 	  851.10232 	 1292.52169 	 1304.18168 	 1016.99427 	 1243.10825 	 1435.99241 	 1643.78555 	 1067.49775 	    0.00000 	 1641.80804 	  691.69015 	 1252.07416 	  945.85457 	 1554.43394 	  740.41537 	  920.14028 	 2373.24152 	 3364.75917 	  180.84300 	  783.73750 	 
 871.34312 	  948.03609 	 1235.72179 	  283.97286 	  629.25032 	  673.96579 	  675.82740 	  594.61449 	  394.20661 	  877.86207 	  506.59841 	 1377.76030 	  906.95967 	 1176.23215 	    0.00000 	 1059.37944 	  938.66347 	  731.11786 	 1096.00346 	  830.94249 	  368.39859 	 1570.60867 	 1674.56998 	  944.62836 	 1127.44186 	 
 394.71723 	 1116.20382 	 1776.16844 	  740.19809 	  653.68708 	  738.09196 	  528.53649 	 1318.54785 	  901.36661 	  231.48136 	  590.33329 	 1911.65246 	  258.78760 	  591.35293 	  849.93208 	    0.00000 	  848.85766 	 1036.78789 	 1536.40560 	 1119.38108 	  687.67964 	 2055.86659 	 1832.54859 	  570.62165 	  767.25631 	 
 889.29190 	  213.21695 	  182.25642 	  731.98841 	  701.10829 	  377.28506 	 1681.40349 	 1792.94034 	  410.26656 	 1241.01144 	 1258.35151 	 2236.38447 	  673.74840 	 1169.14634 	 1278.33872 	  845.57072 	    0.00000 	   91.64526 	 2633.47506 	  237.19137 	  748.87367 	 2306.94597 	 2585.95556 	 1191.11758 	  279.81137 	 
 559.40119 	   93.13841 	  317.82287 	  597.24610 	  588.94249 	  434.53146 	 1373.06875 	 1879.21650 	  503.58179 	 1019.66962 	 1102.90461 	 2424.14293 	  720.18077 	 1101.05276 	 1084.96081 	  799.67300 	   98.47416 	    0.00000 	 1582.84406 	  319.23787 	 1033.11993 	 2000.09936 	 2753.51736 	  896.96919 	  115.52261 	 
2048.81273 	 2453.42956 	 2474.26561 	 1381.19444 	 2031.49677 	 1840.81204 	  685.61256 	  460.79978 	 1972.71511 	 1204.75955 	  888.43665 	  432.44440 	 1053.87270 	 2090.99852 	 1344.25116 	 1343.28508 	 1737.15265 	 2361.46270 	    0.00000 	 1989.74727 	 1130.85072 	  612.25754 	  939.99470 	 1680.61379 	 1803.55555 	 
 587.16324 	  202.99538 	  633.64316 	  347.57195 	  191.12030 	  111.86725 	 1238.25732 	 1358.05473 	  142.42315 	  977.54156 	  867.22123 	 2303.90293 	  593.65669 	  950.24791 	  732.19138 	 1088.46091 	  231.12799 	  216.80048 	 1681.82934 	    0.00000 	  644.26397 	 1607.18865 	 1605.82608 	  814.41879 	  202.01419 	 
 384.47975 	  577.37356 	  970.65138 	  329.38411 	  295.15549 	  550.99015 	  569.88018 	  635.58198 	  487.48142 	  727.13936 	  238.84251 	 1110.21842 	  241.31345 	  922.68545 	  458.79682 	  435.27043 	 1082.22320 	  703.29547 	 1514.51691 	  715.74309 	    0.00000 	 2201.35054 	 1858.68505 	  999.34160 	  748.54372 	 
2485.04912 	 2291.48125 	 2237.02293 	 1543.30697 	 1673.60658 	 1709.68785 	 1876.71520 	 1176.31886 	 1819.43128 	 1745.95493 	 1936.74298 	  340.73134 	 1843.75278 	 2816.03931 	 1967.41945 	 1755.56877 	 2736.79729 	 3262.25357 	  487.94476 	 2085.56511 	 1752.17716 	    0.00000 	  539.71578 	 3063.49162 	 2319.18289 	 
1867.89731 	 2852.33181 	 2308.54379 	 1902.22791 	 2213.95247 	 1419.76172 	 1452.49838 	 1268.23090 	 2248.25131 	 2004.84774 	 1188.98428 	 1117.00843 	 1774.44287 	 3469.79190 	 1814.37432 	 1905.61014 	 3027.60631 	 1791.96872 	 1025.94575 	 1895.34321 	 1797.35638 	  520.98504 	    0.00000 	 3026.42888 	 2870.36818 	 
 444.02814 	  901.42493 	 1047.39718 	 1205.89723 	  680.12014 	  748.93484 	  717.21538 	 1070.05550 	 1234.78716 	  561.73467 	 1291.61977 	 1776.15681 	  694.18456 	  161.26378 	 1515.98714 	  468.99388 	  855.27809 	  651.46322 	 1559.80389 	  632.03380 	  624.30396 	 2019.62907 	 2236.66033 	    0.00000 	  584.90394 	 
 537.22394 	   44.76492 	  370.32734 	  625.90649 	  392.42751 	  229.81216 	 1076.64447 	 1469.39395 	  430.62367 	 1183.70187 	 1051.58902 	 1606.42052 	  918.59565 	  970.69596 	  671.15591 	  892.44395 	  261.35469 	  110.92397 	 1860.99529 	  221.69250 	  552.41222 	 1931.57222 	 1843.22914 	  713.84213 	    0.00000 	 
   0.00000 	 5015.86669 	 8065.07291 	 23795.48552 	 4335.37011 	 6060.30053 	 13766.31257 	 2150.84879 	 11065.00183 	 8258.09783 	 4468.62760 	 8961.66822 	 11715.12461 	 24624.83475 	 4018.23729 	 11127.54244 	 57398.90229 	 11914.84891 	 1334.57549 	 3887.19319 	 7773.68308 	 7830.64315 	 2974.09371 	 14240.45278 	 12535.13048 	 
6695.44868 	    0.00000 	 15560.11644 	 12234.62041 	 3115.58848 	 4949.39455 	 3557.22521 	 3368.16488 	 5810.65778 	 4314.07843 	 2153.36056 	 6269.34513 	 1244.56523 	 9251.82285 	 1143.36910 	 4822.04608 	 23879.20675 	 5200.63960 	 1027.02660 	 9677.86189 	 3374.74775 	 6000.29947 	 4088.04083 	 2107.43758 	  563.37951 	 
6041.36512 	 14471.15935 	    0.00000 	 38430.67152 	 5215.51575 	 10886.86075 	 6602.68536 	 5230.81742 	 17572.51411 	 3928.22689 	 3052.03848 	 23271.79895 	 2055.23236 	 29336.19437 	 6647.88066 	 2583.72023 	 244921.97350 	 27935.60665 	 3331.19211 	 10093.54702 	 7044.30815 	 12107.80351 	 3200.96799 	 10464.93398 	 60324.43902 	 
19238.32840 	 15626.91609 	 40639.48930 	    0.00000 	 16704.78942 	 29032.27574 	 19852.48105 	 28309.45974 	 40861.23861 	 19798.71210 	 23478.98465 	 83452.99813 	 14157.35752 	 50674.66823 	 64844.84541 	 10481.63821 	 205094.13124 	 28415.11552 	 18284.90076 	 31698.05463 	 41656.08498 	 26634.98998 	 11699.04826 	 20178.94859 	 35841.66008 	 
5542.64548 	 3615.75061 	 7738.11726 	 24497.78900 	    0.00000 	 7998.28461 	 2846.21892 	 1532.16081 	 8695.02778 	 1895.27502 	 1838.06411 	 4748.24763 	 2262.90411 	 6242.51608 	 1851.73449 	  961.35181 	 19259.72855 	 5906.52779 	 1320.98368 	 4864.15584 	 5733.55331 	 3811.66939 	  987.79923 	 5472.75301 	 6292.47460 	 
5855.21662 	 7209.13700 	 12296.18492 	 42950.15329 	 6974.12747 	    0.00000 	 3927.88940 	 2685.33789 	 8058.05507 	 3142.05295 	 3324.26199 	 15144.73936 	 2128.98301 	 18234.58193 	 4447.60508 	 2438.44082 	 53934.08103 	 18638.01219 	 3375.55660 	 3961.55348 	 6461.39839 	 6536.28570 	 1921.64636 	 8472.81624 	 18309.82928 	 
13253.79416 	 4351.11257 	 4434.15690 	 17799.74462 	 3379.91449 	 5312.57374 	    0.00000 	 12826.24161 	 5019.42021 	 40726.88496 	 8401.38420 	 30561.68891 	 7410.90902 	 10020.07981 	 3362.00144 	 11552.95707 	 22598.53144 	 7161.83373 	 4202.46116 	 3792.21684 	 11947.04483 	 10980.76068 	 6315.13572 	 3469.66461 	 12902.50131 	 
1893.05305 	 2784.81102 	 6306.95564 	 20717.04198 	 1956.23972 	 4102.69165 	 12352.37696 	    0.00000 	 4408.80155 	 6316.55809 	 12877.12350 	 34392.85645 	 1628.88766 	 3810.66687 	 6346.64467 	 3230.81863 	 23970.62313 	 4113.03667 	 8012.73060 	 2432.53350 	 6535.30781 	 20159.38391 	 8195.85820 	 1288.63031 	 10189.68583 	 
10408.47931 	 8671.67961 	 17391.28042 	 55964.10887 	 5686.29068 	 12386.70383 	 7786.99040 	 4225.71814 	    0.00000 	 5439.22706 	 5423.96200 	 24241.03449 	 4401.70030 	 29281.41550 	 11972.68451 	 3684.84990 	 61408.88966 	 17267.54290 	 5287.39458 	 12466.28865 	 12161.32497 	 11642.08809 	 4604.80073 	 12226.27292 	 14366.30876 	 
6005.13175 	 3922.63108 	 3858.83437 	 13448.85668 	 2329.25785 	 4302.13177 	 27072.54071 	 6919.91417 	 3588.06861 	    0.00000 	 4025.53496 	 19955.41563 	 2970.63161 	 9017.84157 	 2958.26132 	 18858.29524 	 25331.16140 	 6623.04408 	 1630.51667 	 2587.38062 	 8787.59955 	 7743.93672 	 3113.19666 	 2820.40163 	 4132.25435 	 
4033.03514 	 1737.05966 	 2398.96852 	 24407.12727 	 2873.14851 	 3307.23915 	 10485.94687 	 8301.60424 	 5731.54364 	 4752.21217 	    0.00000 	 15164.31319 	 2506.48235 	 4831.16991 	 9515.02560 	 3288.15982 	 22163.28026 	 4789.14546 	 4050.03686 	 2997.13270 	 17656.30084 	 9493.95752 	 3325.02484 	 2265.21178 	 8538.83857 	 
7770.81777 	 5699.55728 	 26437.74130 	 67131.03551 	 6410.56021 	 18585.07761 	 30075.44854 	 23846.42186 	 20688.17280 	 14662.77453 	 13559.11342 	    0.00000 	 5485.53504 	 15333.30343 	 19594.23132 	 8779.16597 	 113659.04772 	 21101.73074 	 27561.82090 	 9743.56272 	 13823.92451 	 117675.00318 	 31390.40579 	 3354.98563 	 17269.82686 	 
7948.01393 	 1481.87135 	 1842.78952 	 16577.85340 	 1586.78360 	 2504.53939 	 8190.43727 	 1351.40388 	 4866.40406 	 4760.39626 	 3114.39303 	 5848.12576 	    0.00000 	 3371.49209 	 1249.22058 	 5998.33522 	 8861.99169 	 2326.17221 	  687.40079 	 1314.48050 	 6082.32917 	 2469.76734 	 1166.97472 	 1715.34805 	 5142.82103 	 
21769.40972 	 8844.55019 	 18018.85863 	 52756.11765 	 6650.72825 	 11642.38633 	 7407.70114 	 3942.44265 	 18840.31542 	 10880.57436 	 4575.93002 	 16720.32045 	 2804.08602 	    0.00000 	 6697.73000 	 9370.46492 	 184766.77955 	 23393.81416 	  861.56706 	 14601.18128 	 6209.20220 	 9252.06742 	 2299.05067 	 18715.96775 	 19359.37662 	 
4110.86591 	 1032.43202 	 4585.47519 	 62295.84910 	 1707.71584 	 4857.79135 	 4849.18351 	 6701.77982 	 9971.84434 	 2323.48591 	 9884.42253 	 17395.78627 	 1124.75565 	 5703.31757 	    0.00000 	 1535.04563 	 27504.53688 	 7239.28284 	 3937.23704 	 3117.83789 	 8952.63792 	 13323.36374 	 6605.89657 	 3624.45144 	 13397.43814 	 
7396.20608 	 4343.59623 	 3403.38970 	 17433.40556 	 1200.61333 	 2362.94576 	 9737.89138 	 2282.14269 	 4836.20956 	 23260.01015 	 3103.49575 	 9637.50493 	 6303.91743 	 8231.54956 	 2639.05174 	    0.00000 	 18431.78992 	 3315.23683 	  721.98275 	 1476.60816 	 4088.28934 	 6032.50913 	 1969.23773 	 3235.94502 	 4894.69520 	 
39452.17194 	 31528.00778 	 243449.19553 	 206251.22832 	 26508.85129 	 45508.75037 	 31583.29458 	 19246.18911 	 79529.73627 	 27012.63632 	 18028.53357 	 92970.20938 	 8544.45316 	 182235.53679 	 26654.92654 	 21619.19665 	    0.00000 	 10948.38564 	 8363.43346 	 57479.95649 	 34534.20848 	 66125.61372 	 18995.84439 	 26226.29304 	 192590.90324 	 
10944.88971 	 4609.72376 	 38483.96952 	 43319.59801 	 4783.94612 	 11803.65681 	 9480.45816 	 5251.81610 	 18808.16124 	 5529.48990 	 5187.01825 	 22274.23309 	 2244.43752 	 27897.23627 	 6468.86973 	 5271.97224 	 7356.93122 	    0.00000 	 3404.73845 	 22137.15135 	 9529.65933 	 14843.95216 	 4450.06649 	 6750.55516 	 10486.08910 	 
1571.08606 	  583.96114 	 3103.03508 	 13291.48482 	  784.14969 	 3808.52845 	 7057.76626 	 7114.37622 	 5536.71807 	 2598.24405 	 2381.05202 	 39780.98588 	  555.28229 	 1177.95265 	 6382.29825 	 1124.30297 	 9439.07926 	 3541.08711 	    0.00000 	 2390.41791 	 4482.39673 	 9509.19837 	 4248.08020 	  686.37482 	 3865.22375 	 
4009.58009 	 10328.69457 	 16249.87272 	 32272.22021 	 3240.08534 	 5371.84115 	 3359.43070 	 2183.20458 	 11984.82042 	 3453.47247 	 2467.31679 	 9283.21834 	  979.59775 	 12845.82536 	 2344.80287 	 1727.68515 	 57572.83203 	 33349.34955 	 1453.14780 	    0.00000 	 4883.96931 	 5460.70872 	 2526.58341 	 4926.81596 	 15831.49438 	 
4852.51104 	 4606.82036 	 8688.13101 	 33220.00246 	 3935.97668 	 8246.57978 	 11093.18959 	 8798.70152 	 11806.26863 	 6266.51423 	 17157.63080 	 14689.68415 	 8004.38163 	 7024.56325 	 9776.62577 	 3773.90664 	 31552.56291 	 9690.19203 	 3858.32826 	 5352.65887 	    0.00000 	 9443.24823 	 3100.34689 	 4807.72508 	 15037.70648 	 
7723.51396 	 6545.69236 	 17139.01969 	 36695.28215 	 3988.60673 	 5578.15896 	 16392.67295 	 22038.51504 	 16447.42844 	 8225.91794 	 8851.96658 	 80675.68672 	 3086.14842 	 7754.72711 	 8901.50459 	 4588.40322 	 89612.30406 	 15851.69259 	 14755.94279 	 8325.86057 	 7807.59841 	    0.00000 	 40619.66204 	 3293.61157 	 17462.85134 	 
2877.50933 	 2615.86834 	 3524.71784 	 16190.38074 	 1176.40674 	 1828.47879 	 4560.36211 	 9473.92652 	 3398.31949 	 3671.93997 	 2241.55472 	 37365.62101 	 1340.62560 	 2077.97805 	 7789.25733 	 2060.62223 	 17478.88560 	 5578.43474 	 3771.02979 	 1837.89328 	 2916.20152 	 32321.31728 	    0.00000 	 1094.87841 	 4146.65232 	 
14935.69282 	 1729.62204 	 7472.91585 	 19775.32256 	 5817.16087 	 6522.99718 	 3074.58674 	 1426.20423 	 15694.28969 	 2466.62596 	 2237.50366 	 4867.80391 	 1339.02204 	 23832.20062 	 2335.82589 	 3031.57208 	 29978.80540 	 4642.78375 	  518.92394 	 6112.33470 	 2826.79125 	 2592.33522 	 1207.58642 	    0.00000 	 6702.48846 	 
15051.57754 	  474.03578 	 54203.96085 	 37415.27671 	 7845.32882 	 12311.36181 	 12490.91859 	 10678.13385 	 18005.13171 	 4418.23153 	 5300.48531 	 29232.65728 	 5671.78883 	 21365.73847 	 10528.82353 	 4768.08251 	 216478.61586 	 11439.46965 	 3101.12804 	 11739.06935 	 12580.16421 	 16345.18527 	 3555.90639 	 5923.18714 	    0.00000 	 
   0.00000 	  608.96953 	  993.23469 	  449.22937 	  309.50460 	  621.03174 	  579.08754 	 1332.67133 	  694.20268 	  591.46362 	  718.58918 	 1665.54755 	  314.74342 	  657.88764 	 1148.64938 	  512.96089 	  922.77350 	  553.30657 	 1639.26473 	  621.03760 	  470.46151 	 2146.69072 	 2788.29624 	  366.13812 	  412.15069 	 
 577.95518 	    0.00000 	  326.17894 	  746.11168 	  540.71545 	  390.16371 	 1154.07508 	 1153.11370 	  441.55932 	 1487.85340 	 1218.66334 	 2279.17602 	  758.35583 	 1216.78507 	 1135.83739 	 1147.71857 	  181.84986 	   95.04866 	 1460.72783 	  207.85612 	  515.87053 	 2941.20664 	 2071.53753 	  772.67622 	   29.29106 	 
 941.47114 	  420.90965 	    0.00000 	  749.24275 	  597.99209 	  587.79522 	 1517.58451 	 1501.89388 	  470.35818 	 2033.15245 	 1176.44682 	 3188.81225 	  975.89912 	 1374.81626 	 1049.97994 	 1443.92446 	  162.95778 	  208.39032 	 1748.11912 	  370.49941 	  788.50112 	 2820.51442 	 1873.11847 	  911.81296 	  501.54450 	 
 689.26540 	  610.34552 	  867.50345 	    0.00000 	  268.45471 	  304.20469 	  612.83179 	  637.59469 	  288.78973 	  993.27285 	  367.77854 	 1742.88978 	  593.25122 	 1361.11177 	  387.75027 	  997.09948 	  695.72210 	  868.79744 	 1610.29812 	  286.33767 	  202.23916 	 2349.81178 	 2018.40743 	 1026.23877 	  620.98950 	 
 347.09858 	  535.01824 	  814.13426 	  298.93653 	    0.00000 	  235.14233 	  660.33209 	 1240.17353 	  186.20100 	  723.22114 	  453.84987 	 1739.59393 	  289.77472 	 1035.36428 	  677.49481 	  620.85986 	  456.38012 	  438.05630 	 1668.31088 	  281.97592 	  345.53394 	 2281.24201 	 2415.85885 	  821.62400 	  362.34856 	 
 468.46826 	  284.33357 	  417.69789 	  241.19757 	  215.73733 	    0.00000 	 1210.02322 	 1134.57089 	   80.76384 	  873.93861 	  746.12959 	 1485.58391 	  743.23663 	  805.92436 	  546.56607 	  966.55773 	  433.45944 	  333.07108 	 2004.01638 	  115.83630 	  356.08892 	 1799.36359 	 1761.45064 	  814.83295 	  298.19696 	 
 703.89075 	  858.01532 	 1797.67305 	  867.09423 	  655.53868 	  929.68836 	    0.00000 	  679.78098 	  773.42371 	  207.95667 	  555.34887 	  932.48601 	  442.99639 	  963.53104 	 1024.75660 	  373.17919 	 1172.81659 	 1061.90940 	  972.35336 	  881.16630 	  495.94959 	 1462.42340 	 1486.55811 	  910.70405 	 1180.03903 	 
1067.39608 	 1624.80549 	 1372.98373 	  857.00312 	  854.03804 	 1451.08360 	  653.96882 	    0.00000 	 1074.46188 	  882.20843 	  437.11428 	  648.64505 	  685.29561 	 1872.66911 	  641.62003 	 1155.63450 	 1151.51107 	 1580.15316 	  755.91035 	 1057.88138 	  949.37894 	 1143.27961 	  777.32725 	 1194.28678 	 1308.01203 	 
 777.59810 	  326.72486 	  606.15965 	  170.42790 	  211.89483 	   90.37713 	  994.93459 	 1304.44336 	    0.00000 	  837.60967 	  689.20693 	 2393.77631 	  458.24596 	  954.25083 	  409.95420 	  835.05343 	  590.18455 	  438.69209 	 1527.80281 	  235.78464 	  558.06648 	 1836.94433 	 2394.61837 	 1157.84781 	  437.21710 	 
 800.18240 	 1408.80749 	 1878.87708 	  757.99851 	 1136.40803 	 1227.42418 	  202.75760 	  707.43679 	 1337.98482 	    0.00000 	  632.44548 	 1587.08400 	  367.50999 	 1147.13333 	  947.03582 	  353.02660 	 1102.02158 	 1536.96075 	 1300.44341 	  944.06158 	  485.10273 	 2090.58080 	 1435.20390 	  589.52393 	 1538.44512 	 
 721.82686 	 1151.42106 	 1541.20785 	  497.86169 	  665.41644 	  586.64483 	  406.59276 	  580.51087 	  539.48247 	  662.42573 	    0.00000 	 1594.79463 	  381.92677 	 1221.01576 	  409.25756 	  633.83785 	 1236.90080 	 1300.29146 	  746.64796 	  906.01142 	  266.75863 	 1494.16852 	 1873.89240 	 1278.94578 	  906.95687 	 
1998.88908 	 2789.80800 	 3070.91882 	 2089.78314 	 1341.11750 	 1607.06228 	 1131.55713 	  782.65688 	 2245.05831 	 1282.61175 	  960.13800 	    0.00000 	 1319.73456 	 2034.89087 	 1938.72575 	 1369.90048 	 1886.36817 	 2332.08725 	  399.77743 	 2505.75257 	 1744.93370 	  326.11891 	  955.53207 	 2743.07034 	 1613.80773 	 
 400.59621 	  993.82458 	 1368.36285 	  576.53508 	  428.21938 	  621.39961 	  405.71313 	  865.08171 	  770.01163 	  418.53560 	  380.06638 	 1339.37822 	    0.00000 	  901.84048 	  494.28397 	  373.44652 	 1063.29401 	  736.86974 	 1393.13543 	  602.89478 	  263.89005 	 1350.47768 	 1834.52806 	  534.63664 	  821.54726 	 
 611.66690 	  763.13893 	  931.61063 	  857.65627 	 1218.58516 	 1234.16096 	 1035.25557 	 1333.08094 	  963.54461 	 1048.86938 	 1459.25055 	 2176.12617 	 1023.58524 	    0.00000 	 1708.28938 	  682.77965 	 1121.65291 	 1089.07069 	 2297.50170 	  901.18134 	 1373.52983 	 2378.02755 	 2191.30848 	  185.20026 	  929.03408 	 
 923.15801 	  926.16058 	 1169.73748 	  442.80216 	  658.24227 	  767.15018 	  658.75772 	  609.84211 	  397.28721 	 1218.22773 	  441.03346 	 1802.94901 	  863.61879 	 1567.71335 	    0.00000 	 1322.98510 	  828.39337 	  705.97546 	 1432.87722 	  529.36265 	  509.28547 	 1615.58400 	 1731.18170 	 1648.30537 	 1144.65221 	 
 505.55833 	  863.44186 	 1213.83649 	  776.51984 	  496.04137 	  887.36655 	  506.32640 	  813.01815 	 1000.45581 	  258.04846 	  497.77198 	 1705.99954 	  376.83671 	  751.38048 	 1269.18589 	    0.00000 	  970.04979 	 1288.30120 	 1146.09291 	 1002.27598 	  599.50840 	 2294.61740 	 1884.53184 	  388.94861 	 1030.05976 	 
 661.64725 	  135.71821 	  197.38876 	  850.28890 	  670.68738 	  421.16489 	 1219.32531 	 2021.01936 	  487.05751 	 1029.64475 	 1220.81108 	 1735.63057 	  695.94850 	 1220.04861 	 1148.43042 	 1468.09227 	    0.00000 	   91.75328 	 2567.67834 	  416.31014 	 1096.54100 	 3138.16638 	 1859.35392 	  818.60786 	  176.14104 	 
 592.48117 	  116.98314 	  234.86771 	  766.13881 	  441.47487 	  449.39741 	  983.13395 	 1288.92377 	  348.29797 	  970.52060 	  969.80653 	 3077.13911 	  885.19844 	  970.56593 	 1045.34338 	  859.55972 	   87.63040 	    0.00000 	 2508.78377 	  219.48112 	  892.43542 	 2626.76157 	 1898.81483 	 1035.08951 	  106.65386 	 
1141.57812 	 2094.43854 	 2264.43408 	 1117.60031 	 1698.88676 	 1424.91326 	  971.38951 	  561.78052 	 1827.27348 	  749.38425 	 1136.66280 	  256.83772 	 1446.26349 	 2178.76897 	 1368.41575 	 1250.20957 	 1637.00775 	 2033.50767 	    0.00000 	 1867.14040 	 1136.84976 	  612.17655 	  968.30085 	 2230.56566 	 2456.50495 	 
 600.25353 	  253.73928 	  453.37698 	  297.26551 	  245.37277 	  101.60390 	 1186.40493 	 1445.10426 	  196.59003 	 1057.14565 	  620.66862 	 1850.73557 	  606.39569 	 1061.22519 	  688.55493 	  662.41302 	  265.96719 	  303.74394 	 2336.19361 	    0.00000 	  637.25961 	 1753.27251 	 2207.59074 	  804.73491 	  139.76247 	 
 345.79350 	  539.31030 	 1256.55549 	  302.85403 	  261.75530 	  619.74784 	  509.49915 	 1012.73699 	  415.21096 	  541.94905 	  209.69708 	 1914.02727 	  243.09626 	  841.00225 	  533.60995 	  733.24848 	  751.66747 	  928.29783 	 1125.89442 	  631.18115 	    0.00000 	 1574.82930 	 1641.58517 	  960.32279 	  563.63486 	 
2541.92436 	 2708.67216 	 2162.95300 	 1936.61130 	 1491.84378 	 2357.54416 	 1387.69044 	  835.25254 	 2584.35040 	 1424.54025 	 1802.33469 	  437.23482 	 1274.53468 	 2263.16097 	 2059.48045 	 2311.13009 	 2254.70354 	 2454.82628 	  822.31884 	 2082.12820 	 2016.05697 	    0.00000 	  715.28968 	 2682.73985 	 2714.52810 	 
2405.86145 	 2402.95853 	 2254.99456 	 1528.02269 	 2536.11979 	 1962.91850 	 1298.06331 	 1053.83959 	 2109.03095 	 1618.64133 	 1372.18913 	  766.13066 	 1440.43974 	 2248.87501 	 1058.15107 	 2409.74411 	 2851.80108 	 2309.39489 	 1100.88333 	 1725.62130 	 1312.55888 	  584.31898 	    0.00000 	 2289.07702 	 2419.85376 	 
 358.18341 	  843.08865 	 1228.76795 	  894.76839 	  624.79745 	  851.86842 	  686.87656 	 1598.99583 	 1231.86347 	  805.37069 	  816.10219 	 1687.89450 	  506.21062 	  165.72619 	 1476.23212 	  554.01257 	  894.10953 	 1016.61668 	 1925.82646 	  689.66652 	  648.67861 	 2194.29972 	 3170.86322 	    0.00000 	  805.82647 	 
 620.85636 	   37.49977 	  430.57048 	  433.09689 	  357.45750 	  344.68777 	 1419.88932 	 1339.27246 	  417.33237 	 1503.12244 	  834.38431 	 2800.18517 	  947.52729 	  664.64070 	  694.64395 	  943.04758 	  242.20256 	  102.43146 	 2420.44751 	  207.45129 	  672.32461 	 2192.26258 	 1859.24773 	  979.33450 	    0.00000 	 
   0.00000 	 8280.28921 	 8788.60621 	 22020.97340 	 4010.84237 	 6481.14098 	 10849.05955 	 1674.88680 	 10512.96799 	 5832.73762 	 3194.11043 	 7542.26581 	 11254.07810 	 27957.27488 	 3050.92228 	 9326.66863 	 47276.96595 	 13919.88259 	 1677.66796 	 4710.55650 	 5075.38385 	 7829.89593 	 2472.48014 	 15104.56682 	 19455.64301 	 
5537.90773 	    0.00000 	 12664.69627 	 17437.14678 	 2425.56320 	 6805.82198 	 4427.00612 	 3173.32581 	 6439.36313 	 5291.42244 	 2710.80834 	 9212.45577 	  873.00656 	 7675.48189 	 1086.78331 	 4644.05689 	 24530.11215 	 5961.96450 	  616.27900 	 8211.74939 	 5054.80566 	 8540.97081 	 3180.08000 	 2208.50578 	  597.96274 	 
8275.41307 	 9746.46007 	    0.00000 	 43371.06476 	 5267.31225 	 16309.49988 	 7186.96842 	 5274.10210 	 19673.50896 	 3738.46086 	 3662.59134 	 22072.50238 	 2150.74205 	 23231.88028 	 8452.43539 	 2865.36772 	 167582.60551 	 34606.37526 	 2792.98170 	 13571.63084 	 7794.36456 	 18611.97465 	 3580.20498 	 7096.72501 	 45954.84019 	 
25923.78862 	 14819.61200 	 32185.11611 	    0.00000 	 19839.41631 	 27576.44854 	 22876.79349 	 23658.56120 	 38666.32622 	 11528.95513 	 28197.11007 	 46434.16988 	 14130.95107 	 40490.85032 	 37248.14639 	 14384.34774 	 178565.89053 	 40089.25409 	 18951.20506 	 29735.99212 	 34231.97737 	 31856.60055 	 13683.22760 	 15379.09893 	 39821.10186 	 
4127.82839 	 2770.95868 	 5444.57818 	 21141.79893 	    0.00000 	 7638.52323 	 2288.87081 	 1617.69081 	 6797.15398 	 1353.77013 	 2178.33296 	 5841.20455 	 1719.26562 	 6937.58072 	 2145.92445 	 1670.29465 	 26885.66253 	 5606.35025 	 1031.72757 	 4731.86333 	 5614.04031 	 3190.79405 	 1268.81383 	 4726.53221 	 6645.60460 	 
6177.01491 	 5942.97836 	 15650.24146 	 30906.23862 	 6769.84160 	    0.00000 	 3807.16859 	 4465.37165 	 10970.34750 	 2640.63340 	 2376.20799 	 14814.34889 	 1759.73848 	 18008.54922 	 5213.89461 	 1421.08346 	 54532.78990 	 16991.75641 	 2705.77057 	 3532.07633 	 5343.70985 	 5039.61005 	 1753.72745 	 6943.50216 	 14554.23486 	 
10219.93719 	 5040.84581 	 5879.74663 	 25574.01555 	 3750.71683 	 5943.80900 	    0.00000 	 11552.98796 	 5987.63961 	 36131.38121 	 12850.92828 	 29950.68739 	 7400.88352 	 6892.29280 	 3434.99750 	 10280.86300 	 24481.11768 	 7920.18736 	 6597.04507 	 3122.96595 	 11773.45847 	 12545.00418 	 5713.60659 	 3396.38445 	 13941.36546 	 
2024.93954 	 4134.02079 	 6024.58113 	 34192.76680 	 1541.47401 	 3569.95781 	 10014.91440 	    0.00000 	 5896.08057 	 8492.72396 	 12552.66872 	 21481.97551 	 2303.22847 	 3488.81376 	 8985.44696 	 2823.88518 	 18646.85562 	 6523.19120 	 10596.30367 	 1850.89079 	 5396.20060 	 15463.86725 	 7878.25519 	 1560.65973 	 6653.51948 	 
7544.36780 	 7551.54778 	 16370.68062 	 59669.47496 	 6531.06518 	 12496.42258 	 6724.20458 	 4486.21506 	    0.00000 	 4416.83502 	 4265.32855 	 16344.35009 	 4226.88360 	 18730.78646 	 9637.06427 	 3073.95225 	 72406.48719 	 15668.53394 	 3042.13744 	 10086.92284 	 11758.21157 	 12584.93031 	 3855.32369 	 9882.82534 	 20943.25756 	 
5699.42987 	 3920.11570 	 3198.20992 	 15003.90884 	 1835.16880 	 3143.47808 	 32314.54306 	 8964.41642 	 3984.79957 	    0.00000 	 4466.20727 	 14902.85408 	 4429.06379 	 6304.71336 	 2690.53479 	 25120.28789 	 25957.31948 	 4924.99733 	 2649.67427 	 4599.60854 	 7412.74009 	 6762.93830 	 2811.20142 	 2843.91292 	 6153.19436 	 
4101.89257 	 2506.98678 	 3889.55951 	 22530.26109 	 2037.61710 	 2728.30185 	 12021.47981 	 10127.01243 	 6001.04575 	 3781.27520 	    0.00000 	 12462.51189 	 3776.80514 	 3462.38178 	 5869.18284 	 3458.25954 	 18499.46360 	 4693.30191 	 2899.29504 	 2538.05614 	 15312.81138 	 9990.84127 	 3770.40046 	 2178.57683 	 8507.83882 	 
8090.06001 	 10202.41385 	 16289.08470 	 56491.55997 	 5554.69315 	 13570.82278 	 25271.00607 	 30138.85112 	 23242.88219 	 17112.29827 	 18930.54451 	    0.00000 	 5328.07987 	 16230.43058 	 21695.35411 	 12196.79374 	 119236.19656 	 15539.37852 	 24792.41100 	 8094.28806 	 11737.93094 	 94203.96269 	 29991.36757 	 3473.05153 	 17353.13432 	 
12426.70968 	 1203.40613 	 1445.38445 	 15731.10317 	 2338.61012 	 1979.01805 	 8398.91533 	 1864.40933 	 5775.60556 	 3350.68282 	 2616.66931 	 5448.62292 	    0.00000 	 3369.56158 	  940.30991 	 7356.17209 	 8811.20772 	 3443.78303 	  707.06971 	 1134.86336 	 4474.14740 	 2154.65914 	  755.05374 	 1587.14911 	 4742.61336 	 
27840.60179 	 9145.93883 	 28464.07488 	 56214.17857 	 7475.67504 	 13894.86435 	 8543.60034 	 4255.14689 	 29405.91496 	 11019.23468 	 4270.16805 	 14983.45242 	 3592.45404 	    0.00000 	 6811.11811 	 8946.86026 	 161922.58200 	 19458.76629 	 1335.00157 	 10670.91107 	 8861.58010 	 5973.02850 	 1401.02860 	 23013.53014 	 16134.76409 	 
3521.69690 	  846.10903 	 7288.40935 	 40337.24714 	 1630.09656 	 5467.97763 	 5021.51030 	 8997.06803 	 9908.77587 	 2160.92957 	 8167.17508 	 22504.54329 	  952.87538 	 4441.26572 	    0.00000 	 2495.86235 	 28168.09187 	 7866.61949 	 4176.70804 	 2812.43387 	 8140.16175 	 12546.16278 	 5813.97127 	 2698.72930 	 12232.78435 	 
10934.06884 	 5105.32322 	 3480.34808 	 10270.44809 	 1711.05164 	 1646.20739 	 11495.39398 	 1757.11895 	 5413.48311 	 23062.22713 	 2384.45140 	 8634.85322 	 4504.27846 	 11008.88295 	 1598.26867 	    0.00000 	 23079.85338 	 3502.47839 	  975.69072 	 2258.20756 	 6197.49128 	 6009.11048 	 2300.92950 	 3514.36915 	 6561.35559 	 
49585.38642 	 28360.97534 	 214650.22773 	 199440.78454 	 26115.32070 	 75712.55931 	 25744.07191 	 19960.47432 	 86811.66551 	 20079.20440 	 19240.68944 	 84446.98452 	 11321.03122 	 124642.66030 	 22000.21241 	 22072.79998 	    0.00000 	 7424.72818 	 8906.44770 	 63572.62110 	 26316.12961 	 68495.78321 	 11331.01121 	 32858.13537 	 120743.54195 	 
9894.28785 	 7733.76163 	 30279.05765 	 35475.60677 	 4334.90463 	 15005.96109 	 5322.60160 	 4976.88204 	 19829.15134 	 7754.77595 	 3818.47630 	 23240.01223 	 3808.26450 	 18556.01087 	 8258.52456 	 5797.53948 	 10970.00210 	    0.00000 	 2769.22930 	 24202.50681 	 9965.05119 	 15976.89352 	 5808.29471 	 7288.63952 	 11134.54680 	 
1232.90752 	  672.19770 	 3422.47422 	 11929.88747 	 1005.99099 	 2286.71132 	 4949.28724 	 10187.67663 	 3641.67796 	 2050.89563 	 3343.12791 	 27106.64524 	  619.56364 	 1218.64302 	 5155.54644 	  679.80723 	 11772.99832 	 2978.34579 	    0.00000 	 1759.79415 	 3528.45247 	 12715.65842 	 4026.46880 	  461.49421 	 2481.09847 	 
6160.72849 	 9270.45245 	 16591.74441 	 23767.35787 	 3313.77951 	 4151.38773 	 2492.85269 	 2672.96861 	 9272.73189 	 4630.74478 	 2650.83451 	 8851.85374 	 1102.71977 	 11569.04363 	 3304.94499 	 1382.12256 	 69786.59139 	 27913.43266 	 1857.78736 	    0.00000 	 5198.96753 	 7192.44971 	 1913.55570 	 6060.25089 	 12925.01466 	 
4652.56197 	 3075.79253 	 5724.71974 	 51811.25849 	 6036.85539 	 7024.74426 	 8602.57090 	 7624.47352 	 9906.43582 	 7428.35461 	 12976.63293 	 18170.72037 	 5114.20782 	 9686.19562 	 6477.76006 	 4878.41300 	 28037.20409 	 6955.05206 	 4459.83526 	 5374.85466 	    0.00000 	 12604.97411 	 3291.54370 	 3717.47757 	 9374.48597 	 
5138.75004 	 9450.13243 	 14459.00874 	 40718.00399 	 3441.81059 	 6640.71693 	 10871.39464 	 21915.16435 	 13886.92515 	 8252.03206 	 8473.86099 	 70703.93841 	 3710.47553 	 5697.07257 	 15300.36834 	 4889.21982 	 75696.99825 	 16558.95514 	 12781.75337 	 4813.15353 	 10620.69289 	    0.00000 	 35584.29893 	 2332.76155 	 22355.91149 	 
2265.94929 	 3752.19268 	 4571.99427 	 10067.04202 	  788.55295 	 2395.99846 	 3896.87347 	 5627.23729 	 3375.36157 	 2719.70342 	 3501.77280 	 29819.07277 	  875.15138 	 1899.09790 	 6676.20095 	 1809.92391 	 18631.18279 	 4697.07003 	 3641.99077 	 1505.87531 	 2405.05012 	 27499.37936 	    0.00000 	  897.49583 	 6045.90141 	 
14048.69522 	 2350.69780 	 5751.83701 	 20352.99731 	 5526.78938 	 6317.69731 	 3249.26401 	 1037.97651 	 13361.15354 	 1973.31177 	 2123.85838 	 3939.61974 	 1419.07002 	 16177.12603 	 3817.40176 	 4322.34288 	 25359.13158 	 6971.41028 	  462.54365 	 4711.65852 	 4731.48399 	 3299.70365 	  756.09216 	    0.00000 	 5845.93209 	 
19161.18230 	  675.99177 	 63401.00826 	 29564.99569 	 6753.28304 	 10190.10766 	 13460.56680 	 9826.31635 	 16011.39785 	 5151.81400 	 5456.50952 	 18601.99123 	 3762.62458 	 25341.28024 	 9819.56735 	 5845.26217 	 183297.71604 	 16059.59004 	 2703.85365 	 12640.20375 	 11995.46544 	 18662.92596 	 4294.44149 	 6909.14580 	    0.00000 	 
   0.00000 	  738.71059 	  946.34168 	  479.86910 	  340.73721 	  463.50054 	  554.38320 	 1383.07442 	  453.81846 	  753.02079 	  704.54833 	 1964.39158 	  362.49552 	  600.79040 	  972.37355 	  470.75236 	  952.60144 	  705.76330 	 1965.47593 	  660.14802 	  392.64869 	 2188.20446 	 2428.04251 	  341.08607 	  476.47157 	 
 718.01060 	    0.00000 	  419.84089 	  561.54095 	  316.82158 	  236.58031 	 1517.46094 	 1872.55091 	  409.14311 	 1315.98194 	  781.65317 	 1961.20329 	  637.79359 	  893.33378 	 1132.82795 	 1267.59597 	  133.56839 	   89.57306 	 2422.47087 	  190.75398 	  617.70040 	 2123.48919 	 2143.41809 	  723.25196 	   27.09418 	 
1174.26207 	  471.25887 	    0.00000 	  666.95481 	  676.58822 	  504.95598 	 1960.96877 	 2153.05093 	  611.63143 	 1972.41212 	 1591.59281 	 1900.51509 	  988.63610 	  972.70393 	 1252.68207 	 1765.60623 	  154.26237 	  195.60228 	 2166.29393 	  419.87148 	 1229.27981 	 3053.25893 	 3036.34249 	 1136.09916 	  333.88254 	 
 636.14003 	  762.54550 	  640.86362 	    0.00000 	  278.30210 	  332.63738 	  767.98848 	  953.01798 	  231.80232 	  688.29886 	  349.69592 	 2209.74740 	  364.37786 	 1035.62884 	  258.27718 	  798.83815 	  835.54590 	  864.48595 	 1751.17504 	  342.65357 	  206.54644 	 2228.67140 	 1760.27908 	 1140.35180 	  484.21282 	 
 300.66697 	  532.63914 	  811.02153 	  250.86218 	    0.00000 	  243.33161 	  637.00290 	  759.28067 	  290.09235 	  904.27339 	  528.25435 	 2009.27687 	  486.79086 	 1219.58612 	  537.24235 	  887.90029 	  748.75517 	  366.80813 	 1135.06259 	  268.47822 	  228.31516 	 2449.38206 	 2159.89563 	  873.93497 	  389.86304 	 
 562.82917 	  236.48660 	  404.16743 	  313.36287 	  284.21816 	    0.00000 	 1045.65939 	 1224.91787 	  108.09756 	 1249.00748 	  680.95364 	 1814.71543 	  495.51623 	 1110.57070 	  621.90199 	  701.19351 	  434.46216 	  304.73242 	 1377.10073 	  116.64360 	  443.77224 	 1700.52163 	 1874.52466 	 1031.66269 	  370.33668 	 
 762.30384 	 1529.32449 	 1179.11664 	 1001.59372 	  567.94717 	  731.51952 	    0.00000 	  725.63975 	  872.92414 	  236.61501 	  412.82315 	 1570.94516 	  370.49588 	  822.28091 	  787.58213 	  514.94460 	 1206.25266 	 1211.37262 	  996.20044 	 1145.55247 	  606.88408 	 1076.48354 	 1358.54216 	  645.41877 	  903.47530 	 
 954.24399 	 1914.45525 	 1365.02998 	  913.96403 	  985.58705 	 1031.88082 	  536.10395 	    0.00000 	 1105.81903 	  856.42236 	  584.37924 	  891.21576 	  897.19984 	 1234.32460 	  873.49017 	 1228.89969 	 1397.47012 	 2045.98982 	  505.25374 	 1030.45417 	  957.59261 	  677.98107 	  862.93743 	 1436.56411 	 1731.77682 	 
 601.87708 	  310.07089 	  799.12602 	  192.68143 	  260.16382 	   72.13889 	 1150.63884 	 1239.93247 	    0.00000 	  972.18815 	  652.56981 	 2046.68386 	  553.15275 	  894.74092 	  384.11057 	  901.66239 	  545.55707 	  449.07624 	 1458.81628 	  198.44343 	  360.35941 	 1973.88232 	 2262.17786 	 1235.31732 	  396.99028 	 
 583.60731 	 1351.31772 	 1625.43095 	  765.56100 	  725.36114 	 1044.29381 	  185.19414 	  658.31166 	 1096.02060 	    0.00000 	  774.99176 	 1074.20559 	  420.29016 	 1160.58627 	 1243.98787 	  235.12937 	 1141.79268 	 1616.98323 	 1248.27185 	  797.93030 	  595.47308 	 1585.96079 	 2289.92073 	 1002.56180 	 1417.23621 	 
 742.22722 	 1219.08587 	 1323.12960 	  471.09294 	  477.60754 	  642.26994 	  449.61579 	  398.64786 	  555.57863 	  514.39220 	    0.00000 	 1238.31033 	  447.25872 	 1139.50855 	  400.42885 	  812.78166 	  889.46795 	  969.29726 	  856.15087 	  962.96398 	  163.48663 	 1894.32225 	 1344.90761 	 1242.82705 	  829.88868 	 
1366.35992 	 2373.36653 	 2711.29511 	 1482.01916 	 2410.27803 	 2410.36106 	 1094.40789 	  724.63952 	 2289.21487 	 1747.85569 	 1186.09546 	    0.00000 	 2052.00554 	 2772.61771 	 1952.86909 	 2089.62709 	 1866.19757 	 2655.49034 	  278.24990 	 2098.82394 	 1501.21211 	  337.18087 	  912.13694 	 1838.95600 	 2261.01508 	 
 416.75674 	  846.06429 	  877.49650 	  355.76751 	  331.83806 	  454.98212 	  377.32410 	  858.92806 	  466.58640 	  522.35001 	  414.83602 	 1846.76056 	    0.00000 	  885.82985 	  674.55728 	  297.32285 	  927.70197 	  956.28332 	 1021.12512 	  662.90740 	  325.87591 	 1634.16841 	 1426.95325 	  640.51698 	  727.05351 	 
 481.72638 	  763.71925 	  902.74018 	 1013.29927 	 1014.66691 	  776.64518 	  968.62916 	 1575.23804 	  916.59557 	 1041.00636 	 1204.77818 	 1991.75718 	 1072.88981 	    0.00000 	 1785.99103 	  630.58194 	  863.05515 	  762.92480 	 2264.10227 	  908.27816 	 1016.63187 	 2606.02707 	 3213.96230 	  225.63856 	 1093.63850 	 
1008.84008 	  997.42124 	 1125.04745 	  299.02594 	  708.25246 	  688.76104 	  625.19184 	  711.76127 	  651.41006 	 1191.72022 	  495.68801 	 1397.06635 	  890.83202 	 1222.63540 	    0.00000 	 1183.56115 	  987.21720 	  827.62287 	 1414.81324 	  695.47142 	  348.31016 	 1230.37571 	 1756.84447 	 1053.49117 	 1151.58270 	 
 442.69202 	 1055.47282 	 1153.12531 	  724.52404 	  770.44062 	  827.42655 	  440.35743 	 1366.75278 	 1093.35799 	  386.04178 	  716.63349 	 1809.91235 	  418.81606 	  603.10422 	  877.09160 	    0.00000 	 1231.02660 	 1304.91973 	 1086.18581 	  699.30569 	  540.31569 	 2355.16564 	 2272.61657 	  391.35086 	 1098.97590 	 
 878.81415 	  198.13480 	  159.84729 	  640.37153 	  649.79734 	  300.01559 	 1429.78894 	 1404.53452 	  347.71395 	 1289.68328 	 1088.92256 	 2109.39655 	 1205.97351 	 1230.34405 	 1219.05517 	 1383.42459 	    0.00000 	   67.23870 	 2571.48638 	  289.01046 	 1112.86683 	 3292.77426 	 3073.12759 	  840.44133 	  279.58417 	 
 515.69698 	  107.56343 	  257.14063 	  523.80056 	  533.50661 	  473.34440 	 1514.31195 	 1167.52653 	  396.09499 	 1245.23286 	 1270.50966 	 1872.25904 	  849.49030 	  894.87352 	 1249.99563 	 1047.59338 	   98.97950 	    0.00000 	 1733.37676 	  324.79139 	  631.31334 	 2858.59003 	 1859.67300 	  795.14945 	  131.68839 	 
1551.78944 	 1765.12429 	 2219.20909 	 1708.96589 	 1220.90157 	 1916.91028 	 1162.09729 	  424.64789 	 1927.90859 	  943.71119 	  753.10317 	  297.18710 	 1562.17703 	 2523.44610 	 1273.41182 	 1357.93220 	 2782.39254 	 1902.49050 	    0.00000 	 1637.27535 	 1306.74637 	  764.21932 	  963.65425 	 1766.40052 	 2262.40182 	 
 668.60459 	  190.48502 	  479.10218 	  359.43093 	  226.90948 	   78.58762 	 1058.52599 	 1273.49611 	  237.29835 	  964.57529 	  817.12460 	 1797.42419 	  520.21488 	 1173.12060 	  813.54260 	 1092.74456 	  242.68566 	  254.81079 	 1620.09124 	    0.00000 	  705.87732 	 1579.73765 	 2688.26556 	  821.57783 	  212.82512 	 
 445.82536 	  714.77903 	  881.48049 	  237.39876 	  227.99270 	  387.88333 	  480.25137 	  678.80390 	  512.69753 	  643.49795 	  167.56749 	 2035.19188 	  293.73433 	  900.55770 	  407.48539 	  650.41919 	  766.88901 	  673.41961 	 1611.62821 	  561.34476 	    0.00000 	 1558.07886 	 1468.09106 	 1004.76960 	  699.30706 	 
2245.61516 	 2138.76481 	 2586.77598 	 2152.87953 	 1976.48882 	 1947.20330 	 1294.64792 	 1235.45974 	 1496.30693 	 1741.43800 	 1549.43714 	  374.07976 	 1311.42816 	 2877.01149 	 1328.87280 	 2033.18551 	 2099.28751 	 2402.17426 	  471.38652 	 2595.18756 	 1707.11877 	    0.00000 	  833.56351 	 2632.02381 	 3126.21902 	 
2531.74190 	 2935.49958 	 2655.48155 	 1879.24646 	 1866.87429 	 2168.66735 	 1902.76191 	  980.02910 	 2515.52072 	 1874.63638 	 1104.25093 	 1080.97468 	 1370.05060 	 3076.34280 	 1525.88470 	 2455.76703 	 2787.37813 	 2519.57341 	  956.58510 	 2412.58824 	 1630.57417 	  827.92273 	    0.00000 	 2789.57392 	 2085.77349 	 
 430.82312 	  899.74214 	 1499.72545 	  853.65640 	  812.08206 	  968.16659 	  989.39190 	 1722.65159 	 1071.25369 	  907.93482 	  745.46426 	 2488.31360 	  474.10998 	  188.15907 	 1497.04656 	  377.03672 	  987.13326 	 1099.85005 	 1911.25473 	  658.80522 	  748.63848 	 2832.52136 	 1942.12427 	    0.00000 	  746.42339 	 
 536.65379 	   34.29634 	  475.54313 	  765.78598 	  458.29789 	  348.52692 	 1136.72788 	 1895.52276 	  330.74713 	 1373.87659 	 1107.20265 	 1705.14441 	  796.70702 	 1170.31050 	  911.52864 	 1217.98122 	  160.77911 	  135.72001 	 1438.76453 	  182.07589 	  552.36011 	 3093.76148 	 2057.94267 	  715.36657 	    0.00000 	 
   0.00000 	 6609.21452 	 6090.67173 	 20633.04647 	 5958.17744 	 7262.37272 	 13754.74823 	 2369.46533 	 10112.49815 	 7077.54699 	 4090.87122 	 6974.09202 	 12194.63771 	 20436.34604 	 4104.81019 	 9354.91536 	 52782.65167 	 15060.89927 	 1178.14108 	 4529.50492 	 6357.37270 	 8219.81599 	 2673.93023 	 9537.78403 	 14287.06738 	 
7385.07627 	    0.00000 	 13562.71187 	 11528.35527 	 2835.29526 	 4122.76328 	 3564.30846 	 3773.09486 	 7693.17372 	 3903.69952 	 2048.86866 	 6810.12971 	 1515.95204 	 8753.60063 	 1053.65680 	 4384.29127 	 22964.75193 	 8452.30705 	  614.00659 	 7539.30361 	 4106.39791 	 7302.81678 	 3655.90610 	 2262.83074 	  633.46650 	 
6807.69645 	 14239.06019 	    0.00000 	 26904.56513 	 6603.14915 	 17279.86272 	 6717.47052 	 7451.46406 	 20253.44147 	 3128.86445 	 2802.50007 	 27396.91508 	 2197.77910 	 22756.87228 	 4689.86098 	 2951.78054 	 213868.75835 	 35784.35310 	 2047.27943 	 14373.81920 	 7376.64478 	 17743.98333 	 5138.57138 	 8966.18820 	 42526.51009 	 
22007.55549 	 14130.95999 	 35839.73014 	    0.00000 	 16514.06962 	 31732.95698 	 24639.41866 	 23867.02104 	 48556.35416 	 13353.42921 	 35315.49206 	 56808.54367 	 16413.81448 	 34256.06700 	 43518.51578 	 13483.57356 	 157330.43133 	 46643.33269 	 13187.72571 	 29223.30894 	 49198.30255 	 39124.12234 	 16150.76303 	 12997.63929 	 42834.21769 	 
4230.55516 	 2740.41634 	 4803.07028 	 20517.77899 	    0.00000 	 8770.79512 	 3328.09864 	 1583.66143 	 7827.35379 	 1880.37419 	 2440.20941 	 6405.80588 	 1491.16255 	 8505.84390 	 2416.80674 	 1343.09818 	 32515.39416 	 5632.50700 	  938.82247 	 4678.51060 	 4434.74902 	 2648.81937 	 1083.36419 	 3920.98784 	 5621.60692 	 
6107.61692 	 5617.63585 	 18183.28616 	 45271.93403 	 7482.06620 	    0.00000 	 4567.68596 	 3611.72712 	 12898.97657 	 3444.17904 	 2859.07921 	 13354.22161 	 2177.50915 	 16571.33870 	 5615.49821 	 2314.20419 	 73006.41050 	 15898.22434 	 2183.21193 	 4790.63003 	 7803.50648 	 7430.55662 	 1993.92716 	 5923.69815 	 12616.08481 	 
11405.30607 	 4238.02917 	 4313.07277 	 22540.36719 	 3442.93081 	 6072.89082 	    0.00000 	 9653.88139 	 5850.07058 	 26547.26954 	 10378.02316 	 33014.22421 	 8064.87007 	 9309.83627 	 5798.43715 	 15298.88072 	 28493.55542 	 6456.31204 	 4781.36567 	 4011.66273 	 12321.88991 	 12317.65745 	 3497.44938 	 2601.35845 	 10323.28563 	 
1776.59046 	 3696.03784 	 4123.89084 	 19913.16680 	 1361.17800 	 3041.40758 	 12595.97736 	    0.00000 	 4668.43374 	 5794.25891 	 12758.65743 	 22284.55324 	 2240.15532 	 3058.14657 	 10554.44865 	 2098.89648 	 21356.75669 	 5102.47987 	 6796.89862 	 2836.52137 	 5525.14856 	 20063.62994 	 6184.99004 	 1653.90408 	 9781.36439 	 
7072.82866 	 6390.00585 	 16094.43911 	 64155.51722 	 5285.75749 	 8835.72104 	 8038.38949 	 4717.16614 	    0.00000 	 3539.63649 	 3611.08856 	 19035.66864 	 6072.58414 	 21186.14144 	 10072.61086 	 3200.69134 	 59759.63597 	 25643.23754 	 4426.46230 	 11504.37062 	 13560.56610 	 15310.05080 	 4020.13975 	 13535.26419 	 24822.04034 	 
8004.24429 	 4416.46173 	 5099.45690 	 19567.56175 	 1974.07585 	 3644.80346 	 39439.18636 	 6416.89039 	 4741.58919 	    0.00000 	 4925.88911 	 17597.67543 	 3203.36887 	 6998.69685 	 2587.96717 	 23059.31215 	 35071.35281 	 7444.54605 	 2239.56883 	 3056.71308 	 7731.48486 	 10744.36779 	 3327.86229 	 2162.98220 	 4915.87000 	 
4159.59745 	 2149.49449 	 4127.13887 	 30509.67896 	 2112.44685 	 2647.03209 	 9039.06084 	 8187.28180 	 3754.48310 	 3807.73823 	    0.00000 	 15377.04153 	 3558.00780 	 3835.20929 	 9092.76138 	 2737.76376 	 17011.03410 	 5449.80088 	 3294.99098 	 2982.42381 	 15590.31698 	 8648.50274 	 3550.49993 	 1411.30868 	 5457.67712 	 
9088.82433 	 10339.48641 	 28709.92055 	 78371.77271 	 5196.57516 	 12474.52983 	 28775.14106 	 24174.66224 	 17863.92221 	 17318.66025 	 13300.00910 	    0.00000 	 5244.04326 	 18553.30427 	 15630.43757 	 12995.05101 	 103978.31434 	 18948.96458 	 29506.77904 	 11568.21726 	 11919.29425 	 110270.72158 	 33417.69188 	 4797.88460 	 22013.34588 	 
7849.90963 	 1403.88040 	 1856.78207 	 15423.19044 	 2201.25667 	 2633.90130 	 5650.16498 	 1817.10359 	 4568.00117 	 3920.66859 	 3693.43649 	 4170.50257 	    0.00000 	 3214.82909 	 1353.71044 	 6656.25115 	 10789.91518 	 3267.70484 	  832.50697 	 1292.93503 	 5634.80839 	 2985.41080 	 1289.64009 	 1629.47089 	 4870.83759 	 
17565.40355 	 5548.09339 	 25462.67242 	 33909.31596 	 7409.84715 	 16583.32470 	 6215.81778 	 2785.11466 	 31151.13199 	 8332.28167 	 5112.59052 	 17392.83621 	 2462.01120 	    0.00000 	 5909.77583 	 11455.48929 	 208933.60743 	 17658.55449 	 1480.18190 	 14854.68043 	 6787.42714 	 10111.68663 	 1661.66057 	 18639.59734 	 22985.87833 	 
2508.05590 	 1395.27602 	 5383.38186 	 37311.79325 	 1746.24289 	 3650.60829 	 5460.68332 	 7765.21716 	 12274.94907 	 2153.26855 	 5746.68594 	 20709.50561 	  957.99201 	 7140.90650 	    0.00000 	 2420.89033 	 19598.95950 	 8245.59964 	 5166.76706 	 3393.37596 	 7212.44868 	 10581.88823 	 4466.66812 	 3321.22466 	 11447.23721 	 
10090.09254 	 4280.00135 	 3436.35817 	 18325.42288 	 1179.28246 	 1953.60830 	 15349.14979 	 3009.84633 	 5361.42233 	 20056.68709 	 3213.75822 	 7524.79614 	 4229.48214 	 7999.61724 	 1810.07455 	    0.00000 	 24804.40275 	 5748.67900 	  629.88866 	 2087.99104 	 5559.92387 	 6815.61508 	 2608.84466 	 4262.64814 	 4698.35150 	 
49684.70485 	 25570.95042 	 165345.90973 	 122983.11285 	 27035.99208 	 55688.18719 	 38121.70928 	 24395.44995 	 102522.09149 	 23716.53153 	 15922.29706 	 88910.48222 	 13214.44440 	 196542.69452 	 21159.80847 	 20542.73773 	    0.00000 	 6734.33094 	 9558.29452 	 55507.40874 	 30578.72332 	 54432.41419 	 11133.68917 	 29591.88413 	 119514.27219 	 
8206.16951 	 6693.23332 	 35205.71004 	 26868.54078 	 7122.86602 	 12303.83288 	 7364.84449 	 6564.04546 	 20438.67107 	 5301.34462 	 3468.20878 	 19156.33313 	 3703.51342 	 30915.43569 	 6711.86821 	 5481.40441 	 6867.75026 	    0.00000 	 2959.47666 	 30607.79299 	 6658.43408 	 17724.47491 	 5316.99149 	 6161.01539 	 15637.75411 	 
1604.14296 	  802.78520 	 2388.05954 	 18486.37272 	 1072.94594 	 2829.34283 	 5292.12442 	 8098.25420 	 3700.47225 	 2572.55925 	 2283.50502 	 31602.89194 	  650.48694 	 1366.76745 	 5473.27905 	  916.52851 	 11413.00366 	 3327.88901 	    0.00000 	 2226.74476 	 3466.29738 	 11990.38071 	 3853.67880 	  559.24151 	 3772.34410 	 
5388.77658 	 6793.22412 	 9256.49062 	 21406.69538 	 5134.58137 	 4674.81166 	 2250.17393 	 3081.32291 	 7977.98639 	 3300.62260 	 2394.91228 	 12419.08981 	 1397.50233 	 18207.57895 	 1952.23639 	 1794.36887 	 70645.28772 	 23544.91680 	 1646.65086 	    0.00000 	 5434.74423 	 6534.28906 	 2645.89696 	 6981.97765 	 12998.70786 	 
6756.81576 	 3625.12141 	 7037.33082 	 36334.65602 	 5814.44857 	 9549.10460 	 8241.70497 	 6550.33313 	 10264.83888 	 5099.24224 	 13329.25940 	 13552.41110 	 5729.32456 	 6873.23594 	 7008.55786 	 4073.05997 	 43917.61570 	 8497.58983 	 3839.80203 	 3765.20633 	    0.00000 	 11287.39324 	 4147.96402 	 4800.99791 	 12336.26708 	 
4926.44872 	 8364.17506 	 22234.26047 	 41044.64632 	 2801.35982 	 5955.69300 	 13819.31270 	 17302.99752 	 9655.39525 	 8044.57813 	 9272.10168 	 69562.63970 	 2307.71020 	 10256.42176 	 9083.55455 	 7181.57295 	 86260.80492 	 13236.75925 	 13958.39184 	 7163.17600 	 10056.80487 	    0.00000 	 34397.40073 	 2093.02301 	 17961.67943 	 
2063.21119 	 4231.39018 	 3955.56920 	 9570.81653 	  835.11414 	 2763.02734 	 6265.95072 	 8769.29670 	 4802.17515 	 2995.30553 	 3450.39101 	 39419.09687 	  869.39755 	 2365.81978 	 4339.27386 	 1646.47579 	 15898.96971 	 3405.99523 	 4163.40894 	 1664.64087 	 4151.19820 	 39906.70331 	    0.00000 	 1024.54822 	 5198.75529 	 
15470.87753 	 2118.83414 	 6629.83869 	 19645.79129 	 4118.48525 	 5528.07160 	 3445.22772 	 1204.63819 	 10631.05206 	 2353.04788 	 1787.70840 	 4790.06858 	 1439.07627 	 20446.85518 	 2703.45356 	 3482.49925 	 33243.85800 	 5764.99279 	  498.89308 	 6452.96413 	 2790.25923 	 1832.65420 	  793.84218 	    0.00000 	 6618.07589 	 
17221.67586 	  622.10149 	 44490.67406 	 52372.84419 	 8498.49329 	 16726.09202 	 13171.29550 	 8975.07995 	 23712.98648 	 5435.23403 	 6992.39304 	 29618.96599 	 5319.42884 	 14926.30531 	 15579.15545 	 4721.95364 	 188506.56326 	 14149.07158 	 4014.78457 	 14131.15191 	 9565.98338 	 25584.66648 	 5068.22901 	 5673.11934 	    0.00000 	 
   0.00000 	  500.52500 	  741.73860 	  571.29621 	  351.47263 	  503.91887 	  889.40421 	  976.81320 	  637.51961 	  597.43236 	  586.69651 	 1408.99068 	  410.56028 	  436.39653 	  720.61566 	  521.81437 	  769.69763 	  834.21716 	 1632.78452 	  648.91951 	  429.07534 	 1559.99086 	 1664.68888 	  503.41147 	  528.01496 	 
 456.83970 	    0.00000 	  433.77348 	  734.25266 	  521.19053 	  391.66432 	 1443.02070 	 1616.17193 	  323.11416 	 1543.33429 	  870.40817 	 1816.67985 	  671.33146 	 1126.35739 	  857.51163 	  975.16541 	  177.82635 	  106.36829 	 1826.38237 	  264.30422 	  836.76529 	 3025.96890 	 2117.88772 	  707.04262 	   28.03986 	 
1116.57458 	  316.74907 	    0.00000 	  917.08250 	  646.83058 	  533.41857 	 1435.93272 	 1283.91322 	  664.42091 	 1384.51103 	  934.57851 	 2858.02226 	  932.83955 	  954.95691 	 1139.71522 	 1462.11005 	  213.15174 	  239.07381 	 2268.64299 	  548.45141 	 1298.69413 	 2398.06279 	 2862.65363 	 1481.93133 	  432.29409 	 
 474.20346 	  770.20932 	  618.93575 	    0.00000 	  238.80329 	  340.46794 	  609.37290 	  883.70581 	  250.33721 	  797.45459 	  295.91236 	 2114.26645 	  346.96836 	 1147.13288 	  304.64293 	  877.53628 	  656.04554 	  656.57430 	 1210.72315 	  477.04734 	  180.23627 	 1582.28780 	 1303.06425 	 1122.97970 	  692.00943 	 
 361.58267 	  458.81175 	  918.02243 	  294.11347 	    0.00000 	  230.41465 	  998.05091 	  949.40747 	  195.93320 	 1108.44659 	  655.16905 	 1623.92723 	  399.76138 	  808.96109 	  588.27474 	  601.91130 	  451.60709 	  483.56544 	 1327.43294 	  242.63904 	  256.57472 	 2012.11372 	 1438.85510 	  820.61975 	  473.36981 	 
 456.86492 	  269.73279 	  602.60188 	  357.89483 	  196.58837 	    0.00000 	 1117.96353 	 1028.59474 	  116.68693 	 1290.40008 	  729.10018 	 2559.09147 	  592.65785 	  822.10583 	  535.26013 	 1053.07820 	  458.28765 	  370.61077 	 2042.75478 	  133.53588 	  622.89672 	 1740.08510 	 2145.26590 	 1043.63175 	  365.82192 	 
 575.58111 	 1012.98173 	 1238.72898 	  738.37398 	  716.22077 	 1134.28507 	    0.00000 	  547.70720 	 1189.27693 	  171.65826 	  418.51067 	 1373.76163 	  472.91243 	 1044.38091 	 1046.54224 	  467.27795 	 1016.14859 	 1136.68502 	  629.07513 	 1211.75157 	  667.48882 	 1210.67658 	 1811.43196 	 1034.26676 	 1372.90381 	 
 875.38403 	 1810.35962 	 1553.21164 	 1069.27577 	  873.75174 	 1074.62948 	  523.83860 	    0.00000 	 1243.30656 	  808.59284 	  588.07268 	  972.58911 	  621.93083 	 1502.86772 	  702.86255 	 1135.64810 	 1423.54632 	 1764.44653 	  477.62806 	 1358.85466 	  937.89041 	 1029.66355 	 1228.49362 	 1235.53336 	 1138.80880 	 
 440.03670 	  429.85693 	  604.34600 	  218.53298 	  268.55696 	   95.14475 	  882.74142 	  961.69367 	    0.00000 	  857.95449 	  822.00898 	 1927.93104 	  802.94409 	 1131.08496 	  666.23759 	 1093.50059 	  575.51682 	  380.83614 	 1278.93686 	  173.05283 	  467.66925 	 2211.73420 	 2252.11302 	  846.94512 	  337.59160 	 
 821.97130 	 1444.05608 	 2074.35315 	  963.44938 	  618.48804 	 1157.50567 	  178.63439 	  720.94196 	 1214.36814 	    0.00000 	  460.30528 	 1237.24622 	  439.44122 	 1185.96804 	  863.71773 	  240.02824 	 1519.54222 	 1487.89448 	  853.43587 	  890.58585 	  873.87777 	 1478.81280 	 1517.33311 	  801.09544 	 1254.51323 	 
 793.65258 	  782.09842 	 1013.72770 	  483.45769 	  557.36027 	  903.16606 	  366.05689 	  605.90955 	  476.44534 	  550.16385 	    0.00000 	 1740.65498 	  403.58877 	 1593.28796 	  470.49640 	  840.21995 	 1396.21316 	  798.02892 	 1333.09584 	  604.55252 	  179.93301 	 1601.67260 	 1145.83838 	  903.20236 	 1062.93716 	 
1721.37881 	 1846.85317 	 2913.90046 	 1594.56349 	 1974.22479 	 1730.60366 	 1025.52763 	 1069.33457 	 2562.57260 	 1395.80797 	 1654.88615 	    0.00000 	 1512.48612 	 1733.51109 	 1365.21515 	 2110.35681 	 2331.57852 	 1881.41731 	  263.90537 	 2345.85217 	 1613.47119 	  411.53721 	 1226.93835 	 1695.40652 	 2787.18691 	 
 251.65671 	  638.13493 	 1128.36506 	  623.92221 	  334.41132 	  542.61595 	  357.22005 	 1043.42159 	  584.78569 	  598.63765 	  361.30675 	 1769.58569 	    0.00000 	  775.81035 	  707.13007 	  388.46829 	  770.26694 	  683.79806 	 1366.78793 	  590.90164 	  265.17436 	 1690.20170 	 1801.52682 	  675.98055 	  755.71556 	 
 617.26970 	  839.26863 	 1300.45945 	 1489.43877 	  903.94015 	  908.26987 	 1083.25453 	 1569.47689 	  867.44621 	 1115.84389 	  928.78873 	 1894.41660 	 1001.11134 	    0.00000 	 1667.48318 	  774.20564 	 1187.35986 	 1209.28663 	 1398.26594 	 1267.82869 	 1043.98608 	 2469.48775 	 2160.35114 	  201.50673 	  880.65065 	 
1056.95498 	  785.64470 	  998.49897 	  390.01982 	  569.69068 	  778.33701 	 1033.70965 	  510.67431 	  415.52986 	 1208.37540 	  355.88046 	 1452.15100 	  660.86911 	 1628.43817 	    0.00000 	  832.59956 	 1299.02097 	  927.78598 	 1453.68567 	  735.73784 	  422.83335 	 1944.20034 	 1518.48768 	 1416.02840 	  996.49789 	 
 324.42318 	  925.87054 	 1055.47221 	  910.92952 	  788.63517 	  941.58914 	  533.65151 	  942.59984 	  923.82947 	  327.20253 	  534.25606 	 2144.93886 	  305.50832 	  729.87252 	 1234.73132 	    0.00000 	 1348.67965 	 1262.63198 	 1553.63535 	  718.94769 	  644.82283 	 2155.79669 	 2146.46628 	  490.81361 	 1095.06745 	 
 589.40032 	  156.42914 	  188.64381 	  703.60517 	  584.13372 	  504.29776 	 1118.32283 	 1529.39960 	  521.76618 	 1407.96781 	 1218.51969 	 1842.74493 	 1209.76502 	 1042.99380 	  955.98315 	 1143.87483 	    0.00000 	   87.39788 	 1732.01766 	  386.01058 	  986.95784 	 2365.30866 	 2446.59358 	 1290.59131 	  175.68287 	 
 825.33289 	   71.47808 	  224.93776 	  527.41284 	  494.23262 	  447.00290 	 1196.02833 	 1260.32513 	  347.96213 	  963.18486 	 1229.19566 	 2143.24061 	  866.76651 	 1095.46138 	  886.86889 	 1325.55346 	   60.41043 	    0.00000 	 2519.17484 	  217.83982 	  772.01372 	 2649.48255 	 1803.86288 	 1151.05269 	  130.65860 	 
1643.85834 	 2535.99045 	 2528.71058 	 1051.00581 	 1905.36460 	 1467.97619 	  687.41781 	  637.32424 	 1648.82005 	  724.47428 	  780.94751 	  276.63655 	 1269.15437 	 1426.56389 	  936.00559 	 1191.06306 	 2473.32624 	 2048.06782 	    0.00000 	 1544.97708 	 1397.06047 	  774.08745 	  807.48766 	 1950.99011 	 2228.69330 	 
 634.18519 	  182.53134 	  638.96045 	  524.49226 	  214.85203 	   86.46072 	 1306.83637 	 1134.04299 	  191.83292 	 1285.69618 	  789.35999 	 2128.25483 	  460.35227 	 1271.28721 	  524.25911 	  697.37878 	  375.76586 	  319.09118 	 1937.58538 	    0.00000 	  405.36784 	 1580.14768 	 2449.53635 	  873.59700 	  153.45130 	 
 385.80079 	  628.37824 	  940.40403 	  284.44764 	  370.00110 	  502.40603 	  656.85443 	  652.46549 	  527.54305 	  560.26035 	  245.01377 	 1768.12368 	  267.06255 	 1350.86399 	  436.37958 	  698.92702 	 1092.56450 	  603.08311 	 1622.86689 	  528.10799 	    0.00000 	 1572.57493 	 1743.63999 	  756.06225 	  718.74220 	 
2542.70333 	 2436.51642 	 2657.45316 	 1652.09075 	 1549.96850 	 2538.41620 	 1352.93507 	  916.90394 	 1632.06072 	 1795.58742 	 1298.74235 	  355.23818 	 2122.86673 	 2889.10171 	 1505.66565 	 1762.34897 	 3204.97812 	 2786.92806 	  480.04107 	 2625.05665 	 1662.69637 	    0.00000 	  823.59301 	 2274.05814 	 2730.75426 	 
1911.80497 	 1694.14094 	 3217.65347 	 2218.56136 	 1484.18214 	 1420.36376 	 2075.27002 	  816.80415 	 1450.59016 	 2221.62720 	 1566.00364 	  797.27146 	 2106.95786 	 2312.83659 	 1134.53979 	 1767.93216 	 2892.58241 	 2848.46708 	 1208.22622 	 1760.01754 	 1945.22730 	  516.42038 	    0.00000 	 2074.90653 	 2895.32355 	 
 348.55198 	  899.99253 	  944.26261 	  923.59346 	  836.20314 	 1088.38868 	 1097.25917 	 1131.42247 	  904.48360 	  705.97935 	 1284.11004 	 2343.13054 	  656.40412 	  142.86052 	 1034.32521 	  581.82629 	 1209.53890 	  752.46659 	 1268.60765 	  839.67349 	  726.50250 	 2147.00295 	 2945.64423 	    0.00000 	 1015.74082 	 
 597.68786 	   26.10216 	  341.15817 	  544.42560 	  415.62130 	  241.11563 	  883.47868 	 1822.33475 	  447.75432 	 1475.22424 	  799.35692 	 2472.41845 	  650.63551 	  734.68891 	 1055.85732 	  687.97580 	  171.24279 	  166.56423 	 2005.81403 	  186.87274 	  676.15464 	 2374.80125 	 2992.62898 	  611.35595 	    0.00000 	 
   0.00000 	 5648.86538 	 8348.18526 	 21009.67105 	 5137.17666 	 4541.90600 	 9965.36498 	 2562.85064 	 10087.43469 	 8678.01816 	 3198.45208 	 7272.27328 	 11136.42465 	 16916.86494 	 2663.52976 	 9796.58470 	 54798.58719 	 12345.73272 	 1389.63244 	 4425.74136 	 4280.43032 	 6391.67585 	 2190.26251 	 13752.49050 	 17801.91819 	 
5328.59949 	    0.00000 	 15885.25109 	 13442.57978 	 2417.13443 	 4543.15894 	 3675.11920 	 2433.67057 	 8007.53592 	 5140.43399 	 2879.02780 	 6036.45802 	 1165.80900 	 8986.12491 	 1103.84771 	 6483.56670 	 19009.45504 	 7161.66897 	  743.66129 	 7506.33802 	 3248.23969 	 8140.50726 	 4309.87890 	 1860.99743 	  514.19195 	 
9440.52409 	 10230.83775 	    0.00000 	 31524.82153 	 5871.88950 	 12137.24741 	 5405.20211 	 5518.34760 	 13694.82216 	 4507.60138 	 3580.78533 	 19588.01260 	 1654.90368 	 22682.73241 	 5854.92882 	 4487.35213 	 243036.09200 	 40743.84743 	 2053.88198 	 16813.44918 	 5453.16527 	 16153.22661 	 4275.46047 	 8849.70044 	 51002.45858 	 
16815.58824 	 15985.16732 	 39775.05212 	    0.00000 	 13656.99465 	 43424.36739 	 22873.49354 	 20894.43864 	 39884.82815 	 11366.13710 	 29343.58100 	 54031.42759 	 13170.98094 	 34911.98122 	 48756.53296 	 15772.47229 	 138940.94205 	 48436.15273 	 17933.52194 	 30390.12690 	 50017.45093 	 25150.09184 	 14254.66482 	 15301.06384 	 32125.53378 	 
4156.83851 	 3584.24618 	 7440.29548 	 15904.33712 	    0.00000 	 6819.44511 	 3945.84109 	 1945.17666 	 8137.09817 	 2183.69048 	 2448.05384 	 6853.99824 	 2223.94703 	 8316.05661 	 2491.22019 	 1572.49160 	 30147.45695 	 4444.44392 	 1320.63893 	 3795.20980 	 5177.59598 	 2698.70771 	 1164.80459 	 5682.71475 	 7418.40276 	 
7574.18760 	 6721.01731 	 11494.68493 	 26800.52954 	 7380.78540 	    0.00000 	 5163.01208 	 3645.17181 	 11874.21454 	 3268.88436 	 2420.89478 	 13065.45433 	 2295.78494 	 17089.44084 	 5689.36712 	 2431.28493 	 78896.76978 	 11865.38874 	 3799.58921 	 3688.77829 	 7707.07863 	 5374.18954 	 2505.22264 	 6790.82056 	 13574.05552 	 
12605.29647 	 3311.20579 	 4351.17275 	 19652.83480 	 3097.96213 	 4080.57113 	    0.00000 	 10211.49532 	 4608.19540 	 26505.42741 	 7792.41527 	 20607.84809 	 8004.14514 	 9663.05205 	 3609.73165 	 16789.09437 	 21597.56713 	 7963.07561 	 4855.69475 	 3647.85484 	 11972.76685 	 15288.18421 	 6310.24539 	 3114.57841 	 13155.28653 	 
2742.53809 	 3060.58416 	 6675.81655 	 25862.90222 	 1281.92456 	 3761.80465 	 12913.62102 	    0.00000 	 4805.39398 	 8499.84051 	 9529.51431 	 35845.86681 	 1964.73553 	 4247.75488 	 6890.61841 	 1802.48757 	 22303.74311 	 4692.83587 	 8008.78313 	 2529.04638 	 6745.53152 	 15521.22484 	 6984.11666 	 1536.86371 	 9176.10825 	 
10575.49878 	 5110.53682 	 18227.33917 	 63014.76704 	 6152.07177 	 10743.64753 	 8372.65211 	 4273.62043 	    0.00000 	 4266.44738 	 4091.85189 	 17043.27937 	 6181.91413 	 27189.21155 	 7615.07751 	 4568.12164 	 92070.51485 	 20273.03821 	 5561.67574 	 13304.58843 	 12659.97769 	 11713.65223 	 4552.12740 	 9777.74622 	 19662.34637 	 
8701.91630 	 4585.69089 	 3570.99667 	 18574.17983 	 2320.35731 	 3194.01529 	 40316.80930 	 5980.10861 	 3765.16640 	    0.00000 	 3245.81193 	 13351.48313 	 3666.71205 	 8936.47490 	 1945.52068 	 16161.73007 	 33057.96010 	 6739.62765 	 2548.09748 	 3394.99340 	 4977.78150 	 10984.05081 	 3418.32218 	 2531.60374 	 5345.40069 	 
4343.54648 	 2134.14335 	 3255.02439 	 27338.47081 	 2276.33355 	 2676.60458 	 10681.93023 	 13283.41875 	 5878.81405 	 5502.92394 	    0.00000 	 17384.52290 	 2326.54158 	 3794.59340 	 8966.38338 	 2865.99518 	 14353.30962 	 3629.32103 	 2885.88668 	 2770.62402 	 12640.38283 	 9385.01240 	 2729.86024 	 1904.78816 	 8051.31849 	 
7409.18274 	 7808.51083 	 25355.46932 	 65586.21198 	 7285.02010 	 18143.69588 	 28704.43289 	 37299.64557 	 29076.62759 	 13669.50788 	 14407.31778 	    0.00000 	 5621.84710 	 13194.18869 	 22491.16594 	 10938.17507 	 121849.61521 	 22038.84922 	 38832.57715 	 8437.86055 	 11906.86519 	 84736.55571 	 24678.83690 	 4935.24488 	 28225.73083 	 
12239.94747 	 1016.07646 	 2022.66187 	 15461.29561 	 2071.51723 	 1607.27464 	 6912.27342 	 1674.70987 	 5384.57929 	 4983.89726 	 2226.02799 	 4900.23949 	    0.00000 	 2593.78581 	  995.45058 	 5162.48474 	 11006.68906 	 2252.10947 	  853.86776 	  956.17749 	 5991.51930 	 2955.54348 	 1315.77682 	 1683.18951 	 5447.60209 	 
19463.27678 	 7245.46942 	 29631.74892 	 34775.25750 	 5474.30879 	 15975.78044 	 9694.52006 	 2706.70478 	 31227.60635 	 7343.86442 	 5121.95731 	 17490.72010 	 3503.32556 	    0.00000 	 5058.51487 	 9520.17509 	 169821.83178 	 28140.95812 	 1184.76234 	 15064.57706 	 8895.52371 	 8836.86697 	 1340.54021 	 20841.66356 	 21600.28769 	 
3796.41128 	 1459.80064 	 7192.58727 	 66840.15430 	 2119.32142 	 4862.64218 	 4307.90892 	 7230.31653 	 7903.14990 	 2082.53852 	 9398.33929 	 18712.38761 	  902.57028 	 4501.04148 	    0.00000 	 1980.27923 	 27919.87123 	 5382.88964 	 3529.16326 	 1996.89471 	 9632.66950 	 10948.94593 	 5763.42700 	 3720.87801 	 9839.62749 	 
7485.72904 	 6521.46760 	 3950.24913 	 18595.79910 	 1428.02313 	 2034.74523 	 12940.19615 	 2396.85164 	 5217.77547 	 16790.31984 	 3610.27699 	 12659.98983 	 5494.04167 	 8084.58709 	 1767.89624 	    0.00000 	 22484.94734 	 4514.69685 	  859.17149 	 1372.48004 	 4726.09421 	 7753.00854 	 2214.95942 	 3385.63035 	 3887.41518 	 
45012.52025 	 27619.72948 	 209266.73649 	 130696.00313 	 29704.21042 	 75524.69623 	 30242.93229 	 25430.24076 	 59264.80362 	 26928.34599 	 16303.91595 	 93829.55570 	 9471.38916 	 147796.85647 	 23604.38063 	 18311.53140 	    0.00000 	 9388.89339 	 12495.57682 	 71048.60558 	 28007.62910 	 70887.84781 	 11559.11104 	 36774.19175 	 194658.96572 	 
14907.42045 	 6065.48329 	 47944.88850 	 38672.25980 	 6497.82501 	 14421.97179 	 9390.43985 	 5316.98789 	 25550.46795 	 6758.68622 	 5339.41211 	 22619.24386 	 2212.95341 	 28605.72501 	 7830.12924 	 5462.52340 	 10443.85407 	    0.00000 	 3430.32975 	 23372.51773 	 9717.78328 	 16508.96535 	 3405.06407 	 6099.78094 	 9936.60601 	 
1667.58435 	 1031.33975 	 2959.93479 	 15180.82963 	  729.76387 	 2624.54743 	 6767.42487 	 11003.22827 	 3046.23741 	 2703.99928 	 2440.09336 	 25444.62729 	  545.31266 	 1027.69598 	 6377.64882 	  714.19639 	 13557.89932 	 3557.85629 	    0.00000 	 1883.84009 	 4291.06923 	 9482.49149 	 3423.16363 	  584.37994 	 2906.20691 	 
4466.88449 	 8152.66524 	 13189.47696 	 25526.01157 	 2894.44801 	 6529.64377 	 2419.39809 	 2757.02184 	 10104.09648 	 2755.23723 	 1738.20971 	 11890.10169 	 1009.63776 	 12102.16824 	 2973.78904 	 1311.88522 	 63369.12149 	 30764.65937 	 1778.18092 	    0.00000 	 3571.80863 	 7120.35205 	 2678.28527 	 5301.73112 	 15376.90194 	 
5344.81143 	 2858.47824 	 5986.36896 	 30499.85404 	 5733.54550 	 7908.87669 	 7758.30086 	 8589.31658 	 13403.90696 	 7207.04786 	 19604.46575 	 17796.99882 	 7118.75166 	 8531.54393 	 9768.32634 	 5417.20144 	 27345.20728 	 6921.17217 	 4745.14373 	 3723.97318 	    0.00000 	 11509.08224 	 3291.49863 	 3796.39619 	 9143.24199 	 
5459.99208 	 7889.44160 	 18718.73113 	 38413.51946 	 3106.39491 	 6710.15809 	 10556.90629 	 18002.93093 	 16221.05899 	 9639.91167 	 7658.31010 	 109276.07088 	 3739.79235 	 8783.21439 	 13292.63048 	 4928.22975 	 65075.15731 	 16680.57962 	 14458.93075 	 7323.23102 	 12782.89482 	    0.00000 	 29957.56358 	 1836.17088 	 24136.79485 	 
3169.87028 	 4134.53457 	 4651.17098 	 11403.42737 	 1220.50167 	 1664.23931 	 4665.46926 	 6320.98470 	 3622.85980 	 2734.36757 	 2801.61136 	 39848.66218 	  936.79922 	 1886.00192 	 7991.48081 	 2432.09117 	 13872.97087 	 4064.06598 	 4400.14176 	 2646.91518 	 2816.98703 	 26656.50606 	    0.00000 	 1119.71297 	 6049.67235 	 
10599.05286 	 2344.46125 	 7676.75069 	 13346.30749 	 5566.59391 	 5770.52899 	 2282.75387 	  965.09481 	 10891.46815 	 2395.66134 	 1317.34719 	 2966.32484 	 1817.59392 	 22931.54701 	 3805.54653 	 4523.73498 	 21902.94349 	 8071.04235 	  484.41864 	 6692.55235 	 3799.94415 	 2088.59639 	 1109.48415 	    0.00000 	 6531.45998 	 
20484.13598 	  731.71740 	 53132.13734 	 36296.50809 	 6761.70700 	 13835.60740 	 11306.19047 	 10440.24052 	 15758.01245 	 4499.34376 	 7501.84297 	 28088.40057 	 3219.33095 	 23972.03587 	 12844.88336 	 4005.44575 	 183713.21010 	 8700.66567 	 2860.36674 	 15843.47188 	 8836.55801 	 24223.49772 	 6368.32911 	 4765.22669 	    0.00000 	 
   0.00000 	  717.92227 	  679.59638 	  499.21391 	  297.58169 	  468.04253 	  689.99916 	 1143.18264 	  697.06448 	  884.34688 	  553.53423 	 1758.15173 	  259.43965 	  614.27367 	  910.55843 	  503.25208 	  824.87659 	  576.18664 	 1604.07941 	  468.87786 	  565.55764 	 2489.68692 	 2509.68849 	  332.07525 	  603.14393 	 
 511.99258 	    0.00000 	  354.34685 	  654.49143 	  554.83645 	  362.30459 	 1157.49852 	 1274.91852 	  364.92771 	  938.10321 	  786.05697 	 1693.73098 	  862.54618 	  791.46944 	 1209.09379 	 1279.47209 	  170.14643 	  101.51756 	 1656.26848 	  198.99270 	  643.56694 	 1944.65070 	 2451.36465 	 1081.41064 	   26.02766 	 
1156.92690 	  436.30793 	    0.00000 	  747.38720 	  747.71594 	  526.12060 	 1538.76403 	 2287.34875 	  499.34669 	 1781.12296 	 1443.13270 	 2844.79666 	 1293.03195 	 1005.06424 	 1441.12427 	  977.81966 	  241.03172 	  216.25513 	 1786.73011 	  398.22401 	  949.17374 	 2916.67834 	 1792.52672 	 1148.50510 	  443.78401 	 
 761.56909 	  596.26250 	  861.88082 	    0.00000 	  315.64679 	  235.52743 	  637.81216 	  864.30912 	  227.53877 	  706.68130 	  433.41093 	 2057.69976 	  384.80538 	 1011.34245 	  319.01798 	  845.83775 	  592.61642 	  492.31360 	 1721.45287 	  455.59075 	  300.16251 	 1714.85040 	 1451.89573 	 1174.46073 	  678.11103 	 
 338.57360 	  425.45703 	  649.16716 	  291.12595 	    0.00000 	  241.77237 	  984.14999 	  787.07426 	  228.41751 	  843.92893 	  512.37692 	 2170.12876 	  475.52058 	 1099.31274 	  494.63281 	  814.77425 	  616.54774 	  545.86327 	 1625.82078 	  321.80670 	  304.75893 	 2417.14202 	 1940.30822 	  715.33386 	  403.91622 	 
 721.26557 	  406.69030 	  510.84205 	  387.54597 	  253.69296 	    0.00000 	 1204.90420 	 1271.64914 	   84.89877 	 1346.08945 	  757.47646 	 1644.16525 	  652.20738 	  942.59874 	  482.13069 	 1135.37797 	  473.11560 	  426.75024 	 2120.85495 	  118.30812 	  350.73418 	 1549.71359 	 2532.59790 	  949.20363 	  377.83554 	 
 608.30195 	 1072.13071 	 1177.94130 	  804.85374 	  796.78602 	  735.46738 	    0.00000 	  678.49992 	  985.85310 	  225.78289 	  445.30844 	 1123.61921 	  384.58738 	  786.31271 	  613.09957 	  505.09058 	 1468.62812 	 1148.13565 	  651.71093 	 1088.10066 	  536.57389 	 1531.40479 	 1799.03393 	  877.21673 	 1234.03813 	 
1414.09981 	 1403.01941 	 2047.28388 	  791.54152 	 1097.79891 	 1559.47706 	  694.29120 	    0.00000 	 1337.06705 	  613.20482 	  405.89117 	  867.53943 	  867.03383 	 1976.60156 	  785.34433 	  835.60132 	 1928.00110 	 1410.64180 	  613.40496 	 1281.09463 	  766.16845 	  898.52000 	  895.66576 	 1286.39319 	 1474.32572 	 
 432.81877 	  334.52742 	  470.70233 	  253.93112 	  168.47433 	   87.00502 	 1130.74746 	 1117.20258 	    0.00000 	 1284.68073 	  507.29100 	 1607.81680 	  473.71047 	 1011.25889 	  387.94312 	  712.64375 	  437.15800 	  335.51896 	 1695.20670 	  241.49769 	  380.92299 	 1722.37011 	 2255.76002 	  728.29334 	  323.99393 	 
 755.16382 	 1096.20445 	 1366.97666 	  725.16266 	  717.19080 	 1263.27391 	  197.09064 	  928.26858 	 1225.87958 	    0.00000 	  690.66314 	 1350.58992 	  594.98649 	  761.14577 	  882.58822 	  368.18356 	 1250.40358 	 1624.95992 	  953.84657 	 1206.16579 	  754.17000 	 1389.77689 	 1757.30768 	  949.05433 	 1416.52829 	 
 840.89852 	  937.95261 	 1624.80944 	  331.68559 	  558.20184 	  717.70860 	  572.79399 	  625.68902 	  648.64726 	  623.60499 	    0.00000 	 1430.17496 	  345.91034 	 1357.88472 	  437.01883 	  671.48882 	  819.88124 	 1125.21328 	 1092.06539 	  940.04269 	  275.05595 	 1786.28548 	 1069.32984 	  951.49604 	  673.36405 	 
1493.19730 	 2440.03090 	 1954.12576 	 1761.74400 	 2403.01002 	 1698.28927 	 1497.14624 	  914.15130 	 1495.93897 	 1572.17947 	 1116.96079 	    0.00000 	 1235.53497 	 1921.87572 	 1074.07058 	 1474.65891 	 2481.79551 	 2238.14218 	  388.68393 	 1667.29591 	 1811.22648 	  388.26099 	 1198.76591 	 1512.01241 	 1827.75632 	 
 390.59002 	  810.07412 	 1473.49713 	  523.23153 	  337.28099 	  559.09230 	  346.41708 	  658.35677 	  790.27954 	  591.11777 	  308.39177 	 1677.92350 	    0.00000 	 1019.44824 	  740.50463 	  397.33696 	  837.31753 	  664.84174 	  988.08114 	  823.76268 	  252.78814 	 1441.81337 	 1336.68959 	  776.63061 	  868.93903 	 
 650.42700 	 1182.76924 	 1042.98442 	  960.87832 	  880.41344 	  904.09372 	 1121.91875 	 1644.57169 	 1173.47354 	  913.68035 	 1130.67169 	 2947.72454 	  825.14421 	    0.00000 	 1353.95092 	  538.02371 	 1418.20997 	  790.59752 	 2562.05775 	 1289.69615 	 1113.94147 	 2647.58765 	 2296.37305 	  202.82132 	  716.97648 	 
1013.42533 	  829.44840 	 1081.43664 	  268.55257 	  665.58285 	  769.42253 	 1106.48956 	  630.39097 	  454.64352 	 1234.90725 	  428.59023 	 1223.93760 	  655.19193 	 1219.50940 	    0.00000 	 1027.39260 	  895.81619 	  775.29464 	 1512.12191 	  598.51844 	  356.08569 	 1776.68672 	 1457.14027 	 1075.12293 	 1069.93872 	 
 307.45414 	 1282.10573 	 1014.07723 	  856.86749 	  540.04788 	  871.18840 	  459.81595 	  830.73944 	  888.76921 	  276.35140 	  735.37386 	 1694.46597 	  384.53784 	  859.00337 	 1095.97579 	    0.00000 	 1139.02572 	 1251.44239 	 1292.95967 	  728.44972 	  599.10670 	 1582.81211 	 1872.72587 	  523.25437 	 1184.66648 	 
 827.49263 	  139.81922 	  229.40132 	  714.44927 	  686.14385 	  350.08653 	 1130.87045 	 1354.71193 	  412.33477 	 1668.16419 	  792.84900 	 1972.07596 	 1189.18894 	 1216.49332 	 1246.96363 	 1493.72128 	    0.00000 	   92.71887 	 2392.13002 	  419.52792 	  977.47778 	 2292.18835 	 2980.88808 	 1025.13874 	  238.08349 	 
 790.73836 	   73.53459 	  309.54743 	  525.16424 	  628.23695 	  342.52840 	 1533.07520 	 1767.47753 	  514.76446 	 1586.06885 	  849.24606 	 2312.94025 	  738.19959 	  810.79693 	  911.65712 	 1232.42179 	   90.52276 	    0.00000 	 2704.46602 	  308.39099 	  724.39840 	 2254.74881 	 2675.07283 	  743.73378 	  151.46400 	 
1841.31813 	 1980.28614 	 2878.42704 	 1305.06543 	 1312.02407 	 1243.23183 	  996.53345 	  739.67760 	 1298.77834 	 1303.25693 	 1106.65214 	  376.70384 	  951.41353 	 2502.84834 	 1026.36854 	 1108.14183 	 1611.03903 	 1643.73211 	    0.00000 	 1769.22855 	  999.45928 	  508.55343 	 1335.81754 	 1826.00424 	 2492.15365 	 
 387.89872 	  193.45959 	  389.60630 	  341.29835 	  203.35079 	   90.43886 	 1200.20386 	 1325.97175 	  238.03846 	 1306.13499 	  842.20467 	 2739.53352 	  775.59515 	 1211.82033 	  782.32631 	 1181.31049 	  374.85782 	  271.04955 	 2052.29801 	    0.00000 	  685.46830 	 2110.88854 	 2245.20169 	 1101.83656 	  230.06254 	 
 481.94307 	  840.44136 	  872.27592 	  309.46021 	  261.42856 	  610.02677 	  511.67659 	  762.94252 	  408.32792 	  596.98499 	  216.07120 	 1774.95695 	  248.31722 	 1153.12753 	  412.52512 	  636.74527 	 1108.05714 	  958.65529 	 1166.41267 	  603.62045 	    0.00000 	 1810.42507 	 1750.28059 	  725.11359 	  917.64719 	 
1519.31411 	 1979.28811 	 1936.99295 	 1646.56979 	 1513.81891 	 2510.35530 	 1249.06160 	 1162.76716 	 2359.86275 	 1747.75391 	 1914.42573 	  461.74186 	 1960.25466 	 2203.04936 	 1500.85422 	 1491.72209 	 3108.79607 	 2765.38326 	  814.48798 	 2250.95770 	 1216.64013 	    0.00000 	  900.27516 	 2816.42116 	 2061.96555 	 
2494.48511 	 1932.03592 	 3131.90095 	 1651.72920 	 2319.91357 	 1902.41844 	 1838.71525 	 1090.22328 	 1897.19126 	 2039.64139 	 1494.15929 	 1182.50235 	 1486.00502 	 3180.32919 	 1458.70005 	 1557.06171 	 2320.61213 	 2937.55276 	  859.15765 	 1954.00177 	 1946.98238 	  705.25396 	    0.00000 	 2014.74292 	 2995.12511 	 
 408.10378 	  930.09538 	 1326.94813 	  742.00771 	  893.80245 	  949.29751 	 1024.89053 	 1560.79200 	  696.59574 	  848.70055 	  980.10151 	 2440.33794 	  714.63222 	  196.21187 	 1460.20904 	  439.55825 	  878.63141 	 1109.87032 	 1736.50466 	 1089.89411 	  924.28396 	 2980.56083 	 2242.05027 	    0.00000 	  857.90969 	 
 487.44592 	   39.34810 	  397.94233 	  414.70214 	  360.23740 	  257.14982 	 1509.36914 	 1281.14162 	  357.08649 	 1091.61583 	  899.18914 	 2351.74775 	  611.86290 	  657.89801 	 1060.36885 	  912.92477 	  217.38062 	   98.46848 	 1420.33259 	  182.40649 	  590.61932 	 2439.66353 	 2644.12139 	  659.03539 	    0.00000 	 
   0.00000 	 6693.24626 	 6624.89015 	 14292.17778 	 3759.45099 	 5769.25178 	 14427.46795 	 2341.94333 	 9425.73914 	 6094.67695 	 3768.75062 	 11395.57116 	 10106.15988 	 18056.69949 	 2832.33969 	 9850.14804 	 35917.12537 	 12714.40688 	 1323.68829 	 3811.72039 	 5478.15061 	 6895.48627 	 3208.89255 	 10710.26697 	 19485.51786 	 
5895.72482 	    0.00000 	 14875.23753 	 12483.13774 	 2757.36932 	 5212.70599 	 2858.24184 	 3467.54358 	 6833.29277 	 5075.87574 	 1983.85656 	 9234.18745 	 1320.44046 	 5840.29247 	  879.50311 	 4202.94320 	 31910.90527 	 7209.28536 	  898.57276 	 10562.95352 	 3131.53402 	 7129.66867 	 3269.13724 	 1542.04251 	  535.30202 	 
7231.83448 	 9947.54991 	    0.00000 	 26305.38961 	 7307.36828 	 13528.91453 	 4912.90691 	 7100.11805 	 13745.23777 	 4673.71535 	 3147.16062 	 27576.60720 	 2387.40447 	 30036.27719 	 5161.96020 	 2496.39038 	 213801.85711 	 44077.48213 	 3658.06102 	 10101.58061 	 9187.16931 	 16192.40251 	 4917.51686 	 9980.47019 	 62632.42418 	 
23994.96991 	 17701.50801 	 32647.24102 	    0.00000 	 17054.52875 	 38791.28138 	 15395.78567 	 24902.33383 	 47214.54742 	 16586.88416 	 20632.08715 	 63800.70480 	 11234.46173 	 49395.70290 	 57970.64827 	 10552.40290 	 135059.24319 	 45440.81181 	 11366.60055 	 22961.63833 	 49722.09379 	 39592.25663 	 11682.02537 	 21238.95013 	 47608.92450 	 
3496.33444 	 2899.55584 	 4197.60830 	 22189.14984 	    0.00000 	 7368.94078 	 3727.97076 	 1603.14075 	 7565.10021 	 1627.37311 	 2320.52288 	 7212.92282 	 2351.47378 	 7881.39615 	 2227.96987 	 1169.55397 	 23638.24578 	 7825.75273 	 1348.38934 	 3263.05777 	 5946.72248 	 2854.37826 	 1042.29977 	 5066.50503 	 8847.54091 	 
7304.89158 	 6626.15229 	 11915.79289 	 39300.93245 	 8973.68698 	    0.00000 	 6356.50943 	 3503.39105 	 11022.96988 	 3252.92911 	 2689.89583 	 10105.43724 	 1944.56718 	 12527.10209 	 4979.90017 	 1721.38868 	 63856.81015 	 16315.91375 	 2859.89017 	 4020.49330 	 9106.97100 	 7924.66894 	 1729.64627 	 6887.40261 	 10693.34713 	 
14151.81853 	 3266.08304 	 6138.10865 	 25546.63517 	 2616.07231 	 4729.47903 	    0.00000 	 14362.27561 	 6861.30975 	 26581.44548 	 11859.24321 	 26187.99052 	 6048.81176 	 9533.95015 	 3955.99050 	 14875.65686 	 26482.04299 	 8318.17356 	 5525.84328 	 3484.21804 	 7572.99249 	 17293.82063 	 5619.86879 	 2967.98510 	 13536.99933 	 
2521.53552 	 3259.16430 	 4090.98114 	 31354.79013 	 1240.74822 	 2949.67938 	 9449.82782 	    0.00000 	 4115.59830 	 6564.01945 	 12486.37811 	 26787.72327 	 1348.21097 	 2954.32869 	 10551.89290 	 2333.02979 	 19408.55462 	 6160.21406 	 6203.73233 	 2998.62308 	 6990.56221 	 15989.39968 	 9625.82198 	 1175.29660 	 6446.55679 	 
8652.65338 	 7012.62138 	 20807.54887 	 49239.11647 	 6151.29687 	 10391.71135 	 6920.97742 	 5059.87934 	    0.00000 	 5586.24373 	 3851.04226 	 19998.93506 	 3980.25934 	 22236.83899 	 10692.78440 	 3752.33581 	 58631.99477 	 14053.64088 	 3403.00131 	 12667.09323 	 10094.79716 	 10840.27788 	 4649.80481 	 16746.61533 	 17039.36666 	 
7963.36268 	 4578.71410 	 3321.19753 	 13305.41771 	 1892.12232 	 3284.37825 	 42019.84666 	 5361.77250 	 4225.10531 	    0.00000 	 3086.59851 	 22085.46926 	 3831.21895 	 9613.54360 	 2599.67620 	 16068.83613 	 32265.15839 	 4451.87568 	 1687.92500 	 2638.23549 	 5113.35370 	 7277.09361 	 2138.82800 	 2405.44413 	 4237.91581 	 
3850.94539 	 2409.99605 	 4171.83849 	 22136.94848 	 2530.84127 	 3156.95595 	 11981.93981 	 7718.64777 	 5268.13175 	 5022.22148 	    0.00000 	 11299.78348 	 2573.85026 	 3170.75727 	 6648.23060 	 2803.12973 	 15584.22449 	 4000.87083 	 2335.76742 	 1650.25704 	 20578.36867 	 9129.19018 	 3258.27618 	 2087.82827 	 6763.81088 	 
9489.61546 	 8419.40945 	 22717.36113 	 51012.93995 	 6896.77624 	 15912.44391 	 21291.90733 	 23333.70216 	 23071.37964 	 22319.07272 	 10971.82621 	    0.00000 	 5437.61611 	 12314.67031 	 14000.68613 	 8154.29300 	 110641.70139 	 15984.22129 	 31866.89864 	 8836.68244 	 11852.24191 	 117356.61493 	 40436.88206 	 3114.46999 	 31371.72275 	 
10084.91517 	  970.32063 	 2099.36690 	 10377.23482 	 2384.93569 	 2131.12444 	 5710.30270 	 1653.93925 	 5847.49051 	 3818.76021 	 2923.25672 	 5887.04166 	    0.00000 	 4076.90945 	  818.19143 	 4217.00797 	 9221.73514 	 3536.68632 	  972.85964 	 1105.20409 	 6830.88259 	 3566.48379 	  863.90987 	 1117.46396 	 4759.34894 	 
18939.26472 	 5497.09776 	 28054.69593 	 52724.31406 	 7056.44165 	 15161.48477 	 5647.40371 	 3455.63462 	 23343.24832 	 7986.80902 	 3047.82448 	 17166.11392 	 3334.70459 	    0.00000 	 6076.21943 	 11444.14511 	 120760.88686 	 18774.90000 	 1476.16499 	 11686.29435 	 6561.02503 	 9644.40596 	 2064.98959 	 25834.94735 	 21451.72543 	 
3952.07260 	  979.80549 	 7211.63397 	 60925.22539 	 2609.06068 	 3649.14687 	 4927.44023 	 7553.38167 	 9459.49067 	 2813.61771 	 8094.81995 	 19311.64779 	 1118.14707 	 6543.91957 	    0.00000 	 1786.54274 	 20432.45800 	 5334.37067 	 5607.37899 	 3041.28413 	 9997.77203 	 14416.77791 	 4357.41848 	 2497.98640 	 10054.83665 	 
9136.26116 	 4636.47835 	 3612.85579 	 11345.73891 	  959.33138 	 2324.32655 	 15771.80493 	 2476.69157 	 3303.85204 	 23954.18488 	 2996.78529 	 11331.15877 	 4785.78955 	 10070.08292 	 1802.08254 	    0.00000 	 15852.96809 	 5126.79481 	  789.14193 	 1563.74550 	 5367.09958 	 5988.27518 	 1818.31010 	 4123.25004 	 4777.80384 	 
34650.77181 	 29168.59500 	 166675.62324 	 130564.05457 	 27557.50311 	 52905.30659 	 32590.12130 	 23506.77073 	 103519.88664 	 23314.53234 	 12871.95702 	 87723.96731 	 8280.49015 	 132888.23830 	 23379.84322 	 18790.57458 	    0.00000 	 7741.22067 	 9067.94940 	 67668.30549 	 39673.77072 	 56459.23337 	 11540.93462 	 31649.97960 	 206302.73904 	 
14022.29779 	 7534.17534 	 34659.29057 	 36188.12159 	 5420.77205 	 18204.98876 	 6408.60409 	 6544.36353 	 17667.22015 	 4268.71782 	 4945.11573 	 26011.07808 	 2663.92574 	 24839.09077 	 5300.58107 	 4398.75970 	 10762.72157 	    0.00000 	 3017.18845 	 35026.13180 	 10061.10100 	 13949.49636 	 4942.61606 	 5033.33444 	 13683.01018 	 
1063.22442 	  962.05993 	 3716.50716 	 19396.44916 	  831.42630 	 2581.17796 	 3934.68244 	 7730.18904 	 3854.76951 	 1926.93631 	 3094.43101 	 23254.03307 	  790.99152 	 1071.73837 	 5912.64508 	  880.37460 	 9955.05286 	 2973.67727 	    0.00000 	 2088.32366 	 4530.02123 	 9740.05350 	 4526.07611 	  406.83076 	 4298.49247 	 
4370.27659 	 10129.98072 	 9433.57644 	 22737.87518 	 3764.00316 	 4266.41231 	 2594.87388 	 3156.43155 	 11803.00925 	 2844.28850 	 2732.25865 	 10329.34880 	 1172.16627 	 18294.61013 	 2434.40741 	 1669.88672 	 70479.83402 	 21348.60844 	 1624.16264 	    0.00000 	 4927.98677 	 6901.56048 	 2339.27429 	 3985.89457 	 16563.45247 	 
4721.06914 	 2843.68068 	 8808.39506 	 32948.99835 	 4764.07512 	 8494.23659 	 10373.18044 	 6936.78358 	 12004.11228 	 7157.94914 	 14305.37162 	 17686.93951 	 7605.09874 	 9112.33479 	 8627.12585 	 3796.01104 	 33553.11332 	 8868.79549 	 3544.53618 	 4688.73755 	    0.00000 	 10410.63731 	 3958.16631 	 3466.72457 	 15013.92669 	 
6121.60225 	 8660.78530 	 14969.59921 	 30495.21005 	 3529.73963 	 5504.28811 	 12519.58636 	 18196.61699 	 10568.14523 	 7418.67477 	 6550.49196 	 117626.21304 	 3036.37581 	 10128.59470 	 10896.92444 	 5790.06231 	 79547.68343 	 18270.69404 	 13718.05586 	 6795.61884 	 9695.22864 	    0.00000 	 32123.31904 	 2240.96394 	 16088.83107 	 
2219.44235 	 2651.43407 	 3442.28727 	 10748.17809 	  823.75851 	 2118.60216 	 4016.03603 	 6064.18683 	 3170.48172 	 3161.84949 	 3547.40041 	 30120.91214 	  816.56709 	 1768.19501 	 4529.31886 	 2579.82697 	 11154.09776 	 4357.23823 	 3740.37318 	 2726.13401 	 2496.44166 	 43256.16756 	    0.00000 	 1055.31161 	 6166.27904 	 
15533.57742 	 1871.71704 	 7579.78413 	 16308.34674 	 4137.12269 	 7463.52521 	 2652.08788 	 1373.01581 	 12943.24062 	 1832.14565 	 1601.46709 	 3033.66619 	 1526.58997 	 18964.23581 	 3219.27092 	 2815.45169 	 24529.19725 	 5943.13959 	  609.46419 	 4149.36592 	 3000.86190 	 2711.96138 	  792.40983 	    0.00000 	 4856.13626 	 
20690.61908 	  454.26954 	 56065.35976 	 50518.26532 	 6713.80784 	 14343.88509 	 8781.49817 	 9462.26007 	 22037.41407 	 6761.18187 	 8171.01999 	 20015.43573 	 5150.49748 	 25072.11290 	 13100.17707 	 5654.12950 	 131019.00863 	 12740.54171 	 4055.29451 	 13652.17084 	 13876.41045 	 16270.61415 	 4845.88666 	 5845.65923 	    0.00000 	 
   0.00000 	  424.81347 	 1009.29787 	  583.16011 	  410.27079 	  689.23022 	  759.15514 	 1270.19827 	  716.52662 	  545.66002 	  844.40892 	 1725.18277 	  293.79523 	  585.56757 	 1039.61327 	  370.07146 	  880.36436 	  631.56108 	 1560.92301 	  669.67597 	  441.09936 	 2096.97518 	 1873.42653 	  384.00757 	  388.89020 	 
 750.00279 	    0.00000 	  284.15574 	  481.32122 	  507.42291 	  325.31444 	 1250.23732 	 1828.49161 	  503.88910 	 1365.70886 	 1181.81999 	 2594.88963 	  819.00301 	  762.93186 	  786.19931 	  744.78519 	  217.32102 	   94.98445 	 1563.50273 	  267.80204 	  664.68096 	 1963.25523 	 2904.12966 	  694.69269 	   31.54162 	 
 774.26007 	  418.89407 	    0.00000 	 1069.54955 	  775.07573 	  641.91812 	 1200.87066 	 2005.69796 	  803.68883 	 1528.62995 	 1013.43129 	 2675.07878 	 1056.35484 	 1496.45767 	  946.29339 	 1438.27332 	  180.22039 	  268.78359 	 1980.55423 	  517.05533 	  971.37799 	 3301.20072 	 1822.49169 	  919.13381 	  390.26444 	 
 586.59412 	  515.77504 	  887.17133 	    0.00000 	  234.96768 	  264.12730 	  632.56029 	 1169.22480 	  202.72982 	 1099.88496 	  489.13579 	 1631.52682 	  548.97329 	 1260.55306 	  251.85006 	  996.96514 	  857.97754 	  600.06596 	 1359.50084 	  306.84899 	  180.21121 	 1820.04252 	 1678.40729 	 1006.14745 	  477.94561 	 
 480.12283 	  537.89297 	  758.53727 	  201.05781 	    0.00000 	  288.76180 	  860.39420 	 1398.70265 	  236.19551 	 1117.79698 	  394.48491 	 2124.97288 	  456.24605 	  778.65907 	  528.60328 	  686.42160 	  736.66330 	  608.67381 	 1250.31932 	  322.40384 	  311.48141 	 1695.18408 	 1938.53519 	  964.87352 	  501.03036 	 
 715.90632 	  315.87302 	  485.68685 	  340.01532 	  210.52708 	    0.00000 	  999.32485 	 1393.45976 	   96.59041 	 1357.80934 	  682.22572 	 1895.97017 	  799.61303 	 1206.34931 	  573.40711 	 1162.79203 	  393.45781 	  305.91270 	 2195.27875 	   99.12136 	  346.13039 	 1906.94130 	 2573.63491 	  822.26598 	  228.98261 	 
 536.76558 	 1215.49000 	 1113.68691 	  786.79090 	  557.24675 	 1027.85933 	    0.00000 	  693.80870 	  707.73699 	  279.92693 	  520.18110 	 1471.08320 	  432.77498 	 1001.80218 	  778.83981 	  299.79536 	 1303.11007 	 1299.59410 	 1130.76674 	 1335.12713 	  668.56410 	 1249.24480 	 1402.11449 	 1078.18108 	  866.00832 	 
1170.45962 	 1420.30845 	 2243.64266 	  787.31055 	 1117.47994 	 1195.88959 	  542.57680 	    0.00000 	 1136.42136 	  765.05828 	  429.61663 	  928.47697 	 1060.13780 	 2204.02245 	  766.75144 	 1319.04037 	 1696.42022 	 1198.17389 	  732.11192 	 1266.37004 	  871.42654 	  773.99481 	 1086.38418 	 1626.86363 	 1429.01919 	 
 452.63798 	  378.02293 	  492.88691 	  204.65619 	  233.70619 	   75.37107 	 1159.98090 	  854.22704 	    0.00000 	 1350.91915 	  766.89115 	 1630.76730 	  467.62085 	 1325.76942 	  573.88997 	  712.66791 	  365.27095 	  320.48595 	 1482.22715 	  206.66191 	  338.00258 	 2315.81691 	 2076.28112 	  876.56082 	  461.65415 	 
 489.63450 	 1560.42693 	 1157.75367 	  999.08509 	 1016.66123 	 1063.93723 	  190.73600 	 1023.50233 	 1234.40073 	    0.00000 	  636.04606 	 1244.01393 	  368.40837 	 1131.32178 	  753.71908 	  283.38440 	 1527.74394 	 1044.97727 	 1013.36826 	 1376.68381 	  727.00748 	 2127.56117 	 1763.93029 	  847.61104 	 1384.62277 	 
 827.67428 	  710.80061 	 1451.11034 	  436.06747 	  526.70128 	  828.96866 	  575.54390 	  495.23798 	  737.03614 	  750.90123 	    0.00000 	 1239.93063 	  377.79845 	  974.70172 	  425.81554 	  635.07967 	 1091.50054 	 1312.71868 	  863.80515 	  983.07221 	  248.68133 	 1093.93527 	 1925.94074 	 1021.11285 	  807.08851 	 
1646.09906 	 1946.13306 	 2400.70205 	 1548.08431 	 2239.67576 	 2487.77949 	 1015.67938 	  765.25274 	 2468.79903 	 1223.94885 	 1231.63669 	    0.00000 	 1454.08939 	 2952.84553 	 1414.99389 	 1929.16603 	 2798.47481 	 2845.89242 	  296.98876 	 2400.38684 	 1765.05502 	  344.65326 	 1080.20057 	 1904.36564 	 2766.18025 	 
 389.38735 	  857.84907 	 1208.09989 	  443.63314 	  384.28796 	  476.83965 	  458.16448 	  921.81596 	  585.01029 	  394.10006 	  367.85599 	 1317.02394 	    0.00000 	  731.25602 	  878.52440 	  322.28089 	  991.94307 	  683.44943 	 1072.35428 	  747.58498 	  251.98220 	 1896.34077 	 1858.82659 	  784.00849 	  921.64784 	 
 527.15136 	  742.41108 	 1518.36201 	 1064.14929 	 1004.82739 	 1002.02397 	 1046.28624 	 2111.54485 	 1203.25803 	  985.23805 	 1360.57780 	 1898.25855 	 1042.64667 	    0.00000 	 1257.06338 	  851.28764 	 1105.15150 	 1115.62691 	 1446.25687 	  941.13664 	 1008.90797 	 3312.80681 	 3324.92192 	  195.25905 	  740.77750 	 
 858.27083 	  689.60580 	 1121.57018 	  314.49041 	  659.56559 	  581.86921 	  942.59768 	  759.39389 	  551.02526 	  801.55327 	  310.93170 	 1077.67916 	  565.69473 	 1373.53091 	    0.00000 	 1305.85057 	  912.79504 	 1205.06323 	 1508.02144 	  840.31115 	  578.39486 	 1633.26689 	 1439.92548 	 1532.19320 	  994.11545 	 
 516.61508 	  923.21510 	 1210.80830 	  731.60332 	  768.83850 	  774.18408 	  461.13087 	  826.88438 	  729.75091 	  378.19354 	  821.56714 	 1776.76340 	  257.37480 	  783.93007 	 1187.25517 	    0.00000 	 1233.73715 	 1358.66974 	 1482.72791 	  669.59916 	  645.40974 	 1363.95396 	 2435.00072 	  602.11491 	  921.28846 	 
 945.10035 	  198.86277 	  205.68681 	  697.55300 	  610.04661 	  305.89652 	 1004.83397 	 1316.22023 	  485.35845 	 1126.10005 	 1354.45579 	 1919.00835 	 1046.71115 	  796.45301 	 1218.00232 	 1132.24287 	    0.00000 	   99.22408 	 2725.47778 	  427.07814 	 1130.86523 	 2337.16730 	 2066.20720 	  873.27443 	  191.37800 	 
 660.05112 	   99.50441 	  300.06519 	  501.55754 	  366.02372 	  322.32104 	 1375.67586 	 1926.62638 	  584.54768 	 1315.47799 	 1227.25051 	 2938.78553 	 1072.02587 	 1279.31041 	  713.21535 	 1301.85078 	   97.13686 	    0.00000 	 2352.56263 	  257.19308 	  898.01128 	 3150.73611 	 1824.33708 	  824.87325 	  131.22430 	 
1579.63206 	 2298.34027 	 2299.49353 	 1620.80208 	 1823.68446 	 1580.39795 	  809.73134 	  483.04506 	 2085.14301 	  880.81978 	  750.08388 	  402.29530 	 1610.56119 	 2378.83281 	 1609.25644 	 1624.05299 	 2264.47288 	 2139.74802 	    0.00000 	 2081.22564 	 1105.60609 	  502.36765 	 1087.18410 	 1696.28257 	 2242.53831 	 
 623.59852 	  249.39593 	  383.28197 	  400.92317 	  272.05518 	  110.59810 	 1095.13900 	 1333.53034 	  235.43184 	 1446.29200 	  766.81304 	 2413.36977 	  768.03773 	 1053.52376 	  669.29315 	 1004.22000 	  313.37249 	  326.74497 	 1955.24403 	    0.00000 	  627.04071 	 1925.36315 	 2506.86414 	 1105.18602 	  142.31860 	 
 494.93053 	  722.54711 	 1185.30058 	  241.99891 	  393.06341 	  417.44426 	  396.05615 	  936.43066 	  532.03178 	  681.32846 	  206.80214 	 1453.17693 	  249.24571 	 1271.92191 	  567.45384 	  759.91017 	 1133.48753 	  597.58036 	 1322.00727 	  414.12005 	    0.00000 	 1941.96280 	 1650.16488 	 1101.73130 	  755.08772 	 
2184.90343 	 2284.50154 	 2317.68794 	 1875.37437 	 2053.97159 	 2605.83326 	 1397.13393 	 1124.55976 	 2600.12038 	 2129.53279 	 1639.12510 	  439.46144 	 1464.10138 	 2202.26738 	 1732.42527 	 2299.17547 	 2407.76015 	 2448.04110 	  778.83403 	 2832.97169 	 1392.34816 	    0.00000 	  876.95338 	 2533.59130 	 2284.54105 	 
2457.77748 	 2797.61398 	 3049.23807 	 1745.84378 	 1620.52531 	 1718.90413 	 1472.99495 	  932.79813 	 1492.91863 	 1988.98794 	 1399.91289 	  793.33480 	 1805.22562 	 2167.41983 	 1183.15009 	 2036.26661 	 2463.14980 	 1882.31016 	 1330.60967 	 1832.25342 	 1489.14240 	  892.07129 	    0.00000 	 3126.44428 	 2296.13177 	 
 510.41063 	  683.69997 	  914.25176 	  979.69188 	  667.42183 	  663.29212 	 1051.45472 	 1635.21832 	  877.26785 	  596.18455 	  840.64186 	 2313.69403 	  694.27991 	  202.38388 	 1075.70965 	  424.20798 	 1251.76258 	 1073.69846 	 2071.67750 	 1106.91010 	  613.04325 	 1880.02883 	 2866.37572 	    0.00000 	  828.31273 	 
 687.45185 	   27.05483 	  407.81190 	  723.14857 	  338.33063 	  326.62747 	  822.17879 	 1322.83240 	  302.08686 	 1501.82673 	 1075.90452 	 2752.46150 	  595.37851 	 1156.24722 	  872.98296 	 1084.99774 	  169.07274 	  135.94036 	 1837.44338 	  195.83216 	  704.67177 	 2519.67532 	 2052.79412 	  767.00303 	    0.00000 	 
   0.00000 	 6121.98888 	 9742.35015 	 18160.30746 	 3431.73484 	 5919.75421 	 11240.48026 	 2384.64535 	 9940.13060 	 6315.80020 	 3263.38500 	 8627.96083 	 9396.92485 	 19974.44580 	 3596.10165 	 12508.41687 	 46415.93199 	 10727.30287 	 1471.71818 	 5953.19252 	 5946.32650 	 5166.83275 	 2024.27625 	 11830.50424 	 19988.25691 	 
7183.68986 	    0.00000 	 15410.61252 	 14027.15501 	 3390.51204 	 6479.39963 	 4619.58598 	 2807.26303 	 6416.83596 	 3761.08488 	 2406.10539 	 10342.38000 	 1480.95167 	 5838.26825 	 1441.50602 	 4747.27612 	 23777.58908 	 6891.71298 	  718.60384 	 6273.32812 	 3682.18928 	 7467.25991 	 2957.29645 	 1688.76209 	  685.10350 	 
8338.82575 	 16307.93126 	    0.00000 	 44844.45857 	 6765.50772 	 12957.86442 	 5800.68560 	 4878.36059 	 19845.43429 	 3110.80777 	 4179.28197 	 24970.25751 	 1298.27788 	 28976.82530 	 6080.65682 	 3017.43206 	 162455.43717 	 36545.99596 	 3324.68784 	 17076.09717 	 7373.67281 	 16656.55151 	 3912.64339 	 10457.21257 	 49534.27618 	 
20964.69701 	 15203.55747 	 42641.94924 	    0.00000 	 19824.45539 	 31717.48484 	 23103.76602 	 28023.11549 	 42132.14596 	 11197.10473 	 31354.42286 	 60985.22937 	 12726.22228 	 35930.62708 	 37781.52162 	 17677.81223 	 182864.36589 	 27206.01003 	 10880.42753 	 31952.42057 	 41274.99312 	 30431.78366 	 13942.70768 	 14505.98499 	 43870.89431 	 
3321.87388 	 2360.63064 	 5162.84823 	 14432.55097 	    0.00000 	 8127.58757 	 2904.51352 	 1661.40131 	 6477.86970 	 1690.84571 	 2016.60965 	 6895.40805 	 1498.83840 	 7566.39311 	 2416.00945 	 1691.78602 	 23189.10473 	 4374.66643 	 1026.76707 	 5144.30478 	 5924.67619 	 3926.70106 	  964.02772 	 4260.16818 	 5282.85694 	 
6866.10328 	 4968.40328 	 11839.63418 	 29119.66429 	 5956.81131 	    0.00000 	 4281.78899 	 2918.94790 	 9455.64881 	 3948.96914 	 2868.79169 	 18197.63432 	 1611.07055 	 12448.22382 	 4491.66117 	 1877.47192 	 60459.53965 	 13201.42292 	 3203.55527 	 4898.22712 	 8525.93289 	 6200.89052 	 2425.70468 	 6406.58247 	 18435.05787 	 
11776.95724 	 3957.27262 	 7159.49212 	 26465.64445 	 3346.10666 	 4944.50213 	    0.00000 	 12203.62205 	 6485.02939 	 36317.66098 	 9607.00121 	 33289.43377 	 5716.90954 	 8551.23683 	 5952.34292 	 12723.90509 	 32576.79854 	 8809.48926 	 6952.01611 	 4008.38918 	 12776.19239 	 17637.27158 	 4862.12326 	 2874.76420 	 13074.98136 	 
2594.51648 	 3000.62688 	 5972.70523 	 28901.30954 	 1858.14409 	 2922.13513 	 12553.87085 	    0.00000 	 4467.44338 	 9014.19628 	 7730.42637 	 29078.23451 	 1853.03582 	 3375.91466 	 7337.13447 	 1777.20461 	 29909.59483 	 4373.18485 	 7019.63625 	 2770.46023 	 6408.06573 	 20747.33966 	 7219.04816 	 1472.08249 	 9591.88903 	 
9792.24314 	 7753.16105 	 18919.29911 	 65206.28286 	 7913.24153 	 10188.47065 	 4673.59078 	 7293.12126 	    0.00000 	 4695.50564 	 5071.25419 	 18487.97673 	 5575.90817 	 17895.64934 	 8786.19886 	 4815.06039 	 95226.10742 	 14156.70714 	 4700.56342 	 11028.64443 	 12641.20750 	 10627.52791 	 4021.71384 	 10894.76791 	 25098.24100 	 
6850.52308 	 3858.11036 	 3763.75073 	 11284.89971 	 1616.67041 	 2490.47225 	 33461.65057 	 9075.07222 	 4215.57625 	    0.00000 	 5063.73486 	 12834.87158 	 2938.27073 	 9340.88721 	 2758.56396 	 20671.61118 	 33351.14625 	 6617.01037 	 2473.76126 	 3470.82803 	 6100.71029 	 7813.58328 	 2781.58670 	 2630.22724 	 5972.36946 	 
4497.11148 	 2051.88427 	 3339.68115 	 23042.93935 	 1669.77203 	 1989.54787 	 8177.68856 	 13410.17686 	 3796.38452 	 4853.21663 	    0.00000 	 18444.02994 	 3870.12051 	 3428.56905 	 9231.66556 	 2159.69355 	 18328.46413 	 4673.73686 	 2625.41876 	 2630.64719 	 18766.46616 	 6076.43371 	 3351.62621 	 2132.68169 	 5991.43682 	 
9205.29395 	 7690.99084 	 17437.66302 	 49476.10148 	 4267.20072 	 10661.37081 	 30001.67469 	 23026.90407 	 25104.24388 	 14997.02559 	 15647.00010 	    0.00000 	 5652.23116 	 12933.45662 	 20880.93714 	 11645.53752 	 73969.72063 	 17074.29558 	 28518.11924 	 12445.25431 	 20044.72887 	 82279.59587 	 32447.69758 	 4948.14756 	 31001.67342 	 
11127.05496 	  908.76570 	 1878.96180 	 15962.54679 	 1456.73865 	 1884.87965 	 7997.76500 	 1572.01798 	 5040.10037 	 3658.31372 	 2175.88787 	 4726.42229 	    0.00000 	 3274.46844 	 1430.60083 	 5388.47409 	 10807.80863 	 2329.39574 	  890.90496 	 1446.47716 	 7437.29288 	 3233.38389 	 1076.06473 	 1099.64431 	 4341.58030 	 
23585.59792 	 6386.95755 	 28922.37131 	 34830.16259 	 5624.97156 	 16853.46451 	 7236.45718 	 3441.80970 	 20267.50758 	 8197.61347 	 4018.16576 	 18602.07142 	 3067.84610 	    0.00000 	 5272.95603 	 9075.69308 	 139889.64868 	 30555.57117 	 1467.15243 	 13588.80313 	 10511.12891 	 8276.80924 	 2254.07341 	 19922.92731 	 20575.63214 	 
2461.64808 	  858.32815 	 8327.64016 	 46219.86749 	 2000.32817 	 3667.34505 	 3868.95773 	 8940.94110 	 12483.19250 	 3262.47662 	 6439.49958 	 15128.16889 	 1259.49012 	 5452.27867 	    0.00000 	 1726.76809 	 24084.77119 	 8734.90698 	 4102.92461 	 2590.14417 	 6674.58171 	 11254.78985 	 7901.94924 	 3052.26020 	 11329.69413 	 
12434.17247 	 3718.47086 	 3156.71755 	 14546.91439 	 1702.16745 	 2589.08711 	 16049.52085 	 2159.85770 	 4842.84333 	 16545.72518 	 1974.94586 	 11921.85342 	 6443.06138 	 11554.13422 	 2781.77883 	    0.00000 	 15902.88930 	 3558.76284 	  760.37088 	 2223.82311 	 6187.33189 	 7885.60957 	 1530.87581 	 4191.95199 	 5963.54170 	 
45842.15648 	 29251.08597 	 162116.65611 	 205469.25452 	 32848.99629 	 48436.87132 	 30756.57463 	 27705.14902 	 93761.00608 	 23578.41424 	 13343.11741 	 82222.09618 	 13741.80042 	 168956.56687 	 30039.33184 	 17618.39494 	    0.00000 	 6521.79452 	 13281.18934 	 67012.23340 	 43396.20607 	 53544.99214 	 10513.41907 	 36907.69527 	 202679.61144 	 
10569.77092 	 5664.55534 	 46981.03923 	 46414.18809 	 5883.84149 	 15390.63931 	 8290.76604 	 5038.05325 	 23583.10272 	 6560.12502 	 4607.91044 	 24483.80993 	 3073.80148 	 31301.27980 	 6688.38450 	 4415.21964 	 10011.62205 	    0.00000 	 2069.07804 	 35776.47532 	 6720.09853 	 14487.84958 	 3873.69999 	 5825.77917 	 14503.40168 	 
1386.95606 	 1014.41122 	 2265.35375 	 14483.76229 	 1164.65894 	 3480.02434 	 7079.47702 	 7502.76398 	 3288.44628 	 1574.50381 	 3782.96188 	 41105.85714 	  842.72497 	 1268.45416 	 6407.26786 	 1077.95073 	 10404.32575 	 2961.21890 	    0.00000 	 2178.13689 	 3824.71802 	 11425.97245 	 4182.03295 	  498.34818 	 3977.10493 	 
5391.35615 	 7039.45004 	 15154.95159 	 21808.67531 	 4717.95118 	 4997.79351 	 2795.96594 	 3337.60483 	 12357.54812 	 3836.55431 	 2348.01414 	 11079.58933 	 1563.19971 	 13725.84253 	 2133.41979 	 1655.97922 	 61262.00620 	 33494.91876 	 1895.57608 	    0.00000 	 5803.45276 	 8488.27348 	 2239.02505 	 6778.12403 	 12571.10091 	 
4257.04216 	 4279.34213 	 6683.99832 	 46203.19813 	 6331.88992 	 7018.34202 	 12251.73427 	 6581.20423 	 15277.65968 	 6455.40290 	 18027.18323 	 20133.31111 	 7565.35275 	 6205.99933 	 6185.39070 	 3369.76062 	 37808.61125 	 7228.57893 	 2727.02962 	 3859.79117 	    0.00000 	 12074.79640 	 3537.79083 	 4083.13267 	 12040.07636 	 
6145.63614 	 9485.99289 	 12458.96345 	 33607.83358 	 2579.47391 	 5892.72282 	 9988.57754 	 14001.32387 	 11994.61452 	 6664.79149 	 6496.86166 	 97912.33542 	 3070.52058 	 9794.55597 	 15528.18479 	 8193.11592 	 72070.20218 	 18716.02586 	 14583.80024 	 7525.44056 	 9250.13698 	    0.00000 	 28862.31104 	 2456.68515 	 15952.46800 	 
3113.15349 	 3807.33809 	 5303.98372 	 16553.68034 	  807.82561 	 1996.71300 	 4835.25116 	 5629.11888 	 3387.99567 	 3341.87232 	 2750.12024 	 26827.52341 	 1236.42711 	 1544.61157 	 5175.42308 	 2532.05657 	 12099.44134 	 4955.34717 	 3997.87883 	 1535.51068 	 3594.86121 	 40657.02556 	    0.00000 	  925.61910 	 4548.06991 	 
14969.19703 	 2460.92469 	 7209.66381 	 16169.63797 	 4010.07654 	 4870.52854 	 2270.87129 	 1150.28288 	 12068.00032 	 2022.86196 	 1684.06647 	 4303.96640 	 1096.94120 	 18497.65739 	 2358.47844 	 3967.99263 	 30810.49351 	 5640.92676 	  496.74020 	 5657.54967 	 3678.80246 	 2176.64530 	 1084.53287 	    0.00000 	 6261.27284 	 
18711.84008 	  495.49112 	 37390.70731 	 52895.76929 	 5981.97849 	 15686.75577 	 8050.60465 	 9411.75308 	 24310.94639 	 4366.01340 	 8933.82133 	 19019.19601 	 3412.32839 	 19296.59369 	 11394.88596 	 5045.08989 	 207997.50030 	 9093.33872 	 3734.55995 	 15687.10228 	 13797.20552 	 24425.45706 	 4112.23258 	 7272.65536 	    0.00000 	 
   0.00000 	  561.33311 	 1098.74144 	  611.83488 	  399.61485 	  720.97417 	  683.34076 	 1076.91513 	  496.33511 	  763.46842 	  569.16875 	 2270.68427 	  310.44716 	  558.19853 	  755.02376 	  411.48547 	  731.87742 	  864.06482 	 1147.56543 	  565.34644 	  379.52918 	 1897.25996 	 2773.80607 	  294.86389 	  512.75285 	 
 690.48513 	    0.00000 	  332.30109 	  433.71143 	  477.61134 	  306.68386 	 1054.72930 	 1625.18327 	  302.46952 	  969.65058 	  779.82283 	 2325.60569 	  849.02349 	 1082.20172 	 1056.40561 	  952.40730 	  203.78862 	   83.17782 	 2341.34107 	  166.68456 	  825.05320 	 2969.88527 	 2969.52095 	  593.79902 	   43.44115 	 
 855.50038 	  325.38929 	    0.00000 	  678.28868 	  753.19291 	  463.29948 	 1593.89513 	 2256.98446 	  617.46583 	 1401.44072 	 1495.34317 	 2472.39850 	 1286.39774 	 1493.40696 	 1082.64475 	  965.20260 	  147.19738 	  253.70386 	 1773.28716 	  591.14938 	 1348.09012 	 2278.93525 	 2101.05464 	  944.38647 	  373.96754 	 
 632.03776 	  770.88136 	  668.16739 	    0.00000 	  248.29701 	  288.31242 	  799.94106 	  657.49840 	  225.71080 	  732.30564 	  481.78315 	 1641.64141 	  529.32631 	  860.18280 	  296.07146 	  898.33557 	  647.34836 	  525.24047 	 1186.89666 	  354.28969 	  276.02906 	 2138.53850 	 2159.67473 	  709.45201 	  672.67658 	 
 346.17183 	  374.34316 	  741.70568 	  244.18792 	    0.00000 	  265.05230 	  848.63815 	  941.91763 	  243.23551 	 1017.75097 	  446.91733 	 2409.81114 	  289.97095 	  829.21968 	  744.96539 	  731.29075 	  679.94871 	  567.47753 	 1731.47845 	  225.19093 	  266.01670 	 2184.51809 	 1643.28268 	  599.19381 	  337.70338 	 
 563.44005 	  293.69196 	  584.19623 	  220.80869 	  288.16618 	    0.00000 	 1150.49464 	 1000.01902 	  122.43267 	  783.77780 	  593.56525 	 2212.21469 	  588.63075 	  871.73221 	  798.51848 	  992.11872 	  304.26173 	  340.16257 	 1925.71851 	  118.11721 	  395.10058 	 1580.94502 	 2187.86387 	  763.29315 	  225.06102 	 
 904.14123 	  935.61470 	 1321.86731 	  983.50902 	  989.57795 	 1012.46252 	    0.00000 	  499.60816 	 1009.06430 	  155.97248 	  533.57494 	 1188.81083 	  471.24593 	 1101.15857 	 1070.59202 	  419.02646 	 1071.29713 	 1060.38675 	  742.57362 	  889.44525 	  443.04605 	 1719.39439 	 2125.93769 	  854.64042 	 1234.14327 	 
 872.53933 	 1925.75599 	 2096.55363 	 1029.25970 	  988.63710 	 1526.16009 	  535.10072 	    0.00000 	 1414.36376 	  678.50662 	  540.02568 	  696.33910 	 1077.50087 	 1227.61500 	  844.55580 	  892.14761 	 1274.85522 	 1830.62810 	  555.90715 	 1151.68151 	  611.44270 	  700.27155 	  888.20376 	 1180.72292 	 1435.64043 	 
 733.61531 	  518.41744 	  806.50669 	  189.52245 	  239.23082 	   94.54364 	 1185.21147 	  997.01961 	    0.00000 	 1302.26950 	  719.26497 	 1849.25286 	  562.31321 	 1432.33414 	  600.18743 	 1204.64832 	  361.59118 	  443.87975 	 2008.27045 	  159.87209 	  374.13047 	 2074.66577 	 2014.30726 	 1209.07335 	  339.87991 	 
 760.00036 	 1342.44206 	 1930.12887 	  786.29936 	  674.75831 	  879.39447 	  211.68351 	  955.74645 	 1283.13721 	    0.00000 	  469.83145 	 1626.22124 	  399.45415 	  919.06693 	 1170.03074 	  313.06597 	 1632.19624 	 1395.59887 	 1060.45933 	 1210.86224 	  832.63333 	 1466.05104 	 1871.55967 	  643.01285 	 1345.37698 	 
 641.95540 	  800.70522 	  963.36144 	  324.32755 	  473.51805 	  729.69868 	  418.13983 	  434.49727 	  645.65198 	  496.52202 	    0.00000 	 1443.10419 	  312.23557 	 1201.74965 	  480.35766 	  648.95272 	  943.32603 	  971.17104 	 1345.74548 	  573.36980 	  292.93329 	 1721.25033 	 1075.83877 	  964.83676 	 1127.83684 	 
2077.01651 	 2877.71549 	 3348.55792 	 1789.74180 	 1835.12949 	 2261.33071 	 1546.47623 	  875.57730 	 1884.15064 	 1014.44908 	 1686.16344 	    0.00000 	 1733.05236 	 2472.77990 	 1725.04865 	 1770.20528 	 1785.11411 	 3112.01602 	  356.55209 	 2061.74163 	 1881.80476 	  323.57069 	  952.08893 	 2247.73757 	 2616.51827 	 
 338.83795 	  721.59402 	  975.52750 	  410.86131 	  380.72768 	  612.49668 	  427.38320 	  669.86217 	  709.81121 	  436.50432 	  324.80788 	 1404.16469 	    0.00000 	 1112.84906 	  803.28018 	  372.16757 	  816.37316 	 1090.08212 	 1555.29612 	  455.98433 	  228.07625 	 2331.21581 	 2115.59278 	  600.69720 	  563.54256 	 
 670.38911 	  967.82662 	 1283.56684 	 1314.58401 	  950.58743 	 1255.71581 	  971.59315 	 1345.02959 	 1230.34685 	  990.60639 	 1211.14413 	 1638.22456 	 1004.19918 	    0.00000 	 1663.48354 	  506.81760 	  912.96468 	  920.14348 	 2332.25313 	 1053.74292 	 1164.73292 	 3331.53310 	 3362.98382 	  220.61665 	 1060.00469 	 
 960.27242 	 1073.70115 	 1189.33153 	  245.80069 	  640.05541 	  500.34429 	 1054.75589 	  608.85073 	  486.56699 	  795.45562 	  485.96469 	 1162.70943 	  874.66488 	 1938.20747 	    0.00000 	 1140.22573 	  921.80092 	  806.93794 	 1466.33202 	  578.10369 	  455.11704 	 1651.16393 	 1719.62243 	 1545.46001 	  712.22452 	 
 533.83061 	 1197.34007 	 1011.34307 	  858.18596 	  862.34752 	 1106.51403 	  368.76552 	  797.38797 	 1187.35224 	  280.72951 	  700.69349 	 1887.40859 	  257.88334 	  871.37974 	 1345.27168 	    0.00000 	 1065.60248 	 1257.85421 	 1693.67339 	  657.45662 	  626.69176 	 1644.99995 	 2230.79716 	  479.61421 	  761.22897 	 
 576.58246 	  172.10212 	  186.29983 	  524.86316 	  483.08721 	  524.41523 	 1693.14809 	 1597.73712 	  343.37551 	 1175.18851 	 1085.04093 	 2594.75333 	  967.62932 	 1084.41579 	  745.97301 	 1389.67192 	    0.00000 	   97.95009 	 2453.54356 	  278.52604 	 1079.07724 	 1932.62253 	 1709.47484 	 1197.24645 	  240.33892 	 
 666.65589 	  123.43161 	  349.41930 	  534.65308 	  367.38414 	  289.02816 	 1062.48471 	 1669.64256 	  435.29436 	  984.03893 	 1247.08452 	 2577.50445 	  693.00806 	  986.90996 	 1036.95919 	 1361.11049 	   93.01306 	    0.00000 	 1906.99599 	  272.52915 	  608.85271 	 1842.76022 	 2471.97478 	  657.67503 	   95.61870 	 
1745.33089 	 2060.76495 	 2938.52681 	 1022.43036 	 1599.77031 	 1836.61941 	 1089.07912 	  716.05630 	 1260.01575 	  889.47732 	  780.40239 	  374.27061 	  889.95075 	 1907.51297 	  932.23957 	 1002.01138 	 1628.56616 	 1491.15915 	    0.00000 	 1685.96076 	 1364.15365 	  591.14727 	 1273.72261 	 1318.67861 	 2125.15790 	 
 526.45276 	  188.38835 	  577.04026 	  309.62296 	  285.53364 	  127.04233 	  780.70924 	 1677.44842 	  193.81548 	 1429.40671 	  858.65471 	 1728.44081 	  676.56987 	 1248.37937 	  669.78000 	 1138.67398 	  301.88191 	  225.73240 	 2104.29120 	    0.00000 	  613.47130 	 2031.79149 	 1552.01793 	  905.37227 	  155.66776 	 
 491.80585 	  755.00828 	 1061.39401 	  298.62665 	  259.61600 	  588.80924 	  455.42572 	  803.23341 	  337.55527 	  843.12963 	  228.61765 	 1933.15143 	  284.42247 	 1288.66553 	  330.44843 	  751.54513 	  758.21749 	  753.65067 	 1330.68866 	  564.40918 	    0.00000 	 2079.12805 	 1737.94986 	  956.51909 	  749.94682 	 
2427.79183 	 2316.92198 	 2651.50068 	 2029.47241 	 2328.55965 	 1751.61744 	 1688.64993 	  951.64608 	 2708.23359 	 1522.02766 	 1749.19523 	  254.61090 	 1975.25650 	 3253.34552 	 1113.11974 	 1343.29916 	 2581.95064 	 2926.50991 	  784.20606 	 2642.22309 	 1497.21129 	    0.00000 	  774.90065 	 1898.32607 	 2647.66271 	 
2392.68295 	 1771.87111 	 2123.93487 	 1722.94077 	 2246.19024 	 1789.94910 	 1601.97507 	 1280.48008 	 2129.38009 	 1981.32769 	 1216.88181 	 1108.37922 	 1963.57406 	 3280.47964 	 1778.85062 	 2636.98765 	 1973.87458 	 2626.20564 	 1078.93250 	 2580.00903 	 2149.46578 	  770.34485 	    0.00000 	 2251.70905 	 2738.99671 	 
 403.38362 	 1036.81039 	 1340.34355 	  756.17956 	  651.12138 	 1203.26592 	 1033.69131 	 1809.32606 	  719.61414 	  760.61786 	  789.41998 	 2614.42895 	  664.61091 	  155.29087 	 1012.62921 	  520.67093 	 1212.51175 	  849.82811 	 2192.02528 	  931.99098 	  947.85303 	 2016.02756 	 2750.61950 	    0.00000 	 1022.95058 	 
 532.95195 	   34.83528 	  317.09163 	  714.26179 	  441.31753 	  339.36108 	 1012.83386 	 1414.35022 	  409.82625 	 1551.88745 	  871.77204 	 2890.29313 	  631.45164 	 1123.20481 	  660.45854 	 1243.38663 	  262.73372 	  154.19593 	 1457.73947 	  145.93012 	  679.46982 	 2134.40957 	 2801.90140 	  801.40220 	    0.00000 	 
   0.00000 	 7272.77067 	 5949.62080 	 19801.80329 	 4503.21600 	 6445.16503 	 12620.75615 	 1950.81422 	 10902.13971 	 6511.75351 	 3010.41371 	 11965.24172 	 8982.89050 	 23052.86704 	 2817.60456 	 10212.27179 	 33716.21629 	 14553.79710 	  981.85667 	 3814.27434 	 5683.71584 	 6497.66696 	 2297.94586 	 12263.87585 	 17897.52009 	 
7525.12586 	    0.00000 	 15369.66557 	 12448.12743 	 3179.04664 	 6884.10162 	 3823.33156 	 3587.98486 	 5317.13852 	 4503.02546 	 2443.60877 	 5938.02039 	  967.02729 	 6881.42585 	 1430.31838 	 5795.88151 	 18637.81920 	 5817.34460 	  650.54570 	 5792.80525 	 2995.10898 	 8101.51500 	 4540.80198 	 2263.79883 	  460.50370 	 
9107.93277 	 9442.02068 	    0.00000 	 33434.85903 	 5430.81660 	 15926.77071 	 6520.40136 	 6877.57194 	 20255.99095 	 4675.28309 	 3018.01228 	 25543.19486 	 1547.26350 	 26363.33321 	 5919.40992 	 3620.31804 	 252869.57210 	 36316.24713 	 2896.45411 	 16454.21837 	 5293.22961 	 21106.33201 	 4196.89376 	 9775.81897 	 61905.62145 	 
23905.34500 	 13295.27568 	 45370.87249 	    0.00000 	 24664.73100 	 43434.73604 	 22782.51587 	 34482.52210 	 56616.73922 	 13221.02013 	 35165.38401 	 60487.47308 	 9242.82177 	 49309.98564 	 37540.92845 	 16601.78520 	 191169.44469 	 46932.01930 	 18388.00912 	 34061.68521 	 54218.12843 	 36814.60822 	 17328.67792 	 17936.03722 	 41329.78444 	 
5610.28191 	 3104.31542 	 5903.41802 	 14487.80851 	    0.00000 	 6102.41802 	 3431.90399 	 1571.10641 	 7447.64575 	 1668.74273 	 2396.97367 	 5412.06803 	 2226.33003 	 8052.88242 	 2501.30307 	 1633.34993 	 21455.64302 	 7068.16318 	  817.03748 	 4101.96497 	 4491.26056 	 4283.13672 	  875.16571 	 3705.46717 	 8440.37405 	 
6627.07887 	 6446.50517 	 11468.64232 	 37980.72927 	 6582.69483 	    0.00000 	 4954.27883 	 4426.82162 	 11912.63455 	 3942.38869 	 2406.93111 	 15905.94056 	 1556.05777 	 15424.11996 	 5593.75189 	 2442.20144 	 46159.73602 	 16651.17563 	 2272.60778 	 4155.53023 	 8011.20444 	 5457.28053 	 1540.57802 	 7458.97633 	 14928.55337 	 
9929.42376 	 4759.44540 	 7495.39037 	 26899.59192 	 2227.96496 	 6015.18391 	    0.00000 	 11341.07221 	 4907.02570 	 41869.74445 	 11804.24841 	 26206.05517 	 8592.16927 	 7361.00816 	 3426.79034 	 15214.60794 	 22201.86049 	 8180.48711 	 6265.88484 	 2596.96192 	 9262.16845 	 10789.27185 	 3647.18884 	 3476.56699 	 13481.64096 	 
1792.40206 	 3685.65026 	 5890.13766 	 34028.15635 	 1304.28176 	 3068.65251 	 12447.21785 	    0.00000 	 4357.61429 	 5121.44867 	 13402.62684 	 32359.87351 	 1992.50094 	 3542.48238 	 8839.38323 	 3115.99552 	 21253.99039 	 6460.64843 	 6890.02631 	 2457.19528 	 9148.47029 	 13931.77458 	 6258.96481 	 1178.39930 	 8736.44703 	 
9730.85476 	 5322.05833 	 15077.33252 	 52865.41921 	 5234.10518 	 12086.77561 	 5924.47386 	 4830.02652 	    0.00000 	 5083.57863 	 4598.36880 	 26731.72102 	 5859.22286 	 31886.59114 	 8835.07764 	 3166.48222 	 96356.04401 	 14225.19221 	 4318.14058 	 8313.63178 	 11946.31897 	 9857.23059 	 5029.79566 	 12319.49028 	 14025.26995 	 
7543.14825 	 5255.56298 	 5103.39988 	 14312.25368 	 1344.07916 	 2892.14279 	 27283.35865 	 4997.56444 	 4474.74973 	    0.00000 	 3994.45926 	 20753.90312 	 3000.76632 	 9463.92483 	 2179.68877 	 24304.25640 	 27300.22044 	 6211.73008 	 2314.26910 	 3538.41834 	 5645.94676 	 9983.96871 	 3461.67027 	 1903.29035 	 4077.76502 	 
3453.59760 	 1952.03199 	 4325.26047 	 36082.64889 	 1963.00025 	 3220.21329 	 10859.08340 	 11415.74725 	 6056.98870 	 3375.10373 	    0.00000 	 15208.91872 	 2509.47297 	 3646.81936 	 7717.01167 	 3464.29587 	 20960.64626 	 4690.30977 	 3367.76145 	 2249.81959 	 20107.11042 	 8237.79334 	 2792.82295 	 1821.34764 	 8272.85642 	 
9182.93798 	 8576.82447 	 20647.72023 	 70928.87631 	 4972.88907 	 18535.21900 	 29866.56968 	 29809.37739 	 16086.09562 	 17115.88211 	 14730.94000 	    0.00000 	 4009.43789 	 10978.37803 	 22763.11770 	 10342.08632 	 102821.42965 	 25217.69517 	 35455.62783 	 7637.23271 	 14277.61083 	 100770.97135 	 26250.81543 	 5011.24336 	 25315.68108 	 
12056.13431 	  865.88274 	 1720.51990 	 16137.99323 	 2206.33924 	 1748.29964 	 6840.51524 	 1954.90472 	 3751.43596 	 3158.91703 	 3050.12592 	 5247.04176 	    0.00000 	 3106.48247 	 1037.54309 	 6805.72070 	 8071.94971 	 3338.32390 	  547.36432 	 1386.24200 	 7574.96641 	 2608.61513 	 1035.59781 	 1208.71098 	 4683.70286 	 
18636.39743 	 8377.23726 	 30391.35953 	 46515.58385 	 7969.53162 	 16311.04983 	 7268.71449 	 4356.21851 	 26464.90245 	 7941.07686 	 3812.32183 	 18637.31592 	 3549.20582 	    0.00000 	 4606.88886 	 9557.72889 	 135507.13999 	 18008.40361 	 1402.33920 	 18333.37207 	 9474.77099 	 10278.78579 	 1645.96113 	 19504.16404 	 16642.35388 	 
3726.10008 	 1178.40293 	 6416.31203 	 46229.29680 	 1455.79204 	 4963.18612 	 5169.52709 	 6773.76196 	 12785.01701 	 3370.23901 	 9727.68549 	 18318.57592 	 1068.23560 	 4587.09183 	    0.00000 	 1571.39419 	 26963.79354 	 7936.10792 	 6331.52060 	 3001.30241 	 7594.57736 	 9586.69717 	 7712.79423 	 2917.87236 	 13966.29719 	 
12369.12540 	 5823.54262 	 3542.12186 	 14100.65530 	 1646.81501 	 1453.72552 	 14155.94462 	 2276.04152 	 4756.57417 	 22538.01505 	 2314.60945 	 12931.91638 	 6879.77865 	 10456.74796 	 2096.76687 	    0.00000 	 21643.56392 	 3251.76142 	 1064.74880 	 2077.79371 	 5159.34522 	 4830.85924 	 2476.49091 	 4474.98283 	 5045.51338 	 
48432.81246 	 27500.89094 	 242058.93225 	 198748.40689 	 18582.43753 	 58824.04626 	 27940.21627 	 28926.37369 	 100127.38665 	 21095.74246 	 16489.33270 	 86599.01975 	 9843.01774 	 183269.69317 	 29829.74786 	 17162.69608 	    0.00000 	 6781.90788 	 12976.12814 	 78167.97370 	 30052.18799 	 62329.17185 	 14083.11428 	 26788.51898 	 176724.81534 	 
9422.85225 	 7066.19159 	 42875.37750 	 41642.39493 	 5823.87101 	 12448.10673 	 5354.76090 	 5093.87399 	 17516.25075 	 6347.00711 	 4528.95943 	 25527.11296 	 3874.39112 	 22413.30304 	 8866.94275 	 4748.90152 	 9237.27226 	    0.00000 	 2492.02507 	 23662.21180 	 9903.64437 	 17743.83153 	 5344.50854 	 6340.79936 	 12899.29404 	 
1501.85386 	  877.68549 	 2469.08836 	 14299.11422 	  842.33010 	 2583.50519 	 5747.78950 	 6658.50895 	 4159.06774 	 1850.94588 	 2595.33093 	 41127.95242 	  658.90390 	  969.08318 	 6079.11958 	 1067.40458 	 13105.67060 	 2201.61903 	    0.00000 	 2055.34106 	 3742.35503 	 8594.21785 	 3158.43641 	  599.76056 	 3162.38813 	 
5676.21036 	 6148.86603 	 9663.16890 	 32978.83754 	 3582.44122 	 5609.95443 	 2788.78214 	 2328.36910 	 9576.94622 	 3393.26545 	 2479.52884 	 10854.97119 	 1005.59938 	 14968.27986 	 3013.56827 	 1656.27747 	 76536.45540 	 27444.77772 	 1431.32281 	    0.00000 	 6326.45292 	 6741.50585 	 2112.90647 	 6989.64201 	 15599.73743 	 
5793.85558 	 4555.10031 	 7531.84478 	 32555.62302 	 4486.93882 	 8842.34613 	 12426.04578 	 8781.48240 	 8361.52730 	 7303.44247 	 20049.56226 	 14982.46262 	 5576.64163 	 9900.76746 	 9964.11827 	 5805.11811 	 25897.56442 	 10201.56512 	 3844.73910 	 5496.84928 	    0.00000 	 12508.08095 	 2878.28281 	 4441.88696 	 13121.40538 	 
7028.74562 	 9414.13709 	 19982.19676 	 26995.58366 	 2696.30523 	 4838.14676 	 11491.42356 	 19328.68654 	 9953.70528 	 10952.15759 	 9010.07579 	 92104.93738 	 3842.76877 	 6464.77215 	 10235.32169 	 5339.61555 	 55868.90517 	 11514.34626 	 9762.94740 	 8536.00496 	 8617.10472 	    0.00000 	 43541.07074 	 3234.37566 	 17231.77390 	 
3267.03325 	 2978.25889 	 3517.46442 	 11923.48262 	  785.36616 	 2573.54528 	 3609.12662 	 7270.63431 	 3859.31391 	 3561.49316 	 3635.29458 	 40684.31093 	 1092.70327 	 1447.05912 	 7380.85970 	 1551.39385 	 13092.20831 	 4886.72845 	 3055.64164 	 1526.54848 	 3191.08590 	 26540.56969 	    0.00000 	  829.84426 	 4729.33082 	 
12619.47815 	 2372.96697 	 9894.17337 	 21829.26734 	 3498.32193 	 5370.52355 	 2797.80144 	 1282.44018 	 9326.22154 	 2459.82125 	 1575.31924 	 3025.47556 	 1396.47570 	 16667.93260 	 2326.32534 	 3575.02873 	 33556.58210 	 4941.08685 	  438.88193 	 5872.56512 	 3754.39069 	 2581.11810 	  664.39906 	    0.00000 	 6504.26538 	 
14118.70902 	  666.03769 	 46899.54290 	 33062.73623 	 7292.94547 	 17535.34218 	 10609.44415 	 10584.21440 	 17481.95121 	 4419.31119 	 9195.88718 	 19684.89138 	 3962.54990 	 17179.26512 	 13037.85035 	 3863.53811 	 156176.08283 	 15142.73087 	 2495.58668 	 15004.43208 	 12361.36684 	 18861.04443 	 6217.68054 	 6514.97114 	    0.00000 	 
   0.00000 	  689.43181 	  780.91542 	  627.09540 	  274.16369 	  656.31019 	  857.45763 	 1357.98651 	  727.28511 	  790.14722 	  595.30834 	 1400.81843 	  264.42264 	  606.10403 	 1020.59833 	  298.69102 	  606.87519 	  795.33795 	 1152.23254 	  392.19580 	  479.70641 	 2387.62492 	 2586.50499 	  526.18759 	  525.89510 	 
 541.97540 	    0.00000 	  410.27522 	  661.32592 	  430.65078 	  367.09193 	  848.57043 	 1667.47632 	  287.71703 	 1118.40733 	 1149.66084 	 2500.76934 	 1009.48641 	 1027.46686 	  733.04932 	 1046.87754 	  167.69252 	   93.34723 	 2181.53367 	  259.75181 	  943.43054 	 2899.60919 	 1848.01329 	  814.50932 	   34.84125 	 
 726.56486 	  263.95623 	    0.00000 	 1099.65582 	  696.82548 	  666.82396 	 1244.48183 	 1273.79399 	  699.13724 	 2026.70229 	 1319.55854 	 3222.00185 	  821.32285 	 1092.25429 	  962.83022 	 1134.83708 	  177.73657 	  252.63875 	 1850.63599 	  597.06618 	  952.55430 	 3244.56664 	 3180.92666 	 1049.74974 	  386.29294 	 
 656.83088 	  766.08153 	  861.49866 	    0.00000 	  273.26923 	  222.81380 	  963.22354 	  840.83221 	  255.03673 	  858.50977 	  443.76041 	 2196.57087 	  395.91814 	  946.96768 	  296.58913 	  799.66757 	  885.90020 	  544.23443 	 1431.15973 	  339.12306 	  271.59413 	 1939.92071 	 2178.46685 	 1258.56939 	  685.18276 	 
 353.92628 	  449.75202 	  563.19208 	  265.69061 	    0.00000 	  180.68526 	  627.86690 	 1184.37793 	  214.16993 	 1134.24735 	  560.91084 	 1762.63404 	  435.73780 	  707.38743 	  485.04885 	  860.31168 	  573.83529 	  484.76812 	 1619.17113 	  290.22637 	  343.45621 	 2101.83826 	 1478.05674 	  837.37763 	  363.86162 	 
 432.83352 	  391.79123 	  579.70116 	  270.17406 	  279.30125 	    0.00000 	 1214.84884 	 1408.24524 	   89.24916 	  886.99514 	  633.43331 	 1882.33661 	  667.87081 	  775.96612 	  557.27119 	  871.36808 	  426.96562 	  280.82288 	 1799.47071 	   73.87793 	  470.99240 	 2515.70851 	 1442.25338 	  870.35620 	  335.47817 	 
 918.75536 	 1342.83423 	 1698.86135 	  922.32389 	 1018.48572 	 1211.27337 	    0.00000 	  832.12959 	 1099.66560 	  274.02357 	  562.58506 	  880.91033 	  528.54080 	 1254.36700 	 1088.92154 	  376.66297 	 1338.58611 	 1219.49282 	  950.31451 	 1243.46792 	  690.58678 	 1078.63137 	 2030.61719 	  859.17505 	 1506.25771 	 
1479.63228 	 1126.68631 	 1757.56004 	  990.07154 	  947.63558 	 1210.57409 	  687.44731 	    0.00000 	 1430.80720 	 1007.69738 	  413.44980 	  613.48401 	  835.03399 	 1272.37983 	  489.13933 	 1187.40355 	 1299.05334 	 1978.84951 	  519.68113 	 1193.21332 	  715.57022 	  896.24784 	  731.68234 	 1182.12234 	 1529.67110 	 
 478.24035 	  461.15628 	  619.11012 	  237.87906 	  309.54307 	   87.86894 	 1254.29246 	 1207.23299 	    0.00000 	 1261.87765 	  827.46578 	 1515.12061 	  752.58684 	 1463.69272 	  420.61626 	 1117.58429 	  464.55815 	  375.97173 	 1887.01563 	  239.19605 	  423.02049 	 1750.56685 	 2115.32489 	  941.06441 	  324.26958 	 
 712.19485 	 1169.88757 	 1999.23214 	  694.87775 	  744.07564 	 1207.66364 	  159.92753 	  621.31531 	  943.84756 	    0.00000 	  595.92073 	 1603.20703 	  378.24378 	  997.90333 	  900.32274 	  321.02990 	 1203.05163 	 1510.01496 	  854.63740 	 1317.49536 	  878.99136 	 1962.35109 	 1942.39000 	  855.24331 	 1332.28890 	 
 506.35904 	  960.86753 	  941.00550 	  323.12787 	  638.91457 	  608.25377 	  449.51733 	  634.44342 	  505.18518 	  625.20022 	    0.00000 	 1560.04020 	  423.81034 	 1566.24234 	  300.71225 	  505.00460 	 1203.87617 	 1032.88628 	 1105.19704 	  916.53575 	  277.34908 	 1847.96942 	 1559.65741 	 1178.26856 	  709.11245 	 
2033.90049 	 2443.18243 	 2169.82890 	 1767.34026 	 2261.23396 	 2328.79194 	 1073.21648 	  887.39438 	 1841.10998 	 1520.78901 	 1580.42319 	    0.00000 	 2084.89558 	 2094.28196 	 1340.31811 	 1634.48909 	 2788.12503 	 2835.06742 	  259.12657 	 1678.11932 	 1462.74851 	  389.90850 	 1241.24082 	 2123.06608 	 2717.39182 	 
 344.44727 	  807.83570 	 1249.14640 	  484.70114 	  399.24358 	  461.05402 	  411.29249 	  699.06951 	  746.88820 	  608.81886 	  424.78294 	 1429.87076 	    0.00000 	  995.54091 	  881.36344 	  389.60719 	 1026.98092 	 1134.34097 	 1600.78943 	  644.32934 	  269.74045 	 1573.47540 	 2046.59609 	  803.71237 	  946.59041 	 
 415.35724 	  732.70205 	 1034.91543 	  951.65510 	 1048.18292 	  879.44637 	 1004.85132 	 1796.34912 	 1191.66208 	 1046.42941 	 1039.80265 	 1896.38154 	  840.05814 	    0.00000 	 1824.83801 	  735.16186 	 1033.42057 	 1089.07356 	 2007.23020 	 1223.71629 	  876.79164 	 2802.75429 	 3154.70447 	  232.00437 	  793.36223 	 
 936.22065 	 1041.82664 	 1114.21560 	  362.82611 	  558.06797 	  447.29089 	  812.27058 	  803.60299 	  499.06033 	 1347.96027 	  320.95851 	 1302.80908 	  574.51811 	 1330.24055 	    0.00000 	 1271.42742 	 1040.82978 	 1272.90587 	 1324.64712 	  914.65984 	  424.92787 	 1528.46548 	 1554.94048 	 1148.60093 	 1080.96445 	 
 341.28123 	  994.74925 	 1095.67475 	  682.05700 	  510.04247 	 1079.29785 	  410.80178 	  905.03460 	  655.64528 	  221.45829 	  765.93569 	 2076.49100 	  370.35569 	  751.31367 	 1251.09257 	    0.00000 	  963.09708 	 1204.49902 	 1264.83485 	  729.47911 	  679.26828 	 2350.35802 	 2597.22943 	  564.67836 	 1086.13677 	 
 573.36818 	  147.62103 	  191.30031 	  626.09267 	  684.65820 	  289.73873 	 1359.09109 	 1577.07847 	  544.47790 	 1517.06762 	 1040.90966 	 3007.72756 	 1007.01467 	 1291.97329 	 1166.17381 	 1120.71812 	    0.00000 	  104.20634 	 2615.19975 	  325.35295 	  634.59128 	 3045.37355 	 2528.81290 	  716.63644 	  199.32347 	 
 527.88064 	   81.40277 	  294.26396 	  623.26130 	  369.17367 	  334.08150 	 1505.79540 	 1735.63094 	  332.45952 	 1502.00259 	  867.84354 	 2865.10572 	  982.55633 	 1043.10466 	 1214.08463 	  931.74580 	   91.64175 	    0.00000 	 2306.98294 	  328.82571 	  902.09092 	 2642.37902 	 1858.17148 	 1073.16607 	  140.71521 	 
1779.31894 	 2090.87658 	 2762.11474 	 1703.85655 	 1325.91075 	 1489.34412 	  750.73013 	  594.64727 	 1961.73469 	 1071.07047 	  959.97930 	  270.10995 	 1636.28712 	 1570.43234 	 1005.18861 	 1627.95773 	 2509.85552 	 2102.48133 	    0.00000 	 2341.68821 	 1249.95895 	  506.90887 	  816.70995 	 1897.25034 	 1751.03731 	 
 405.80009 	  236.70345 	  396.57703 	  325.00776 	  202.26190 	   93.74128 	  993.82524 	  953.11013 	  215.13281 	 1203.16865 	  938.44723 	 1858.54804 	  696.00353 	  722.91955 	  598.07422 	  804.39206 	  286.68847 	  277.70847 	 1800.35943 	    0.00000 	  586.74028 	 2834.33099 	 2650.09675 	  964.02886 	  150.36272 	 
 474.33683 	  947.06924 	  764.03127 	  247.85203 	  334.83010 	  516.31883 	  619.95778 	  992.88869 	  556.52727 	  864.19386 	  165.83784 	 1282.60710 	  255.81491 	 1015.10145 	  535.24992 	  707.53964 	  750.24138 	  742.75023 	  945.96970 	  477.34573 	    0.00000 	 1289.46247 	 1731.14738 	  690.37566 	  540.98223 	 
2026.35485 	 2095.85395 	 2657.79688 	 1420.21789 	 1760.83515 	 1822.72310 	 1088.04542 	 1170.66146 	 1871.23614 	 1770.90248 	 1804.77308 	  446.01897 	 1688.98271 	 3210.16882 	 1716.36830 	 1724.12245 	 2962.42346 	 2683.21278 	  484.15729 	 2721.34429 	 2050.51547 	    0.00000 	  588.57869 	 2046.82415 	 2139.08397 	 
1971.83077 	 1846.61807 	 1851.17862 	 1961.93093 	 2272.36649 	 2056.40919 	 1543.79522 	 1035.77612 	 1697.13571 	 2167.51706 	 1575.26614 	  733.32978 	 1816.52490 	 2583.01079 	 1660.74708 	 2441.38616 	 2304.33638 	 2871.21644 	 1318.24898 	 2447.00690 	 2124.05840 	  514.30418 	    0.00000 	 3264.11770 	 2077.40091 	 
 342.99183 	  937.85275 	 1098.28153 	  739.25014 	  898.18211 	  891.46072 	  782.85283 	 1288.51714 	 1160.08218 	  618.03979 	 1292.70035 	 1635.75358 	  747.46463 	  227.04819 	 1213.05734 	  350.89139 	 1244.54199 	 1179.77609 	 2326.37081 	 1065.49543 	  914.19391 	 2641.38931 	 1927.54932 	    0.00000 	  963.04364 	 
 528.43573 	   46.34671 	  294.08374 	  600.29085 	  508.12198 	  334.26312 	  815.98063 	 1355.04881 	  384.33106 	 1169.76384 	  653.89329 	 2885.71200 	  815.03708 	  859.15660 	  790.65755 	  793.98774 	  162.48748 	  136.78483 	 1498.99167 	  236.35878 	  794.81305 	 1749.69366 	 2910.31142 	  758.26767 	    0.00000 	 
   0.00000 	 7652.52516 	 5590.72666 	 24757.95012 	 5230.29838 	 5084.37378 	 14209.22622 	 2542.90077 	 6261.74398 	 6404.32936 	 3290.57245 	 6816.26580 	 11704.51223 	 26222.70667 	 2537.84481 	 11169.41731 	 32923.67462 	 12952.62808 	 1401.12323 	 5817.44891 	 4223.70385 	 8387.07514 	 3348.97476 	 10277.98426 	 12718.88231 	 
7144.77626 	    0.00000 	 16671.57453 	 14479.06526 	 2719.51820 	 4283.32049 	 3885.50565 	 3079.28187 	 8466.51878 	 3223.84913 	 1762.29520 	 9321.47957 	 1486.31535 	 9533.77006 	 1333.08811 	 6087.61505 	 30330.58119 	 7294.45408 	  934.75879 	 8973.70582 	 4274.21172 	 5958.47611 	 3836.03977 	 1832.11387 	  428.49570 	 
6873.20976 	 10800.90157 	    0.00000 	 24640.36054 	 6162.20986 	 12658.58952 	 4486.44593 	 6529.52126 	 11653.78114 	 5393.17451 	 3460.36390 	 26646.70144 	 1620.48146 	 18370.98830 	 8013.41896 	 3420.92684 	 256283.72840 	 33473.64105 	 3198.04333 	 13980.69869 	 8764.75230 	 13768.86614 	 3395.05854 	 9736.65769 	 55307.11205 	 
19863.45890 	 13563.47580 	 25991.60234 	    0.00000 	 22850.81989 	 24662.93987 	 15078.66108 	 25590.60524 	 59634.67353 	 20156.29118 	 25192.29347 	 68249.82405 	 9151.16932 	 32583.29524 	 62800.43103 	 13748.84227 	 138447.28732 	 31177.05303 	 18309.00713 	 19449.47389 	 37535.95163 	 28465.27563 	 16514.47373 	 14559.07464 	 38945.25580 	 
6041.82899 	 2629.46454 	 6663.16556 	 21334.99477 	    0.00000 	 8159.29189 	 3273.30730 	 1969.57110 	 8159.47347 	 1742.32267 	 1783.54125 	 7095.81387 	 2232.71377 	 7299.91728 	 2601.16609 	 1558.88116 	 19881.29981 	 7813.30145 	  784.98811 	 4684.45716 	 4793.44317 	 3190.22044 	 1371.85329 	 4673.58495 	 8923.04375 	 
7667.47128 	 5870.27879 	 11965.25003 	 39913.00892 	 5885.07338 	    0.00000 	 5872.97607 	 3756.27160 	 9760.77497 	 2810.56088 	 2542.12713 	 10578.96835 	 1937.90174 	 18258.19366 	 4868.09211 	 2147.32547 	 76356.12836 	 19583.69054 	 3441.82755 	 5244.64141 	 6361.93806 	 6119.09183 	 2671.82973 	 8052.84206 	 10378.73592 	 
11152.51003 	 3939.22559 	 7133.41713 	 27179.03784 	 3302.97579 	 5404.57717 	    0.00000 	 8435.65396 	 7125.79071 	 30794.93290 	 11190.84074 	 25794.23843 	 7210.56809 	 5590.24360 	 4173.98807 	 11364.35397 	 33223.80066 	 8364.65122 	 6532.02661 	 2602.51997 	 11874.29732 	 10181.00822 	 6339.21779 	 3123.29838 	 12155.47406 	 
1652.61422 	 2564.69978 	 5327.48007 	 22595.45598 	 1918.18213 	 3257.15357 	 12302.93771 	    0.00000 	 6950.21443 	 7564.16421 	 13219.93015 	 35492.47268 	 1366.18199 	 4358.90894 	 7282.68851 	 2065.21400 	 29363.53667 	 6227.68382 	 8184.57615 	 2373.54611 	 5929.45279 	 20527.46979 	 9656.49995 	 1081.09514 	 6549.34701 	 
8187.26874 	 7141.04726 	 15070.22844 	 56287.03577 	 5554.33926 	 9498.83987 	 8127.54120 	 5173.57335 	    0.00000 	 3814.56842 	 5881.21764 	 16670.76597 	 4289.38593 	 27526.31072 	 9281.12494 	 4993.28431 	 73749.96593 	 18983.97623 	 5570.99445 	 8650.06416 	 8558.05620 	 15566.05977 	 3540.24852 	 11228.79015 	 21568.50694 	 
5953.99650 	 3625.36599 	 5211.61308 	 15180.70904 	 1783.44238 	 3817.64864 	 35323.25298 	 6974.83096 	 4020.35777 	    0.00000 	 3069.40902 	 16990.18756 	 3909.87327 	 10270.17698 	 3546.85156 	 24589.26262 	 35929.40902 	 4659.80540 	 2088.88978 	 3586.66911 	 5284.65106 	 6128.45965 	 3297.87597 	 2361.70972 	 6580.69412 	 
2860.99733 	 2169.67425 	 4218.68845 	 26938.37091 	 1934.99020 	 3030.04978 	 12908.73163 	 12644.98044 	 4332.44264 	 4958.24862 	    0.00000 	 14202.01113 	 3789.83367 	 5267.99775 	 7765.80703 	 3386.99948 	 18906.38694 	 5159.22750 	 3868.33240 	 2467.58572 	 11744.84959 	 5928.79731 	 3905.84543 	 2212.00080 	 6070.90961 	 
8678.98824 	 6853.27070 	 28507.45378 	 63345.22713 	 6424.89039 	 12600.09783 	 26437.84999 	 24736.74194 	 20136.00081 	 20249.11579 	 13024.95666 	    0.00000 	 6501.39645 	 12947.51343 	 14697.37298 	 7136.88613 	 97117.39585 	 21669.73022 	 25592.74302 	 8031.91630 	 17081.58056 	 108211.24994 	 28540.85529 	 2993.97503 	 27763.31967 	 
8201.52724 	 1496.83584 	 1399.47215 	 11207.15889 	 1525.80002 	 1906.66232 	 5610.89399 	 1545.17386 	 3969.14184 	 4513.71374 	 3157.30185 	 6637.81026 	    0.00000 	 3884.55754 	 1374.93591 	 5913.75877 	 10935.05974 	 2597.67405 	  723.08896 	 1569.59891 	 7825.53571 	 2543.36155 	 1114.69660 	 1229.80109 	 3880.87734 	 
21560.77837 	 5561.19429 	 20354.14150 	 43421.01485 	 9146.35125 	 11525.48504 	 6759.98320 	 3901.04739 	 31487.84040 	 8304.81230 	 3606.01147 	 12745.80618 	 3399.59778 	    0.00000 	 5853.62228 	 7764.62969 	 208679.27452 	 18024.44602 	  840.75272 	 17732.00830 	 9607.06925 	 6052.09166 	 1436.58730 	 25144.93241 	 19237.52604 	 
3560.28814 	  975.20603 	 7691.52939 	 38554.22597 	 1797.68594 	 3534.87045 	 5555.98101 	 6429.64740 	 9582.20875 	 2592.40145 	 6699.35946 	 19332.14518 	 1030.38870 	 5905.88091 	    0.00000 	 2583.47556 	 29555.32681 	 7987.62294 	 5478.64109 	 2890.67289 	 5736.46951 	 15480.08975 	 7880.39641 	 3862.76629 	 12305.27659 	 
11660.73315 	 4444.85914 	 4269.94791 	 10719.81997 	  973.61521 	 2027.89428 	 11014.20580 	 3055.85002 	 4590.58079 	 25532.89146 	 3058.74762 	 7793.69579 	 5400.44756 	 10366.42848 	 2424.07245 	    0.00000 	 17324.29069 	 3376.53872 	 1046.07096 	 1965.10377 	 4707.66725 	 4959.26124 	 1782.45097 	 4551.27586 	 6479.00397 	 
48711.46673 	 28965.02821 	 203716.21962 	 122231.70341 	 22245.69719 	 69368.16725 	 38607.61997 	 17271.90287 	 71120.39704 	 29109.31363 	 14596.34115 	 88854.01044 	 8269.79280 	 156897.78744 	 27958.21486 	 16537.66586 	    0.00000 	 11088.68959 	 8475.20253 	 59661.01844 	 42283.32818 	 85858.01979 	 17708.06990 	 29536.84918 	 180083.30412 	 
11367.18681 	 6687.67294 	 38815.57399 	 36334.76702 	 7335.01900 	 15549.40081 	 5732.32506 	 3776.56001 	 21306.53143 	 4784.02476 	 4927.36500 	 21464.54903 	 2608.24422 	 29194.17384 	 5052.66532 	 3265.64518 	 11685.39242 	    0.00000 	 2718.68567 	 30275.82827 	 7669.05819 	 15223.28665 	 4800.45277 	 6492.75099 	 10523.14354 	 
1536.83255 	  582.45561 	 2869.86815 	 11060.83663 	 1213.76641 	 3341.74359 	 7143.29542 	 9370.90062 	 4327.85997 	 1670.06482 	 3868.07104 	 31770.28949 	  762.59938 	 1052.04337 	 6198.03408 	 1080.25979 	 8499.57305 	 3582.22469 	    0.00000 	 1856.21170 	 3802.84067 	 12515.22270 	 3910.37929 	  611.58284 	 2607.78175 	 
3725.72916 	 5785.95972 	 11978.52063 	 21313.94106 	 3975.87915 	 4215.41185 	 3707.81514 	 2886.26783 	 11126.06079 	 3051.44452 	 2005.88274 	 10565.51187 	 1312.09574 	 16577.52702 	 2049.96222 	 1372.32365 	 70292.24633 	 32369.68417 	 1764.94755 	    0.00000 	 4515.64601 	 4634.64083 	 2449.23818 	 6720.00567 	 13823.15466 	 
7323.86843 	 3103.32386 	 8143.98272 	 33254.60893 	 5165.26696 	 7398.46949 	 12823.14738 	 7097.34071 	 13151.74397 	 8016.43645 	 14592.90257 	 20152.71796 	 5229.83707 	 7864.84646 	 6708.04409 	 3393.38882 	 33441.80728 	 6682.93547 	 4826.56928 	 3613.06444 	    0.00000 	 12804.93567 	 4124.28608 	 3666.05251 	 13033.81312 	 
8351.28923 	 7389.00024 	 20562.12351 	 45451.40159 	 3472.34676 	 8404.15729 	 13902.86389 	 18372.53768 	 11282.03193 	 5965.14782 	 9785.11058 	 64751.45626 	 3402.22319 	 10036.36527 	 11034.04646 	 5838.93526 	 77873.49966 	 15419.52653 	 10434.99678 	 5655.71108 	 9547.03691 	    0.00000 	 42101.17869 	 2724.26486 	 15620.99534 	 
2827.71956 	 4310.41536 	 5529.29479 	 13892.37536 	  787.18765 	 2041.38583 	 3676.25131 	 6292.69146 	 3965.01789 	 2508.65942 	 2884.43145 	 27970.07919 	 1269.04816 	 2254.31913 	 6736.42559 	 2537.34385 	 14089.70934 	 4357.46194 	 4546.80432 	 2346.90299 	 3811.12226 	 30372.46039 	    0.00000 	 1209.98059 	 5062.02302 	 
15225.88908 	 1987.01732 	 8736.86602 	 22313.41545 	 3744.03745 	 5721.05047 	 2489.96872 	 1398.64035 	 14397.42397 	 2996.56822 	 2105.70329 	 3769.07611 	 1913.61613 	 17849.89978 	 2429.18546 	 3175.35538 	 34851.85862 	 5069.21829 	  531.07685 	 3807.95440 	 4318.57862 	 2621.07086 	  978.23053 	    0.00000 	 5941.44620 	 
18131.92136 	  665.48790 	 63026.52245 	 37876.17398 	 5912.88151 	 15307.83036 	 9459.11134 	 10112.29746 	 18383.41380 	 6212.40945 	 7054.73889 	 30202.57374 	 3663.92976 	 26638.50708 	 9393.92238 	 3710.02074 	 153419.02477 	 10096.60747 	 4123.94368 	 16504.29917 	 12321.48268 	 16450.66513 	 6276.34602 	 7474.86364 	    0.00000 	 
   0.00000 	  622.23554 	  983.44498 	  638.72236 	  467.92798 	  689.92934 	  826.03173 	 1194.23107 	  735.24299 	  858.39952 	  606.72693 	 2130.05584 	  399.08852 	  582.03473 	  804.67325 	  367.90060 	  563.98996 	  561.15507 	 1348.19803 	  654.43401 	  494.23298 	 2374.46162 	 1998.42395 	  419.75131 	  444.40942 	 
 460.98853 	    0.00000 	  384.27350 	  767.70361 	  438.91763 	  235.05541 	 1069.13539 	 1183.47945 	  483.93170 	 1501.52566 	  702.12882 	 2250.33253 	  584.82915 	  933.36310 	  992.10465 	 1239.62329 	  208.56875 	   79.02382 	 2599.11768 	  244.61212 	  745.35843 	 2226.43609 	 2277.50663 	  953.41850 	   43.34063 	 
 976.32635 	  475.09162 	    0.00000 	  934.41910 	  760.51717 	  395.81188 	 1330.47720 	 1343.13831 	  754.47726 	 1379.52418 	 1153.39294 	 2951.00737 	 1127.68698 	 1046.78975 	 1002.99573 	 1181.29202 	  221.78145 	  200.42234 	 2022.35456 	  383.39844 	 1326.54793 	 3338.52102 	 2378.18968 	 1283.19731 	  442.69667 	 
 711.15380 	  491.49407 	 1095.47379 	    0.00000 	  325.56441 	  341.26397 	  857.91471 	  777.31907 	  307.40390 	  839.81761 	  399.77969 	 2153.61392 	  407.42282 	 1236.72227 	  331.90490 	  875.24534 	  749.79913 	  507.50928 	 1048.70455 	  345.79817 	  215.23231 	 1782.78130 	 1996.90056 	  733.51800 	  550.91817 	 
 327.14300 	  508.72375 	  971.11468 	  222.20879 	    0.00000 	  180.72379 	  588.61769 	 1150.90807 	  172.00887 	 1006.90251 	  571.68793 	 2209.87521 	  505.97904 	 1218.59040 	  637.08795 	  831.44621 	  478.64672 	  649.26322 	 1712.73604 	  299.00966 	  303.06137 	 1945.24982 	 1852.66341 	  868.57098 	  472.65580 	 
 561.39611 	  259.33438 	  498.46426 	  323.36960 	  275.78516 	    0.00000 	 1020.18203 	 1408.17493 	  119.69001 	 1403.97998 	  545.03190 	 2539.46782 	  550.31813 	  979.04025 	  645.11561 	 1038.10987 	  369.00349 	  473.16018 	 1241.70304 	  110.69159 	  381.56304 	 2285.88891 	 1636.97181 	 1194.72861 	  311.76749 	 
 675.97259 	  901.00057 	 1274.69503 	  836.21993 	  784.25574 	 1269.11685 	    0.00000 	  648.29315 	  716.11560 	  174.58050 	  566.31528 	 1222.91652 	  455.86802 	 1251.67394 	  786.94998 	  437.62102 	 1107.40185 	 1252.27238 	  977.53355 	  789.28685 	  471.55832 	 1283.03199 	 1555.15003 	  971.61569 	 1478.16594 	 
1302.21577 	 1529.15512 	 1281.22570 	  898.04482 	  868.00996 	 1551.73549 	  709.06000 	    0.00000 	 1343.31942 	  910.20070 	  558.22030 	  604.12623 	  984.85982 	 2185.51646 	  731.52594 	  902.66611 	 1373.19235 	 1955.00912 	  670.97082 	 1506.33240 	  636.54488 	 1067.63193 	  921.05662 	 1946.68284 	 1039.39691 	 
 666.90795 	  388.21228 	  611.70382 	  258.73927 	  213.78340 	  110.74152 	  878.80353 	 1467.89679 	    0.00000 	 1360.99365 	  719.01758 	 1933.41676 	  803.18778 	 1192.73860 	  459.00803 	  803.78545 	  395.00946 	  535.48607 	 2161.12709 	  185.48393 	  330.47448 	 2218.00027 	 1886.33247 	 1166.42685 	  383.69916 	 
 733.17099 	  894.54318 	 1652.96183 	  676.58091 	  847.20557 	 1177.21168 	  207.05153 	 1017.03523 	  838.80159 	    0.00000 	  460.11476 	 1610.68879 	  354.45689 	 1131.92022 	  823.47702 	  217.23661 	 1375.64689 	 1453.13494 	 1181.50748 	 1032.99940 	  854.19918 	 1872.17618 	 1338.67937 	  588.82767 	 1303.85047 	 
 539.95835 	 1070.78029 	 1046.38459 	  299.11607 	  661.28994 	  885.84872 	  470.07426 	  675.55632 	  622.22571 	  451.83510 	    0.00000 	 1250.52128 	  297.20733 	 1511.26856 	  303.92555 	  705.20538 	 1315.24245 	 1254.29075 	  891.91067 	  736.67716 	  245.31634 	 1264.07093 	 1388.99535 	 1029.43877 	 1019.51465 	 
2021.52454 	 2278.86996 	 3176.37463 	 1409.07554 	 2311.34073 	 2012.82234 	 1455.79677 	  644.61317 	 2517.50344 	 1164.68409 	 1040.71850 	    0.00000 	 1364.06800 	 2652.74075 	 1601.72070 	 2024.74469 	 1800.62746 	 1983.98364 	  381.29620 	 1865.42033 	 1782.61538 	  254.28411 	  808.91773 	 1601.72208 	 2817.75009 	 
 293.57667 	  557.89886 	  852.27735 	  553.72386 	  446.65174 	  617.07675 	  486.40832 	  835.00028 	  790.65485 	  557.13945 	  485.70411 	 1401.53083 	    0.00000 	  785.21643 	  810.24153 	  372.88828 	 1159.39938 	 1133.91560 	 1513.15849 	  683.31805 	  294.50513 	 2101.11483 	 1727.13809 	  487.24889 	  543.83762 	 
 697.60483 	  680.02009 	 1637.64517 	  927.45918 	 1036.98735 	 1229.93270 	  895.35446 	 1825.05906 	 1440.10043 	 1118.28672 	 1579.99459 	 2752.46050 	 1007.39412 	    0.00000 	 1674.69620 	  528.91261 	 1336.71623 	 1278.99674 	 2343.14319 	  839.03368 	 1051.14248 	 2640.54285 	 3146.66856 	  199.71769 	  869.17116 	 
 950.02353 	 1030.31166 	 1356.45847 	  438.33719 	  623.55816 	  659.39482 	  890.20091 	  652.00605 	  501.46752 	 1161.43108 	  385.98113 	 1507.28258 	  673.90343 	 1539.90806 	    0.00000 	  865.26078 	 1318.02890 	 1128.54324 	 1335.29349 	  610.57975 	  569.52660 	 1564.47258 	 1319.73238 	 1002.97561 	  795.50819 	 
 423.10893 	  860.91277 	 1038.55418 	  984.57967 	  749.49734 	  817.41210 	  373.01400 	  841.07313 	 1184.70737 	  330.34899 	  513.49927 	 1543.61514 	  326.90452 	  570.98778 	 1123.89344 	    0.00000 	 1050.28998 	  906.28052 	 1289.49900 	 1129.96783 	  454.99661 	 1679.77378 	 2359.12717 	  527.29449 	 1203.91998 	 
 760.12881 	  158.86002 	  189.43557 	  617.56547 	  445.27369 	  441.74587 	 1113.05119 	 1692.16741 	  369.23313 	 1584.27325 	  955.08831 	 2342.35151 	 1177.33773 	 1133.26798 	  947.97337 	 1293.65264 	    0.00000 	   89.93583 	 2734.92041 	  307.42367 	 1070.48004 	 2199.95000 	 2196.11985 	  870.13881 	  255.29247 	 
 611.47320 	   87.71298 	  354.57586 	  651.44623 	  653.22906 	  310.26999 	 1515.83588 	 1644.54707 	  578.04026 	  997.50082 	  767.59280 	 3105.14328 	  726.84869 	  825.00071 	  763.33064 	  959.05124 	   93.64115 	    0.00000 	 2128.17261 	  333.13771 	 1047.26775 	 3149.24216 	 2741.21433 	 1008.02570 	  116.26578 	 
1245.14676 	 1709.45952 	 2057.25553 	 1848.32747 	 1443.03823 	 2173.48226 	 1149.33620 	  428.89072 	 2053.34152 	  857.28235 	 1218.35090 	  297.33520 	 1275.56273 	 1609.24614 	 1196.36480 	 1415.78095 	 2032.55696 	 2113.37080 	    0.00000 	 2198.59455 	 1026.78959 	  774.93193 	 1337.90967 	 1302.99351 	 2136.68478 	 
 422.77707 	  267.47151 	  419.35013 	  352.68890 	  228.67895 	  132.93758 	 1156.61576 	 1087.10626 	  224.43514 	 1166.02465 	  639.61842 	 1967.53349 	  767.88776 	  990.64003 	  533.24094 	  892.08291 	  335.91815 	  238.59214 	 2183.83276 	    0.00000 	  717.63126 	 2397.23147 	 2034.17950 	  866.01049 	  201.99431 	 
 624.62952 	  647.89457 	  730.79983 	  231.44679 	  328.39768 	  501.31741 	  408.76772 	  672.26287 	  554.90908 	  548.52072 	  230.18670 	 1550.78793 	  292.52236 	 1133.82972 	  342.17027 	  636.65242 	  768.40208 	 1015.73918 	 1356.63118 	  667.71053 	    0.00000 	 1917.83091 	 1607.10812 	  830.59967 	  650.84267 	 
2116.66515 	 2030.10288 	 2407.26954 	 1367.27866 	 1594.65915 	 2124.43030 	 1896.59992 	  920.17738 	 2261.81576 	 1633.00726 	 1493.66229 	  379.68347 	 2350.01641 	 3107.58890 	 1699.95229 	 2368.91925 	 2144.35598 	 1931.15672 	  692.67925 	 2354.28875 	 1508.58396 	    0.00000 	  707.33008 	 3121.71131 	 2816.57767 	 
2441.54763 	 2415.91509 	 2623.38246 	 1894.05020 	 1843.26845 	 2094.58646 	 1448.13177 	  768.95831 	 1713.14917 	 1798.03768 	 1375.63970 	  776.38575 	 1876.65402 	 2397.65149 	 1637.43571 	 1531.47381 	 1806.97844 	 2830.37116 	 1355.48998 	 2468.26159 	 1609.88673 	  853.23706 	    0.00000 	 1821.52136 	 1776.28083 	 
 301.03304 	  821.99484 	 1478.48727 	 1151.13409 	  797.97012 	  681.65997 	  871.39787 	 1175.90569 	 1129.76257 	  766.62173 	  984.35142 	 2731.66767 	  710.93524 	  200.21544 	 1101.48292 	  643.80246 	 1210.70142 	  725.76707 	 2266.33190 	  793.26084 	 1098.51944 	 2287.27248 	 2657.33847 	    0.00000 	  777.79527 	 
 410.53219 	   25.64225 	  358.96234 	  534.02384 	  478.23590 	  338.29704 	 1448.72448 	 1275.28547 	  383.92309 	 1386.18632 	  876.56888 	 2061.78243 	  875.49806 	  690.04110 	  737.21328 	 1090.76590 	  159.45869 	  134.13236 	 1684.78031 	  252.84689 	  647.61622 	 2461.83514 	 2607.72761 	  588.21268 	    0.00000 	 
   0.00000 	 6077.37858 	 6829.44811 	 16523.17162 	 3746.68163 	 4696.99163 	 12678.75294 	 2568.07483 	 7321.62508 	 6866.32757 	 2634.05685 	 10637.87861 	 10647.45820 	 19341.78302 	 4300.67227 	 7868.05877 	 59547.03628 	 10751.72168 	 1783.96753 	 6527.71698 	 6351.88261 	 7516.96901 	 2602.99820 	 15106.28494 	 15600.59714 	 
5612.86217 	    0.00000 	 15247.54317 	 11744.15966 	 2576.23723 	 5780.82959 	 4168.52785 	 3310.84389 	 7931.19447 	 4554.60397 	 2129.32312 	 8918.40822 	 1072.65193 	 7993.16379 	  882.72661 	 6414.34888 	 26874.84850 	 8045.42599 	  817.84829 	 7732.17761 	 3404.92664 	 8268.52592 	 3891.48837 	 2589.83707 	  598.01837 	 
7509.95334 	 14042.68656 	    0.00000 	 29835.64929 	 4319.02968 	 11224.69182 	 6521.66490 	 5224.31246 	 12581.10221 	 3035.92610 	 4200.27001 	 19054.81945 	 1782.44846 	 20061.66881 	 7240.70696 	 3408.93351 	 250491.82727 	 42033.27785 	 2750.80238 	 10187.29413 	 5510.55985 	 21432.90247 	 3592.85331 	 7684.95903 	 54089.90446 	 
15635.92885 	 14834.77256 	 28974.39210 	    0.00000 	 13774.11993 	 43150.29973 	 16239.26685 	 34261.45176 	 52133.61468 	 14025.53101 	 28618.48542 	 50848.66979 	 11837.31357 	 48783.81811 	 58049.85520 	 12910.75000 	 138720.50057 	 32967.73686 	 14822.85926 	 19696.56389 	 49693.74860 	 33459.22165 	 12078.75657 	 18548.79614 	 46205.78116 	 
4100.94583 	 2647.78457 	 6056.47049 	 19361.33037 	    0.00000 	 5654.12116 	 2333.60457 	 1126.55768 	 7878.97298 	 2239.15450 	 2788.59818 	 6822.63382 	 1887.20409 	 5451.78117 	 1726.12045 	 1553.31156 	 29226.77839 	 4276.81406 	  796.61233 	 4865.27618 	 4649.76179 	 4119.77725 	  791.79997 	 4776.42118 	 7462.82011 	 
7829.44366 	 4765.37730 	 15504.97373 	 29093.53747 	 7150.03410 	    0.00000 	 3711.90995 	 3233.18614 	 8333.50667 	 4258.05965 	 2462.72911 	 11428.15872 	 2326.26750 	 11478.79141 	 5236.44617 	 2562.07865 	 43765.92678 	 11978.96900 	 2854.17248 	 3643.67213 	 6297.13257 	 7126.67970 	 1548.87131 	 7212.36680 	 14725.02213 	 
11867.09723 	 3110.34046 	 5655.61959 	 17012.33063 	 2404.55068 	 4694.21799 	    0.00000 	 12267.40148 	 7943.89822 	 33668.16179 	 12596.23905 	 26020.03053 	 7539.82236 	 7298.13667 	 5391.16524 	 10256.76937 	 32698.70252 	 8290.15511 	 4346.24174 	 2627.11661 	 7881.65370 	 13082.23522 	 4688.24561 	 3134.69140 	 8419.81189 	 
2165.51496 	 3486.37251 	 4714.33988 	 25036.63796 	 1733.43264 	 3608.48643 	 13875.62049 	    0.00000 	 4050.62235 	 6091.10473 	 12925.69754 	 28853.39395 	 1916.66456 	 3477.97207 	 10268.35720 	 1791.96210 	 18827.25385 	 3752.52744 	 8776.88104 	 2175.74543 	 6261.81815 	 14468.20594 	 10260.33148 	 1056.66769 	 10121.85535 	 
8531.71746 	 8500.01145 	 16296.31670 	 41254.13012 	 5166.92578 	 10267.60021 	 8288.43805 	 4552.29992 	    0.00000 	 5183.68547 	 5471.06468 	 24135.92281 	 4028.23860 	 19030.57181 	 11602.02346 	 5194.88548 	 99801.23203 	 18436.83850 	 5013.01705 	 13552.96054 	 13204.99607 	 11647.36133 	 3201.01804 	 12695.78128 	 19167.75431 	 
6811.98826 	 3633.60342 	 4613.00631 	 12856.20591 	 1860.93100 	 3901.41636 	 29752.92958 	 6569.02348 	 4915.05975 	    0.00000 	 5116.40744 	 15000.77021 	 4227.72524 	 6887.75685 	 2168.09371 	 18987.23454 	 35492.12189 	 4912.97654 	 2616.11145 	 3399.46490 	 5500.93567 	 7868.41730 	 2686.73264 	 1825.25675 	 6638.04453 	 
3985.24183 	 2246.80674 	 2464.90099 	 29107.80075 	 2724.60051 	 2212.50891 	 7401.29540 	 10816.87297 	 4376.67329 	 4050.09111 	    0.00000 	 19034.04645 	 3627.20292 	 3606.87790 	 6301.01846 	 2406.63718 	 14689.99636 	 4002.85559 	 4097.93434 	 2359.70089 	 13939.80973 	 8047.92316 	 3073.15913 	 1284.88912 	 8555.32106 	 
8373.88179 	 10107.02619 	 19383.31841 	 73672.23765 	 7188.57354 	 17682.26865 	 34600.55191 	 37836.47836 	 23206.85310 	 19934.52297 	 19142.36668 	    0.00000 	 3955.57012 	 15443.17942 	 19128.64704 	 7948.05775 	 93023.57279 	 21196.53563 	 33372.24885 	 10441.39365 	 18279.03535 	 115043.57541 	 42547.54524 	 4345.49317 	 25168.39794 	 
8884.85508 	 1108.51158 	 1739.18228 	 14451.21236 	 2140.99289 	 1572.12648 	 5807.85968 	 1799.89725 	 6083.44587 	 4651.68023 	 3902.28006 	 4017.09073 	    0.00000 	 3697.71412 	 1312.84357 	 7513.71255 	 11510.07681 	 2474.26018 	  590.87847 	 1335.53748 	 4470.60860 	 3514.42138 	 1064.08174 	 1156.27347 	 5460.13594 	 
24974.59465 	 8624.57766 	 17089.09186 	 50010.24014 	 7030.65615 	 16387.51085 	 6320.02253 	 4178.19527 	 17462.03450 	 7253.22500 	 4940.55661 	 10758.68098 	 2831.80320 	    0.00000 	 5968.75534 	 11662.98088 	 145696.27309 	 32025.16995 	 1115.66475 	 15930.56188 	 10970.20878 	 7378.63665 	 2336.74866 	 24442.44881 	 18302.62779 	 
3116.05996 	  839.11000 	 4852.00403 	 54908.64331 	 2501.83614 	 6260.98724 	 5082.41069 	 6815.00734 	 9581.30232 	 2474.48064 	 7172.34008 	 12617.42658 	  877.77612 	 6106.02984 	    0.00000 	 1521.41982 	 28961.65494 	 8785.47801 	 6046.48910 	 2777.12713 	 7816.22910 	 16479.16876 	 5319.96896 	 3932.65678 	 9930.72127 	 
8483.67400 	 4287.92816 	 3234.80834 	 13014.48047 	 1734.73646 	 1728.57357 	 10169.98437 	 3164.00171 	 3341.77858 	 22020.40745 	 2422.99395 	 7667.51685 	 5682.27496 	 11875.20401 	 2148.62468 	    0.00000 	 22518.23758 	 3817.56723 	  648.86246 	 1391.85421 	 4299.15678 	 5909.89226 	 1635.95229 	 3957.78531 	 5192.22247 	 
50822.72385 	 19159.16401 	 237070.85730 	 167989.84125 	 23669.21213 	 64707.30355 	 31412.34979 	 27225.17036 	 78555.22780 	 20355.15204 	 18793.35852 	 86837.66884 	 12342.61560 	 148829.96156 	 30999.64259 	 23525.91055 	    0.00000 	 9191.72977 	 10596.46467 	 60897.88960 	 33901.05131 	 79855.11759 	 14033.49141 	 31887.44375 	 199584.05409 	 
9097.57464 	 5385.57486 	 27474.74504 	 35491.65367 	 4342.29094 	 17007.54625 	 9626.49647 	 4177.18733 	 22047.67310 	 5112.13012 	 4857.36100 	 25422.62161 	 2591.91724 	 20941.06366 	 6247.26909 	 4323.19154 	 9703.21412 	    0.00000 	 2522.00805 	 23837.48608 	 8607.69031 	 13846.69764 	 4375.77423 	 6412.56280 	 12818.59700 	 
1085.64027 	  660.11448 	 3322.12336 	 16755.29982 	 1290.19298 	 2353.47201 	 6023.40476 	 8833.88793 	 4307.00757 	 1684.47184 	 3081.39252 	 35117.59505 	  973.94687 	 1242.63411 	 3928.75763 	  871.12729 	 10961.45690 	 1972.35056 	    0.00000 	 2115.13220 	 4006.98878 	 9738.35269 	 4287.30788 	  536.73863 	 4131.72592 	 
5708.08632 	 10028.51222 	 12755.61698 	 20644.86992 	 4941.84712 	 5374.41161 	 2511.71953 	 1979.51629 	 8629.70108 	 2914.53073 	 1956.72711 	 13474.98849 	  893.66587 	 16704.78982 	 2084.12673 	 1867.03615 	 56801.36462 	 38165.07306 	 2223.45276 	    0.00000 	 4442.63080 	 5041.45689 	 2577.85202 	 4070.69591 	 16245.70711 	 
4444.43131 	 3584.79396 	 7634.90889 	 48828.67468 	 4618.20055 	 9627.62664 	 7036.35116 	 7572.17118 	 10316.17574 	 5570.80575 	 19771.67756 	 14685.07163 	 6954.92846 	 8029.84855 	 8149.67104 	 4668.32912 	 28216.48039 	 6299.64389 	 2840.59957 	 3731.90311 	    0.00000 	 10852.06456 	 3666.96657 	 3174.47354 	 9074.08076 	 
5401.97259 	 5670.96580 	 12056.60572 	 26787.72240 	 3347.81150 	 6390.55710 	 14085.55399 	 12626.20188 	 12986.63559 	 7449.92898 	 10647.09739 	 114799.91523 	 3377.41410 	 6696.24508 	 14262.75032 	 7199.46092 	 89485.38670 	 11741.32043 	 13673.64271 	 7117.67033 	 9023.71064 	    0.00000 	 38691.81736 	 2699.79604 	 17030.13420 	 
3273.26037 	 3532.35218 	 3166.55720 	 16844.85491 	 1232.09415 	 2035.17710 	 3724.28589 	 9125.29233 	 3416.29230 	 3432.44204 	 2739.97692 	 28986.53448 	 1261.49596 	 2232.76454 	 4726.89002 	 2523.85199 	 18584.62959 	 4449.94011 	 3875.14892 	 2358.20917 	 3993.25394 	 40922.40796 	    0.00000 	  675.49415 	 4136.80237 	 
8627.61874 	 1843.61957 	 8607.16279 	 21429.32574 	 3849.71524 	 5548.50893 	 2573.82372 	 1137.80486 	 13836.51925 	 2782.82639 	 2224.48231 	 4072.70877 	 1181.23705 	 22931.78998 	 3918.20783 	 3136.94177 	 27358.43178 	 6378.67225 	  442.31714 	 4491.61017 	 2906.41760 	 2302.85068 	 1171.66002 	    0.00000 	 7606.60976 	 
16432.43821 	  417.57557 	 58120.42233 	 34717.06489 	 7370.28444 	 10113.62522 	 7729.98300 	 8930.23932 	 14919.69665 	 7216.40090 	 9328.75705 	 22149.91287 	 3435.69769 	 25030.27755 	 9731.92797 	 4076.44395 	 182224.76499 	 9474.83071 	 3821.16731 	 16006.02656 	 13909.34313 	 24194.47298 	 5035.77580 	 6173.90297 	    0.00000 	 
   0.00000 	  495.24840 	 1146.54450 	  746.60881 	  293.18046 	  514.97364 	  601.70172 	 1478.81557 	  467.81961 	  565.06071 	  702.21063 	 2263.37050 	  345.91397 	  579.23465 	  889.31000 	  318.59367 	  962.67331 	  596.38112 	 1296.00001 	  559.95966 	  417.89927 	 1905.40838 	 1762.59195 	  352.54449 	  397.25794 	 
 715.10413 	    0.00000 	  429.39518 	  573.77274 	  395.05422 	  326.45920 	 1189.30311 	 1397.40615 	  430.30338 	 1109.39372 	  865.67471 	 2730.76966 	  980.90807 	 1127.12250 	 1192.05124 	  758.27538 	  207.63501 	  101.89052 	 2352.48634 	  215.53434 	  541.98303 	 2332.84559 	 2347.81745 	  880.07874 	   42.52009 	 
 686.22997 	  433.79805 	    0.00000 	  753.69639 	  753.28219 	  665.81066 	 1140.31731 	 1302.22768 	  539.21609 	 1293.19844 	 1355.37716 	 2894.68382 	  862.69685 	 1402.71590 	 1331.80799 	 1188.45578 	  235.34464 	  236.83980 	 1704.68483 	  564.28596 	 1081.80986 	 3241.02203 	 2708.08690 	 1488.96477 	  432.07107 	 
 633.79402 	  534.84862 	  909.67107 	    0.00000 	  220.09731 	  386.33779 	  955.25524 	  947.78056 	  229.47676 	 1032.24822 	  340.32993 	 1382.64340 	  412.31707 	 1072.51705 	  422.00842 	  681.83441 	  632.08580 	  525.14502 	 1393.52387 	  468.76435 	  269.13373 	 1846.07060 	 1785.17346 	  713.98273 	  426.41317 	 
 361.15721 	  417.95755 	  597.38036 	  267.51996 	    0.00000 	  270.56642 	  884.36092 	  940.72725 	  250.33855 	  818.39590 	  461.30932 	 1954.92892 	  472.70921 	  954.06786 	  738.58310 	  735.60152 	  468.02665 	  603.55181 	 1644.25587 	  294.64087 	  241.22978 	 2435.99209 	 1774.09627 	  981.64671 	  387.97367 	 
 437.52052 	  404.33295 	  591.09489 	  276.27602 	  230.84924 	    0.00000 	  979.48680 	 1104.13183 	   76.60513 	 1310.56496 	  707.04910 	 2060.19489 	  581.72433 	 1316.04454 	  691.97192 	  785.32498 	  344.60599 	  308.90764 	 1364.36861 	   96.67482 	  472.29571 	 1820.59985 	 1512.35797 	  917.82669 	  367.13335 	 
 713.12812 	 1317.91289 	 1789.76898 	  586.39057 	  927.52654 	 1308.78752 	    0.00000 	  635.85530 	 1000.42561 	  257.57784 	  559.10149 	 1201.09224 	  478.71430 	 1057.78049 	 1092.82412 	  402.99845 	 1188.10383 	 1024.60191 	  876.74171 	 1321.36522 	  511.29567 	 1407.65211 	 1605.15318 	  657.44409 	  818.32070 	 
1355.97953 	 1927.48858 	 2052.37199 	  670.18558 	 1260.97355 	 1405.47435 	  794.33743 	    0.00000 	  920.44713 	  846.25251 	  573.57538 	  807.53552 	  616.06778 	 1284.69101 	  530.40854 	 1069.45333 	 1218.20121 	 1861.19814 	  764.96262 	  922.44098 	  637.89850 	  754.79311 	  816.28530 	 1574.27014 	 1874.62693 	 
 660.81751 	  298.55659 	  641.63740 	  251.81123 	  242.15709 	   68.37989 	  828.58077 	 1079.38981 	    0.00000 	 1286.62819 	  799.28019 	 1716.78405 	  457.91942 	 1433.31275 	  434.94890 	  710.22886 	  494.62926 	  356.74869 	 1400.47863 	  156.63820 	  500.38718 	 1674.60913 	 1946.06329 	 1103.08680 	  349.46474 	 
 487.81442 	 1092.37386 	 1574.53797 	  970.95064 	  879.05260 	 1398.75398 	  205.96447 	  886.69171 	  974.19339 	    0.00000 	  731.57649 	 1766.38266 	  348.79066 	  690.52170 	 1182.63005 	  387.98276 	 1261.04040 	 1150.13322 	 1053.63078 	 1264.42190 	  568.58987 	 1341.09689 	 1358.92064 	  955.15825 	 1082.64160 	 
 691.02533 	  953.40739 	 1027.43817 	  392.46284 	  418.99412 	  568.87906 	  457.66132 	  571.63207 	  594.52318 	  801.02115 	    0.00000 	 1537.50415 	  364.83307 	 1540.94819 	  378.95359 	  782.87610 	  965.64641 	  803.21442 	 1138.73744 	  958.45832 	  255.41724 	 1419.57514 	 1860.99014 	  782.18339 	  744.48145 	 
1381.36291 	 2225.17977 	 2957.75600 	 2123.34433 	 2308.04967 	 1626.64526 	 1426.30452 	  977.42040 	 2121.23771 	 1009.43363 	 1364.77269 	    0.00000 	 1819.15620 	 2601.33972 	 1540.40529 	 1629.48741 	 2883.80787 	 2708.76000 	  271.32580 	 1519.83941 	 1609.90824 	  400.56278 	 1194.60550 	 2543.74024 	 2428.22563 	 
 401.79007 	  914.91083 	  978.64044 	  367.35274 	  388.55881 	  564.61176 	  470.70442 	  816.98703 	  534.93767 	  578.30516 	  365.37250 	 1163.39279 	    0.00000 	  788.95669 	  704.09384 	  399.28020 	  787.81722 	 1024.93825 	 1378.11719 	  468.60662 	  323.15191 	 2199.10266 	 2392.69733 	  463.14174 	  727.78911 	 
 603.71606 	  829.89483 	 1413.04688 	  955.70478 	  974.09649 	 1137.14473 	 1425.23647 	 1512.06151 	  967.49842 	  683.21526 	 1321.42176 	 2114.06739 	  794.49350 	    0.00000 	 1115.39647 	  540.53221 	 1232.83593 	 1000.91750 	 1498.70412 	 1219.13238 	 1029.29302 	 2755.24116 	 2942.04767 	  172.13184 	 1082.80509 	 
 854.27751 	  893.09700 	 1076.26549 	  404.99122 	  682.54098 	  447.86565 	 1085.42365 	  716.22007 	  684.69093 	  812.84386 	  419.71045 	 1621.46001 	  858.05965 	 1480.30758 	    0.00000 	  947.03499 	  874.44266 	  699.90778 	 1340.08832 	  553.86114 	  495.55812 	 1210.63986 	 1340.33226 	  933.20648 	  961.31135 	 
 462.03265 	 1267.18363 	 1505.09674 	  820.90322 	  902.47692 	 1134.58092 	  550.65889 	  985.68695 	  678.33650 	  229.42423 	  763.30392 	 1984.01703 	  398.23692 	  735.59872 	 1192.27909 	    0.00000 	 1156.37286 	  801.81160 	  934.96079 	  816.74223 	  506.07262 	 2239.42918 	 1767.16644 	  525.19898 	 1210.96403 	 
 943.29887 	  219.41903 	  224.84393 	  834.70265 	  421.24001 	  362.20170 	 1673.77757 	 1329.79092 	  397.98375 	 1159.77499 	 1381.70190 	 2607.80889 	  929.79110 	 1308.27165 	  797.92951 	 1350.24856 	    0.00000 	  107.28020 	 2419.83724 	  421.16040 	  985.67226 	 3217.85176 	 2506.77240 	 1027.64220 	  155.56515 	 
 481.94363 	  103.56413 	  228.43659 	  777.55749 	  539.18581 	  468.62397 	  981.76697 	 1982.02622 	  528.51726 	 1573.42753 	  873.64213 	 2292.15979 	  825.27718 	 1079.62185 	  720.59213 	 1137.42598 	   70.78272 	    0.00000 	 1559.86295 	  351.80891 	 1020.41615 	 2799.30872 	 2695.41265 	  676.92426 	   99.48683 	 
1232.33818 	 2520.46754 	 2264.72182 	 1429.75543 	 1318.94907 	 1784.13058 	  759.83488 	  628.50828 	 1489.00441 	 1111.42540 	 1032.14227 	  420.78177 	  920.04801 	 1603.12955 	 1186.96469 	 1343.20051 	 2019.52129 	 2352.26315 	    0.00000 	 2095.48421 	 1150.59179 	  485.69337 	 1429.31983 	 1623.97817 	 1808.75121 	 
 535.76451 	  261.30100 	  433.75166 	  483.16213 	  222.46251 	  101.89039 	 1298.49341 	 1216.79712 	  178.67145 	 1236.19434 	  626.12125 	 2728.95681 	  503.24952 	  761.30748 	  710.57646 	 1017.90418 	  389.25159 	  247.62156 	 1718.10814 	    0.00000 	  621.35237 	 2096.69045 	 1921.92456 	  775.27395 	  172.77867 	 
 537.41899 	  547.79235 	  783.91792 	  211.78381 	  332.31964 	  491.76019 	  500.88438 	  624.62412 	  470.03778 	  586.41041 	  252.75638 	 1191.68290 	  294.66077 	 1305.10762 	  348.29017 	  573.29124 	  950.06972 	  945.74630 	 1485.91158 	  634.62519 	    0.00000 	 1634.41568 	 2013.35044 	  807.51737 	  710.15271 	 
2009.17729 	 2802.56026 	 2256.84916 	 1637.16389 	 2263.16317 	 2374.35954 	 1137.48216 	 1027.99508 	 2655.62623 	 2010.71783 	 1335.44704 	  456.80139 	 1673.77298 	 2682.17394 	 1748.05198 	 1860.45411 	 2802.69339 	 2007.88153 	  537.69640 	 2762.17175 	 2252.61899 	    0.00000 	  580.06295 	 2686.62682 	 3003.99217 	 
2087.81492 	 2418.85806 	 3072.31649 	 2034.59742 	 2152.06072 	 2381.32158 	 1415.44191 	  754.25796 	 1662.20646 	 2109.32729 	 1080.29115 	  774.06647 	 1411.77930 	 2481.11523 	 1636.63763 	 2645.53600 	 2918.89831 	 3001.17198 	 1445.28906 	 2271.83430 	 1358.31677 	  894.74107 	    0.00000 	 2941.91314 	 2458.31369 	 
 288.44572 	  993.95862 	 1417.48764 	  750.47224 	  838.79058 	  847.73583 	  871.09351 	 1779.84226 	 1003.56153 	  678.54097 	  986.55900 	 2424.73665 	  478.10938 	  234.51229 	 1421.11560 	  446.34292 	  959.09139 	  699.25973 	 2005.58204 	  980.57510 	  784.78006 	 1692.38176 	 3197.39802 	    0.00000 	  672.88000 	 
 405.48529 	   29.04546 	  489.87725 	  538.02432 	  418.65628 	  272.22230 	  889.46820 	 1346.64963 	  299.57036 	 1481.20651 	  826.20596 	 2893.13158 	  951.64883 	  754.00279 	  944.92078 	  748.84346 	  158.90140 	   93.17916 	 1902.17458 	  230.05255 	  793.91561 	 2856.67439 	 2032.14985 	  921.53229 	    0.00000 	 
   0.00000 	 6381.42143 	 6649.64348 	 18458.34043 	 5600.33567 	 5305.82307 	 13427.37786 	 2601.06081 	 8623.85063 	 8608.56329 	 3663.96821 	 11907.85223 	 9858.63188 	 20829.12864 	 3430.31935 	 9031.21298 	 53320.42459 	 11985.00960 	 1420.82016 	 3737.94977 	 5726.25739 	 6984.73472 	 2819.86945 	 10032.17279 	 16897.37477 	 
5596.85634 	    0.00000 	 15569.63520 	 15153.51533 	 3538.78111 	 4522.80999 	 3623.95011 	 2811.39762 	 5671.98523 	 4566.56245 	 2083.93094 	 10363.69637 	 1457.06882 	 8824.22583 	 1388.09927 	 6230.58318 	 21139.20042 	 7279.95973 	  993.80978 	 6523.58106 	 4005.50952 	 7718.93618 	 3928.84097 	 1957.07927 	  591.10829 	 
8538.07541 	 10425.48069 	    0.00000 	 44790.08467 	 5149.23485 	 11614.23599 	 4772.27970 	 5621.57798 	 18724.72255 	 3261.50317 	 2574.05909 	 27697.54717 	 1847.97581 	 29496.96699 	 4844.01025 	 3332.62678 	 219920.34761 	 32117.55099 	 3539.42844 	 12337.78591 	 6768.91325 	 21495.79381 	 5372.85095 	 6122.19510 	 66066.11133 	 
23865.49527 	 16009.89410 	 36670.13495 	    0.00000 	 22664.92660 	 40807.21742 	 17657.56681 	 29573.86548 	 45584.40441 	 17413.77263 	 30304.35381 	 77495.29401 	 11383.20105 	 48080.69710 	 41875.44721 	 13537.08066 	 177088.54397 	 43798.60922 	 15478.91010 	 26692.83325 	 33712.52857 	 39274.52117 	 13848.64541 	 21081.63830 	 47738.47069 	 
4305.80799 	 3584.35372 	 7464.21884 	 15753.29917 	    0.00000 	 7032.27023 	 2419.76552 	 1695.87429 	 7625.70082 	 2047.91166 	 2291.61453 	 7303.76590 	 1988.68386 	 9077.47078 	 1506.47472 	 1175.61202 	 26375.61960 	 7356.10661 	  914.05430 	 4876.89259 	 4224.48555 	 4184.32659 	 1232.19198 	 4549.84005 	 5717.01976 	 
7736.67408 	 4107.51118 	 10174.77252 	 37000.01937 	 7854.24611 	    0.00000 	 3666.99831 	 3785.95338 	 9876.29134 	 4331.49434 	 2503.42150 	 11196.48711 	 1580.38025 	 13547.51063 	 4215.18704 	 2256.46637 	 72941.23590 	 13207.58734 	 2358.08342 	 4544.19417 	 7686.04096 	 6537.90255 	 1923.83164 	 4819.79806 	 11291.22368 	 
9974.60451 	 4229.68404 	 5488.56029 	 27754.83577 	 3730.43235 	 4023.09345 	    0.00000 	 14525.53221 	 5688.28332 	 40971.07550 	 11959.93165 	 32345.54694 	 6088.89621 	 6000.60099 	 3888.93973 	 13406.44596 	 22272.26264 	 8872.84276 	 6349.57056 	 2684.81803 	 10496.91494 	 11739.98039 	 4018.53595 	 2634.31451 	 13562.33482 	 
2061.47080 	 2869.69184 	 4498.83224 	 26528.96540 	 1239.12855 	 2924.29574 	 9477.41638 	    0.00000 	 7013.30468 	 5471.32370 	 8567.40744 	 35429.14329 	 1938.27525 	 2996.13477 	 10889.71760 	 2369.13323 	 16950.91109 	 5593.52805 	 8044.32027 	 2698.57064 	 6866.54677 	 16742.74494 	 8572.47045 	 1292.31215 	 10978.54501 	 
8918.94071 	 4781.18974 	 13744.30896 	 39298.28473 	 8444.41743 	 8724.26539 	 8376.30683 	 6848.87673 	    0.00000 	 3178.99286 	 5110.46404 	 27145.42192 	 3532.39659 	 21764.60825 	 10180.73978 	 5173.62940 	 68132.28712 	 16637.89048 	 3738.24150 	 8897.94575 	 14829.84536 	 14500.59118 	 3507.38981 	 10367.44811 	 15104.96670 	 
7506.22352 	 3356.83958 	 3259.99361 	 20410.33810 	 1811.56130 	 3211.25875 	 24768.95666 	 8732.41475 	 5240.19154 	    0.00000 	 3988.37786 	 14777.93693 	 4546.84725 	 6123.07894 	 2202.05535 	 25552.02506 	 32429.52275 	 7186.21922 	 1805.24804 	 2808.41010 	 8749.32153 	 7794.47077 	 2746.78731 	 2409.02433 	 4017.71270 	 
3438.81639 	 2800.88799 	 3034.91673 	 29941.08771 	 2675.53333 	 2831.24738 	 12532.28549 	 13440.33801 	 5377.22378 	 4478.34237 	    0.00000 	 16798.46623 	 2945.23757 	 3199.74924 	 5857.57552 	 2707.45164 	 12553.61811 	 4490.15985 	 3073.70140 	 1709.71278 	 19383.26363 	 6978.89969 	 2314.15679 	 1928.83573 	 6084.77269 	 
8938.86102 	 7785.83915 	 19807.95977 	 56860.66561 	 5602.31692 	 12430.03223 	 31104.96467 	 32366.71583 	 26181.47499 	 15549.44845 	 19139.12348 	    0.00000 	 7045.07482 	 13606.26548 	 18800.63912 	 9358.68404 	 118604.95102 	 17186.86017 	 26690.49681 	 8340.84789 	 20949.30773 	 88190.21597 	 24864.26115 	 3023.65729 	 30503.37332 	 
9227.29768 	 1502.44226 	 1684.81643 	 15450.66398 	 2330.90631 	 1634.78809 	 6585.33147 	 2150.56768 	 3502.48032 	 3646.54115 	 3869.42499 	 6746.19005 	    0.00000 	 2470.98783 	 1360.33963 	 5300.13572 	 11223.17605 	 2165.67329 	  908.05103 	 1522.68603 	 7350.80352 	 2672.88267 	 1147.07679 	 1568.38345 	 3415.58136 	 
21746.16570 	 6942.44440 	 24575.44605 	 36540.91242 	 6914.98825 	 19712.27717 	 6288.14570 	 2848.99519 	 25016.90877 	 6792.55344 	 4076.02611 	 11497.43871 	 2933.07462 	    0.00000 	 4206.27681 	 11630.32690 	 150319.65012 	 30552.07015 	 1281.31517 	 18327.13929 	 7079.37897 	 9313.46691 	 2154.55560 	 17228.28675 	 21330.99856 	 
3713.15683 	 1242.12000 	 7229.48472 	 52875.55462 	 2475.13328 	 6410.19073 	 4528.34548 	 9145.58601 	 11498.19970 	 2080.86883 	 5677.06925 	 16950.19812 	 1360.46179 	 4149.70864 	    0.00000 	 2261.84020 	 26215.31065 	 6312.66969 	 6092.12326 	 2824.34114 	 7736.46657 	 11110.78953 	 5240.42161 	 3581.50869 	 10432.23581 	 
8880.84785 	 4786.16327 	 3557.26502 	 17658.52013 	 1432.95882 	 2075.19419 	 13770.94234 	 1930.13799 	 4376.72421 	 24458.66057 	 3413.80468 	 12914.41235 	 7116.09710 	 12048.43009 	 1692.32136 	    0.00000 	 26009.74544 	 4064.36965 	  992.11944 	 1668.94533 	 3418.47623 	 5186.42733 	 2239.31739 	 3609.62113 	 3672.16410 	 
40666.93113 	 24354.94717 	 151262.65671 	 162624.66926 	 23989.49182 	 44611.75118 	 30298.72075 	 21825.54161 	 70515.39336 	 21548.91518 	 19461.22017 	 130927.17178 	 12096.54966 	 161896.83854 	 23199.27087 	 18126.79755 	    0.00000 	 8040.82858 	 7984.39924 	 78042.79832 	 42440.11441 	 61858.57587 	 18391.87339 	 28019.78498 	 142369.20562 	 
11740.34323 	 5256.47560 	 32605.83469 	 39574.37829 	 4285.22437 	 15612.93566 	 6485.68635 	 5149.40263 	 16580.19453 	 4498.43927 	 5570.97550 	 15657.41647 	 2506.07758 	 26425.88389 	 5237.55663 	 5727.85581 	 8396.41284 	    0.00000 	 2868.93765 	 36229.12226 	 6518.56017 	 13228.50963 	 4892.57468 	 7477.91805 	 14199.11265 	 
1350.96538 	  720.44687 	 3005.43259 	 11297.04953 	  754.16249 	 3199.94802 	 6109.35463 	 7320.97043 	 3663.43302 	 2572.32230 	 3442.55384 	 23535.02551 	  842.66253 	  877.71369 	 6180.30060 	 1035.37152 	 12350.35760 	 3041.36530 	    0.00000 	 2224.70106 	 3023.20494 	 11765.59971 	 3911.25690 	  439.41777 	 3104.83022 	 
4919.98345 	 8478.92545 	 11222.80889 	 30138.53832 	 3109.27792 	 4907.19475 	 3149.84283 	 2742.09563 	 11603.84603 	 3074.97401 	 2368.27024 	 10388.76591 	 1280.53979 	 12582.36713 	 2773.34781 	 1559.17837 	 55289.13404 	 22039.31813 	 1348.46592 	    0.00000 	 4417.64892 	 6325.60415 	 2616.96530 	 6892.78356 	 13286.03485 	 
6558.41927 	 4850.51804 	 7150.85304 	 36923.77503 	 6115.83974 	 8922.20187 	 12934.06168 	 6914.25694 	 10526.30025 	 8217.20163 	 16657.41428 	 19597.46913 	 6314.57735 	 9559.44098 	 7935.99153 	 5828.65181 	 25392.42988 	 10131.34940 	 3703.45201 	 5460.97552 	    0.00000 	 8554.07060 	 4186.71062 	 2769.17345 	 8892.42439 	 
7868.85223 	 8244.44993 	 21006.62173 	 36713.19404 	 2785.40804 	 8254.56647 	 15282.28919 	 18610.04452 	 11349.51996 	 6414.83236 	 7249.29561 	 87885.19748 	 2539.55224 	 7130.58224 	 8930.38540 	 6366.86172 	 62130.67175 	 16680.67109 	 11208.28273 	 8406.17290 	 8996.19152 	    0.00000 	 39544.37214 	 2673.90957 	 15131.67013 	 
1987.71793 	 3953.16616 	 4144.64548 	 16574.20475 	  976.58215 	 2263.87279 	 3857.02312 	 6117.54717 	 2971.17959 	 3013.92015 	 2521.37237 	 25518.91683 	  870.50378 	 1667.45007 	 6616.58838 	 1657.33366 	 11476.88703 	 4115.03325 	 3003.45871 	 2769.67602 	 4062.07312 	 31240.86208 	    0.00000 	  810.47243 	 4235.69353 	 
8718.42075 	 2559.97404 	 9660.62994 	 13715.61913 	 3517.89651 	 7767.24560 	 3036.22543 	 1546.95677 	 9766.68676 	 2491.30666 	 2209.94302 	 3790.85541 	 1462.01657 	 22117.73957 	 3749.12480 	 4542.39033 	 25242.24612 	 6445.14772 	  429.51541 	 5793.50229 	 4408.09877 	 2044.78161 	  777.37289 	    0.00000 	 6200.86732 	 
19771.82765 	  423.66431 	 64660.07260 	 33615.17075 	 6760.33374 	 16748.95155 	 13760.68302 	 10938.97224 	 16269.06763 	 6424.26721 	 6047.01741 	 22246.96034 	 4578.64941 	 19647.16499 	 10635.22689 	 4125.15185 	 153921.52789 	 10202.27606 	 4263.03109 	 13782.00525 	 10432.08929 	 17269.99367 	 5484.38922 	 5978.12774 	    0.00000 	 
   0.00000 	  497.65276 	 1192.95162 	  545.58192 	  402.81312 	  551.18119 	  670.20453 	 1141.39503 	  775.48593 	  546.96792 	  515.79152 	 1388.72658 	  238.72415 	  518.51831 	 1141.87709 	  300.88281 	  740.45381 	  721.19746 	 1745.89330 	  584.17025 	  554.41849 	 2177.58121 	 2640.76745 	  376.58147 	  562.62354 	 
 480.83345 	    0.00000 	  404.84329 	  480.45149 	  538.92063 	  279.22218 	  909.19352 	 1942.87422 	  388.14399 	 1308.28550 	 1011.05995 	 3010.05658 	  709.65954 	  976.32609 	  703.72082 	  878.40713 	  209.50373 	   76.88749 	 1774.16424 	  172.48053 	  712.56995 	 3045.03733 	 2418.36895 	 1034.26309 	   45.95773 	 
1034.65968 	  429.75003 	    0.00000 	  864.12172 	  972.57277 	  420.25241 	 1474.02667 	 1795.38599 	  766.69213 	 1379.58101 	 1010.35606 	 3225.56912 	 1393.46405 	 1238.31783 	  999.60047 	 1400.34888 	  151.17877 	  326.30817 	 2650.85163 	  559.70894 	 1294.03647 	 2192.77876 	 3232.97207 	 1126.97584 	  317.21949 	 
 516.27045 	  705.71152 	  739.37089 	    0.00000 	  277.59040 	  341.18645 	  917.09418 	 1076.01745 	  298.75857 	 1091.71323 	  327.58547 	 1870.64611 	  402.19688 	 1318.39461 	  285.33206 	  759.37773 	  830.53458 	  860.16823 	 1784.87068 	  408.39015 	  278.07302 	 2012.34743 	 1511.03106 	  717.88241 	  481.94404 	 
 403.74294 	  340.79106 	  529.69415 	  289.31960 	    0.00000 	  159.51773 	  759.04744 	  835.68754 	  233.26099 	  908.98343 	  418.85601 	 2246.65433 	  443.08060 	  959.22503 	  612.54591 	  827.79586 	  630.29317 	  482.77026 	 1191.89339 	  300.05479 	  218.98417 	 2546.35658 	 1613.16123 	  916.73694 	  292.48823 	 
 634.65775 	  259.22173 	  403.58090 	  326.57782 	  220.15758 	    0.00000 	  729.65113 	 1441.41456 	   80.67010 	 1032.00232 	  776.75579 	 1459.76995 	  573.66511 	 1280.19767 	  724.18177 	  680.27346 	  443.17177 	  272.31881 	 1487.08327 	   88.25777 	  495.40680 	 2421.90890 	 2510.52343 	 1046.13924 	  362.70557 	 
 806.68562 	 1484.21855 	 1828.25446 	  742.69177 	  611.71828 	  901.81648 	    0.00000 	  517.86344 	 1009.00774 	  191.05407 	  419.04429 	 1577.91223 	  454.04038 	 1278.82721 	  986.74544 	  385.28056 	 1149.46593 	 1319.10110 	  804.11330 	 1134.49281 	  676.11665 	 1897.52895 	 1705.72578 	 1043.96283 	 1464.06044 	 
 906.27049 	 1742.33034 	 2213.61832 	 1067.36127 	  844.87267 	  945.24755 	  837.36528 	    0.00000 	 1015.62276 	 1108.68038 	  632.32982 	 1015.22579 	  836.29493 	 1580.54886 	  719.58436 	  842.09494 	 1491.12635 	 1566.76411 	  462.28075 	  995.18366 	  857.86540 	  717.19306 	  971.48484 	 1500.48358 	 1486.87285 	 
 456.63168 	  502.45671 	  622.06601 	  289.84403 	  206.29444 	   78.45562 	  901.48626 	 1006.39819 	    0.00000 	 1406.65031 	  446.39228 	 1443.94217 	  471.35791 	 1435.65611 	  426.66835 	  938.65643 	  354.54109 	  570.66637 	 2147.29663 	  180.61225 	  434.94502 	 1748.34978 	 2246.78823 	 1214.98420 	  475.42215 	 
 665.07577 	 1577.59577 	 1878.82811 	  771.35266 	  719.70063 	 1392.79589 	  209.58387 	  759.96019 	  832.18860 	    0.00000 	  706.73466 	 1765.74644 	  535.58704 	  683.85390 	 1129.26721 	  350.00136 	 1718.43261 	 1360.64659 	  759.90475 	 1030.02740 	  801.08045 	 1607.40596 	 2059.18552 	  830.95834 	 1088.45311 	 
 829.61318 	  844.01226 	 1178.60444 	  391.37370 	  431.05286 	  587.23679 	  560.81698 	  601.42917 	  564.54026 	  787.83800 	    0.00000 	 1039.36290 	  456.13912 	 1103.31813 	  292.41462 	  628.73953 	  917.90014 	 1333.61047 	 1242.10037 	  893.33753 	  238.01098 	 1099.71334 	 1148.45340 	 1081.28659 	 1009.15403 	 
2290.35539 	 2890.71291 	 2879.98534 	 1657.21602 	 2408.39779 	 2224.42651 	 1259.88892 	  909.57077 	 2179.37320 	 1677.10377 	 1641.90456 	    0.00000 	 1761.81101 	 2775.05885 	 1929.35345 	 1881.10534 	 2420.28956 	 2189.94817 	  369.11833 	 1834.10682 	 1343.80898 	  291.17257 	 1006.94324 	 2104.82925 	 2020.30736 	 
 260.59004 	  567.31502 	  930.67183 	  382.53445 	  461.19920 	  605.46105 	  493.45381 	  702.58488 	  691.33753 	  482.38623 	  330.27054 	 1803.77023 	    0.00000 	  704.78597 	  903.23428 	  287.60953 	  876.43139 	  874.21620 	  908.86071 	  640.27749 	  314.95311 	 1640.11029 	 1517.29379 	  640.93274 	  844.32964 	 
 415.08992 	  702.72725 	 1077.97692 	 1267.86402 	  885.35201 	 1407.13710 	 1115.43251 	 1441.38742 	 1152.58044 	 1169.14711 	 1536.85451 	 1672.09908 	  658.44907 	    0.00000 	 1943.71197 	  672.32440 	 1127.91912 	  879.87618 	 1810.23296 	  970.55990 	 1025.19521 	 3203.94254 	 3412.91289 	  153.12391 	  991.17276 	 
1111.91133 	 1141.23673 	 1341.84785 	  422.30060 	  547.35802 	  623.62251 	  633.87397 	  556.06020 	  594.37832 	 1315.68398 	  357.58578 	 1314.37397 	  752.87187 	 1382.11679 	    0.00000 	 1029.38607 	 1319.28817 	 1060.27868 	 1621.71812 	  785.14343 	  407.85208 	 1762.23714 	 1009.40279 	 1226.15726 	  691.02453 	 
 432.87512 	 1001.05131 	 1464.64201 	  651.88413 	  837.69465 	  916.51343 	  331.37695 	  993.22198 	  799.98209 	  343.46505 	  760.54348 	 1754.49666 	  280.56655 	  517.07202 	 1194.62293 	    0.00000 	 1135.32869 	  826.48298 	 1329.56315 	  935.92613 	  496.49540 	 1796.15513 	 2308.42268 	  404.59325 	 1038.07747 	 
 598.16716 	  179.60858 	  210.18367 	  702.85784 	  610.53215 	  323.45054 	 1672.59127 	 1311.78720 	  621.43542 	 1809.71057 	  882.51020 	 2486.38783 	 1016.13504 	 1023.37970 	  859.67915 	  886.44012 	    0.00000 	  102.35244 	 2667.84093 	  355.97871 	  695.85496 	 2918.42992 	 1993.06134 	 1275.98999 	  244.31001 	 
 765.91450 	   94.30949 	  317.99694 	  641.20539 	  477.73264 	  299.87468 	 1441.64700 	 1789.57294 	  507.40635 	 1634.65015 	  892.26419 	 2979.55530 	  993.95630 	 1108.16545 	 1003.86476 	  842.73937 	  103.09153 	    0.00000 	 2583.48052 	  318.29012 	  902.89855 	 2534.55931 	 3059.36784 	 1092.01120 	  171.77944 	 
1508.18834 	 1903.99838 	 1811.60640 	 1759.87722 	 2011.73887 	 1348.00244 	  697.07775 	  694.89460 	 2061.50820 	 1098.32345 	 1178.66586 	  436.48695 	 1143.46265 	 1630.18368 	 1123.55759 	 1132.33819 	 1952.71891 	 2030.42256 	    0.00000 	 1940.91326 	 1444.28392 	  834.55257 	 1456.01001 	 1970.08192 	 2398.20721 	 
 656.03354 	  150.84222 	  424.09672 	  417.84921 	  274.69357 	   74.49747 	 1125.57892 	 1668.99791 	  175.20070 	 1332.23858 	  853.26416 	 1583.59966 	  723.95434 	 1067.41072 	  858.39595 	 1097.39705 	  361.86173 	  349.40303 	 1350.25713 	    0.00000 	  424.61564 	 1703.47063 	 1765.88313 	  823.08365 	  213.93121 	 
 404.55847 	  741.94517 	 1023.54796 	  185.03097 	  267.30066 	  386.65384 	  431.26081 	  841.83049 	  584.92548 	  859.00879 	  243.33152 	 1130.98321 	  297.67099 	 1080.52450 	  445.49620 	  779.52205 	  620.58389 	  711.43396 	 1553.85937 	  441.55260 	    0.00000 	 2033.53804 	 1273.48263 	  912.33041 	  634.32641 	 
2421.14353 	 2036.14814 	 3506.20603 	 1829.29015 	 1994.17484 	 1751.82635 	 1228.81467 	  754.16740 	 2033.44555 	 1601.79799 	 1950.15802 	  436.26817 	 1573.47696 	 3213.13657 	 1234.96401 	 1783.92337 	 2277.99577 	 2754.07233 	  708.58996 	 1795.35766 	 1801.10964 	    0.00000 	  505.92266 	 2328.02890 	 2099.58083 	 
2682.02324 	 1934.77742 	 3187.54208 	 1481.16387 	 1683.48515 	 1567.25679 	 1613.70718 	  967.84892 	 1934.10138 	 2088.39796 	 1413.95332 	 1230.40398 	 1405.45589 	 2581.65955 	 1700.92633 	 1602.05678 	 2865.89336 	 2396.78302 	 1226.27901 	 2725.96608 	 1505.04739 	  736.12126 	    0.00000 	 2938.14106 	 2804.19530 	 
 318.64882 	  762.41060 	  991.46656 	  762.58243 	  816.91343 	  664.78839 	  793.69491 	 1149.17271 	 1229.00967 	  617.47845 	  970.39580 	 1595.38825 	  473.08206 	  251.15673 	 1673.67314 	  399.05976 	 1062.86433 	  789.25039 	 1685.58637 	  812.59205 	 1016.34757 	 2255.75770 	 2802.57930 	    0.00000 	  842.81412 	 
 632.76497 	   46.52990 	  333.08905 	  446.13202 	  342.65482 	  250.61487 	 1432.73875 	 1085.57694 	  395.89089 	 1503.99141 	  654.46260 	 2189.76078 	  695.35759 	  996.41645 	  984.71034 	  917.60308 	  186.90159 	  164.03481 	 1853.19303 	  153.44253 	  555.67609 	 2191.37061 	 1932.12477 	  818.47792 	    0.00000 	 
   0.00000 	 5053.10601 	 9873.70755 	 17771.27769 	 4251.56389 	 5378.18254 	 11325.42794 	 2606.18897 	 7490.48563 	 8010.12634 	 3865.91953 	 6575.09185 	 10821.31810 	 19545.88254 	 3674.87734 	 10046.71205 	 42090.97012 	 9040.70096 	 1277.55879 	 6148.78952 	 6687.12248 	 7663.46465 	 3167.61633 	 13069.44064 	 13981.34629 	 
8306.64853 	    0.00000 	 9747.83797 	 13862.38293 	 2998.96533 	 6965.60331 	 4897.42387 	 3952.86007 	 6462.47688 	 4033.18573 	 2957.27207 	 8889.26526 	  913.33927 	 8508.82079 	 1505.27017 	 6265.96245 	 23535.00475 	 7239.86106 	  932.72247 	 8460.72767 	 3023.85468 	 7905.20426 	 4809.21498 	 2185.44760 	  715.37125 	 
8124.69834 	 13045.91227 	    0.00000 	 33135.35565 	 7388.22521 	 17058.70849 	 5163.04607 	 5856.86858 	 13586.72911 	 4510.99990 	 4172.00704 	 28602.66537 	 2205.30762 	 26499.44653 	 5615.83651 	 3289.34376 	 187157.06372 	 30516.51974 	 3142.12385 	 14754.86286 	 9179.88113 	 18525.12707 	 4168.42552 	 6584.49592 	 45710.73518 	 
18112.83503 	 14341.59279 	 34489.61321 	    0.00000 	 23646.05410 	 41166.78845 	 23317.90254 	 30518.86160 	 64945.79374 	 16335.87616 	 22707.46525 	 81945.88792 	 14295.81024 	 56285.01923 	 44734.09666 	 10140.06921 	 195242.48903 	 42835.42200 	 14982.76641 	 26287.88803 	 52042.80067 	 28955.16160 	 15055.27862 	 13514.34127 	 33141.82440 	 
4370.48983 	 2507.78303 	 7209.86388 	 21261.76694 	    0.00000 	 8728.30206 	 3214.95221 	 1123.90327 	 6280.12988 	 1946.47346 	 1974.62096 	 7060.58681 	 2224.85608 	 7966.44132 	 1419.34871 	 1571.71403 	 28039.38390 	 4913.64838 	  991.37082 	 4991.33688 	 4728.95887 	 4232.36074 	  994.27896 	 5418.28940 	 8816.42714 	 
5103.24491 	 5451.35197 	 13418.64056 	 30757.36951 	 9264.73535 	    0.00000 	 4586.64360 	 3493.76669 	 10960.48207 	 2742.77881 	 3354.50493 	 18669.90066 	 2351.55175 	 14426.83842 	 4481.11984 	 1660.94208 	 58823.34683 	 14466.44920 	 3500.50418 	 5799.16863 	 7332.67024 	 4753.43692 	 2163.01414 	 8373.26382 	 18182.84642 	 
8211.35077 	 2745.01710 	 5544.17308 	 27089.62143 	 2535.97940 	 6357.05923 	    0.00000 	 10505.36768 	 6346.59446 	 40090.99489 	 7182.59709 	 25758.19990 	 6240.98856 	 7044.45739 	 5508.64198 	 10931.77728 	 37409.62752 	 6326.05750 	 4316.01669 	 2396.12561 	 11892.45151 	 16152.80774 	 5150.94342 	 2903.72583 	 8786.65245 	 
2222.35226 	 2611.34481 	 6507.38413 	 30127.89421 	 1280.66696 	 2781.37514 	 8122.01689 	    0.00000 	 5203.52232 	 6905.58521 	 13932.65051 	 21388.43957 	 2291.70117 	 2428.74578 	 6255.89353 	 2213.12897 	 22650.14537 	 6388.49882 	 8579.82459 	 3186.08017 	 8263.18899 	 16195.14490 	 9053.56520 	  954.27454 	 8850.54698 	 
8512.86467 	 6395.28537 	 15075.12459 	 48863.13150 	 5349.96992 	 11036.64665 	 6426.60399 	 6830.02052 	    0.00000 	 4755.30231 	 6385.24374 	 20736.88960 	 6103.55975 	 20406.11197 	 7492.82237 	 4481.87202 	 76983.27212 	 19830.17211 	 4292.18934 	 11767.37266 	 9944.84880 	 10115.38585 	 5191.04296 	 9225.18574 	 20568.10412 	 
7712.08920 	 3894.67215 	 5330.91494 	 18883.38969 	 2135.52006 	 3249.59841 	 28880.71941 	 5075.94572 	 3761.76522 	    0.00000 	 4707.86386 	 14426.83288 	 4102.28757 	 8795.57023 	 2767.46119 	 24740.47492 	 30726.48812 	 7433.02390 	 1566.99333 	 4421.87901 	 6638.84390 	 7282.37294 	 2941.64705 	 2811.15768 	 6665.60552 	 
3260.71295 	 2835.78702 	 3953.65996 	 28562.52257 	 2670.73465 	 3038.89449 	 7822.19827 	 9250.11539 	 5677.38106 	 5011.77077 	    0.00000 	 12404.58116 	 3939.83600 	 4247.13373 	 9366.45359 	 2434.81457 	 17755.99414 	 4099.15450 	 2650.41940 	 2046.04440 	 11376.56504 	 7521.03774 	 3441.32789 	 1318.17184 	 8708.56139 	 
6501.10549 	 9431.92045 	 28454.68742 	 56057.65976 	 5089.72935 	 15748.88463 	 28248.64084 	 39445.73254 	 19768.41089 	 22396.54472 	 19238.47084 	    0.00000 	 5078.31683 	 13823.90551 	 15826.28224 	 12492.14180 	 126194.25622 	 14409.45005 	 25096.53971 	 10941.64095 	 17150.83369 	 67638.10463 	 29088.13360 	 3122.88691 	 31494.21563 	 
7186.64198 	 1496.09391 	 1555.22960 	 14975.50837 	 2105.95801 	 1578.90691 	 7149.02531 	 1287.65133 	 5040.06171 	 3443.28260 	 2699.90880 	 5341.04837 	    0.00000 	 2517.28220 	 1074.40649 	 4190.10083 	 8125.10220 	 2489.39619 	  926.51783 	  984.26727 	 8021.26882 	 2781.97278 	 1273.54530 	 1842.91219 	 5103.07335 	 
19110.70936 	 5799.70896 	 29487.71971 	 54821.93708 	 7531.94769 	 17680.17081 	 5612.32439 	 2896.48798 	 19723.52233 	 9838.93058 	 3830.95383 	 11005.59054 	 3228.49357 	    0.00000 	 7002.07371 	 11135.53501 	 184787.18344 	 28171.55673 	  927.42719 	 14487.99904 	 6149.49346 	 7102.42483 	 1405.39674 	 25548.48781 	 15459.25366 	 
3466.14160 	 1347.07960 	 6101.55502 	 61409.47899 	 2289.66182 	 4490.43219 	 4414.38744 	 8696.78861 	 8448.58063 	 2645.32606 	 8311.08508 	 15358.27462 	 1095.53608 	 5614.55916 	    0.00000 	 2576.58686 	 32652.79296 	 8374.83299 	 5508.56689 	 2191.77870 	 5909.07999 	 10320.68422 	 6884.86950 	 2152.00098 	 10820.31164 	 
8320.82650 	 5550.76774 	 4526.69152 	 16430.61995 	 1381.46949 	 2608.42740 	 16575.48512 	 1944.01844 	 3769.55279 	 24103.08377 	 2978.09529 	 10966.01050 	 6202.45324 	 7436.60405 	 1855.67694 	    0.00000 	 22973.39585 	 4001.56033 	  707.37377 	 2228.62978 	 4156.35810 	 6720.24473 	 1618.63787 	 3961.91386 	 5041.98755 	 
44213.16221 	 18774.50035 	 167907.10625 	 204933.94774 	 18376.32571 	 55811.83880 	 32930.28076 	 28550.50573 	 93702.99436 	 33636.94596 	 12843.62431 	 105016.36328 	 7907.27263 	 178428.96683 	 32253.52038 	 20448.25695 	    0.00000 	 7046.60688 	 12747.56273 	 73444.96420 	 42773.02309 	 91905.93977 	 12518.80176 	 33138.36921 	 207171.31874 	 
11651.48356 	 4666.75206 	 47341.57434 	 44783.26914 	 7504.25810 	 13638.51956 	 7881.35917 	 4889.88873 	 22511.85285 	 6531.44376 	 5094.99004 	 15145.81696 	 3216.01417 	 23735.45222 	 7513.03708 	 4383.18505 	 11058.07377 	    0.00000 	 2262.42026 	 26140.41881 	 9895.11828 	 11788.20097 	 5816.20865 	 6641.43241 	 13400.22487 	 
1040.78776 	  967.35049 	 3322.40337 	 11356.90487 	 1093.53499 	 2080.32227 	 3974.49865 	 7410.76647 	 3297.20651 	 1823.15167 	 3974.14969 	 35953.76382 	  717.77626 	 1519.80417 	 6205.86526 	 1054.87355 	 11409.65276 	 2986.32646 	    0.00000 	 1452.46928 	 2949.32322 	 10281.01568 	 4008.09318 	  501.56942 	 3670.40393 	 
6179.33669 	 9555.83637 	 13016.61547 	 22897.84294 	 4596.35810 	 6293.91742 	 3714.71423 	 2524.58458 	 12778.70227 	 4547.31312 	 2078.54110 	 12548.98944 	 1295.37338 	 14250.14797 	 2274.07352 	 1666.93625 	 68704.85005 	 29246.78332 	 2161.22395 	    0.00000 	 4798.37030 	 7524.90291 	 1518.24681 	 3886.24117 	 15669.16996 	 
5154.23853 	 2745.47640 	 8283.04508 	 37469.07929 	 5326.93628 	 8437.84109 	 8544.89044 	 7641.59902 	 8854.81478 	 5762.48201 	 18052.14084 	 20970.11148 	 7257.00623 	 8277.41803 	 8480.91649 	 3599.37263 	 41787.14024 	 6318.35039 	 4195.15126 	 3532.54475 	    0.00000 	 10734.95302 	 2969.65656 	 3775.60106 	 9401.32553 	 
7779.12101 	 6777.58146 	 20505.18796 	 31900.71572 	 3389.89688 	 7963.48364 	 16953.48042 	 19749.97495 	 14685.25216 	 8142.53826 	 7318.54230 	 93641.25033 	 3032.40740 	 9835.97007 	 13621.72917 	 8289.47967 	 72414.15884 	 17905.23278 	 9385.99512 	 6823.95463 	 10396.73364 	    0.00000 	 38626.24413 	 3324.36620 	 21578.35907 	 
2332.17164 	 2834.54734 	 3773.06903 	 14937.23528 	 1332.85878 	 1956.95375 	 5578.72822 	 10210.86849 	 3847.26618 	 2513.33744 	 3351.16503 	 35684.93839 	  957.59554 	 1390.68350 	 4422.93162 	 1464.62870 	 16329.88340 	 5581.67537 	 2717.99673 	 2003.23510 	 3149.84394 	 30104.37493 	    0.00000 	 1118.77925 	 6028.05194 	 
9968.38634 	 1806.42098 	 6708.29651 	 16424.32759 	 3651.83739 	 5150.95441 	 3376.21665 	 1043.59044 	 10017.44460 	 2213.82950 	 1411.14413 	 4623.38217 	 1449.31643 	 16689.84313 	 3139.99982 	 3804.95325 	 30645.52784 	 5173.70799 	  734.69306 	 6187.00085 	 2753.58116 	 2664.04673 	  866.26815 	    0.00000 	 7264.79290 	 
20410.18446 	  523.64414 	 58117.63660 	 38688.96785 	 5952.68904 	 15282.66219 	 13627.04699 	 9367.53241 	 19474.56441 	 6300.66231 	 7117.22817 	 31354.71557 	 3212.48470 	 15353.25702 	 14993.34757 	 5594.57550 	 157411.98677 	 9991.18646 	 4374.01556 	 13643.93395 	 15213.02283 	 23826.54691 	 4551.27470 	 5561.67799 	    0.00000 	 
   0.00000 	  411.95652 	  723.29203 	  511.03963 	  350.13856 	  472.71621 	  788.84477 	 1258.74431 	  448.50723 	  814.48476 	  485.65494 	 2010.44455 	  289.94912 	  743.24238 	 1066.15782 	  336.38779 	  942.87129 	  750.32877 	 1481.16124 	  438.79257 	  353.38012 	 1712.82662 	 2529.57382 	  313.66628 	  588.19406 	 
 424.57555 	    0.00000 	  281.48688 	  730.10644 	  557.81316 	  321.51781 	  985.00459 	 1454.44207 	  355.67364 	  870.54773 	  821.42539 	 2028.93571 	  696.08360 	 1154.56281 	  912.71545 	 1131.40117 	  170.96899 	  108.98109 	 2391.84032 	  219.71500 	  525.67912 	 2537.15128 	 1964.44658 	  835.28050 	   44.55191 	 
1076.42577 	  292.44014 	    0.00000 	  883.00242 	  796.86413 	  546.66976 	 1906.88700 	 2245.05067 	  531.73929 	 1877.92413 	  914.19450 	 2653.27882 	 1066.35123 	 1250.54814 	 1055.12665 	 1154.53853 	  184.23049 	  293.33482 	 2749.92805 	  382.28608 	  985.54254 	 3107.59198 	 1891.42355 	 1493.77075 	  376.60917 	 
 710.10393 	  522.07011 	  944.59310 	    0.00000 	  286.09239 	  387.30672 	  923.66287 	  936.81080 	  201.55501 	  957.17734 	  307.62528 	 1419.86527 	  389.43900 	  897.05937 	  366.88274 	  986.48943 	  891.99558 	  769.59256 	 1219.64853 	  474.45327 	  229.49936 	 2238.84626 	 1827.37826 	  743.84093 	  761.45357 	 
 283.85044 	  446.91979 	  794.89549 	  323.29586 	    0.00000 	  169.98579 	  616.31558 	 1285.95313 	  209.15148 	  829.56262 	  647.99005 	 2226.70724 	  484.89500 	  877.56595 	  559.03023 	  639.61563 	  681.64343 	  416.50901 	 1106.16126 	  298.39880 	  310.88333 	 1680.67215 	 1688.37126 	  867.35830 	  496.09007 	 
 495.54478 	  395.35868 	  588.95819 	  338.60565 	  204.33220 	    0.00000 	 1123.94891 	 1307.26409 	   92.68974 	 1169.00501 	  761.50081 	 1800.45042 	  718.54776 	 1078.92794 	  585.04998 	  978.98187 	  511.73391 	  345.71409 	 1476.58649 	   92.81592 	  618.73620 	 1964.77499 	 1868.73969 	 1211.58867 	  283.22608 	 
 657.79848 	 1088.47763 	 1705.43211 	  655.90834 	  953.89163 	 1177.59421 	    0.00000 	  522.13483 	 1276.97497 	  212.46330 	  458.99145 	 1430.94528 	  369.44185 	 1272.28932 	  628.41471 	  430.80697 	 1096.40084 	 1005.17153 	  718.25590 	  907.62414 	  603.31772 	 1050.80201 	 1485.52183 	  805.97403 	 1346.90517 	 
1284.30898 	 1167.26020 	 1711.92392 	 1091.06460 	  996.80571 	  955.38487 	  724.37354 	    0.00000 	 1134.70201 	 1109.13242 	  483.48812 	  899.91845 	 1060.58893 	 2095.70814 	  690.47593 	 1301.89785 	 1336.00852 	 1929.35937 	  617.74910 	 1127.52999 	  555.90352 	  798.98706 	  737.13894 	 1373.42980 	 1802.64099 	 
 430.18491 	  303.53856 	  746.94480 	  234.51319 	  209.39570 	   98.88851 	  859.11155 	  856.76845 	    0.00000 	  792.66906 	  486.46971 	 1695.08924 	  534.46585 	  956.37023 	  599.11569 	  856.18335 	  617.20102 	  458.54567 	 1256.26775 	  252.05207 	  507.25195 	 2390.68327 	 1939.35756 	  714.83746 	  301.81560 	 
 753.15427 	 1339.14262 	 1648.49249 	 1042.42764 	 1121.43261 	 1007.51447 	  283.82390 	 1096.67622 	 1260.32963 	    0.00000 	  541.62518 	 1467.15419 	  588.75161 	  923.03231 	 1078.95568 	  339.05058 	 1747.35790 	 1003.84311 	 1106.78343 	 1006.57382 	  591.78739 	 1798.64662 	 1570.65247 	  785.01810 	  854.09710 	 
 477.39246 	  903.46529 	 1340.70725 	  459.50454 	  547.78528 	  855.37847 	  465.17638 	  645.37005 	  779.34350 	  496.85743 	    0.00000 	 1154.04881 	  421.49993 	 1503.74055 	  375.53986 	  639.28456 	 1272.94743 	 1180.91533 	  943.39468 	  983.84056 	  267.88016 	 1540.24711 	 1759.52118 	 1344.09739 	 1069.62990 	 
1667.16454 	 2388.19889 	 2948.62596 	 1383.97094 	 2192.36652 	 1728.91525 	 1013.37805 	 1061.15054 	 1761.45884 	 1044.26701 	 1743.35718 	    0.00000 	 1426.87801 	 2192.80731 	 1881.56496 	 1242.42881 	 1748.17702 	 1872.80566 	  442.83817 	 1499.72172 	 1452.17677 	  365.38001 	  914.36154 	 1853.66176 	 2835.08916 	 
 330.28853 	  785.95667 	  905.81870 	  607.40536 	  391.95317 	  719.96428 	  323.62051 	  904.04231 	  789.89065 	  379.13285 	  412.79949 	 1347.12822 	    0.00000 	  896.85665 	  795.30459 	  394.02471 	  670.77466 	  961.38135 	  918.70532 	  643.98619 	  320.47268 	 1577.93575 	 1970.73149 	  731.05669 	  619.02893 	 
 526.03445 	  834.46760 	 1309.74420 	 1535.51971 	  887.81488 	 1355.78263 	 1166.28887 	 1971.60374 	 1096.10199 	 1022.13736 	 1421.67817 	 2262.97280 	  908.23603 	    0.00000 	 1274.56928 	  733.42146 	 1247.60033 	  931.86963 	 2014.82767 	  747.84374 	  770.20372 	 3348.04109 	 2279.51969 	  209.14986 	  781.95691 	 
 894.01260 	 1110.55187 	 1139.66966 	  300.65631 	  573.16357 	  728.78730 	  767.00132 	  666.98842 	  554.08535 	  985.59239 	  365.78634 	 1905.66757 	  769.82968 	 1077.25795 	    0.00000 	 1101.08852 	 1069.53750 	 1206.83470 	 1003.20798 	  868.67659 	  390.36995 	 1135.35531 	 1557.18328 	 1318.08311 	  664.57628 	 
 416.25813 	  774.65846 	 1772.23270 	  621.20552 	  637.84067 	  702.79519 	  302.48465 	 1086.46982 	 1188.42873 	  384.63999 	  514.40975 	 1728.76190 	  434.60777 	  832.59840 	 1298.11283 	    0.00000 	 1001.79567 	  999.28757 	 1536.61574 	 1020.10507 	  527.66523 	 1907.39465 	 1868.52202 	  623.61634 	  828.47493 	 
 706.08484 	  202.55903 	  242.68524 	  877.98765 	  600.66631 	  366.19736 	 1304.16583 	 1148.55271 	  628.07857 	 1166.66938 	 1126.99886 	 2564.56125 	 1023.16706 	 1363.93683 	  981.92574 	 1024.83516 	    0.00000 	   67.91969 	 2111.80921 	  387.62913 	 1017.61787 	 3152.60969 	 2503.68897 	  711.73731 	  232.44701 	 
 791.16703 	   74.42828 	  237.22270 	  651.93116 	  373.45518 	  456.31008 	 1151.87917 	 1907.11742 	  532.07693 	 1030.03749 	 1245.20401 	 2568.37189 	  688.42239 	  943.99731 	  970.67122 	  842.63600 	   79.78678 	    0.00000 	 1822.62939 	  233.64841 	  951.94625 	 2582.93636 	 2456.79655 	 1054.44909 	  161.38455 	 
1113.30325 	 2177.27625 	 2003.44191 	 1229.47314 	 1308.84740 	 1244.01974 	  630.10749 	  718.16620 	 2148.19457 	  743.02899 	 1122.87643 	  387.65070 	 1370.63732 	 2461.57896 	  966.27453 	 1166.30322 	 1993.34687 	 2115.89645 	    0.00000 	 1716.14384 	 1640.35463 	  582.10207 	  941.81888 	 1677.15184 	 1462.01550 	 
 543.77261 	  256.30589 	  516.91071 	  395.66728 	  255.15606 	   92.28446 	  935.64802 	 1638.82677 	  230.84224 	 1339.35202 	  738.91226 	 1670.51841 	  557.06285 	  917.80336 	  735.20253 	 1097.74794 	  350.64175 	  297.58491 	 1318.78456 	    0.00000 	  473.31326 	 1980.58693 	 2063.54234 	 1074.65904 	  217.03046 	 
 381.44708 	  819.52848 	  751.07677 	  329.68321 	  233.18901 	  584.03352 	  636.01291 	  739.16853 	  456.94300 	  664.45461 	  282.78029 	 2022.12862 	  199.65702 	  841.83774 	  395.88011 	  659.77048 	 1123.34699 	  793.76495 	 1294.94691 	  472.59584 	    0.00000 	 1767.36699 	 2147.04876 	  858.68036 	  745.88922 	 
2576.02543 	 2998.45247 	 3246.45490 	 1594.66348 	 1830.95525 	 1538.65104 	 1394.49696 	 1057.28759 	 2514.31408 	 1333.86836 	 1952.67623 	  340.05562 	 1520.47555 	 2162.26535 	 2027.11526 	 2405.48033 	 2300.42919 	 3186.45744 	  734.62018 	 2229.84994 	 1701.29979 	    0.00000 	  575.21947 	 3067.04666 	 2719.27369 	 
1837.72255 	 2347.56635 	 2578.81022 	 1516.20711 	 1854.95066 	 2527.00829 	 2076.12161 	 1273.20855 	 1719.31137 	 1904.62110 	 1841.16810 	  774.63135 	 2055.73193 	 2822.27019 	 1726.60769 	 1485.99831 	 2142.40410 	 1788.12833 	 1227.44973 	 2411.82529 	 1629.96144 	  708.45953 	    0.00000 	 1840.34523 	 2573.56507 	 
 403.75508 	  631.04403 	 1196.75179 	 1162.68010 	  860.16704 	 1167.16484 	  915.45527 	 1069.62546 	  941.12896 	  740.29373 	 1235.14074 	 2770.66033 	  692.13821 	  233.30128 	 1257.74416 	  563.53585 	  709.92095 	  939.53934 	 1346.73130 	  926.60908 	 1090.08827 	 2477.70965 	 1918.07882 	    0.00000 	  753.69706 	 
 656.57517 	   40.46702 	  359.68761 	  453.84061 	  442.45190 	  321.35428 	 1228.77804 	 1176.15270 	  498.33369 	 1561.31510 	 1071.14787 	 1679.49878 	  858.17265 	  910.15266 	  871.71622 	 1230.52428 	  214.15263 	  129.73226 	 1432.63245 	  213.00511 	  764.45024 	 3140.86722 	 2958.65068 	  942.87134 	    0.00000 	 
   0.00000 	 7851.11802 	 5644.65556 	 16392.11264 	 4364.57366 	 5577.08579 	 10602.98134 	 2422.53479 	 7663.33633 	 7588.55669 	 3698.05218 	 7323.17367 	 8732.65788 	 25498.23978 	 4280.81654 	 8416.55047 	 36389.66836 	 9709.15847 	 1697.11732 	 6493.51306 	 7259.37304 	 5939.05530 	 2197.82182 	 12743.92516 	 14434.01552 	 
6474.94837 	    0.00000 	 11442.76796 	 10903.80761 	 2343.78022 	 5957.90092 	 4900.49614 	 2292.78579 	 8087.85227 	 3573.43626 	 2384.66567 	 10157.32809 	 1333.58291 	 7538.48303 	 1212.39729 	 3672.80865 	 24610.89448 	 6516.25154 	  745.20122 	 7336.31313 	 2825.44529 	 7279.81170 	 4552.54340 	 2543.19031 	  661.27657 	 
6310.66483 	 11832.95248 	    0.00000 	 32135.76302 	 7387.59635 	 17656.38034 	 6556.28368 	 4342.59387 	 15424.42598 	 4779.71188 	 2744.09122 	 21997.01268 	 1649.49806 	 29744.64592 	 6090.25752 	 3511.57536 	 196030.03139 	 45132.87365 	 2522.28189 	 14700.72139 	 6441.45095 	 13353.88851 	 3117.55972 	 8128.21917 	 42050.36979 	 
25394.67840 	 12000.75081 	 34790.95986 	    0.00000 	 16537.22850 	 30432.89854 	 27849.34797 	 29986.09317 	 49081.88752 	 13624.27123 	 28275.38131 	 47974.79576 	 15409.11228 	 43545.48416 	 57418.19287 	 16567.99316 	 213072.57948 	 36371.37547 	 19313.81725 	 32724.69155 	 46476.18372 	 38847.81249 	 12106.59021 	 15651.49969 	 36314.89175 	 
5870.33463 	 3750.36783 	 6474.23360 	 18657.05753 	    0.00000 	 5815.06093 	 2951.13853 	 1861.59282 	 9206.48429 	 1543.51667 	 2182.32288 	 4958.14142 	 1437.93946 	 7667.15090 	 1874.18807 	 1240.69909 	 28800.48779 	 5426.73609 	 1195.81165 	 3840.16836 	 6887.64977 	 2529.60941 	 1262.47398 	 4018.95487 	 8578.64890 	 
7355.09753 	 6465.12834 	 11061.58654 	 36983.15972 	 8726.96854 	    0.00000 	 6084.13944 	 2687.24933 	 13152.34047 	 3463.01724 	 3329.50622 	 13945.26837 	 2400.35581 	 17135.44144 	 5819.16732 	 1731.12284 	 46570.75540 	 15966.97009 	 2753.24360 	 4951.02801 	 7706.93885 	 8012.47998 	 2717.52385 	 5977.45701 	 10961.31542 	 
14525.31787 	 4697.09164 	 7272.54284 	 18635.32931 	 2874.17134 	 6151.64958 	    0.00000 	 12206.64386 	 4813.03914 	 26169.20076 	 10346.41134 	 33921.05475 	 4996.19705 	 7397.00591 	 3972.25968 	 9498.87065 	 31876.03254 	 7734.89840 	 3987.56147 	 2438.56983 	 12269.69818 	 15340.48942 	 4094.73467 	 3252.89294 	 10374.65934 	 
2054.06111 	 2523.62800 	 4377.81411 	 21760.47099 	 1639.88864 	 2566.28104 	 13956.50328 	    0.00000 	 4804.91187 	 6957.91881 	 10656.07807 	 24083.07006 	 2248.65767 	 3824.00759 	 10036.51882 	 3008.32130 	 27210.56934 	 4235.35076 	 7612.53866 	 2025.91365 	 7430.96306 	 17589.27889 	 7535.95556 	 1198.29675 	 7790.02280 	 
8948.54375 	 5589.76957 	 17376.73466 	 64149.16101 	 8191.70262 	 8328.73822 	 8415.94993 	 5753.12140 	    0.00000 	 4273.89781 	 6458.66229 	 16627.85978 	 4894.33009 	 21011.20077 	 7463.28825 	 3555.68857 	 72971.93194 	 14312.45236 	 5452.44640 	 9792.81643 	 8832.19805 	 12545.50825 	 3690.20185 	 11576.70133 	 14741.53542 	 
5872.92738 	 3274.03221 	 4867.62995 	 12616.42709 	 1645.53963 	 2726.79032 	 25267.71551 	 8684.09696 	 3645.80754 	    0.00000 	 5400.78527 	 13977.63739 	 4561.78251 	 6753.01630 	 3256.04783 	 23976.00879 	 30402.53069 	 6466.78325 	 1536.60243 	 2996.77417 	 4845.35601 	 6149.46280 	 3343.96189 	 1843.87244 	 5428.68412 	 
2579.69575 	 3154.73455 	 2869.99348 	 25263.21516 	 1772.51454 	 2002.49618 	 8947.52546 	 13828.49357 	 5926.41395 	 4038.68338 	    0.00000 	 13498.12097 	 2693.76395 	 4746.55148 	 8528.63775 	 3031.30536 	 19521.95070 	 5284.73783 	 3563.09917 	 1932.19201 	 14652.14530 	 7507.80981 	 3001.86632 	 1668.64348 	 8982.34531 	 
9054.07684 	 7812.71978 	 28171.07104 	 51664.36173 	 5236.21601 	 13847.70923 	 26524.55615 	 30445.23472 	 19440.83873 	 18047.62598 	 11532.05698 	    0.00000 	 5406.39932 	 14276.93624 	 13062.47984 	 8661.34390 	 94981.72600 	 17374.53860 	 34084.53222 	 10579.72571 	 13962.02218 	 64940.82241 	 38003.26446 	 2939.23542 	 23784.99476 	 
8102.77325 	 1479.18178 	 2203.02106 	 13022.55174 	 1977.10115 	 2069.77221 	 8160.86893 	 2211.80184 	 3590.78765 	 3903.20850 	 2908.17685 	 5182.83010 	    0.00000 	 3326.07935 	 1379.27842 	 7499.48959 	 10960.87013 	 3546.06382 	  906.31764 	  923.49541 	 4741.70698 	 2969.87152 	  805.14183 	 1799.83117 	 5821.15629 	 
28891.99216 	 7254.76528 	 29934.89087 	 54777.65562 	 5438.79571 	 15425.40919 	 9492.00493 	 4385.56043 	 29060.06074 	 8915.24417 	 4563.00254 	 18844.66130 	 4197.71114 	    0.00000 	 7012.24430 	 11454.38034 	 199828.40893 	 19502.28648 	  877.60206 	 18113.29435 	 8231.58830 	 10418.04450 	 1604.45277 	 26614.24255 	 20529.64586 	 
2587.50237 	 1072.51884 	 7185.18721 	 52784.10715 	 1913.02132 	 6315.84610 	 3942.48963 	 10375.59116 	 7674.26495 	 3223.28972 	 7012.91716 	 19520.36339 	 1135.94654 	 4512.26559 	    0.00000 	 2731.43302 	 29648.01764 	 5992.96910 	 5548.83838 	 1895.10734 	 9433.85461 	 11062.13824 	 4435.37343 	 2375.39749 	 13047.79429 	 
12689.10762 	 6027.23842 	 3536.25710 	 17399.23332 	 1031.31822 	 2078.09179 	 11954.56650 	 2636.68666 	 3769.96483 	 18191.24109 	 3139.43397 	 11897.58598 	 7053.87333 	 7904.18374 	 1513.11687 	    0.00000 	 17874.46548 	 3803.86227 	  743.60312 	 1812.62974 	 3534.53171 	 5250.42391 	 2394.63627 	 3038.24596 	 5265.47182 	 
59649.26790 	 28953.72480 	 242605.51353 	 152815.32928 	 27059.67867 	 48775.53439 	 26997.34601 	 29631.35472 	 95817.12179 	 19711.21271 	 20266.50372 	 104150.15785 	 8828.12179 	 148931.92692 	 23362.10270 	 16572.16745 	    0.00000 	 8482.82196 	 14474.59190 	 52834.98488 	 26972.66587 	 67062.36501 	 18818.04361 	 25410.45807 	 124958.22775 	 
8927.81707 	 5510.13169 	 31765.75648 	 47325.87997 	 5905.17095 	 17625.45208 	 9504.88992 	 5618.86224 	 21604.62351 	 4519.57435 	 5236.23765 	 25436.59540 	 2695.53546 	 31656.03417 	 6692.56910 	 4132.16558 	 8814.32624 	    0.00000 	 2232.84044 	 25965.87066 	 6652.73739 	 15484.59552 	 3961.77554 	 6768.40496 	 13332.01606 	 
1609.68583 	  859.10248 	 3625.35731 	 16086.32473 	 1279.92339 	 2517.85336 	 3932.42657 	 8134.24570 	 5151.85885 	 2630.30228 	 4181.79367 	 25107.53704 	  712.56468 	 1240.48262 	 6423.02405 	  907.55639 	 13490.25753 	 2117.30350 	    0.00000 	 1532.57959 	 4696.39775 	 14369.70679 	 4110.27338 	  642.35431 	 2524.85831 	 
6524.33353 	 8560.90313 	 13062.91211 	 21499.55759 	 5280.11400 	 5946.27291 	 3038.79136 	 2861.57333 	 7910.98506 	 2751.08941 	 1693.85193 	 10206.90077 	  945.79250 	 13813.44808 	 2247.71737 	 1713.75568 	 75481.71706 	 33059.27097 	 1570.97884 	    0.00000 	 6049.23344 	 8168.50847 	 2388.89522 	 6054.08839 	 11988.48227 	 
4877.05286 	 4181.12989 	 5641.82753 	 33331.78871 	 3817.10595 	 6772.74876 	 7224.00642 	 8023.81223 	 14188.65785 	 8114.53319 	 11681.20724 	 11593.43388 	 7417.48819 	 10605.34247 	 8259.07944 	 5425.47935 	 33342.10287 	 6179.49579 	 4168.89610 	 6201.14677 	    0.00000 	 10152.65687 	 3577.43328 	 3149.88174 	 10166.26041 	 
6548.17214 	 5428.57570 	 13934.45465 	 41409.52108 	 4126.32960 	 5691.20040 	 11662.35440 	 14827.32280 	 16273.90322 	 8922.72649 	 7120.84177 	 85131.33247 	 3175.50209 	 6719.45143 	 9894.76820 	 6069.13993 	 66726.33466 	 16809.51203 	 14282.18868 	 7353.59429 	 10482.89210 	    0.00000 	 42923.35149 	 3158.61670 	 15057.95660 	 
3096.52691 	 3276.47858 	 3349.75691 	 10830.19925 	 1264.07894 	 1809.29491 	 5211.67373 	 6722.46167 	 3998.64520 	 2012.45690 	 2316.11228 	 38416.49961 	 1086.64147 	 1682.02058 	 5547.69099 	 1986.12665 	 15038.53302 	 4261.96680 	 4038.76846 	 2686.25869 	 3368.53054 	 27912.06189 	    0.00000 	  804.89105 	 5296.23271 	 
11430.57371 	 2109.76743 	 6793.08299 	 21076.01465 	 4554.82370 	 6451.10291 	 2511.62864 	  920.33804 	 12870.28020 	 2179.35536 	 1876.59846 	 3139.86832 	 1450.86259 	 15175.34297 	 3874.33433 	 4122.33571 	 36721.67841 	 4438.73211 	  702.68718 	 5541.08482 	 3319.07823 	 3260.34110 	 1016.51534 	    0.00000 	 6655.53275 	 
20016.27002 	  548.03327 	 39476.90503 	 37901.14441 	 5848.71722 	 11889.19856 	 7889.56466 	 7331.02427 	 18136.42356 	 4065.86259 	 7079.77754 	 27725.55882 	 5491.98955 	 23528.66122 	 8475.49622 	 5495.00995 	 160842.80034 	 11339.35925 	 2778.84201 	 10216.87223 	 8568.91250 	 15232.29477 	 4795.67357 	 7463.50829 	    0.00000 	 
   0.00000 	  660.07555 	 1081.52427 	  651.62598 	  263.47541 	  472.49351 	  663.16034 	 1440.71729 	  424.39925 	  894.57229 	  766.48697 	 1563.91993 	  280.03235 	  747.38295 	 1026.65348 	  416.65471 	  931.93675 	  547.50450 	 1847.71252 	  586.49531 	  569.75024 	 1989.62938 	 2082.73126 	  521.33972 	  589.71014 	 
 719.14631 	    0.00000 	  317.20273 	  653.10711 	  378.47827 	  387.28709 	 1202.50779 	 1489.14638 	  519.80266 	 1591.11097 	 1182.40939 	 2435.47377 	  602.79133 	  837.59318 	 1075.46380 	 1265.55730 	  142.25050 	  100.58634 	 1491.55167 	  205.74444 	  624.66281 	 2940.92087 	 2761.09346 	 1022.37064 	   41.07834 	 
 725.05371 	  294.74162 	    0.00000 	  971.25891 	  945.24018 	  663.80207 	 1228.35474 	 1809.08413 	  639.63200 	 1916.27702 	 1605.58511 	 2100.85764 	 1031.92711 	 1207.95676 	 1115.59215 	 1267.48205 	  174.83213 	  272.88334 	 1741.99353 	  353.72267 	 1279.58968 	 2887.56369 	 2030.85776 	 1317.82352 	  284.34187 	 
 624.25878 	  787.67917 	  689.67628 	    0.00000 	  329.16247 	  394.82491 	  903.48123 	  873.76763 	  204.86501 	  904.14503 	  338.66401 	 1929.53362 	  540.26536 	 1076.03340 	  354.07655 	  811.71456 	  887.84326 	  567.49200 	 1483.29294 	  508.94054 	  280.42995 	 1796.84526 	 1753.19809 	 1059.75696 	  567.37423 	 
 322.00601 	  416.16115 	  642.22831 	  303.33532 	    0.00000 	  198.95029 	  623.24391 	  959.30543 	  271.04561 	  775.87393 	  579.17329 	 2135.13603 	  350.19600 	  801.64483 	  631.92193 	  630.17834 	  541.18441 	  548.93366 	 1904.98014 	  325.76995 	  382.08921 	 1702.79193 	 2319.35646 	  915.20081 	  387.03591 	 
 572.10052 	  340.41486 	  653.82719 	  316.31331 	  248.18405 	    0.00000 	 1022.37136 	 1290.61947 	  111.30592 	 1055.32035 	  878.95403 	 2134.45380 	  671.02006 	 1128.79640 	  649.55777 	  912.86051 	  524.87294 	  298.28596 	 1335.76224 	   98.79341 	  367.00604 	 2415.94885 	 1687.87259 	  920.18685 	  275.04680 	 
 703.32882 	 1409.09582 	 1968.82674 	  873.24487 	  606.52673 	 1119.11268 	    0.00000 	  518.86262 	  693.83541 	  281.97007 	  417.61575 	 1062.08027 	  334.81814 	 1222.24896 	  947.38664 	  464.51204 	 1240.17259 	 1133.03653 	  749.38152 	 1144.74072 	  599.04179 	 1453.85139 	 1910.48223 	 1146.06267 	 1343.52980 	 
 989.79548 	 1433.77624 	 1904.43778 	  758.99754 	 1111.90985 	  891.04843 	  709.72932 	    0.00000 	  869.64870 	  724.96340 	  416.01652 	  918.31991 	  749.06305 	 1744.77247 	  653.11695 	 1372.46545 	 1723.23115 	 1828.80369 	  628.69985 	  991.83955 	  584.49616 	 1063.70605 	  984.26538 	 1620.68950 	 1477.68657 	 
 660.93012 	  386.03806 	  734.14992 	  280.34600 	  301.18698 	   97.64842 	  879.82240 	  978.11801 	    0.00000 	 1004.44922 	  705.64958 	 1751.36748 	  600.41208 	 1199.50748 	  474.96869 	  762.98967 	  609.34641 	  412.95350 	 1609.41877 	  185.93062 	  355.72032 	 1469.23563 	 1380.09547 	  899.93268 	  306.69189 	 
 680.84640 	 1512.94869 	 1640.19301 	 1166.80792 	  705.81256 	  860.39329 	  236.35184 	  671.46378 	 1168.10630 	    0.00000 	  469.13170 	 1247.31884 	  573.02192 	 1141.41199 	 1052.12262 	  302.80229 	 1824.91109 	 1631.03765 	 1080.98936 	 1184.65684 	  591.01420 	 2141.02514 	 1999.91711 	  994.19176 	 1262.45980 	 
 539.07590 	  751.49274 	 1256.99613 	  524.84716 	  574.29984 	  677.60872 	  430.79546 	  571.79668 	  656.67115 	  509.54929 	    0.00000 	 1360.56216 	  465.13452 	 1007.60008 	  401.55592 	  670.74322 	  985.93217 	 1049.91721 	  919.06003 	  857.04779 	  297.31756 	 1426.56157 	 1119.82134 	 1279.65891 	 1204.09295 	 
1688.25671 	 2143.00049 	 3252.16063 	 1285.52248 	 1445.67433 	 2294.97291 	 1052.94658 	  691.48079 	 2570.98424 	 1658.70878 	 1604.62340 	    0.00000 	 1923.96195 	 2415.85269 	 1512.40985 	 1404.28517 	 2870.83445 	 1762.66161 	  275.86920 	 2453.38633 	 1475.26782 	  359.41082 	  967.22473 	 1614.80984 	 2175.63082 	 
 333.80420 	  826.96889 	  937.72271 	  546.05268 	  283.77123 	  612.48912 	  317.94112 	 1067.91060 	  750.55010 	  501.75690 	  304.48272 	 1216.83663 	    0.00000 	  907.70146 	  591.38848 	  448.34494 	  934.41740 	 1048.39620 	 1132.01989 	  760.49289 	  209.59679 	 1984.32826 	 2273.55649 	  536.77445 	  577.27060 	 
 635.04915 	 1227.61506 	 1604.10034 	 1419.57619 	  757.68553 	  792.78803 	 1301.80184 	 2156.95702 	  826.16046 	  794.78730 	 1256.25798 	 2117.80309 	  728.61743 	    0.00000 	 1387.68159 	  529.68385 	 1246.58413 	 1093.61141 	 1861.45064 	 1221.95450 	 1238.00864 	 3090.12456 	 2705.85823 	  216.43274 	 1088.53458 	 
1116.34788 	  725.72275 	  910.12479 	  244.23360 	  713.31121 	  650.17869 	  932.45323 	  658.51794 	  646.83480 	 1325.42035 	  400.02049 	 1136.19557 	  507.39539 	 1946.63510 	    0.00000 	  837.97302 	 1029.84868 	 1133.13530 	 1296.17457 	  864.38030 	  528.64059 	 1822.40292 	 1414.22005 	 1560.92664 	 1145.76377 	 
 551.48931 	  701.51701 	 1104.25416 	  965.23777 	  639.80418 	 1096.22200 	  546.61856 	 1267.81300 	 1049.10835 	  232.87845 	  475.18550 	 2147.51911 	  256.27696 	  691.59333 	  746.59221 	    0.00000 	  885.43643 	  969.97373 	 1570.82531 	 1130.81862 	  709.73815 	 1518.23609 	 1861.23843 	  410.69783 	  991.68642 	 
 555.04405 	  147.55284 	  246.66890 	  762.32439 	  642.73137 	  526.20267 	 1497.90832 	 1775.21102 	  390.95913 	 1350.03218 	 1065.95962 	 2005.93095 	 1103.83429 	 1012.54110 	  982.45186 	  847.15642 	    0.00000 	  100.74872 	 1846.83767 	  413.55128 	  681.17751 	 2649.43142 	 1781.41880 	  815.24411 	  208.46748 	 
 507.51725 	   94.15447 	  230.10537 	  522.31963 	  608.98201 	  398.33923 	 1465.00841 	 1442.93088 	  533.73563 	 1462.67742 	  803.03038 	 2050.34490 	  974.89660 	 1019.03257 	  945.21272 	 1193.25123 	   92.52083 	    0.00000 	 1461.04802 	  292.80821 	  618.38656 	 2850.53614 	 2481.45045 	  663.04098 	  104.18659 	 
1236.29178 	 1828.14315 	 2219.39023 	 1500.14243 	 1913.74732 	 1528.25079 	  676.26272 	  521.50207 	 1892.43201 	 1117.50194 	  961.28587 	  350.98388 	 1173.50324 	 1902.51618 	 1380.98634 	 1327.42497 	 2631.75090 	 2558.14181 	    0.00000 	 2180.74852 	 1481.20619 	  714.91824 	  901.10349 	 1894.87794 	 2554.18935 	 
 680.96664 	  201.13363 	  496.17067 	  294.61514 	  238.70528 	  119.87353 	  892.99196 	 1337.54476 	  190.75483 	 1289.39113 	  770.72815 	 1883.39790 	  658.54675 	 1047.74640 	  817.45430 	  993.91828 	  308.41951 	  292.26925 	 1469.30012 	    0.00000 	  428.22746 	 1884.27996 	 2109.60994 	  962.77033 	  190.56008 	 
 423.75956 	  935.33055 	 1178.53147 	  196.57587 	  325.86855 	  467.99228 	  511.59154 	  731.35662 	  340.77349 	  770.54488 	  277.42340 	 1523.14090 	  284.71794 	  893.07819 	  371.86257 	  517.01517 	 1061.44265 	  613.79270 	 1458.56492 	  466.56844 	    0.00000 	 2170.69125 	 1453.88352 	  653.84710 	  737.33353 	 
2711.12598 	 2832.98186 	 2426.02548 	 2331.80304 	 1824.65432 	 2284.47737 	 1827.23023 	 1226.62542 	 2208.09864 	 1923.82357 	 1213.13627 	  467.15149 	 1849.18797 	 2228.54695 	 1798.65593 	 2129.60224 	 3237.98718 	 2038.61032 	  682.42361 	 1620.18163 	 1861.40081 	    0.00000 	  618.37064 	 1812.01031 	 2144.30645 	 
2012.48232 	 1730.20447 	 2770.95834 	 1550.36173 	 2418.38804 	 2072.72605 	 1523.83496 	 1041.25552 	 2358.68298 	 1334.49681 	 1612.96345 	  764.64714 	 2275.97971 	 3295.16132 	 1249.61011 	 1900.17920 	 2928.46861 	 2540.83634 	 1178.93320 	 1981.38508 	 1666.28946 	  571.46079 	    0.00000 	 1970.59405 	 1635.66882 	 
 336.34332 	  637.77490 	  877.19829 	  734.48521 	  606.66285 	  854.29910 	  879.94379 	 1524.16688 	  974.61945 	  650.04605 	  772.96685 	 2095.58486 	  644.80203 	  184.54866 	 1701.82753 	  561.28969 	  923.43107 	  744.19372 	 1845.33672 	  762.85267 	  747.57848 	 2955.29069 	 3117.80887 	    0.00000 	  781.57643 	 
 528.63756 	   35.45617 	  397.96813 	  449.50470 	  507.31801 	  257.21607 	 1426.47919 	 1178.15456 	  276.74446 	 1473.55736 	  863.85600 	 1954.10436 	  568.40434 	  653.33028 	  716.77310 	  823.62661 	  207.49841 	  163.30483 	 1474.14223 	  188.84070 	  512.17109 	 1990.42520 	 2261.66776 	  791.49181 	    0.00000 	 
   0.00000 	 8037.18729 	 9459.89626 	 15235.97753 	 5718.10828 	 4395.21841 	 11885.64362 	 2240.28669 	 9239.37408 	 8173.22931 	 2987.58750 	 9688.69588 	 12879.11613 	 27105.52985 	 3410.17551 	 7363.70158 	 48346.48527 	 11410.75680 	 1146.55284 	 5482.21490 	 6576.75170 	 5112.20837 	 2151.92633 	 12281.68372 	 18074.37896 	 
7786.76812 	    0.00000 	 11523.13506 	 14550.72523 	 4035.08923 	 4845.15461 	 3393.10830 	 2878.68369 	 8494.21490 	 4056.10724 	 1791.77268 	 8188.52659 	 1461.20381 	 5996.89526 	 1099.87409 	 5708.59243 	 20830.16039 	 5961.28126 	  652.73322 	 7453.41613 	 2958.45438 	 6113.88359 	 4732.48499 	 2022.19787 	  598.26966 	 
7089.10796 	 12789.51693 	    0.00000 	 34203.47817 	 6184.19042 	 18135.37357 	 4178.38123 	 5361.01174 	 17267.21849 	 4557.47918 	 3929.15655 	 21174.67364 	 1741.91760 	 28079.07963 	 5414.81857 	 3034.59476 	 146985.16763 	 42229.16393 	 2085.10187 	 12179.41816 	 6170.52335 	 17222.57513 	 4596.65617 	 7120.70280 	 37005.87615 	 
22419.27540 	 14030.59930 	 41110.25595 	    0.00000 	 22361.69290 	 36702.69546 	 26316.58282 	 29973.89040 	 38048.86278 	 12169.73540 	 27558.70605 	 63933.28060 	 14262.52451 	 42205.64788 	 40570.87888 	 14882.95921 	 199352.48036 	 40816.61780 	 11932.13003 	 29903.35033 	 35665.66951 	 27587.22929 	 14958.62605 	 13306.11893 	 31441.15963 	 
4455.55759 	 4309.65773 	 6249.98621 	 13586.57112 	    0.00000 	 7734.67302 	 3997.07236 	 1763.04077 	 5460.45881 	 1449.02552 	 1801.63688 	 5662.88304 	 1765.05457 	 7820.77149 	 1417.12175 	 1108.19836 	 27497.69692 	 7775.99543 	 1127.04228 	 3415.67411 	 6391.23362 	 2793.03567 	 1101.25976 	 4716.45448 	 5003.47434 	 
4688.30862 	 4103.14755 	 14580.61042 	 37947.81067 	 8695.15770 	    0.00000 	 4747.87369 	 2489.86826 	 11866.43521 	 3875.19300 	 2595.31261 	 16921.92046 	 1833.65266 	 13924.53600 	 4800.44348 	 1475.01691 	 48701.45740 	 18096.97558 	 3831.12911 	 4790.97851 	 6488.97020 	 7557.13248 	 1745.24454 	 5691.12742 	 18081.79079 	 
15179.77034 	 4266.19615 	 5661.72573 	 25657.67801 	 3734.28798 	 3841.95758 	    0.00000 	 8326.87184 	 7703.98207 	 35158.59194 	 9708.12939 	 22765.66805 	 6879.35476 	 6441.69524 	 4127.11753 	 15690.08272 	 24393.40512 	 6606.04231 	 5933.36102 	 3719.50970 	 9664.87305 	 17401.42132 	 5184.29942 	 3194.95947 	 12009.20293 	 
2327.04228 	 3767.80508 	 7226.94274 	 32335.62982 	 1219.70670 	 3616.29318 	 8896.67038 	    0.00000 	 6028.97104 	 8080.78555 	 8289.14588 	 24426.93133 	 1710.89720 	 2420.83094 	 10384.78576 	 3164.01363 	 17547.81453 	 5349.14163 	 6602.01924 	 2111.68299 	 7684.06769 	 12872.26875 	 9710.72197 	 1421.05822 	 6017.21335 	 
7276.56609 	 8491.43657 	 12631.15750 	 45926.90818 	 7215.67025 	 8971.18344 	 8012.61696 	 4990.24209 	    0.00000 	 5303.43027 	 5138.21835 	 18936.80886 	 3473.08909 	 20009.13180 	 8286.95176 	 3432.25844 	 79357.98597 	 22301.19908 	 4182.30285 	 9933.32186 	 8498.19223 	 10695.31231 	 3741.61843 	 15719.66907 	 18854.41902 	 
5207.19830 	 4791.16415 	 5463.75413 	 12162.52419 	 1459.52437 	 3080.02005 	 25405.83277 	 5517.12292 	 5576.32962 	    0.00000 	 4836.29452 	 16126.21147 	 4852.33994 	 6085.70841 	 3220.65913 	 23092.68697 	 22479.27553 	 4502.22090 	 1496.97565 	 2967.51326 	 6919.61939 	 10764.30410 	 2533.93638 	 2896.32579 	 5992.63620 	 
3227.75993 	 2532.32923 	 2833.35466 	 35594.45406 	 2122.29950 	 2936.21922 	 8533.45800 	 9416.56438 	 4430.39975 	 4245.78571 	    0.00000 	 11370.94316 	 3058.66877 	 3558.41832 	 5631.17005 	 2405.44451 	 14952.12892 	 4766.33664 	 3118.91462 	 2485.59776 	 12968.68644 	 7427.62652 	 2543.72895 	 1972.51319 	 7265.72053 	 
11703.27845 	 7477.19944 	 25091.48677 	 56453.35355 	 4556.81738 	 10895.91236 	 34184.95711 	 33892.29888 	 21163.31536 	 17371.76744 	 11199.64793 	    0.00000 	 5336.75477 	 16945.72855 	 18250.92431 	 11598.16611 	 126811.69708 	 15168.08972 	 25205.81686 	 10189.38170 	 19023.23080 	 93770.68730 	 42101.56128 	 3742.64600 	 25077.70656 	 
10410.73722 	  845.98929 	 1666.58692 	 15076.97801 	 2424.63685 	 2531.80487 	 7530.71591 	 1442.20679 	 3441.89978 	 3097.79369 	 3895.04546 	 5135.95177 	    0.00000 	 3415.55794 	 1281.18301 	 5335.20474 	 10920.81759 	 3463.86613 	  550.02615 	 1500.19564 	 4619.42363 	 3517.26001 	 1179.14629 	 1723.01091 	 5854.03505 	 
21951.43587 	 6931.96128 	 16780.77406 	 41044.75289 	 8288.43185 	 16152.40420 	 8029.73955 	 3388.98228 	 20444.45345 	 8349.08592 	 3880.70974 	 19434.40755 	 3891.06030 	    0.00000 	 5654.86806 	 7969.90085 	 151534.52817 	 31236.93883 	  995.97943 	 13798.59178 	 6596.36504 	 9905.59877 	 1563.80731 	 16619.33742 	 26111.03256 	 
3342.79670 	 1489.40612 	 4864.14869 	 46645.89851 	 1870.00580 	 4705.86859 	 4844.83286 	 6359.93173 	 9840.70880 	 2225.40043 	 6696.47848 	 13417.62110 	  834.23346 	 5975.86975 	    0.00000 	 1867.93013 	 25763.39992 	 8469.03204 	 4358.43742 	 2807.79504 	 7483.23054 	 14839.79648 	 7452.83694 	 3067.20357 	 9134.37438 	 
8003.26276 	 5330.55198 	 4372.37059 	 14163.98339 	 1124.18623 	 1731.61946 	 17538.97059 	 1856.40848 	 4214.49726 	 18008.54623 	 2350.73142 	 7882.08627 	 5727.63027 	 6675.11338 	 1959.05578 	    0.00000 	 22763.88222 	 3420.81811 	 1075.27281 	 1990.26705 	 5833.56252 	 5701.68438 	 2573.34954 	 3098.63963 	 4027.56912 	 
33020.73202 	 18070.83456 	 244165.19461 	 217279.93093 	 32404.69116 	 77526.93071 	 29152.53188 	 28573.36641 	 87178.38052 	 32750.82439 	 19971.38580 	 78059.70695 	 13000.01938 	 162773.72279 	 29825.92782 	 19411.38390 	    0.00000 	 10501.54146 	 11342.74282 	 56876.51300 	 39923.60200 	 68545.40842 	 19127.73779 	 33341.80277 	 121443.46477 	 
12184.06221 	 6494.32464 	 48586.15053 	 37232.00894 	 6206.61526 	 16290.38138 	 7808.28664 	 5220.34955 	 17677.45408 	 6649.81063 	 3180.02886 	 16643.01421 	 2665.17589 	 25511.25850 	 6112.36154 	 4551.72710 	 11654.40589 	    0.00000 	 3239.65283 	 35099.98111 	 8485.83410 	 12739.81010 	 5746.51518 	 7100.32336 	 13337.67509 	 
1560.90150 	  626.55283 	 3235.13484 	 17436.14522 	 1239.42121 	 2878.35743 	 5215.34072 	 9005.58648 	 5345.80254 	 1761.59543 	 3478.45139 	 37083.53590 	  722.81905 	 1213.83976 	 3730.62420 	  970.15252 	 9896.84692 	 2643.27996 	    0.00000 	 2060.43427 	 4687.18583 	 13526.17735 	 3124.27304 	  438.07602 	 3236.61484 	 
6731.17496 	 7272.55656 	 16537.25033 	 27932.09601 	 5091.25727 	 5693.38163 	 3903.27603 	 2786.23282 	 11642.04452 	 2836.42838 	 2744.75385 	 13058.44412 	 1094.25370 	 16666.28701 	 3002.04296 	 2148.20231 	 54166.56871 	 28154.63988 	 2261.04494 	    0.00000 	 4847.92341 	 5380.06050 	 2061.62983 	 5575.99816 	 13094.12222 	 
7397.26370 	 2936.78639 	 8839.20324 	 51739.73880 	 4836.68117 	 6975.66499 	 9877.70675 	 7728.73883 	 12967.63311 	 7924.17962 	 11484.47120 	 18538.09900 	 7924.24677 	 6493.04695 	 5881.41047 	 4454.78900 	 33001.08993 	 8283.36949 	 4341.30044 	 5367.38349 	    0.00000 	 8754.93414 	 3512.26334 	 4174.65714 	 14190.61688 	 
7099.47099 	 9160.52958 	 21591.59341 	 42821.40587 	 2373.29161 	 4861.71297 	 17747.55457 	 21445.62830 	 15100.21039 	 8024.59676 	 8459.30007 	 70440.42830 	 3634.73768 	 8249.98724 	 10878.12644 	 7870.13460 	 50058.45885 	 16732.36568 	 13995.88408 	 6779.24706 	 12185.79054 	    0.00000 	 34409.48032 	 2093.70002 	 25715.58492 	 
2967.08479 	 3082.18319 	 4934.25119 	 14573.70408 	 1317.33100 	 2122.39614 	 3462.24597 	 9839.31309 	 3728.53840 	 3589.52374 	 2857.50853 	 42193.78028 	 1349.23927 	 1978.16442 	 6705.49713 	 2004.85177 	 16321.67321 	 4639.26526 	 3066.92205 	 2381.88798 	 3647.36297 	 28319.54901 	    0.00000 	 1215.08951 	 5530.34080 	 
14563.34652 	 2167.95896 	 5988.89980 	 16799.37398 	 4877.89516 	 4814.83182 	 2155.84074 	  901.28980 	 10797.63775 	 2635.31257 	 1277.53104 	 3380.17641 	 1282.66344 	 24898.79597 	 2236.39881 	 2859.59095 	 28484.78702 	 5860.32244 	  575.72218 	 3805.72120 	 4431.59145 	 2956.28272 	 1128.83269 	    0.00000 	 4870.68783 	 
14839.81397 	  650.99687 	 50316.75388 	 42967.38287 	 7193.68614 	 15459.13826 	 10571.74196 	 10167.97870 	 19702.90057 	 4995.93060 	 7633.12297 	 24289.62032 	 5540.88917 	 21083.58554 	 12171.91119 	 3818.98306 	 138657.96879 	 10674.37374 	 3818.20812 	 11075.61301 	 11122.82344 	 15679.84334 	 4812.69615 	 5285.84602 	    0.00000 	 
   0.00000 	  533.82997 	  813.98167 	  454.15690 	  485.45939 	  561.47655 	  902.23962 	 1351.56082 	  730.06259 	  568.43873 	  865.05335 	 2445.14528 	  320.85362 	  449.60696 	 1059.24288 	  335.16088 	  915.55628 	  755.02936 	 1871.05010 	  512.51003 	  543.59909 	 2244.86845 	 2694.67162 	  313.38248 	  541.71462 	 
 699.41311 	    0.00000 	  479.58955 	  469.29880 	  505.30935 	  405.75780 	 1147.60964 	 1773.19297 	  419.42098 	 1081.56564 	 1018.23199 	 2920.70818 	  865.80896 	  970.31005 	 1073.08986 	  740.14539 	  167.75837 	   70.08580 	 1761.92045 	  166.95865 	  762.07082 	 2086.98123 	 2329.59045 	 1047.20165 	   27.67135 	 
 905.62698 	  378.16675 	    0.00000 	  913.50434 	  699.35533 	  680.86375 	 1096.76913 	 1560.19799 	  465.09959 	 1801.07186 	 1485.61077 	 2376.71146 	 1077.63086 	 1098.54130 	 1265.59849 	 1232.99678 	  190.14873 	  199.09670 	 2970.16469 	  587.04384 	 1269.87141 	 2222.03257 	 3043.78354 	 1079.02068 	  298.93052 	 
 527.46863 	  565.37883 	  681.60526 	    0.00000 	  252.42758 	  275.33263 	  673.09439 	 1113.34158 	  262.54298 	  854.15355 	  376.15530 	 2106.37776 	  429.12050 	 1168.38728 	  429.93048 	  912.72415 	  551.82077 	  534.35136 	 1546.36457 	  429.11125 	  198.54150 	 1570.48705 	 1506.08078 	  943.99218 	  583.85538 	 
 317.30461 	  365.62459 	  692.63657 	  229.07482 	    0.00000 	  293.39346 	  796.55820 	 1279.74773 	  306.73631 	  787.95003 	  487.97990 	 2130.86630 	  501.04323 	 1218.88562 	  630.73640 	  591.70644 	  686.02088 	  488.15692 	 1384.49516 	  218.70954 	  244.18260 	 1606.76212 	 1986.40903 	  628.36876 	  344.08361 	 
 423.39736 	  301.99847 	  626.94427 	  288.05127 	  283.66322 	    0.00000 	 1017.21734 	 1262.02208 	   87.58786 	 1227.42708 	  579.10649 	 2221.20304 	  446.13953 	 1175.35652 	  443.44025 	 1093.65869 	  520.89489 	  441.80560 	 1744.20180 	  102.73361 	  550.87316 	 2350.28052 	 1809.48635 	  831.16393 	  306.66139 	 
 910.42494 	 1341.10967 	 1556.23577 	  925.83274 	  917.35688 	  707.33553 	    0.00000 	  500.54669 	 1149.62534 	  170.95896 	  493.94950 	 1600.77382 	  513.37464 	 1254.24296 	 1008.62806 	  458.58159 	 1231.27143 	 1197.81256 	  916.12209 	 1337.59807 	  564.50174 	 1077.73816 	 1481.39824 	  660.10606 	 1259.17833 	 
1538.10084 	 1137.69128 	 2155.46743 	  937.58805 	  847.65128 	  857.98233 	  528.34734 	    0.00000 	  972.69870 	  877.57443 	  470.91300 	  795.35580 	  650.81477 	 1985.71049 	  797.79763 	 1073.03199 	 1640.75429 	 1477.06745 	  511.68844 	 1514.23724 	  912.74993 	  943.68605 	  980.16301 	 1106.75937 	 1671.06147 	 
 603.01986 	  457.45707 	  554.82496 	  231.70426 	  177.39916 	   76.34087 	 1106.13637 	 1203.03285 	    0.00000 	  921.46979 	  455.98857 	 2459.58544 	  507.21813 	 1251.92337 	  575.48067 	 1197.44861 	  371.78966 	  420.01614 	 1178.41130 	  147.11059 	  414.88525 	 2509.78267 	 1632.31218 	 1032.53972 	  380.66758 	 
 502.19837 	 1380.92148 	 1200.82902 	  939.44090 	  839.68238 	 1294.23240 	  244.07022 	  992.68741 	 1349.79584 	    0.00000 	  724.07480 	 1359.30456 	  583.17641 	 1075.83629 	  740.75730 	  317.55644 	 1073.97221 	 1204.06124 	  982.79572 	 1136.92733 	  817.94589 	 1832.49327 	 1991.44027 	  892.60307 	  896.58385 	 
 492.12445 	 1121.31332 	  953.09291 	  445.61952 	  437.40301 	  897.59196 	  374.55642 	  709.20846 	  704.94542 	  699.99729 	    0.00000 	 1247.10703 	  288.79479 	 1353.39663 	  430.41389 	  758.65172 	  777.00506 	 1146.53489 	  773.00504 	  714.86516 	  249.15302 	 1382.42270 	 1954.58643 	 1103.04966 	 1133.13518 	 
2471.94267 	 2752.40137 	 2438.16860 	 2166.26560 	 2070.28171 	 2450.56245 	 1125.21143 	  982.96256 	 1679.08400 	  968.48076 	 1589.46424 	    0.00000 	 1431.10043 	 2347.05929 	 1583.70860 	 1380.16486 	 2586.02481 	 2688.87427 	  316.01871 	 1947.60297 	 1283.72479 	  294.19544 	 1240.88926 	 2723.32223 	 2208.84692 	 
 421.47018 	  674.67499 	 1115.53752 	  496.28761 	  446.53485 	  574.77911 	  329.15962 	  970.80728 	  453.89564 	  585.80878 	  466.66225 	 1251.47055 	    0.00000 	  690.37517 	  781.01193 	  266.43271 	 1165.65553 	  993.01346 	 1133.35352 	  537.80789 	  258.42787 	 1391.16173 	 2300.89231 	  688.40060 	  886.97850 	 
 459.17876 	 1022.33363 	 1064.05732 	 1010.54959 	  919.96229 	  887.99571 	 1009.93344 	 1246.36461 	 1076.54990 	  864.16397 	 1382.13411 	 2300.77991 	 1086.40907 	    0.00000 	 1496.89931 	  816.16661 	  998.80962 	 1305.12731 	 2247.30831 	  907.87868 	  854.20402 	 3331.34818 	 3481.42997 	  222.06691 	  741.89232 	 
1076.49516 	  786.81694 	 1337.71678 	  379.86349 	  758.14509 	  647.83198 	  847.96865 	  734.55495 	  476.32947 	  761.87406 	  523.87026 	 1779.34580 	  609.72369 	 1319.16553 	    0.00000 	 1312.30808 	  730.77039 	  800.23647 	  996.46192 	  714.31263 	  555.86095 	 1464.28002 	 1539.89205 	  977.41192 	  823.67696 	 
 306.94181 	 1120.87101 	 1663.55127 	  618.17972 	  572.83828 	 1088.53500 	  547.61539 	  998.29714 	  784.50082 	  250.35330 	  676.05808 	 2118.96289 	  333.17437 	  681.08257 	 1126.19608 	    0.00000 	 1348.88442 	 1051.71668 	 1540.57963 	  930.79713 	  589.18365 	 1486.53545 	 2063.82577 	  375.49283 	  794.35973 	 
 914.09799 	  220.13334 	  141.05350 	  693.08097 	  552.52087 	  458.71584 	 1363.12489 	 1976.47729 	  452.87865 	 1407.46566 	  890.98936 	 2650.44515 	 1068.96465 	 1251.75965 	  797.28741 	 1500.00154 	    0.00000 	   95.74337 	 2324.30532 	  313.47538 	 1086.20757 	 2237.87913 	 2000.74924 	  984.17651 	  230.92454 	 
 480.02519 	  103.77108 	  208.83867 	  807.90860 	  447.75774 	  270.50513 	 1299.44729 	 1884.92511 	  498.62509 	 1289.83302 	  785.97902 	 2165.74385 	 1113.58181 	 1147.81562 	 1280.88415 	  895.30753 	   65.73082 	    0.00000 	 1662.55551 	  258.39383 	  803.89225 	 2804.79804 	 2713.63886 	  655.86273 	  139.31139 	 
1175.74753 	 2169.39690 	 2540.16980 	 1527.60611 	 1478.66347 	 1470.01029 	  999.43693 	  660.03936 	 1220.92487 	  919.87820 	 1125.52141 	  295.15661 	  981.75866 	 1856.93536 	 1637.47301 	 1004.29684 	 1776.03841 	 1927.09884 	    0.00000 	 1758.26191 	 1122.89764 	  740.28774 	 1078.23764 	 2168.54160 	 2017.01108 	 
 469.64414 	  225.25139 	  596.62439 	  453.27055 	  299.95471 	  106.79407 	  795.70755 	 1470.79457 	  160.92653 	 1099.07834 	  582.81701 	 2574.64129 	  605.19844 	 1196.06405 	  844.58872 	 1088.60106 	  275.46913 	  256.54500 	 1653.00048 	    0.00000 	  423.93620 	 2168.93693 	 1884.58189 	  747.57834 	  232.05112 	 
 351.67023 	  760.08600 	  985.32361 	  222.57256 	  336.89026 	  481.89373 	  442.52970 	  668.15788 	  377.63958 	  636.58757 	  221.19958 	 1825.81785 	  320.60344 	  886.60780 	  549.63858 	  764.56163 	  650.65045 	  871.06749 	 1568.69146 	  646.03914 	    0.00000 	 1623.11166 	 2076.21085 	 1085.43857 	  676.12659 	 
2097.21592 	 1787.66022 	 1987.73454 	 1674.44447 	 1680.53919 	 2464.28553 	 1841.50578 	  757.55515 	 2150.91863 	 1536.04521 	 1739.35766 	  362.64335 	 1927.99578 	 3131.29459 	 1401.77800 	 1835.91867 	 2319.15809 	 3236.51185 	  699.23805 	 2759.09834 	 1292.97566 	    0.00000 	  659.46712 	 2273.49701 	 2179.28414 	 
2262.90100 	 1962.16044 	 3048.12959 	 2225.94948 	 1474.47654 	 1516.34562 	 1969.56408 	  843.03556 	 1657.71540 	 1701.33642 	 1580.42226 	  975.36708 	 2082.38372 	 3511.08384 	 1762.61187 	 2111.76620 	 2246.37282 	 3045.36109 	 1329.07213 	 2077.09675 	 2156.62778 	  716.32802 	    0.00000 	 2947.94804 	 1771.52154 	 
 504.36965 	  865.33945 	 1003.90937 	  782.94202 	  645.94879 	  970.44114 	  955.52561 	 1520.81156 	 1181.49879 	  946.46102 	 1292.49527 	 2302.61896 	  802.22744 	  199.55511 	 1508.62748 	  404.81150 	 1104.17473 	 1154.71022 	 2285.89877 	  837.94383 	  656.85696 	 1872.69964 	 2506.11351 	    0.00000 	  960.32617 	 
 438.53240 	   44.12579 	  408.78529 	  431.06132 	  447.64064 	  337.56946 	  870.88249 	 1109.20815 	  443.45316 	 1407.58309 	  744.42108 	 1959.36536 	  797.02903 	 1173.16492 	  754.50453 	  995.04809 	  244.22637 	  154.27240 	 2193.23883 	  168.73857 	  858.75145 	 2738.97869 	 2659.26213 	  766.39556 	    0.00000 	 
   0.00000 	 5413.96104 	 9137.56266 	 25257.39864 	 3716.52054 	 4357.56564 	 8348.78089 	 2313.69087 	 10104.61185 	 6598.16331 	 4285.46051 	 10572.31773 	 10715.20064 	 29179.81381 	 3137.75191 	 12873.68437 	 47133.27867 	 10384.90275 	 1209.84166 	 6689.66502 	 4876.85850 	 7365.52087 	 2974.67190 	 13927.31956 	 15088.43622 	 
7005.65794 	    0.00000 	 16864.01235 	 15779.70193 	 3937.95028 	 3986.17983 	 2775.80028 	 2374.64398 	 8437.70130 	 5395.16900 	 2115.24770 	 9805.50987 	 1123.52287 	 9621.32443 	  885.84188 	 3650.52719 	 25521.87347 	 6942.23073 	  773.36827 	 9785.80345 	 4584.55438 	 9289.39865 	 3931.35964 	 1948.79349 	  541.31980 	 
8275.15568 	 11677.34748 	    0.00000 	 41956.74342 	 6238.03513 	 11150.13285 	 4211.90614 	 7200.67559 	 16856.35122 	 5353.92178 	 3255.10059 	 17344.74375 	 2005.92539 	 21625.03026 	 6899.15959 	 3559.10878 	 225511.08182 	 48865.91814 	 2437.31270 	 15460.26192 	 7073.01125 	 15797.93031 	 3484.90336 	 6103.80036 	 56983.41765 	 
18261.69501 	 17195.33971 	 24847.09553 	    0.00000 	 20175.05369 	 43195.39638 	 26708.01156 	 28726.94500 	 42499.18882 	 13170.90438 	 34392.74693 	 48361.94129 	 9806.46427 	 50320.02303 	 37005.25345 	 16826.85528 	 135217.46752 	 31425.32262 	 18663.97872 	 32561.20377 	 34924.14114 	 43029.33426 	 12793.55303 	 21638.00380 	 43589.20436 	 
5240.33047 	 4219.42603 	 7220.63435 	 17825.43601 	    0.00000 	 6879.93628 	 3624.54954 	 1325.05987 	 9161.14486 	 2419.19623 	 2102.94520 	 7341.10090 	 1359.83369 	 8014.65115 	 1598.69433 	 1720.45650 	 29355.17473 	 7839.26974 	  959.65286 	 5333.34651 	 6583.48878 	 3949.96901 	  996.04057 	 4532.33874 	 7319.04592 	 
5597.19154 	 5498.26581 	 13553.51043 	 25411.73900 	 7084.73133 	    0.00000 	 5257.07516 	 3917.74331 	 12345.52136 	 3321.50450 	 2232.17749 	 13220.93257 	 2309.79820 	 18913.79306 	 6366.73743 	 2161.94912 	 72508.30279 	 12550.91232 	 2070.33772 	 5800.10963 	 9006.52635 	 5057.86905 	 2521.84050 	 5320.71877 	 11571.68296 	 
12961.51306 	 3857.18757 	 6540.42629 	 22568.43686 	 3621.25729 	 3657.45512 	    0.00000 	 13097.41320 	 5030.46852 	 24464.78460 	 10885.92672 	 32023.56328 	 8160.15196 	 5630.22050 	 4237.94057 	 14260.19347 	 33623.29543 	 7676.60932 	 5296.63197 	 2252.48575 	 10495.84922 	 10072.72681 	 4811.14155 	 3465.39369 	 8027.39027 	 
2401.07052 	 2786.71988 	 6256.98038 	 22523.02705 	 1704.67435 	 3476.49582 	 14561.17788 	    0.00000 	 4243.55961 	 7447.39106 	 7674.51409 	 33423.98392 	 1797.75837 	 2864.08737 	 11242.84157 	 3012.74484 	 18209.31311 	 4574.65686 	 8106.17393 	 1944.88092 	 6292.90295 	 20422.14415 	 9461.65284 	 1105.29073 	 10540.51089 	 
8584.49885 	 6413.46760 	 18819.55123 	 50624.09419 	 6784.04003 	 8752.47135 	 8085.03964 	 4237.20305 	    0.00000 	 5149.83899 	 4163.21901 	 23286.82431 	 5538.79785 	 23365.86137 	 7432.50433 	 5277.84961 	 68698.48555 	 14709.15844 	 4566.76840 	 13124.90497 	 11823.85302 	 11361.32980 	 3441.49118 	 16128.16041 	 21061.27512 	 
8303.07211 	 4017.11124 	 3145.40453 	 15018.88209 	 1436.66608 	 2830.68075 	 33276.77033 	 7889.69819 	 5175.01726 	    0.00000 	 4181.32085 	 18954.81907 	 4220.53273 	 6564.67721 	 3275.75768 	 18392.77775 	 24587.72611 	 6474.29015 	 1842.34331 	 3476.79740 	 5535.77736 	 8856.83645 	 2389.06395 	 1920.32050 	 5121.33320 	 
3370.53698 	 2644.95111 	 4006.55117 	 20444.29464 	 2649.77889 	 2551.52336 	 10108.76886 	 7860.47991 	 3945.52051 	 4635.97261 	    0.00000 	 15751.70312 	 3313.23192 	 4481.88861 	 9548.31304 	 3464.22850 	 18937.09820 	 3498.75342 	 3753.22562 	 2317.12590 	 20232.10739 	 10220.48300 	 2710.74426 	 1711.68093 	 5590.00263 	 
9763.87744 	 5833.93076 	 25983.87759 	 78798.05306 	 7210.73809 	 18305.14736 	 29286.48839 	 23481.20949 	 28907.29336 	 17150.87776 	 17322.81696 	    0.00000 	 4996.22603 	 17174.77855 	 12659.17364 	 10164.23492 	 96053.93960 	 18417.88854 	 34638.07187 	 8349.63965 	 18824.90440 	 81628.06153 	 38134.18220 	 2920.17802 	 25800.71754 	 
12780.21819 	 1425.02092 	 1619.77705 	 16138.12919 	 1649.88311 	 1942.79510 	 8101.09104 	 1453.74570 	 3745.31347 	 4699.72728 	 3735.77923 	 6519.71117 	    0.00000 	 4135.69457 	 1195.29744 	 6983.00780 	 10663.40297 	 2152.33338 	  786.57422 	 1347.25806 	 5242.89199 	 2944.74743 	 1269.45621 	 1355.04026 	 4127.71713 	 
23972.28739 	 5453.53889 	 28521.10959 	 49863.94863 	 7054.66434 	 17028.34614 	 9258.18935 	 3115.91863 	 27157.16335 	 7632.76966 	 3922.86001 	 18174.83117 	 2408.64222 	    0.00000 	 6548.47290 	 11649.02217 	 177678.41495 	 22714.98028 	 1088.60601 	 13267.98181 	 9477.83377 	 7292.98116 	 1766.71537 	 22854.58813 	 22451.21878 	 
3296.67097 	 1374.41483 	 8181.73161 	 50072.26882 	 2518.84303 	 4186.08883 	 4103.02809 	 10064.42912 	 9058.55795 	 2336.70337 	 8726.10131 	 21416.94316 	 1009.76332 	 4646.68265 	    0.00000 	 2228.29139 	 29123.85122 	 7618.19375 	 3566.45291 	 3024.06728 	 9553.07526 	 10984.50643 	 4867.00965 	 3802.01091 	 14149.76362 	 
10108.44476 	 5490.74307 	 3408.01666 	 16296.31800 	  950.24968 	 2340.73956 	 16480.05991 	 3015.36206 	 4546.92892 	 21385.88902 	 3456.37431 	 8491.80634 	 6479.48449 	 11899.25398 	 2118.61859 	    0.00000 	 18996.64667 	 5033.94823 	 1000.68344 	 1518.96198 	 5405.20455 	 6945.51309 	 1623.21605 	 4452.48898 	 4581.69926 	 
39517.58413 	 28659.20881 	 246638.55326 	 193778.68622 	 31320.49032 	 78198.13258 	 30188.37421 	 21026.37587 	 96756.28656 	 36333.71916 	 14242.88245 	 86151.49800 	 9706.24687 	 187933.01432 	 31851.46719 	 27611.78527 	    0.00000 	 9741.29020 	 8349.84508 	 69900.85090 	 42552.40625 	 76362.04351 	 12501.87941 	 20675.40125 	 142710.26059 	 
14319.25565 	 7778.75496 	 27999.97086 	 39437.15916 	 6341.47356 	 14638.59054 	 9044.12486 	 5519.15770 	 17377.49882 	 5820.85179 	 4924.33132 	 14992.41732 	 3497.99637 	 25929.82359 	 7224.74105 	 5134.13753 	 9193.32409 	    0.00000 	 2197.54019 	 32932.20143 	 9496.71664 	 19312.52086 	 5539.26071 	 4552.53927 	 10323.79424 	 
1272.78184 	  666.76212 	 2155.03596 	 16301.99784 	  757.45966 	 3347.55699 	 4368.45336 	 6405.63497 	 5171.86306 	 1637.57760 	 3672.40296 	 34835.17259 	  869.30622 	 1473.96663 	 5482.93423 	  921.54553 	 10600.91522 	 3090.74542 	    0.00000 	 1703.91165 	 2650.26556 	 9411.72559 	 3357.81524 	  464.64446 	 3844.33712 	 
4776.21600 	 7576.76025 	 14448.51637 	 29348.27701 	 4372.30502 	 4700.39609 	 2169.79511 	 2012.82918 	 9104.79621 	 3560.90066 	 2992.32429 	 8639.54975 	 1246.38537 	 15534.26517 	 3201.17483 	 2182.54643 	 73895.38539 	 21777.89766 	 2131.87781 	    0.00000 	 6213.15607 	 7143.73107 	 2177.78446 	 4846.85082 	 13757.43392 	 
5410.42389 	 4843.50212 	 7851.81559 	 30400.25631 	 4490.14501 	 6539.67913 	 9577.42429 	 6443.52023 	 10343.67575 	 5353.26581 	 13650.53370 	 13243.65570 	 6822.47850 	 10838.54223 	 9774.46290 	 4520.36302 	 26459.45067 	 8970.67746 	 3634.30649 	 4798.34172 	    0.00000 	 8896.15867 	 2915.47787 	 3572.97820 	 8590.17727 	 
5257.40516 	 5814.06123 	 16418.91298 	 34503.04651 	 3551.39065 	 6156.16592 	 12275.94210 	 20144.78599 	 12986.57832 	 7089.66886 	 8485.33872 	 101040.80756 	 2485.56806 	 7837.68614 	 14534.97233 	 7918.95822 	 70131.47647 	 11147.56735 	 13841.49031 	 5906.48898 	 10690.11231 	    0.00000 	 25103.06321 	 3155.13413 	 22862.54898 	 
2533.95109 	 2617.14968 	 5106.99615 	 17486.65281 	 1340.09454 	 2821.78214 	 5308.30679 	 6816.69021 	 4242.22131 	 2857.20142 	 3659.68430 	 23168.25643 	 1096.58808 	 1450.71802 	 6523.44661 	 1885.04419 	 16495.10262 	 3412.61713 	 2837.25206 	 1691.16837 	 2400.54824 	 41827.99431 	    0.00000 	  872.01381 	 5456.13500 	 
14954.05732 	 1467.10197 	 8589.33840 	 21364.63050 	 5436.90174 	 8509.12942 	 2094.15902 	 1447.44807 	 9577.53707 	 2075.30364 	 1379.90593 	 5017.07706 	 1734.63563 	 18545.57116 	 2416.46372 	 3823.76033 	 29526.38195 	 5454.28365 	  664.34512 	 6699.80111 	 3744.40176 	 2809.44811 	  738.24143 	    0.00000 	 5742.79437 	 
16809.80252 	  491.60751 	 63175.43841 	 34460.36878 	 5211.53459 	 10082.83745 	 13525.89755 	 9102.33164 	 19333.37565 	 5890.14059 	 7965.17825 	 26678.37422 	 4881.97898 	 15152.30528 	 13093.37824 	 3636.30570 	 120501.14945 	 11290.02586 	 3349.88532 	 10839.25781 	 8823.50830 	 22352.04393 	 3948.53364 	 6184.08953 	    0.00000 	 
   0.00000 	  598.87533 	 1092.10076 	  693.85338 	  377.78735 	  703.58230 	  511.61798 	 1455.98558 	  467.72764 	  790.99480 	  602.04713 	 2117.94546 	  334.59052 	  428.13716 	  928.78137 	  491.00348 	  609.49025 	  584.12665 	 1307.39006 	  674.85160 	  371.63580 	 2102.02322 	 2754.09797 	  302.33076 	  683.60293 	 
 431.32030 	    0.00000 	  273.82604 	  527.46992 	  547.47148 	  328.13697 	 1175.08855 	 1902.38422 	  382.03732 	 1261.13046 	 1122.48538 	 1629.88715 	  571.64763 	  695.93594 	  726.86413 	  935.50152 	  211.03303 	  108.31703 	 1488.36221 	  178.49743 	  619.42051 	 2328.17317 	 3036.31810 	  759.39446 	   29.16963 	 
1167.63468 	  355.22857 	    0.00000 	  777.72845 	  682.96646 	  421.16619 	 1734.81390 	 1821.93103 	  748.46563 	 1288.17875 	 1252.53234 	 2691.22223 	  892.21267 	 1444.58210 	 1221.67797 	 1656.45068 	  191.40627 	  268.60042 	 2539.80133 	  398.09193 	 1096.67264 	 3384.88994 	 2397.73786 	  900.75460 	  285.12919 	 
 559.56442 	  724.44006 	 1057.91463 	    0.00000 	  181.34827 	  365.29402 	 1017.57950 	  804.30925 	  169.24109 	 1165.54473 	  439.21200 	 1904.71525 	  487.92930 	 1072.61712 	  353.75212 	  645.78720 	  685.23359 	  739.95305 	 1500.76578 	  446.67356 	  181.95235 	 1729.64957 	 1403.04708 	 1260.37546 	  711.59992 	 
 340.92349 	  443.07634 	  938.28362 	  264.77680 	    0.00000 	  207.26337 	  675.97818 	  776.12827 	  188.36075 	 1034.26766 	  591.58877 	 1809.19590 	  439.05785 	 1055.13533 	  519.37434 	  655.73141 	  463.03758 	  413.45114 	 1622.81183 	  215.29308 	  267.39887 	 2210.86977 	 1550.17696 	  556.78151 	  294.60105 	 
 664.85204 	  239.35412 	  694.14911 	  329.83816 	  288.46536 	    0.00000 	  723.13092 	 1238.75446 	  111.40820 	  901.85120 	  819.82139 	 1999.09514 	  757.59018 	 1321.69919 	  479.85781 	 1155.36339 	  417.08121 	  352.27765 	 1241.58486 	   92.97415 	  580.79263 	 2611.79936 	 1908.82312 	 1160.43259 	  322.90695 	 
 687.91657 	 1082.31548 	 1706.96002 	  693.81366 	  877.41430 	  978.35259 	    0.00000 	  564.35028 	  986.53984 	  221.90893 	  516.14120 	 1453.61106 	  354.06841 	 1033.22491 	  873.21255 	  536.50775 	 1083.35512 	 1444.44156 	  999.34839 	 1176.38415 	  598.59431 	 1867.19256 	 1242.57899 	  846.50932 	  816.21657 	 
1177.18426 	 1907.81111 	 1550.49732 	 1109.43557 	 1284.21873 	  942.16834 	  804.53251 	    0.00000 	 1455.70530 	  754.65526 	  406.04087 	  655.73366 	  630.30052 	 1893.59799 	  544.29374 	 1111.02657 	 1443.76220 	 2020.14675 	  444.74665 	  939.56122 	  660.14311 	 1173.63998 	 1075.99868 	 1428.90474 	 1552.86856 	 
 713.11144 	  416.10759 	  487.11320 	  203.50331 	  176.56170 	   72.84688 	 1215.40510 	  826.47106 	    0.00000 	 1301.11569 	  687.61827 	 2437.73132 	  475.17815 	  830.62086 	  584.23588 	 1154.44383 	  560.10191 	  549.66468 	 1825.00348 	  224.88688 	  499.48253 	 2107.59012 	 1930.91586 	  914.69737 	  311.30862 	 
 884.73253 	  960.76074 	 1832.10382 	 1049.65533 	  868.31706 	  975.83618 	  230.42087 	  809.45042 	 1090.22574 	    0.00000 	  805.95441 	 1165.37813 	  418.67075 	  783.42921 	 1056.76041 	  327.73058 	 1371.97538 	 1333.42780 	 1173.57342 	 1206.92856 	  834.50841 	 1339.87731 	 1974.11674 	  868.36431 	 1187.50802 	 
 827.20407 	  724.16071 	 1103.86817 	  467.45751 	  379.59733 	  762.26961 	  437.34902 	  714.36174 	  733.23613 	  700.85809 	    0.00000 	 1264.67722 	  291.81660 	 1428.24754 	  372.71822 	  753.09110 	  820.72746 	 1008.05940 	  815.49588 	  586.00368 	  270.50600 	 1081.92094 	 1263.93121 	  995.85534 	  734.28557 	 
1639.71108 	 2372.08874 	 2023.03591 	 2256.34393 	 1701.75557 	 1902.09880 	 1062.94256 	  881.16430 	 2566.38780 	 1019.68709 	 1048.37537 	    0.00000 	 1648.83036 	 3018.33615 	 1873.45788 	 2137.32465 	 2080.26001 	 2168.51712 	  344.10921 	 2755.91422 	 1632.38114 	  294.28019 	  766.94294 	 2400.16770 	 1620.90467 	 
 368.82055 	  591.70529 	 1139.66471 	  580.01038 	  343.10064 	  715.90927 	  516.36953 	 1121.91551 	  442.88224 	  524.72927 	  413.46236 	 1355.61567 	    0.00000 	  696.56419 	  753.10783 	  410.16274 	 1011.45897 	  981.28584 	 1623.76120 	  703.30402 	  324.58229 	 1900.62546 	 1718.83985 	  586.25591 	  556.60865 	 
 537.75968 	 1095.41471 	  940.32064 	 1027.98603 	  668.95464 	 1153.96284 	  849.65232 	 1541.00540 	 1184.69229 	  724.79387 	 1273.63048 	 2208.18283 	 1020.17862 	    0.00000 	 1917.41063 	  652.03302 	  769.77964 	  804.11005 	 1557.27980 	 1234.45619 	  965.23002 	 2687.53263 	 2475.31081 	  164.24121 	 1073.94321 	 
1118.40943 	  903.38916 	  991.78502 	  249.68400 	  562.34929 	  621.91584 	  757.79456 	  713.35772 	  669.20918 	 1139.60282 	  316.13823 	 1743.41145 	  614.96556 	 1370.59308 	    0.00000 	 1110.71656 	 1159.25482 	 1213.95213 	  991.69428 	  580.51129 	  392.57178 	 1880.66950 	 1141.41425 	 1642.07844 	  947.41419 	 
 547.74719 	 1061.61641 	  989.95614 	  936.81208 	  607.29951 	  774.87250 	  307.40077 	 1322.94665 	 1188.46781 	  265.85755 	  656.53967 	 1298.84753 	  308.08385 	  802.66987 	  919.73370 	    0.00000 	  946.93642 	  932.35644 	 1678.10020 	 1192.94345 	  577.30653 	 2189.81148 	 1693.49810 	  419.70927 	  838.60484 	 
 701.56776 	  142.40348 	  166.24020 	  888.76632 	  410.12154 	  315.80463 	 1391.76722 	 1686.17160 	  635.70136 	 1480.59512 	 1412.39412 	 3046.55568 	  802.00835 	  774.01661 	  818.77895 	 1001.29274 	    0.00000 	   95.97325 	 1548.54755 	  345.02198 	 1084.71573 	 2759.72273 	 3101.29617 	  978.64868 	  277.53287 	 
 521.66825 	   99.45351 	  325.16114 	  617.95688 	  418.51330 	  402.12953 	 1175.34631 	 1358.97589 	  516.66991 	 1373.44148 	  771.51084 	 1868.29760 	 1108.89156 	 1072.32501 	 1226.04896 	 1246.27263 	   75.58371 	    0.00000 	 2051.18732 	  336.57800 	  576.22456 	 2192.70501 	 2147.35019 	 1124.48628 	  141.89778 	 
1183.97951 	 1573.22811 	 2876.78578 	 1074.24317 	 1939.68789 	 1467.79899 	  712.43202 	  668.02930 	 2049.29734 	  905.99616 	 1197.14195 	  347.55509 	 1059.77162 	 2258.59104 	 1552.73196 	 1501.39389 	 1708.37394 	 1812.57611 	    0.00000 	 1548.32549 	 1184.25616 	  557.52378 	 1095.03231 	 1961.16936 	 1397.48388 	 
 413.06945 	  214.31755 	  455.34560 	  357.75488 	  196.59006 	  102.98512 	 1224.95158 	 1223.07082 	  144.97959 	 1078.09184 	  543.61782 	 2741.62773 	  730.64387 	 1204.35952 	  825.29706 	 1088.66538 	  235.33168 	  232.33076 	 2299.98634 	    0.00000 	  483.31755 	 2464.73482 	 1959.96284 	 1113.99351 	  217.95417 	 
 565.97712 	  745.52962 	  976.95949 	  289.34655 	  262.37222 	  419.15197 	  433.04985 	  783.64963 	  505.90501 	  762.65953 	  212.76998 	 1975.44482 	  303.67859 	 1369.94141 	  365.34459 	  680.98106 	  816.64813 	  627.57569 	 1579.32106 	  401.21209 	    0.00000 	 1516.43341 	 1653.20431 	 1000.88452 	  854.47505 	 
2675.10112 	 2678.88388 	 2281.43558 	 1352.69420 	 2197.33561 	 2514.82572 	 1386.28682 	 1153.20621 	 1573.49104 	 1963.65310 	 1840.13913 	  467.03599 	 2176.34050 	 2497.52571 	 1293.41545 	 1916.79820 	 3212.20316 	 1997.88428 	  524.23336 	 1850.42877 	 1570.08241 	    0.00000 	  565.94589 	 1799.28215 	 2199.98073 	 
2295.20265 	 2935.02309 	 1878.94803 	 1219.38709 	 2514.61979 	 1784.32818 	 1369.15212 	  887.92176 	 2111.33979 	 1725.00460 	 1517.92620 	  833.25821 	 2187.32082 	 2810.88550 	 1775.98075 	 2216.83955 	 1863.77142 	 2469.76293 	  954.20068 	 1606.85574 	 2065.75283 	  604.67604 	    0.00000 	 2762.00559 	 2906.75112 	 
 428.10172 	  868.91267 	 1064.00149 	  705.69502 	  947.01511 	  887.40409 	  655.00102 	 1094.63073 	 1222.21703 	  616.38197 	  749.14848 	 1683.21785 	  488.93073 	  225.96776 	 1550.06589 	  421.51429 	  794.50558 	  906.14500 	 1682.45461 	 1013.07147 	  916.25732 	 2485.30275 	 2817.06927 	    0.00000 	  583.10382 	 
 700.49901 	   26.49484 	  420.90451 	  661.70631 	  414.60385 	  221.24230 	 1453.72137 	 1569.98585 	  334.30637 	 1208.64819 	  937.13800 	 2179.98860 	  639.77767 	  971.99056 	 1026.33010 	  705.12004 	  229.22251 	  118.18363 	 1458.55140 	  171.25383 	  663.10871 	 2084.70331 	 1742.96102 	 1028.50302 	    0.00000 	 
   0.00000 	 6911.77632 	 8129.89704 	 21327.99585 	 4863.69928 	 6030.89919 	 9116.41342 	 2858.93510 	 6399.44552 	 5826.45702 	 4490.39095 	 9898.99778 	 11187.04868 	 16570.56598 	 2511.41648 	 7803.48218 	 52502.74495 	 9829.45302 	 1101.66544 	 4232.40268 	 5916.54886 	 6785.49159 	 3057.42050 	 10429.18752 	 16282.16593 	 
6641.30760 	    0.00000 	 12110.35925 	 15450.68270 	 3783.19595 	 4796.96337 	 3388.51462 	 2638.86781 	 4883.93319 	 5202.77693 	 2635.44215 	 8109.91062 	 1540.77164 	 7756.30230 	 1478.47304 	 3891.29128 	 18049.19772 	 7865.83311 	  628.41804 	 10540.88573 	 4351.02598 	 6938.45770 	 3972.81118 	 1941.56971 	  537.74955 	 
6105.73314 	 12422.48099 	    0.00000 	 30854.84692 	 7039.72759 	 13631.20753 	 7714.26546 	 4740.47797 	 15460.13627 	 5234.63563 	 3904.99528 	 28653.62819 	 1858.57174 	 16724.08981 	 6612.74196 	 4078.35212 	 173417.97052 	 48489.36973 	 2735.65831 	 13960.90361 	 5744.11349 	 19305.24465 	 3551.78925 	 10012.60154 	 43653.57033 	 
16173.53209 	 15936.48122 	 40509.78222 	    0.00000 	 14125.30186 	 33450.83460 	 19189.82778 	 29384.75987 	 57603.27257 	 16051.91895 	 23756.41373 	 52115.11451 	 12260.31833 	 56241.27323 	 59237.99414 	 15608.93911 	 193842.57374 	 28218.84749 	 14741.55710 	 24918.70817 	 35223.16511 	 25859.69055 	 9649.22197 	 12562.45152 	 28624.95740 	 
5309.14581 	 4055.68763 	 6021.14812 	 14354.10689 	    0.00000 	 5275.63315 	 3260.29334 	 1812.22780 	 9291.00673 	 1614.54948 	 2707.91404 	 6405.08478 	 1419.21412 	 5727.51044 	 1631.27610 	 1225.37980 	 22860.74950 	 5427.98819 	  855.72171 	 5305.14699 	 5303.72328 	 3687.56095 	 1282.78666 	 5934.53377 	 5966.32345 	 
5901.76908 	 5411.54579 	 16065.75965 	 28976.35817 	 8608.13613 	    0.00000 	 4969.54054 	 2934.28158 	 12706.21150 	 3182.43009 	 2113.32223 	 11336.02796 	 2633.24017 	 16270.03127 	 3702.48338 	 1495.54580 	 55719.91734 	 16493.00044 	 3389.84096 	 4712.96996 	 5282.25195 	 6261.01308 	 1834.65392 	 6999.70754 	 14890.26762 	 
9301.00929 	 3097.23770 	 6546.71113 	 26393.49910 	 3125.55661 	 3603.47084 	    0.00000 	 14596.74827 	 5320.22202 	 31333.21608 	 7545.10485 	 19797.88817 	 5295.26758 	 6980.41239 	 3377.93167 	 16132.61354 	 35322.43505 	 9452.07824 	 4058.60874 	 3580.81834 	 7017.96716 	 16298.48275 	 6075.47833 	 1969.10245 	 9385.65949 	 
2329.15649 	 2957.67926 	 4627.34376 	 19771.12308 	 1454.78421 	 2693.76749 	 9738.12647 	    0.00000 	 6768.68233 	 8397.82782 	 10700.54763 	 25062.45077 	 2271.05298 	 3029.99521 	 11291.31616 	 2754.75008 	 21091.21321 	 6045.76286 	 7321.29313 	 2816.14592 	 7118.52001 	 16026.96878 	 9871.25029 	 1543.80253 	 10526.45119 	 
7118.63610 	 5673.48511 	 20238.06653 	 44358.29045 	 5101.11199 	 8881.98538 	 6982.26361 	 5092.31211 	    0.00000 	 3711.17481 	 5877.11195 	 25754.94421 	 5721.19684 	 23067.26925 	 11234.03638 	 3791.61253 	 60171.13727 	 15780.30563 	 3099.98530 	 10465.54585 	 15422.70537 	 13825.37042 	 3777.13716 	 11785.07866 	 22294.59071 	 
8275.28499 	 4072.90009 	 4507.26991 	 18452.17688 	 1893.31575 	 4454.91542 	 33935.43219 	 8535.38042 	 5705.86258 	    0.00000 	 4076.17351 	 16337.22756 	 3017.50041 	 10428.66952 	 2419.02387 	 25853.25751 	 33302.92718 	 6883.83361 	 2707.62010 	 3954.95482 	 6956.02719 	 10778.08044 	 2153.15787 	 2952.47641 	 4196.70895 	 
2959.89080 	 2216.29276 	 4340.41198 	 34181.03637 	 2614.96564 	 2416.92449 	 7296.73415 	 8339.70396 	 4174.26015 	 5124.69950 	    0.00000 	 12195.01630 	 3642.13572 	 3694.05179 	 9969.39697 	 2795.00764 	 14975.82012 	 5258.99416 	 2483.54999 	 2709.26174 	 20506.54443 	 9143.30187 	 2952.00526 	 1697.03915 	 5448.56535 	 
6565.70078 	 6223.77580 	 25670.67131 	 45945.37873 	 5338.36472 	 11319.28266 	 25460.59959 	 35985.56090 	 25773.43305 	 20885.97974 	 13002.72928 	    0.00000 	 5221.33750 	 14199.00351 	 17327.38619 	 9622.25535 	 79847.92918 	 15402.43962 	 28359.41420 	 10688.25160 	 19890.49441 	 84966.51004 	 24117.78435 	 3196.98584 	 31564.76156 	 
8517.96730 	 1541.77309 	 2191.36355 	 15120.28557 	 2013.67481 	 2478.87804 	 6115.45002 	 1685.92355 	 6137.31369 	 3720.34569 	 3053.40668 	 7029.01703 	    0.00000 	 2847.50254 	 1150.69850 	 7006.32148 	 8610.87647 	 2813.93868 	  936.65046 	 1386.11276 	 7467.77308 	 3858.77800 	 1108.64216 	 1943.99240 	 5211.83932 	 
18132.89916 	 5850.84610 	 25282.16028 	 38189.55382 	 5387.36365 	 17920.30460 	 6598.20563 	 4044.78994 	 27307.10910 	 8423.57333 	 5309.13098 	 15309.43448 	 3216.12390 	    0.00000 	 5668.94097 	 10824.26351 	 119095.56926 	 29970.56940 	 1129.00290 	 10041.71236 	 11001.15046 	 9101.99651 	 2354.25260 	 16173.93842 	 17523.03314 	 
3904.25193 	 1031.41609 	 4857.72601 	 42456.47134 	 1834.11577 	 5977.19507 	 5309.01821 	 7434.57963 	 7491.67123 	 2253.93690 	 6206.17980 	 15791.93716 	 1110.63257 	 6057.23190 	    0.00000 	 2085.51036 	 18934.65137 	 6376.34494 	 4452.01829 	 2535.45413 	 10363.03425 	 12720.24248 	 4756.88596 	 2921.61898 	 14165.69780 	 
12944.89002 	 3942.08223 	 2719.52419 	 14536.79755 	 1481.35998 	 1595.74112 	 16383.04770 	 2418.50803 	 4572.68700 	 22246.69767 	 3587.54178 	 9235.26073 	 5164.59655 	 8654.14564 	 2611.36041 	    0.00000 	 26356.00184 	 4181.78525 	  847.48878 	 2220.23217 	 4042.63948 	 7918.30189 	 2024.32262 	 2855.07344 	 4950.61920 	 
45767.16144 	 19525.60426 	 156485.43787 	 176340.77375 	 31654.58902 	 57963.37042 	 26993.55333 	 20891.51339 	 98232.47080 	 26442.85539 	 19040.87263 	 92534.97812 	 10633.51033 	 122112.81611 	 23293.88447 	 23360.92055 	    0.00000 	 8866.46053 	 14284.69546 	 53700.89692 	 26557.95899 	 63472.73655 	 16288.47953 	 31486.83023 	 209447.25363 	 
10704.36481 	 5288.75459 	 43958.98098 	 43432.78476 	 5351.92380 	 11677.39444 	 6718.00114 	 3925.39743 	 17589.93713 	 6331.88046 	 3415.99540 	 15064.94222 	 2197.60524 	 32031.75515 	 6781.54563 	 4575.21293 	 7384.00779 	    0.00000 	 3006.20199 	 23181.60699 	 6847.11573 	 15324.52014 	 5896.37244 	 5670.57741 	 9764.36030 	 
1373.51908 	  608.35447 	 3063.44717 	 16534.95825 	  948.21240 	 2594.42077 	 6664.37211 	 9677.05146 	 3673.83874 	 2037.85957 	 3858.80778 	 34051.27826 	  871.31414 	  969.05846 	 6400.59015 	  991.29135 	 8420.19731 	 2597.02391 	    0.00000 	 1415.94265 	 3916.85736 	 13634.05060 	 3745.67480 	  560.69329 	 3836.02057 	 
4154.10981 	 9550.33710 	 9725.19433 	 30357.62042 	 4726.72741 	 5065.27313 	 2999.35619 	 3051.98941 	 11085.05923 	 3187.76601 	 2773.77674 	 7779.27237 	 1150.97882 	 10272.82069 	 2084.28376 	 1492.35252 	 49938.40033 	 33207.93646 	 2049.71546 	    0.00000 	 5132.57946 	 5876.48196 	 2695.41615 	 5094.27292 	 12010.89532 	 
7088.27312 	 4788.73944 	 8868.15973 	 46253.37561 	 5693.06655 	 6365.09188 	 11435.96271 	 6278.67413 	 9068.03112 	 5708.75598 	 14153.84288 	 18091.06651 	 6820.88680 	 7153.53030 	 8245.18992 	 4120.35357 	 35096.36025 	 5678.80349 	 3865.58490 	 6262.26450 	    0.00000 	 9661.32618 	 3261.07115 	 2810.09345 	 11351.21604 	 
5246.85285 	 6578.88931 	 18173.15815 	 37027.77421 	 3362.73219 	 5107.44268 	 11237.14387 	 18611.26692 	 14724.19710 	 6759.41740 	 8882.65275 	 111522.56135 	 2133.15091 	 7976.72175 	 12826.62539 	 8232.30641 	 55666.56608 	 18200.54070 	 10938.48892 	 8484.06865 	 10854.12531 	    0.00000 	 32461.11724 	 2642.68241 	 18256.81204 	 
2501.20173 	 4675.54839 	 5058.11204 	 10651.83470 	 1310.36949 	 1994.44397 	 4867.21322 	 5947.46513 	 3531.82885 	 3121.58000 	 2461.56820 	 26382.90420 	 1049.47192 	 1563.41144 	 5766.12475 	 2234.32489 	 10622.29455 	 4288.86508 	 2647.71232 	 1613.20215 	 2407.89052 	 26272.78182 	    0.00000 	  869.73610 	 4881.42990 	 
14454.87604 	 2564.63622 	 6092.70634 	 19926.51197 	 5304.33374 	 8071.83059 	 2779.90563 	  952.86559 	 11893.52254 	 1863.07046 	 1685.60033 	 3827.60642 	 1239.44945 	 19429.70309 	 2817.11431 	 4433.04240 	 28808.20256 	 6576.20164 	  590.48822 	 4524.28023 	 2811.67834 	 2345.07171 	 1021.67407 	    0.00000 	 5264.04584 	 
20760.62210 	  440.17035 	 47451.49613 	 48113.62007 	 9041.39407 	 12677.64195 	 10527.14454 	 8624.85064 	 21727.83609 	 4600.79767 	 8357.39798 	 24456.24507 	 5503.31146 	 14820.03094 	 13519.18675 	 4030.27015 	 123800.62197 	 11116.17167 	 3898.57381 	 15865.72490 	 8893.65546 	 14722.71030 	 4054.00259 	 5912.03615 	    0.00000 	 
   0.00000 	  645.88866 	  676.26544 	  656.98181 	  447.02722 	  623.25452 	  795.86566 	 1230.01095 	  762.20959 	  528.80655 	  804.79138 	 1717.70323 	  414.27080 	  726.24459 	 1093.77385 	  302.33470 	  548.21900 	  608.28876 	 1485.41514 	  663.83888 	  472.66638 	 1716.99195 	 2210.67650 	  298.04739 	  699.68356 	 
 467.93822 	    0.00000 	  350.10653 	  720.31297 	  440.96272 	  320.73890 	 1513.85131 	 1461.70566 	  418.09846 	 1254.04766 	  927.49002 	 2239.38461 	  820.00204 	 1144.73849 	 1117.78961 	  944.41894 	  218.45629 	  125.06659 	 1859.75737 	  211.34553 	  778.88781 	 2290.44439 	 2381.87444 	  824.78144 	   41.00933 	 
1121.73252 	  289.49528 	    0.00000 	  678.10906 	  856.31300 	  599.08654 	 1571.81115 	 2042.17412 	  542.61501 	 1382.65008 	 1467.34813 	 2209.95387 	  886.53289 	 1267.53003 	 1137.26008 	 1344.99129 	  201.63889 	  294.81945 	 2312.09505 	  605.06933 	  756.69941 	 2725.67594 	 2769.19344 	  919.08483 	  309.63207 	 
 768.68516 	  594.67549 	  779.15368 	    0.00000 	  214.91527 	  342.74369 	  562.27997 	  947.64589 	  225.98600 	  956.15028 	  520.01060 	 2028.27178 	  520.92504 	 1139.65999 	  389.84185 	  874.39103 	  512.08908 	  499.57026 	 1386.75962 	  298.12153 	  305.24931 	 1897.94267 	 1368.75485 	  794.69855 	  436.57328 	 
 414.03750 	  507.05017 	  838.46416 	  241.60841 	    0.00000 	  234.30112 	  709.41050 	 1012.59424 	  264.19285 	  883.08227 	  518.44558 	 2063.09573 	  287.96369 	  775.59833 	  622.24554 	  713.91328 	  742.00547 	  383.51330 	 1345.34644 	  207.25191 	  320.07356 	 1592.47333 	 1643.25961 	  807.13342 	  337.85685 	 
 709.65538 	  302.31009 	  654.15637 	  244.90610 	  206.77303 	    0.00000 	 1174.61703 	 1009.79462 	   97.59135 	  997.69300 	  549.39988 	 2191.99985 	  493.21970 	  939.16787 	  449.34773 	  857.09963 	  491.92832 	  353.34119 	 1815.34268 	  120.02953 	  487.72072 	 2222.65012 	 1446.08136 	  732.26054 	  229.02484 	 
 818.44433 	 1313.16172 	 1559.25672 	  671.21137 	  633.56007 	  897.76457 	    0.00000 	  633.63067 	  869.43201 	  169.86834 	  437.03825 	 1370.55484 	  407.98550 	  858.13351 	  710.75710 	  499.35163 	 1603.48695 	  954.50445 	  747.79214 	  912.37990 	  628.50198 	 1165.23960 	 2031.29502 	  669.16693 	 1029.88135 	 
1372.12600 	 1299.14372 	 2291.54227 	 1100.91182 	 1240.88704 	 1001.50413 	  692.64960 	    0.00000 	  926.05107 	  923.07211 	  539.48925 	  888.29041 	  850.99680 	 2044.25591 	  605.27164 	  836.66305 	 1521.23993 	 1856.73439 	  488.92756 	 1342.18352 	  722.79794 	 1235.46222 	  898.32615 	 1757.50663 	 1206.10741 	 
 526.31442 	  304.55421 	  527.44264 	  294.23319 	  204.39172 	  104.75624 	 1264.58236 	  992.41363 	    0.00000 	 1272.29320 	  556.90449 	 1467.36654 	  578.98545 	 1358.15234 	  449.70574 	 1003.12378 	  497.48776 	  544.08203 	 1387.84831 	  179.89976 	  583.89404 	 1788.37140 	 1965.01910 	  836.57300 	  446.31502 	 
 846.12607 	  974.97098 	 2001.13352 	 1090.01246 	  797.60564 	 1053.60192 	  171.77093 	  695.49478 	  935.58992 	    0.00000 	  781.90457 	 1611.71249 	  363.41035 	  833.95777 	 1151.03618 	  275.62085 	 1242.78481 	  997.95758 	  990.39515 	 1352.65612 	  651.14492 	 1800.08903 	 1799.87591 	  683.62058 	 1031.10771 	 
 753.81623 	  673.46796 	 1104.15341 	  437.42070 	  508.12847 	  755.59213 	  391.52836 	  486.85870 	  604.84211 	  809.40762 	    0.00000 	  992.42771 	  286.65185 	 1193.76275 	  450.94740 	  756.88123 	 1002.89230 	 1165.53688 	 1092.04519 	  691.53183 	  275.23925 	 1234.70110 	 1410.58157 	 1198.40641 	 1132.79583 	 
1995.58860 	 1699.73439 	 2898.53850 	 1352.07777 	 1916.50358 	 2569.90936 	 1069.28467 	  759.23895 	 2306.09345 	 1188.14371 	 1308.87905 	    0.00000 	 1348.41891 	 1805.91833 	 1291.65038 	 1324.70438 	 1924.60719 	 2412.75222 	  271.23267 	 2261.12905 	 1608.89864 	  331.29815 	 1254.65605 	 1770.45278 	 2657.65386 	 
 263.71174 	  587.07812 	 1126.68928 	  375.84378 	  457.22444 	  567.54730 	  392.24423 	 1007.10397 	  593.47394 	  446.70938 	  439.51395 	 1778.69106 	    0.00000 	  969.79159 	  686.38232 	  306.13280 	 1208.91201 	  916.77479 	 1465.23057 	  757.92398 	  283.70519 	 1667.42122 	 2272.49927 	  827.65728 	  918.83926 	 
 665.28113 	  925.23131 	 1376.68141 	 1372.93220 	  931.12520 	 1101.75712 	 1412.19982 	 1307.85057 	 1203.93850 	  794.42935 	 1452.32228 	 2815.19069 	 1033.46080 	    0.00000 	 1354.14126 	  799.23791 	 1168.00184 	  963.24574 	 2126.12476 	 1239.79717 	  898.94096 	 2863.93727 	 2168.30774 	  248.02794 	  769.41204 	 
 789.78316 	  976.65568 	  942.68063 	  404.47270 	  437.85464 	  779.92887 	  882.73103 	  877.55241 	  396.77803 	  957.71574 	  386.72716 	 1268.32983 	  533.67018 	 1833.47346 	    0.00000 	 1171.74234 	  984.80991 	 1205.51730 	 1076.96653 	  816.40022 	  457.99345 	 1767.95845 	 1224.13227 	  928.81941 	  657.06425 	 
 386.14612 	 1204.48437 	 1636.57530 	 1044.82126 	  573.58464 	 1024.25271 	  342.22079 	 1282.48206 	 1064.74525 	  285.86241 	  778.40869 	 1945.06049 	  422.26207 	  717.75984 	  860.10136 	    0.00000 	 1454.53747 	  956.95334 	 1284.47545 	  666.01034 	  771.72257 	 2252.17912 	 2349.93365 	  624.06542 	  879.89373 	 
 809.41603 	  191.87481 	  176.38736 	  726.85268 	  480.02789 	  441.94195 	 1534.24541 	 2047.68363 	  452.12014 	 1191.05848 	 1394.29433 	 1870.71905 	 1116.51004 	 1057.12710 	 1256.95809 	 1319.60015 	    0.00000 	   92.61306 	 2468.65048 	  244.38416 	 1013.55259 	 2934.63453 	 3110.47371 	  715.45754 	  192.14831 	 
 708.38958 	   78.62620 	  257.05637 	  642.40538 	  436.79719 	  322.59660 	 1177.25207 	 1710.75858 	  419.08581 	 1265.32399 	 1192.50303 	 2220.37831 	  640.46521 	 1285.85223 	  841.94970 	  837.43763 	   88.14055 	    0.00000 	 2595.91257 	  314.97809 	  953.56779 	 2463.68563 	 3068.49040 	 1068.52035 	  105.41023 	 
2011.92106 	 1936.03440 	 2302.57800 	 1160.51974 	 1420.69793 	 1790.50493 	  844.72473 	  692.64971 	 1182.34471 	 1204.94224 	  796.20217 	  261.87759 	 1183.26567 	 1940.57727 	  908.20912 	  970.48318 	 1981.22771 	 1858.78439 	    0.00000 	 2241.35956 	 1112.64920 	  521.50097 	  868.52820 	 1974.93007 	 2494.33430 	 
 510.85907 	  149.22551 	  405.29914 	  303.00979 	  287.39980 	  107.59332 	 1042.20780 	 1095.67889 	  185.44324 	  912.74336 	  959.09213 	 2277.15738 	  590.29039 	  975.62946 	  911.71925 	  656.25810 	  258.86471 	  331.89475 	 2288.06772 	    0.00000 	  412.41162 	 2042.79373 	 2429.26761 	  624.60527 	  231.78299 	 
 568.16950 	  661.99398 	 1070.06118 	  317.35097 	  275.17766 	  532.40395 	  687.97612 	  755.78127 	  480.57665 	  803.38491 	  202.34806 	 1643.82227 	  209.35397 	 1343.73196 	  324.25752 	  587.97984 	  657.28532 	  743.07103 	 1190.60859 	  517.53154 	    0.00000 	 1993.27687 	 1312.92728 	  765.13519 	  759.43930 	 
2316.67875 	 2126.20087 	 3143.88565 	 2134.08953 	 1722.42497 	 1561.37041 	 1402.22119 	  853.69957 	 2290.47075 	 1997.29452 	 1194.95013 	  254.51037 	 1649.93365 	 2478.53052 	 1195.67739 	 2289.64555 	 2528.30952 	 2738.67651 	  709.69264 	 1708.90094 	 1927.20208 	    0.00000 	  767.98952 	 1800.36355 	 2184.66435 	 
1847.00388 	 2433.26726 	 2552.75541 	 1709.66384 	 1443.51184 	 1440.45928 	 1718.61329 	  810.59662 	 2511.54554 	 2445.69670 	 1837.19359 	 1195.99768 	 2348.09242 	 2851.56173 	 1657.99657 	 2406.16326 	 2630.54971 	 2608.18311 	 1061.07194 	 1542.59939 	 2179.96259 	  858.21307 	    0.00000 	 2014.05587 	 1978.12637 	 
 378.05506 	  816.11250 	  883.47336 	  845.76241 	  720.46301 	  866.08184 	  999.68627 	 1168.97227 	  806.25198 	  966.98565 	  867.92559 	 2276.34548 	  500.33571 	  160.81630 	 1277.01201 	  368.27604 	 1232.82166 	 1029.36349 	 2240.29605 	  925.80699 	  912.05367 	 2648.72342 	 3048.32053 	    0.00000 	  689.16432 	 
 502.96770 	   39.03819 	  405.95337 	  633.93986 	  354.45862 	  363.31329 	 1257.69187 	 1273.60754 	  284.39352 	 1027.52571 	 1116.46047 	 1999.20754 	  570.50528 	  696.45597 	 1187.98983 	 1191.94418 	  170.48049 	  168.20788 	 2094.89889 	  138.75567 	  757.91682 	 1958.01503 	 2051.16197 	  766.57757 	    0.00000 	 
   0.00000 	 4971.55092 	 7856.29093 	 23055.88034 	 5752.06165 	 4649.86701 	 9504.09066 	 2602.27052 	 9571.92334 	 5735.58741 	 2585.12684 	 9872.02947 	 10695.39130 	 19713.26264 	 2993.47909 	 8684.08004 	 44352.26128 	 12448.42445 	 1073.33095 	 4931.97120 	 5091.98717 	 8110.86048 	 3136.49346 	 15844.18052 	 17532.20581 	 
7655.53491 	    0.00000 	 14858.10306 	 11461.59700 	 3122.10989 	 4882.10778 	 3257.61060 	 4151.43748 	 7435.28451 	 4248.89016 	 2319.42477 	 10170.43413 	 1523.28916 	 5465.49898 	 1166.19752 	 3706.74835 	 30244.07737 	 7148.06279 	  945.48928 	 9585.23339 	 4402.70888 	 8263.15987 	 4029.83018 	 2317.39288 	  633.78406 	 
7222.64266 	 13915.15320 	    0.00000 	 44739.53769 	 6897.09218 	 18121.93990 	 4767.30514 	 6617.82561 	 19909.76713 	 3376.59951 	 3110.61480 	 17290.99276 	 1951.06043 	 21320.67102 	 6909.43621 	 3631.76047 	 238356.71434 	 44222.16739 	 2956.33591 	 14839.12220 	 6623.55510 	 16576.09942 	 3591.94471 	 6679.47629 	 55928.12082 	 
14833.98512 	 17292.02701 	 26013.67478 	    0.00000 	 16377.24061 	 25809.01998 	 22220.46250 	 30785.52369 	 44305.33005 	 17593.74333 	 27786.55861 	 75965.71892 	 9380.91769 	 47809.62921 	 40841.37189 	 15544.95332 	 219731.43376 	 35499.08406 	 13014.04297 	 23108.47145 	 53003.09772 	 45061.62789 	 16595.81124 	 20467.94478 	 51936.50486 	 
5694.52236 	 2521.38978 	 7302.91339 	 19764.56506 	    0.00000 	 7388.57285 	 3303.30131 	 1309.05669 	 7913.45361 	 1731.30997 	 2789.08154 	 7114.02953 	 2129.84908 	 5614.10505 	 2428.42795 	 1550.37115 	 21579.21597 	 5272.30673 	  936.69954 	 3719.77712 	 5369.07665 	 3340.05277 	  747.97898 	 5380.19465 	 6220.06324 	 
4732.30541 	 4516.82247 	 10032.82737 	 43239.95530 	 7659.13323 	    0.00000 	 5625.27882 	 2923.29983 	 10232.20831 	 4426.37814 	 2376.67349 	 16120.31194 	 1772.97956 	 16967.67989 	 4611.19893 	 1557.31541 	 79278.84470 	 19770.47684 	 3031.80105 	 6055.54492 	 6751.09507 	 6003.67352 	 1879.92715 	 6985.00463 	 16111.33400 	 
8784.21269 	 3822.58777 	 6809.22802 	 21895.41168 	 3597.92633 	 5165.05441 	    0.00000 	 9882.65842 	 5245.33674 	 35307.77971 	 11618.75055 	 26908.40597 	 8851.71373 	 6377.54832 	 5125.32120 	 11917.70844 	 37811.01225 	 8690.11775 	 4540.73052 	 2996.64165 	 9200.95540 	 14262.51069 	 5117.27839 	 3005.96725 	 13450.53557 	 
2552.27116 	 2489.40710 	 5512.93667 	 23277.18424 	 1768.37451 	 2856.15674 	 11713.68052 	    0.00000 	 4812.17535 	 5020.85492 	 10647.22345 	 27964.28994 	 1409.79706 	 3174.51983 	 10118.53740 	 1837.01480 	 20724.38853 	 4529.00622 	 7962.57122 	 2106.34492 	 6587.20390 	 18832.52025 	 7830.63571 	  929.51279 	 6760.32660 	 
9773.72718 	 7527.40619 	 20947.67235 	 61847.18428 	 7656.95097 	 11255.03201 	 4674.71410 	 5937.94502 	    0.00000 	 3353.09873 	 3898.83221 	 21395.10138 	 5171.64304 	 17906.02961 	 9277.01753 	 3797.41252 	 93705.48353 	 18650.95265 	 5396.66964 	 12488.42603 	 9745.81598 	 15171.32549 	 3711.07910 	 16036.64077 	 20808.60294 	 
7735.76963 	 4590.74726 	 3363.08369 	 12008.33109 	 2479.09853 	 3991.14116 	 26390.60077 	 6461.31621 	 5377.53463 	    0.00000 	 4470.32363 	 21484.91032 	 3966.29257 	 8454.88040 	 2236.36627 	 19697.28942 	 36411.42875 	 6282.87239 	 1845.33689 	 3261.96634 	 7930.26241 	 8547.68320 	 3647.13247 	 2450.18123 	 3967.27812 	 
4567.56237 	 3039.94733 	 4346.17381 	 23296.40499 	 2309.69454 	 2043.13401 	 10853.40547 	 11622.85435 	 3790.15982 	 5679.21248 	    0.00000 	 13521.66577 	 3095.87022 	 3670.10594 	 7301.61105 	 3150.83351 	 13607.95346 	 4134.79485 	 3038.57874 	 1782.55267 	 13435.04202 	 7252.02225 	 2458.73915 	 2096.52989 	 8255.70793 	 
8800.35686 	 8736.56774 	 25941.16335 	 47827.57700 	 6481.07637 	 16484.03240 	 23985.81188 	 27399.86950 	 27130.37647 	 16293.78826 	 15949.02155 	    0.00000 	 4871.57094 	 13044.68558 	 14079.06290 	 10758.45201 	 114346.33025 	 19565.29049 	 29729.72674 	 13833.04576 	 11588.14363 	 114899.41675 	 25762.16945 	 3128.53505 	 21620.84695 	 
11232.88782 	 1245.10036 	 2062.51318 	 12947.01429 	 2019.98074 	 1598.51623 	 8702.94484 	 1792.55259 	 3678.40444 	 3980.04949 	 2701.40389 	 4216.75076 	    0.00000 	 3992.13114 	 1019.92435 	 5598.33477 	 11554.38458 	 3757.69240 	  683.95096 	 1268.73506 	 6986.67869 	 3154.93231 	  748.95384 	 1557.97263 	 5945.92391 	 
19749.10143 	 7006.61519 	 25116.20216 	 54081.77746 	 7240.64072 	 16321.14959 	 8637.54604 	 3350.86711 	 29334.21689 	 7480.27067 	 4549.40889 	 14387.61269 	 3257.26979 	    0.00000 	 6639.91179 	 8794.36447 	 195775.73187 	 18443.31053 	 1228.55323 	 18323.49240 	 8235.34151 	 9224.53418 	 1481.63496 	 21638.47673 	 16311.45981 	 
3096.48309 	 1107.57297 	 7181.97794 	 52853.39015 	 1545.39258 	 6125.39145 	 5858.78143 	 8103.27666 	 9231.89535 	 2475.99046 	 6278.35460 	 17962.17288 	  925.75411 	 4339.83248 	    0.00000 	 2545.57084 	 32627.18053 	 6506.76830 	 4560.57686 	 2851.59271 	 10401.95595 	 13494.71848 	 4325.47311 	 2407.63747 	 14277.27215 	 
7166.69631 	 3598.30165 	 2482.43825 	 13909.80184 	 1509.06965 	 2381.46775 	 15909.39207 	 2166.02629 	 3806.04703 	 25911.79871 	 2847.38179 	 8986.99206 	 4506.30834 	 9239.08252 	 1985.02049 	    0.00000 	 17427.28311 	 5734.81722 	 1099.87270 	 2213.70409 	 5791.17992 	 6887.62453 	 2393.88331 	 4163.70401 	 5724.65293 	 
55698.49159 	 31759.71199 	 204355.38980 	 130307.20460 	 19050.21567 	 60083.09865 	 32893.47316 	 22913.85827 	 74414.00500 	 34783.45614 	 21495.95060 	 99966.83723 	 13122.87006 	 169463.33483 	 20710.98717 	 18907.71208 	    0.00000 	 7629.99258 	 10128.93350 	 67641.29624 	 37440.43036 	 57985.90445 	 15818.30299 	 32332.07662 	 116908.11354 	 
11327.94522 	 7229.43748 	 36569.51949 	 35711.23674 	 5531.54779 	 17269.75153 	 8435.18836 	 4651.74053 	 16578.64400 	 5394.08456 	 3341.05728 	 22261.76779 	 3931.05556 	 21676.05203 	 6563.40733 	 4397.32387 	 10781.93083 	    0.00000 	 2368.53695 	 38534.15002 	 9248.11174 	 15100.62086 	 3495.37351 	 6012.20032 	 14746.66702 	 
1264.05714 	  998.40831 	 2857.39928 	 15530.89993 	 1312.28101 	 2752.34214 	 6408.65110 	 9681.46115 	 5324.20066 	 2571.63631 	 3123.44746 	 28787.91757 	  768.54058 	  918.45097 	 3903.14048 	  855.41957 	 7987.80570 	 3129.52812 	    0.00000 	 1738.59053 	 4821.22789 	 11526.68432 	 2838.06996 	  421.78926 	 3809.98553 	 
6102.54732 	 7644.41176 	 16990.71476 	 24870.14416 	 5180.29561 	 4881.38171 	 2163.41417 	 3285.41195 	 8382.15279 	 4649.76946 	 1772.89736 	 12377.58521 	 1445.21079 	 12357.37954 	 2618.94483 	 1663.46679 	 65083.49737 	 24123.77567 	 1957.68289 	    0.00000 	 6135.36940 	 8355.79936 	 1865.04725 	 6191.32372 	 15008.43045 	 
5796.72592 	 4173.68092 	 7713.75136 	 31240.69903 	 5224.55655 	 7479.88208 	 12172.67794 	 5919.58604 	 12579.32216 	 5610.66903 	 16072.25166 	 16352.37604 	 7835.87144 	 7520.85854 	 9293.40597 	 4229.62975 	 43962.75516 	 7870.30439 	 4315.73103 	 4481.79718 	    0.00000 	 8313.40391 	 3254.78297 	 4913.73427 	 11385.67956 	 
8247.30013 	 7856.22899 	 21143.73536 	 31582.60922 	 4005.54465 	 4738.12431 	 12463.46285 	 19296.70537 	 12534.83766 	 9150.46940 	 5941.46028 	 117137.65118 	 3696.93036 	 7575.66646 	 9159.90784 	 6494.50785 	 83612.55233 	 19094.61260 	 8265.32886 	 7385.93027 	 12588.39786 	    0.00000 	 45797.43595 	 2978.08476 	 20902.91270 	 
2906.09184 	 4402.37679 	 3013.91186 	 16475.63974 	  867.33382 	 1741.32066 	 4353.92534 	 8527.54099 	 4422.36832 	 2904.87228 	 2325.33436 	 31477.46809 	  777.66698 	 1579.46102 	 6752.88003 	 2488.59636 	 10560.76885 	 4712.53929 	 2475.29564 	 2050.86218 	 3220.64548 	 42691.56616 	    0.00000 	 1084.55788 	 4115.05181 	 
12460.68978 	 2600.04642 	 7097.52968 	 16095.92235 	 4838.22380 	 8138.98931 	 1908.76216 	  961.43465 	 14758.85593 	 2471.35447 	 1882.07557 	 4615.13975 	 1934.47485 	 26721.87345 	 2289.51214 	 4517.69983 	 32392.43777 	 6170.50817 	  548.18589 	 5391.14991 	 2872.29382 	 2293.57567 	  666.12091 	    0.00000 	 7263.81373 	 
17097.35309 	  602.81004 	 52003.14197 	 35544.90478 	 7397.74016 	 16798.07434 	 9193.52918 	 10397.19530 	 15557.43945 	 4882.31585 	 6120.18683 	 28296.62301 	 5414.29696 	 22202.77548 	 12291.95520 	 5652.45611 	 174493.75834 	 13871.18831 	 4089.93640 	 15515.86934 	 11637.37898 	 25023.71954 	 5371.91175 	 7473.95439 	    0.00000 	 
   0.00000 	  432.46729 	  668.41281 	  575.13811 	  280.83928 	  499.11974 	  862.66000 	 1383.18575 	  672.68482 	  553.34725 	  660.30166 	 1575.11222 	  252.71892 	  712.80996 	 1008.64961 	  378.82411 	  664.12631 	  834.65290 	 1219.20739 	  470.77916 	  627.73624 	 2056.44429 	 1607.92431 	  451.66343 	  488.98990 	 
 712.17183 	    0.00000 	  423.33970 	  599.63681 	  365.21073 	  321.22891 	  979.77225 	 1273.01785 	  405.23584 	 1444.35953 	  915.60252 	 2549.66776 	  677.07245 	  940.14799 	  729.86167 	  786.53932 	  158.11590 	   93.32370 	 2229.57520 	  244.19092 	  579.54963 	 2381.25984 	 2884.74703 	  756.34184 	   29.49554 	 
 812.14647 	  432.68890 	    0.00000 	  642.15848 	  792.64644 	  483.55129 	 1200.52538 	 2262.70266 	  679.45921 	 1532.74650 	 1585.92346 	 2770.15466 	 1009.36467 	 1025.58727 	  902.58339 	 1059.18424 	  162.60411 	  230.35454 	 1704.78393 	  632.88232 	 1157.26857 	 2266.28913 	 2865.15797 	  965.22784 	  335.64604 	 
 664.74670 	  740.77348 	 1072.18522 	    0.00000 	  267.63764 	  342.52918 	  852.91978 	  953.71294 	  292.41036 	  907.07700 	  338.01751 	 1523.14171 	  564.54921 	 1006.47424 	  334.49341 	  617.73857 	  723.60602 	  571.19607 	 1196.02374 	  313.79943 	  331.66229 	 2192.29503 	 1656.02761 	 1075.09332 	  524.36935 	 
 327.75896 	  331.85710 	  670.23725 	  268.14471 	    0.00000 	  235.63950 	  886.26683 	 1290.73723 	  202.76673 	 1107.35770 	  428.26965 	 1369.23856 	  294.58173 	  756.57694 	  441.66396 	  603.72218 	  683.83889 	  655.08453 	 1376.80104 	  255.35595 	  233.41190 	 2078.80304 	 2010.24971 	  793.31104 	  409.63649 	 
 670.84727 	  366.88173 	  587.76971 	  246.98623 	  184.83798 	    0.00000 	 1201.54775 	 1534.07182 	   74.58378 	 1267.13307 	  854.98001 	 2061.47017 	  553.91234 	 1254.62496 	  518.42028 	  958.95042 	  426.26226 	  358.11884 	 1645.40620 	  122.80592 	  386.00064 	 2024.64752 	 2461.68613 	 1160.59959 	  375.46190 	 
 733.58359 	  977.77580 	 1622.33269 	  935.57855 	  802.85280 	  930.98119 	    0.00000 	  509.91356 	 1051.02972 	  252.59155 	  550.82569 	  949.06432 	  445.23297 	 1388.20025 	  772.13559 	  487.59178 	 1732.90281 	 1038.91020 	  985.36460 	 1157.77993 	  518.76653 	 1695.56822 	 1422.21038 	  765.77258 	 1242.88566 	 
1233.19898 	 1055.16382 	 1926.47847 	  652.98626 	  931.17427 	 1118.72936 	  672.12028 	    0.00000 	  948.50035 	  780.54469 	  451.06340 	  875.56460 	  807.52498 	 1685.97992 	  765.84111 	  927.04430 	 1139.63601 	 2001.79962 	  549.86403 	 1544.60191 	  735.02753 	  954.55051 	  735.40540 	 1497.40532 	 1574.99451 	 
 457.64764 	  297.74704 	  735.63625 	  216.76886 	  196.63066 	  106.67581 	  908.20190 	 1480.21494 	    0.00000 	 1414.70141 	  535.64308 	 2061.27447 	  461.10732 	 1455.15426 	  443.60171 	 1011.56190 	  383.77345 	  428.13348 	 1411.75489 	  186.00664 	  451.85641 	 1543.76646 	 1509.75301 	 1165.40642 	  374.26439 	 
 574.48281 	  969.31458 	 1481.17102 	 1158.48083 	  791.46661 	  794.73520 	  234.93623 	 1048.39789 	 1293.84322 	    0.00000 	  658.35712 	 1084.80605 	  340.77202 	  896.16769 	 1112.49003 	  306.81316 	 1818.81203 	  977.25160 	  827.60663 	 1426.20643 	  786.26752 	 1330.59002 	 1381.82368 	  666.16681 	 1244.74539 	 
 654.97632 	  829.69522 	  961.98882 	  296.94586 	  471.14252 	  851.29915 	  519.49925 	  536.06871 	  756.25903 	  794.90950 	    0.00000 	 1556.74085 	  380.00856 	  958.06177 	  418.35160 	  847.89540 	 1265.79422 	  941.20067 	  797.25892 	  913.55854 	  195.36329 	 1573.34508 	 1732.88392 	 1048.90365 	  909.15353 	 
1837.54839 	 2793.51761 	 2141.20632 	 1803.65266 	 2066.47372 	 1995.52058 	 1573.15640 	  667.96581 	 2306.60710 	 1759.60147 	 1400.87606 	    0.00000 	 1851.32287 	 2307.64707 	 1121.27954 	 1801.92249 	 1895.81320 	 1697.09579 	  351.47387 	 2646.91769 	 1978.05560 	  353.63802 	 1242.13898 	 2077.78348 	 1932.98611 	 
 318.63189 	  669.90363 	  829.68374 	  602.02645 	  359.97473 	  629.17025 	  341.18572 	  925.83347 	  626.57111 	  528.94115 	  414.11621 	 1628.04312 	    0.00000 	  879.02616 	  521.49719 	  324.77901 	 1220.91869 	  734.52983 	 1468.36185 	  513.57114 	  251.51981 	 2079.27368 	 1492.55372 	  622.36134 	  784.31443 	 
 736.09276 	  754.54646 	 1627.90100 	 1038.18715 	 1058.19087 	 1160.66112 	  834.12519 	 1868.94098 	 1257.94181 	  687.98155 	 1505.36012 	 2330.31488 	 1013.27556 	    0.00000 	 1670.77733 	  726.61284 	 1058.59047 	  783.16689 	 2418.16654 	  710.91840 	 1273.95769 	 3022.68514 	 3384.27790 	  206.34677 	  652.05125 	 
 758.64241 	  708.11173 	 1109.53132 	  254.17125 	  434.55282 	  476.82659 	  877.48471 	  871.19760 	  606.93033 	  846.85594 	  303.93042 	 1865.81262 	  761.65934 	 1210.42578 	    0.00000 	  911.80588 	 1118.97695 	 1158.00591 	  945.65829 	  603.08187 	  561.85507 	 1270.97269 	 1287.19595 	 1115.89918 	  671.53987 	 
 372.10244 	  982.94014 	 1575.69200 	  886.30079 	  525.87464 	  900.61947 	  325.11245 	 1329.04421 	  831.50912 	  342.16656 	  588.29611 	 1327.12228 	  247.14977 	  596.49159 	 1009.85419 	    0.00000 	 1215.46454 	  925.54452 	 1160.84537 	  797.19733 	  728.56109 	 2308.23573 	 2208.18175 	  482.48240 	 1209.91277 	 
 537.47129 	  140.29034 	  243.29332 	  735.35592 	  637.13329 	  286.68476 	  986.16674 	 1590.56446 	  402.43075 	 1578.91029 	 1183.25239 	 2327.72471 	 1056.90665 	 1357.65839 	 1175.52357 	 1513.33239 	    0.00000 	   62.48207 	 2369.23594 	  388.40062 	  853.33593 	 1870.80966 	 2212.56699 	  950.69995 	  214.39466 	 
 867.98064 	   97.67306 	  280.92787 	  527.05034 	  416.68344 	  381.87605 	 1181.84220 	 2040.50237 	  485.98277 	  981.03583 	 1111.44482 	 2960.73230 	 1056.11097 	  726.77701 	 1171.61084 	 1322.71545 	   66.38112 	    0.00000 	 2007.41811 	  264.47645 	  874.38017 	 1910.05225 	 2109.46133 	  947.84156 	  165.64901 	 
1498.86818 	 1549.90874 	 1860.89858 	 1171.83763 	 1776.93595 	 1905.11151 	 1012.38831 	  623.07074 	 1777.52462 	 1182.07118 	  780.85118 	  390.05895 	 1529.85564 	 2374.36726 	 1408.17898 	 1217.43382 	 2578.81359 	 1923.26301 	    0.00000 	 2066.23714 	 1105.29381 	  532.60595 	 1330.58063 	 2221.01374 	 1458.84135 	 
 462.94318 	  187.99830 	  546.88160 	  361.77331 	  182.67129 	   73.49316 	  831.66978 	 1483.43266 	  191.72165 	 1448.04202 	  814.25265 	 2325.46384 	  678.59883 	 1064.60243 	  593.59630 	  679.82275 	  388.69978 	  352.78396 	 2262.71142 	    0.00000 	  499.80099 	 2611.61125 	 2236.96966 	  779.21849 	  193.03931 	 
 346.59637 	  929.56331 	 1291.31033 	  194.80421 	  301.02900 	  349.46494 	  628.70491 	  991.07477 	  367.28105 	  697.03880 	  225.12947 	 1910.74830 	  294.23933 	  955.39893 	  569.76987 	  486.96857 	  974.05938 	  697.05423 	 1489.02833 	  569.88772 	    0.00000 	 1312.92595 	 1580.94060 	  697.60980 	  759.62208 	 
2327.43333 	 2786.30554 	 3077.71537 	 1876.75022 	 1687.45072 	 1797.30890 	 1565.38041 	  717.70846 	 1847.78275 	 1191.11178 	 1146.70941 	  366.03049 	 1359.20163 	 3226.60024 	 1941.49182 	 1704.43201 	 2012.94630 	 1916.20235 	  812.69344 	 2518.83875 	 1674.29871 	    0.00000 	  803.08443 	 2190.19964 	 2641.79073 	 
2351.78058 	 2456.10376 	 2687.58814 	 1712.82280 	 1936.78199 	 2450.50146 	 1612.32731 	 1133.38183 	 1997.55242 	 2152.22777 	 1817.73780 	 1034.66653 	 1749.80927 	 3149.99342 	 1340.46468 	 2244.71598 	 2472.87081 	 2235.87552 	  987.85169 	 2194.39815 	 1525.27689 	  881.56591 	    0.00000 	 2449.11093 	 2980.77122 	 
 384.18838 	  738.62510 	 1392.32074 	 1248.40989 	  863.42705 	 1077.19983 	 1141.48714 	 1123.10045 	  952.87594 	  762.91250 	 1009.77384 	 1865.90773 	  787.35699 	  242.04154 	 1628.01475 	  481.12640 	  749.35315 	  813.32100 	 2138.00445 	  709.33871 	  718.84878 	 1775.53774 	 2467.27433 	    0.00000 	  919.76495 	 
 607.70543 	   40.27405 	  402.83395 	  644.68859 	  384.65069 	  294.87281 	 1111.98963 	 1325.43612 	  413.78511 	 1033.35165 	  941.31993 	 2938.25221 	  605.67191 	 1053.83672 	  757.32858 	  726.12283 	  264.21440 	  108.54130 	 1798.19411 	  214.42225 	  631.14637 	 2529.48900 	 1986.60729 	  722.99501 	    0.00000 	 
   0.00000 	 6936.65315 	 7418.30264 	 21666.69364 	 3798.32359 	 6241.37140 	 13734.64445 	 1656.82949 	 9385.77236 	 5830.76112 	 3350.03438 	 11923.26298 	 10155.62822 	 22990.04241 	 2853.25971 	 12654.27968 	 58848.71753 	 14566.83167 	 1694.47236 	 6586.54471 	 6912.14740 	 8493.79017 	 2060.68002 	 9602.77043 	 11412.51056 	 
7508.31215 	    0.00000 	 11842.90486 	 15600.68832 	 2672.97880 	 4063.93607 	 5005.03492 	 2581.58795 	 6830.35658 	 5396.73603 	 2605.35592 	 6429.40226 	 1253.98112 	 5847.86957 	 1315.46811 	 6436.19920 	 22693.95750 	 6057.96796 	  978.44907 	 9745.04224 	 3763.01468 	 9459.85402 	 3405.50677 	 1432.95005 	  679.12629 	 
7416.98230 	 13188.38441 	    0.00000 	 30425.21673 	 7166.61084 	 13777.45354 	 4634.58221 	 5361.74686 	 13769.58630 	 3040.70621 	 3387.64678 	 23945.92402 	 1638.82550 	 21886.34616 	 8333.08003 	 3671.11614 	 176032.21736 	 43649.85668 	 2731.94808 	 9773.39135 	 7825.60702 	 16876.76636 	 3408.62327 	 8090.27845 	 48272.56177 	 
17598.03041 	 16036.64834 	 36487.25833 	    0.00000 	 15690.31150 	 40029.96028 	 24838.41614 	 31578.72268 	 37259.70352 	 16760.19300 	 27419.36592 	 59821.15204 	 9646.58334 	 34530.09615 	 40544.00826 	 17539.24682 	 184521.91563 	 39320.21986 	 14266.64509 	 19964.03983 	 44150.29412 	 40179.91621 	 12469.24354 	 20200.94920 	 41934.61504 	 
4990.22856 	 2507.98482 	 4658.17893 	 24485.65514 	    0.00000 	 8006.93112 	 3946.32154 	 1114.30966 	 5034.99966 	 2026.49008 	 2003.80491 	 4500.52779 	 1881.39479 	 5193.46931 	 1887.50124 	 1299.27807 	 18611.56043 	 4474.86997 	  901.24535 	 3878.43279 	 6509.21989 	 3720.68667 	 1278.81179 	 4679.97706 	 5141.21696 	 
7878.78108 	 4761.73145 	 17407.78442 	 37285.09475 	 6161.49360 	    0.00000 	 4716.62967 	 4378.80351 	 9669.62154 	 3652.86028 	 2164.32826 	 16004.89342 	 2199.37756 	 14689.70670 	 4366.04460 	 1594.46487 	 68198.12829 	 12379.40425 	 3554.79340 	 6104.87924 	 8701.08828 	 5358.35131 	 1613.59644 	 7831.16569 	 15791.62497 	 
14396.89626 	 3026.66597 	 7089.17346 	 18887.51760 	 3128.95751 	 6013.28161 	    0.00000 	 8395.44072 	 6237.34536 	 28712.67588 	 12439.07658 	 19191.82308 	 6216.31124 	 7490.16213 	 5348.30023 	 11647.35767 	 22954.40151 	 7678.15870 	 4192.21412 	 2296.53414 	 11023.05524 	 13162.11805 	 5592.21884 	 3104.64972 	 11025.48732 	 
1768.47207 	 2300.49748 	 4386.20916 	 35039.22773 	 1287.77403 	 4157.56766 	 11445.08946 	    0.00000 	 4513.89480 	 5653.00623 	 13662.61345 	 25399.81306 	 1328.36586 	 4105.89978 	 6632.37632 	 2845.18560 	 20731.24755 	 6462.10793 	 9281.97410 	 3166.01499 	 5221.66745 	 20708.08214 	 6249.24613 	  903.54898 	 9078.65304 	 
10808.15213 	 7708.41544 	 16501.23046 	 52489.71884 	 6226.51718 	 12932.45103 	 5879.40702 	 4955.73564 	    0.00000 	 4100.60247 	 4037.90309 	 25385.51905 	 6211.97586 	 21363.14882 	 8239.54092 	 4908.16846 	 64736.44796 	 19126.20783 	 3739.58464 	 13721.92165 	 8672.22558 	 14498.05295 	 4911.44423 	 13739.39555 	 22315.58770 	 
8515.47599 	 4610.32103 	 4304.68161 	 13917.62898 	 1795.96857 	 3062.62052 	 40784.48349 	 6042.57629 	 4332.65934 	    0.00000 	 5644.66949 	 18415.13607 	 3522.99932 	 6824.37713 	 1965.38078 	 20192.02195 	 21986.40283 	 6202.38882 	 2752.25484 	 2674.68722 	 5460.25123 	 7944.67207 	 2334.41392 	 2145.28601 	 5791.57374 	 
2491.41066 	 2839.93897 	 3089.35660 	 36733.93596 	 1854.83823 	 2801.99560 	 13028.18500 	 12451.27515 	 5058.86826 	 3987.86312 	    0.00000 	 15903.55602 	 2333.64507 	 2986.66341 	 6522.69897 	 2234.87827 	 21645.82906 	 4262.32439 	 2823.90936 	 2382.28200 	 15656.84206 	 9807.14187 	 3923.10232 	 1652.32289 	 7153.78861 	 
10622.49302 	 6080.48174 	 26074.46409 	 73668.19851 	 7547.44176 	 12394.21732 	 22300.88915 	 37237.04208 	 23902.65887 	 16033.92841 	 11783.59900 	    0.00000 	 5299.76084 	 11739.31775 	 19315.84366 	 12482.72991 	 104195.11990 	 22255.05953 	 26131.49024 	 11702.79591 	 16043.62160 	 97165.96340 	 38810.88554 	 4771.59998 	 22658.00646 	 
9030.38976 	 1346.35311 	 1591.13649 	 11951.79812 	 1962.95823 	 1568.17595 	 5050.48385 	 1484.51086 	 5492.77611 	 4356.92562 	 3258.20028 	 5340.92553 	    0.00000 	 3160.26682 	 1038.65386 	 5778.95587 	 12249.31093 	 2146.01006 	  657.93968 	 1610.53625 	 4526.87335 	 2943.12732 	 1276.45915 	 1542.55274 	 4414.06627 	 
29134.14058 	 8176.97843 	 21158.76003 	 45069.41964 	 7779.45900 	 18285.10468 	 7802.43013 	 3285.98285 	 18151.10612 	 9072.41954 	 3868.60225 	 16733.35790 	 3966.82788 	    0.00000 	 3929.79508 	 11341.09280 	 141157.37236 	 27731.36634 	 1265.33779 	 13076.61314 	 8112.01491 	 6261.97842 	 1933.83788 	 26736.49955 	 25453.64686 	 
2541.12987 	 1050.43704 	 5278.90353 	 41511.69498 	 1840.05221 	 3746.16741 	 4187.44296 	 11164.76748 	 9593.77096 	 2983.12622 	 7623.70960 	 20779.98550 	  829.33679 	 5370.14278 	    0.00000 	 2125.94144 	 30978.31962 	 6938.53008 	 4418.88807 	 2127.76672 	 8035.69048 	 12412.46624 	 6683.90468 	 2823.00664 	 11594.46914 	 
9017.38467 	 4158.97244 	 3875.11226 	 15198.43972 	 1481.99059 	 2166.08434 	 14655.45051 	 1852.62749 	 4987.75190 	 25312.97826 	 2465.17905 	 7945.35127 	 4823.05474 	 9174.49160 	 2327.53016 	    0.00000 	 26770.50807 	 3323.38867 	  883.25067 	 1303.70313 	 4718.56276 	 5783.23455 	 2009.18743 	 2663.88752 	 4636.75455 	 
42388.95121 	 25447.24866 	 238385.47965 	 147325.04371 	 27756.43772 	 56312.63317 	 36245.66813 	 17910.96205 	 100096.25708 	 22332.34847 	 12619.80085 	 128769.38830 	 12630.53169 	 156905.65374 	 22618.97549 	 24615.02846 	    0.00000 	 11170.77016 	 8252.17656 	 61029.33645 	 42921.39800 	 56101.12000 	 14683.54503 	 28015.38016 	 211886.60309 	 
10636.14699 	 7201.36427 	 31804.60612 	 38032.65889 	 6252.69686 	 15843.06706 	 8936.79196 	 4690.43198 	 21076.12383 	 4872.91348 	 3134.51035 	 25258.71191 	 2217.72737 	 29936.63419 	 8707.32046 	 4398.99914 	 8065.55605 	    0.00000 	 3135.60684 	 38608.74092 	 9551.16401 	 18047.84093 	 4930.75979 	 7993.78043 	 10816.79378 	 
1412.59289 	  754.22187 	 2919.68389 	 12839.78131 	 1011.66395 	 2334.80561 	 6391.31458 	 6892.56974 	 5203.82154 	 1748.03840 	 2664.59340 	 27089.47219 	  690.91219 	 1319.50288 	 5989.88825 	 1109.25698 	 8949.65134 	 3071.25434 	    0.00000 	 1635.33315 	 4817.80301 	 10990.14061 	 3154.64464 	  490.50062 	 2488.69990 	 
6362.86155 	 6217.61987 	 9720.78435 	 33597.58416 	 2910.29034 	 6356.51809 	 3956.92648 	 2249.45020 	 12734.39253 	 3523.99838 	 2548.05511 	 8661.03610 	 1126.17382 	 12271.72485 	 2954.11737 	 2090.81245 	 71500.55658 	 33496.96411 	 1816.50822 	    0.00000 	 5659.55222 	 8139.38685 	 2597.00360 	 5321.59220 	 13697.29461 	 
7507.87010 	 4813.87405 	 7278.61621 	 41678.28588 	 5813.63118 	 8332.26083 	 12668.21144 	 8630.98459 	 9218.18678 	 5743.85893 	 18799.35898 	 20542.63797 	 6626.11462 	 8751.73582 	 9182.74333 	 4379.23641 	 27237.68816 	 5815.51599 	 4514.29872 	 5194.53623 	    0.00000 	 10935.23675 	 4145.32415 	 2910.41963 	 12821.24368 	 
5090.58166 	 7668.80228 	 16547.38892 	 44104.84620 	 2580.75848 	 7953.19644 	 10596.29574 	 14618.02063 	 12567.00596 	 9503.36185 	 8409.09147 	 119306.43521 	 2303.86121 	 8785.06355 	 13526.37419 	 5681.26446 	 66279.40358 	 17888.75018 	 8493.51724 	 6675.32517 	 8028.04266 	    0.00000 	 42420.04634 	 3251.23394 	 16268.20807 	 
3227.54588 	 4556.63297 	 3218.17192 	 12013.09502 	  897.04539 	 2756.38369 	 4718.12029 	 6963.70288 	 2980.71598 	 3076.44707 	 3685.43940 	 26546.07119 	  901.66297 	 1526.71134 	 5032.72043 	 2416.62174 	 11048.87319 	 3797.22051 	 2723.22128 	 1856.27707 	 3012.74962 	 25791.80729 	    0.00000 	 1193.34152 	 3839.72583 	 
12040.26110 	 1906.09169 	 8358.90505 	 14453.48026 	 3278.14394 	 7649.22106 	 2341.41092 	 1369.73174 	 11241.19156 	 2021.75896 	 1926.03910 	 4616.69167 	 1112.53669 	 23581.42491 	 3918.18839 	 4601.95627 	 36088.93788 	 6803.71251 	  558.84859 	 4912.39807 	 2726.32052 	 2698.97631 	  726.94484 	    0.00000 	 5701.27114 	 
13962.98093 	  685.69526 	 47523.31446 	 40300.01129 	 5809.29251 	 12781.94807 	 10879.12859 	 5921.57561 	 21997.11476 	 4254.58152 	 5205.39895 	 25368.19025 	 4203.03587 	 14793.51198 	 12493.98878 	 4593.66489 	 155674.75759 	 11034.66050 	 2982.59868 	 12531.77930 	 8564.96422 	 16115.25310 	 6304.81519 	 6345.18603 	    0.00000 	 
   0.00000 	  550.09811 	 1056.98650 	  556.56907 	  349.64904 	  416.21686 	  528.47502 	 1292.75925 	  505.75636 	  527.36735 	  735.88125 	 1919.45986 	  276.11700 	  534.15742 	 1080.43689 	  428.69376 	  757.55898 	  747.91104 	 1711.87612 	  588.92730 	  566.12781 	 2203.62098 	 2614.96762 	  514.40559 	  446.88261 	 
 466.65501 	    0.00000 	  259.62738 	  745.53236 	  400.94201 	  395.43951 	  840.77580 	 1907.47113 	  411.64888 	 1530.16455 	  758.15139 	 2225.58205 	  967.45260 	 1036.90838 	  708.29809 	 1222.76803 	  193.07503 	  117.58556 	 2440.95844 	  239.90418 	  772.18892 	 3015.86759 	 2478.88990 	  865.29563 	   36.54198 	 
1046.78712 	  325.78398 	    0.00000 	  636.66473 	  881.54472 	  665.79444 	 1488.74892 	 1514.47971 	  557.04513 	 1506.18871 	 1079.13126 	 2244.78117 	 1476.80353 	 1192.40762 	  806.01332 	 1069.21744 	  184.13944 	  324.41396 	 2131.02858 	  583.91028 	 1340.14804 	 2753.95329 	 2476.47339 	 1376.57289 	  485.90212 	 
 584.06924 	  509.25033 	  949.61907 	    0.00000 	  279.04047 	  322.51703 	  583.54195 	  794.12814 	  236.88868 	 1067.93467 	  430.58708 	 1460.79344 	  546.10452 	  907.08956 	  371.89217 	  675.44910 	  876.13865 	  501.29998 	 1345.94862 	  482.41207 	  290.17259 	 2165.92352 	 2142.72319 	 1001.67947 	  446.12762 	 
 395.00126 	  466.22101 	  683.67675 	  256.20046 	    0.00000 	  263.25891 	  915.37225 	 1009.09410 	  210.92013 	 1137.92714 	  640.48070 	 1514.15505 	  283.36374 	  808.42246 	  593.96262 	  834.19677 	  621.71304 	  641.04248 	 1898.48440 	  305.66430 	  303.71952 	 2280.84110 	 2185.48933 	  565.83952 	  334.56880 	 
 676.02354 	  238.19881 	  489.19442 	  375.36934 	  184.07877 	    0.00000 	 1065.08349 	  971.56024 	   71.13025 	 1336.67611 	  687.64901 	 1580.90102 	  468.74973 	  779.10789 	  454.36120 	  708.91836 	  421.35346 	  406.53296 	 2260.57007 	   96.45226 	  517.92551 	 2044.38044 	 2385.69109 	  810.90205 	  281.77106 	 
 753.76578 	 1233.77703 	 1431.14945 	  913.92628 	  868.43137 	  943.69654 	    0.00000 	  565.61170 	  773.72249 	  200.28516 	  420.87703 	 1467.35622 	  288.80162 	  819.03607 	  912.17314 	  548.18442 	 1639.99350 	 1005.81113 	 1013.38555 	 1132.56997 	  686.84773 	 1320.54599 	 1596.16940 	  723.99888 	 1018.99168 	 
1215.25185 	 1621.59385 	 1240.69609 	  636.52780 	 1358.95441 	 1392.46489 	  566.18457 	    0.00000 	 1404.13947 	  756.37166 	  584.70036 	  849.78682 	  621.53006 	 1569.13603 	  489.04019 	  997.95392 	 1387.41803 	 1454.45129 	  633.30389 	 1655.96926 	  613.76306 	 1151.55784 	 1237.56944 	 1798.66699 	 1461.92525 	 
 727.50157 	  446.46318 	  589.71309 	  181.63410 	  201.94645 	  115.23610 	  746.08282 	 1188.36612 	    0.00000 	 1017.76217 	  625.84537 	 2199.92405 	  469.22723 	 1356.57269 	  572.82506 	 1013.53188 	  486.95495 	  477.44241 	 1380.47121 	  235.48496 	  377.99334 	 1695.30110 	 1579.88979 	  811.68091 	  444.00970 	 
 515.31859 	  942.26970 	 1154.82156 	  840.96493 	  880.38835 	 1126.87331 	  225.13927 	  712.75582 	 1172.76884 	    0.00000 	  503.12358 	 1516.48166 	  510.43998 	  720.90636 	 1088.86378 	  228.28628 	 1625.56503 	  945.72605 	 1021.64977 	  862.07469 	  770.50800 	 1480.20119 	 1799.80462 	  765.70469 	 1026.16295 	 
 792.25728 	 1099.78010 	 1163.75848 	  291.56677 	  412.55185 	  876.34929 	  452.27819 	  682.18949 	  551.96613 	  640.65514 	    0.00000 	 1338.28683 	  319.47599 	 1212.74969 	  337.02245 	  602.23225 	 1400.93256 	 1000.37700 	  948.22787 	  791.44701 	  201.42988 	 1140.33674 	 1332.83193 	 1217.81638 	 1096.79766 	 
1901.36547 	 2253.57007 	 2771.23196 	 1604.49104 	 1551.93329 	 1624.96967 	  947.70976 	  737.09088 	 2357.35331 	 1690.35673 	 1715.81069 	    0.00000 	 1442.40530 	 2881.73756 	 1425.92796 	 1498.31458 	 2618.00376 	 2180.06788 	  290.87442 	 1793.07676 	 1681.47132 	  378.87114 	 1169.49349 	 2236.04421 	 2706.84865 	 
 379.08062 	  793.63776 	  805.73204 	  377.92273 	  364.74349 	  604.41025 	  434.73438 	  872.00425 	  606.64541 	  340.19357 	  360.82314 	 1278.25699 	    0.00000 	  893.76563 	  796.05671 	  412.84598 	  968.01076 	  653.29839 	 1156.76565 	  734.12930 	  317.58697 	 2175.49062 	 1551.50782 	  697.78319 	  935.04820 	 
 716.89053 	  831.71144 	 1073.41500 	 1343.06281 	  694.88841 	 1172.01300 	 1266.93060 	 2131.35896 	 1381.58348 	 1078.79782 	 1298.16685 	 2534.74169 	 1070.12047 	    0.00000 	 1767.57968 	  602.45330 	 1333.31256 	 1289.79504 	 2452.82933 	 1101.92848 	 1337.86671 	 2853.64773 	 2840.17929 	  202.67646 	 1068.85292 	 
1153.94585 	  907.36943 	 1259.76642 	  377.93311 	  747.89335 	  617.23200 	 1107.20244 	  576.38227 	  487.35757 	 1022.26364 	  440.08051 	 1792.82748 	  580.09215 	 1152.74232 	    0.00000 	 1320.66040 	  868.62416 	 1210.36504 	  921.19478 	  637.87444 	  337.75310 	 1469.46891 	 1544.67246 	 1593.00277 	  913.43220 	 
 319.37064 	  732.92332 	 1418.79336 	 1073.72906 	  780.68737 	  844.12620 	  323.42191 	 1322.02927 	  713.04038 	  257.26363 	  666.93105 	 1251.43846 	  334.76155 	  662.07522 	 1056.79577 	    0.00000 	 1291.02652 	 1237.59021 	 1617.35308 	  914.16295 	  685.78157 	 1503.95036 	 2306.08451 	  347.78684 	 1006.89066 	 
 911.54686 	  174.04750 	  177.18569 	  581.04003 	  706.02531 	  432.89942 	 1738.27611 	 1457.49043 	  481.44314 	 1264.33197 	 1213.33828 	 2328.45634 	  845.74843 	  869.81193 	 1104.73644 	 1405.94680 	    0.00000 	  107.42804 	 2427.38210 	  357.79155 	 1052.18827 	 1855.87233 	 2500.56552 	  735.41395 	  175.46249 	 
 547.82786 	   88.23215 	  342.52305 	  855.09621 	  398.72026 	  376.95143 	 1113.51807 	 1680.33669 	  494.01003 	 1380.86703 	 1117.20422 	 2409.94173 	  737.80317 	 1050.77282 	  738.19521 	  854.77995 	   83.23488 	    0.00000 	 1918.60616 	  351.11633 	  724.54373 	 3092.78486 	 2347.94392 	 1093.82430 	  156.98250 	 
1224.73194 	 1739.27867 	 2305.46196 	 1871.70131 	 1277.34258 	 2056.97234 	  681.73687 	  582.38215 	 1478.37144 	  863.97013 	 1008.86761 	  336.78934 	 1384.54562 	 2347.51470 	 1304.93584 	 1431.81921 	 1808.83029 	 2695.97391 	    0.00000 	 1756.68771 	 1453.54628 	  723.29034 	 1216.04234 	 1423.82406 	 2146.65103 	 
 449.32036 	  193.22787 	  439.07021 	  500.98701 	  303.98374 	   94.75822 	  797.07418 	 1362.72000 	  151.63358 	 1392.90320 	  847.39348 	 1916.68490 	  477.26113 	  905.74800 	  587.81295 	  714.97894 	  274.79709 	  198.78867 	 1929.63333 	    0.00000 	  551.77912 	 1696.12150 	 2326.49863 	  844.75231 	  211.02229 	 
 423.12081 	  565.26252 	 1185.83371 	  289.33163 	  227.66185 	  543.18193 	  606.86353 	  881.01806 	  328.99358 	  559.98352 	  162.85844 	 1495.99137 	  238.72838 	  784.80742 	  513.48198 	  757.28661 	  922.98096 	  706.14041 	 1178.99661 	  471.51809 	    0.00000 	 1561.61085 	 2209.11729 	  697.34652 	  889.65761 	 
2582.89702 	 2756.38158 	 2516.04906 	 1782.21385 	 1909.13137 	 2103.90333 	 1622.94061 	  833.76100 	 2206.57895 	 1826.53717 	 1583.35327 	  469.06093 	 1583.02954 	 2238.19579 	 1285.96660 	 2010.60130 	 3265.06120 	 2066.64266 	  817.90476 	 1964.16781 	 1789.08984 	    0.00000 	  540.53494 	 2155.24471 	 2586.82793 	 
2043.57397 	 2662.65392 	 1819.40476 	 1602.25470 	 2509.01623 	 1892.36036 	 1539.39175 	 1044.72819 	 2330.00355 	 2149.90854 	 1585.57723 	  813.12317 	 2415.79645 	 2461.15360 	 1724.44444 	 1515.19429 	 2434.88568 	 3077.79451 	 1201.54033 	 1713.05009 	 1999.83162 	  658.51821 	    0.00000 	 1871.08480 	 1636.92340 	 
 304.83733 	  866.13508 	 1279.82704 	 1283.37031 	  670.65041 	  840.84151 	  922.39468 	 1445.93324 	  757.54889 	  877.50348 	 1072.16308 	 2035.79947 	  795.40775 	  183.16387 	 1272.42758 	  524.12279 	 1090.28842 	 1003.43472 	 2297.14153 	 1117.47978 	 1049.29493 	 2334.28378 	 3247.65664 	    0.00000 	 1023.34084 	 
 502.96526 	   40.47762 	  318.25861 	  655.55634 	  382.25239 	  374.95778 	 1338.78458 	 1471.23318 	  317.70027 	  872.92048 	  697.44121 	 1839.42809 	  807.01476 	  667.74966 	 1149.53072 	  876.19957 	  238.95355 	  114.50327 	 1751.79325 	  142.47871 	  668.60012 	 1744.35327 	 1812.03231 	  795.57638 	    0.00000 	 
   0.00000 	 8147.07457 	 8655.58571 	 24238.36355 	 3388.16617 	 7301.64005 	 15056.82076 	 2814.79983 	 8666.99970 	 8823.40042 	 3338.23535 	 11008.11706 	 7906.47032 	 20937.72784 	 3493.96470 	 10644.64656 	 53989.68749 	 14960.21560 	 1085.68849 	 5550.57918 	 7693.45624 	 7706.49164 	 3047.48616 	 9927.46943 	 13082.37502 	 
7021.58159 	    0.00000 	 15958.34613 	 16119.68400 	 4003.74721 	 7154.53664 	 4970.97277 	 2802.32143 	 7901.95788 	 4754.94142 	 3149.28198 	 9397.78128 	 1408.02388 	 5721.16791 	  963.92776 	 5890.40901 	 18524.90270 	 5390.74344 	  697.60931 	 7643.87609 	 4980.15807 	 8701.47014 	 3519.63201 	 1454.02806 	  450.76359 	 
7143.22010 	 12671.25554 	    0.00000 	 45128.77627 	 5671.50287 	 10238.04693 	 5572.92842 	 4757.55125 	 15199.45465 	 4406.69571 	 3371.99183 	 17588.10682 	 1583.43182 	 26806.30722 	 4566.29366 	 4177.67674 	 197254.44523 	 43166.61238 	 2943.71656 	 10181.98968 	 5998.21654 	 16335.40990 	 3114.79566 	 5750.32528 	 57464.15793 	 
21164.04212 	 12738.44854 	 27784.02355 	    0.00000 	 23978.58436 	 35401.52314 	 20610.81075 	 19573.33285 	 41328.32209 	 12389.80738 	 25439.79537 	 51878.83157 	 11704.24271 	 32253.97522 	 66102.31188 	 14458.37933 	 126419.68554 	 46097.13858 	 14397.50897 	 31317.23709 	 53631.38156 	 25806.99136 	 15506.60341 	 12344.81913 	 41718.49773 	 
5635.71598 	 2596.06746 	 5497.06942 	 18877.80632 	    0.00000 	 8609.77256 	 2514.42090 	 1327.52945 	 9253.55821 	 1403.08588 	 2820.17519 	 7339.79613 	 2389.47577 	 5114.32597 	 2268.68463 	  992.03521 	 18999.97810 	 4535.61356 	 1301.25929 	 3505.63800 	 5307.95758 	 3898.97615 	 1130.58052 	 3652.89219 	 7910.90231 	 
6322.41888 	 6544.04283 	 9921.41045 	 39614.38787 	 8698.92917 	    0.00000 	 4666.44297 	 4141.02285 	 10294.65408 	 3089.59939 	 2340.84489 	 11129.08517 	 1831.09016 	 15479.55094 	 4813.42182 	 1829.01722 	 74772.59992 	 14099.57985 	 3396.68107 	 5716.37241 	 7555.02241 	 7388.95752 	 2838.47074 	 8288.59830 	 13773.29066 	 
15154.66623 	 3664.29585 	 4978.94004 	 20726.70151 	 2628.00604 	 4547.09203 	    0.00000 	 11471.99809 	 5056.70811 	 26260.97251 	 12394.07033 	 22375.24237 	 6259.44312 	 8463.48903 	 4900.71094 	 16062.48241 	 29672.95196 	 9122.18414 	 3937.18010 	 2471.72211 	 8582.34893 	 10922.83058 	 5760.95227 	 3001.35469 	 14039.46784 	 
2571.49424 	 2527.69074 	 7185.15048 	 30194.48102 	 1920.57422 	 2778.95073 	 8805.88723 	    0.00000 	 5700.39766 	 7966.89920 	 12078.74013 	 37073.87243 	 1577.24101 	 3828.64856 	 9886.18975 	 1793.17256 	 20737.95407 	 6586.60022 	 7715.78549 	 2739.81674 	 9357.40161 	 15158.46332 	 6134.94356 	  919.04674 	 6933.16785 	 
8501.86214 	 6638.16646 	 21102.00230 	 51747.58942 	 8987.28002 	 12276.46081 	 6662.37748 	 3956.17663 	    0.00000 	 5529.42189 	 3880.27372 	 19534.47222 	 5148.71648 	 25795.96618 	 11059.12834 	 4242.43620 	 78892.73164 	 15815.23018 	 5556.48293 	 7636.44094 	 11992.63228 	 10722.09534 	 4466.54494 	 12107.57489 	 23457.30030 	 
7417.09861 	 3061.59375 	 4111.51151 	 15251.04795 	 2231.49606 	 3088.17146 	 35626.53166 	 5744.07215 	 4563.56170 	    0.00000 	 5481.87242 	 21394.26496 	 4657.51228 	 9377.75023 	 2550.93881 	 25098.85315 	 25605.28090 	 5114.32511 	 1526.41286 	 4046.04269 	 5274.90889 	 8746.76105 	 2709.41158 	 1866.01414 	 4638.18320 	 
3051.30720 	 2256.66790 	 2710.88061 	 32241.82945 	 2832.24343 	 2456.48166 	 11466.39377 	 8403.12112 	 6436.95419 	 4406.73023 	    0.00000 	 18571.39254 	 2870.43321 	 3674.42092 	 6352.29574 	 3278.68144 	 14830.82182 	 5034.91767 	 3535.81807 	 2840.67500 	 14289.99386 	 10412.96661 	 3418.98230 	 1725.42249 	 6389.64790 	 
10290.33370 	 6761.96311 	 21772.57887 	 47531.72050 	 6061.49445 	 12427.12285 	 22821.54517 	 34752.15754 	 25077.53199 	 13000.88197 	 15829.70134 	    0.00000 	 5600.22090 	 15111.63143 	 12791.79580 	 11834.49746 	 84441.58102 	 14705.32063 	 33016.57162 	 9621.01696 	 13579.01029 	 68250.53105 	 30210.43354 	 3534.09192 	 27693.79049 	 
10205.84659 	  836.94986 	 1503.77136 	 15106.49038 	 1946.32408 	 2439.13126 	 4880.53423 	 1512.03636 	 3642.55181 	 4752.88968 	 2355.54785 	 5228.71036 	    0.00000 	 3827.93615 	 1341.75700 	 5484.06366 	 8407.17802 	 2530.27220 	  851.33135 	 1441.84833 	 5677.61925 	 2529.63724 	 1271.35634 	 1385.49838 	 4912.96089 	 
16768.56135 	 9487.23959 	 23678.31307 	 37859.53284 	 7704.57298 	 19596.16557 	 8654.86800 	 2790.74932 	 21191.04150 	 8865.19679 	 4397.22692 	 17473.77847 	 3319.32364 	    0.00000 	 4069.05167 	 11199.76927 	 217317.80379 	 25669.43422 	 1295.54347 	 16179.18560 	 8650.98147 	 6691.01378 	 1873.16888 	 18422.85942 	 14753.52504 	 
3645.33386 	 1199.52529 	 4592.47661 	 36404.82104 	 2236.52436 	 5636.92608 	 4596.22752 	 7513.12678 	 8310.73393 	 2191.98132 	 5432.13973 	 17861.18700 	 1224.99909 	 5419.66934 	    0.00000 	 2344.55052 	 24451.34308 	 7582.01461 	 3569.67423 	 2789.40111 	 6233.36421 	 10607.90919 	 7991.37189 	 3672.00185 	 11799.82928 	 
11110.37573 	 5173.29844 	 4449.22425 	 13449.07970 	 1629.05064 	 1445.82884 	 16149.28718 	 3131.54481 	 4541.90075 	 24430.33317 	 2921.65438 	 8056.75020 	 5236.07169 	 10040.51949 	 2071.54622 	    0.00000 	 21757.64748 	 5649.92731 	  745.93459 	 1255.27158 	 4328.14422 	 7544.34515 	 2325.69637 	 2969.05251 	 3550.74525 	 
46544.86531 	 29034.28623 	 172709.93758 	 152007.99253 	 26282.15550 	 69417.13538 	 21444.06965 	 24586.47630 	 99522.08992 	 35948.60167 	 18194.26531 	 115720.89301 	 10022.09409 	 173483.31683 	 32133.01856 	 27565.32986 	    0.00000 	 8066.25839 	 11368.46753 	 78357.55014 	 29100.25119 	 83396.49413 	 12294.31254 	 27727.79359 	 208177.50411 	 
9156.51694 	 4686.44903 	 46883.22081 	 33191.47789 	 5379.44306 	 16255.72286 	 5392.54067 	 6605.37643 	 21532.81841 	 5229.27637 	 5155.21977 	 16083.91824 	 2405.36946 	 17620.83358 	 6077.59116 	 5455.46360 	 8967.39981 	    0.00000 	 2043.53199 	 28692.44034 	 8257.49160 	 16656.78055 	 4103.50392 	 6328.41028 	 15984.98438 	 
1426.79133 	  905.97543 	 2924.61915 	 17185.76967 	  921.59286 	 2951.80377 	 4405.03376 	 9473.39003 	 4778.93355 	 1494.43073 	 2990.00193 	 32331.83528 	  786.02715 	 1515.82332 	 4819.91340 	 1065.58532 	 14024.81365 	 2083.14562 	    0.00000 	 1784.19893 	 2742.65374 	 9910.23785 	 3904.57077 	  430.03522 	 3301.20440 	 
5143.90768 	 6299.99998 	 15550.72422 	 20630.54039 	 4392.32631 	 6466.52027 	 2309.58610 	 2938.25561 	 8016.57406 	 2517.82137 	 1632.15589 	 11193.15189 	 1118.14944 	 11740.78395 	 2910.34439 	 2109.90047 	 75488.14469 	 35475.97197 	 1515.19095 	    0.00000 	 4759.94809 	 7294.23023 	 2644.90954 	 5375.43296 	 11256.34150 	 
5691.98480 	 3482.28180 	 8465.38675 	 48888.60888 	 4730.05394 	 7518.50975 	 10655.59454 	 7540.40981 	 15313.95389 	 5559.06631 	 20511.54912 	 17511.18573 	 5353.88841 	 6876.60488 	 9058.43853 	 5183.55328 	 26904.58896 	 6554.62531 	 3488.93018 	 6406.49341 	    0.00000 	 10971.00699 	 2829.28208 	 3229.97409 	 12540.53204 	 
8051.86181 	 8981.65271 	 21341.86379 	 26521.98993 	 3372.11863 	 6672.45095 	 16209.13798 	 13648.34951 	 9312.66331 	 6898.25953 	 9062.73350 	 76025.38717 	 2405.59812 	 6036.55907 	 10728.64963 	 7933.53876 	 63219.97047 	 17316.77668 	 10216.96562 	 6594.24103 	 7235.87324 	    0.00000 	 35465.29683 	 2121.23175 	 22101.96806 	 
1987.10122 	 4779.63895 	 3465.96046 	 11149.74643 	  879.85011 	 1902.59721 	 4134.93235 	 5864.24040 	 5382.25589 	 2822.65687 	 3751.27756 	 33134.66892 	  926.06366 	 1707.55670 	 5522.50250 	 2344.56401 	 18291.88322 	 4330.30590 	 3213.49869 	 2108.61849 	 3945.85866 	 45239.71007 	    0.00000 	  716.61596 	 4484.84349 	 
8621.11854 	 2430.10507 	 6063.96351 	 13076.82746 	 4510.25764 	 6569.56224 	 2009.09657 	 1114.89543 	 13493.37686 	 2115.51034 	 2087.96140 	 4749.28403 	 1683.68625 	 19001.32489 	 3939.50952 	 3643.12414 	 27677.18964 	 6989.24880 	  480.13206 	 6702.48067 	 3982.16898 	 1838.98843 	 1166.79575 	    0.00000 	 6496.21027 	 
20200.08092 	  396.89015 	 59350.29801 	 45552.79309 	 7493.71919 	 11465.42213 	 8387.00147 	 6330.33545 	 14981.73452 	 5595.37254 	 7152.93098 	 27892.93456 	 4041.74320 	 25586.00456 	 14865.83355 	 5762.16112 	 150197.46975 	 9138.65986 	 3129.73461 	 15942.11776 	 14434.50603 	 17286.55287 	 5131.50299 	 6785.44634 	    0.00000 	 
   0.00000 	  669.52289 	  759.89430 	  657.71580 	  276.05088 	  555.70165 	  687.94163 	 1387.27902 	  620.25691 	  676.80925 	  526.82299 	 1629.29958 	  426.37011 	  497.97792 	 1157.05875 	  528.73125 	  899.99844 	  476.30179 	 1746.84248 	  492.24172 	  570.41531 	 2301.28269 	 2156.80994 	  382.42714 	  491.63352 	 
 633.32921 	    0.00000 	  461.89679 	  556.14423 	  469.94285 	  222.97865 	 1059.02659 	 1178.40809 	  450.69545 	 1318.92646 	  751.51404 	 2922.12334 	  988.16264 	 1125.59175 	 1188.00922 	 1217.14425 	  180.82742 	   94.52697 	 2251.04119 	  230.01866 	  913.11180 	 2620.93085 	 2883.10901 	  646.27955 	   45.17032 	 
1147.96579 	  330.79618 	    0.00000 	  872.43485 	  761.30960 	  590.53470 	 1130.46425 	 1883.46848 	  448.78982 	 1421.29264 	 1049.17608 	 2870.71540 	 1056.14661 	  960.13584 	 1133.91601 	 1556.99579 	  236.08256 	  201.05219 	 2751.64095 	  480.84623 	 1203.46151 	 3075.49626 	 3072.04182 	  936.01903 	  447.29075 	 
 529.44568 	  607.44274 	 1044.75751 	    0.00000 	  263.85682 	  352.24889 	  923.49375 	  682.21103 	  286.92512 	  796.40279 	  414.28642 	 1609.11003 	  447.79687 	  942.72303 	  293.28136 	  845.69805 	  611.15934 	  630.02309 	 1020.78209 	  429.66213 	  297.99817 	 2151.14259 	 1855.22558 	  834.87816 	  510.33202 	 
 300.22594 	  479.77518 	  969.30716 	  252.78529 	    0.00000 	  190.32342 	  579.75802 	  907.65823 	  201.33793 	  649.66777 	  526.48775 	 1575.01740 	  493.14849 	  806.80035 	  700.37180 	  813.64424 	  432.40907 	  640.34972 	 1938.36128 	  317.39607 	  229.89534 	 1814.81227 	 1989.48786 	  545.89292 	  474.06228 	 
 603.02269 	  362.28487 	  651.76968 	  241.66534 	  272.87570 	    0.00000 	  814.17381 	 1052.93082 	   91.72158 	 1136.72454 	  688.09658 	 2141.52532 	  784.68532 	 1367.23607 	  648.07984 	 1163.39845 	  342.35978 	  365.84215 	 2023.72009 	  119.74896 	  433.63899 	 2489.62563 	 2009.32486 	  832.53105 	  339.56390 	 
 652.77474 	 1151.97508 	 1173.45278 	  664.48009 	  720.59318 	  832.39736 	    0.00000 	  673.60429 	 1246.48630 	  284.02780 	  380.64189 	 1046.32780 	  473.06136 	 1303.85740 	  765.62963 	  410.00287 	 1570.86843 	 1292.67957 	  654.68760 	  850.21168 	  590.83915 	 1578.10325 	 1507.78194 	  673.20340 	 1084.12218 	 
1458.20570 	 1916.05142 	 2283.59546 	 1027.70787 	  878.26798 	 1133.50350 	  556.05297 	    0.00000 	 1478.07275 	 1035.34079 	  632.85875 	  688.37165 	  647.24643 	 1297.96214 	  801.35704 	  972.37900 	 1300.13611 	 1431.27321 	  517.75407 	 1241.72394 	  656.45938 	  710.03891 	  759.46020 	 1772.58244 	 1262.87801 	 
 723.99097 	  433.94146 	  586.78369 	  214.31714 	  188.45807 	  112.55492 	 1209.46335 	  850.37490 	    0.00000 	  791.75154 	  547.99365 	 2520.59830 	  571.44836 	 1480.06244 	  659.84498 	  961.96280 	  364.32000 	  566.34940 	 1658.71095 	  167.92376 	  551.44589 	 2020.23471 	 1361.19359 	  973.85429 	  306.95383 	 
 768.06744 	  969.13363 	 1294.09721 	  867.19526 	  632.15063 	 1029.16774 	  220.36187 	  614.31978 	 1295.52096 	    0.00000 	  670.41731 	 1554.33777 	  439.05806 	  745.19235 	 1259.36060 	  236.85253 	 1337.26041 	 1622.50805 	  849.26541 	 1439.77439 	  661.21336 	 1458.62510 	 1457.87176 	  770.59576 	 1150.23430 	 
 670.11839 	  933.85829 	 1466.48132 	  371.48341 	  528.41342 	  523.76209 	  341.70391 	  474.40351 	  561.54266 	  454.77980 	    0.00000 	 1734.14879 	  475.61348 	  918.01767 	  331.27269 	  561.44958 	  960.55918 	  893.73046 	 1246.64894 	  949.63111 	  211.51922 	 1267.77265 	 1197.22152 	 1146.07351 	  998.17797 	 
2403.64833 	 2639.92488 	 3289.01517 	 1470.76770 	 1531.02258 	 2229.51595 	  899.61877 	  630.50860 	 2079.17541 	 1752.52842 	 1159.95380 	    0.00000 	 1247.40078 	 1670.44485 	 1214.07365 	 1805.82209 	 2658.09139 	 2638.07219 	  431.76196 	 2012.46419 	 1259.80440 	  339.95961 	  876.11045 	 2310.64021 	 2098.99925 	 
 382.46680 	  726.31978 	 1381.52025 	  477.65308 	  419.23399 	  519.72601 	  411.53004 	  835.75130 	  775.76520 	  395.77173 	  422.40143 	 1150.78434 	    0.00000 	  975.94595 	  649.16100 	  404.55849 	  860.81377 	 1048.22499 	 1501.47817 	  593.31595 	  260.31937 	 2228.80221 	 1852.34989 	  814.75359 	  826.98113 	 
 602.70225 	 1149.68981 	 1248.78977 	 1018.63989 	  889.21046 	 1152.27409 	 1050.03729 	 1540.59603 	  832.31095 	 1241.04236 	 1001.69686 	 2151.12022 	 1103.36206 	    0.00000 	 1604.25009 	  601.92994 	 1157.14210 	  882.50737 	 1556.62097 	 1025.00760 	 1341.92885 	 2121.11471 	 2200.70280 	  248.56595 	  911.56560 	 
 950.81429 	 1089.89758 	 1042.02207 	  357.56762 	  681.40694 	  790.32372 	  976.09869 	  860.33374 	  456.46937 	  998.13912 	  373.79200 	 1520.91811 	  821.21293 	 1122.56343 	    0.00000 	  748.11188 	 1084.31054 	  790.39853 	 1209.85751 	  833.31755 	  521.40686 	 1142.12106 	 1819.24414 	 1209.81116 	 1157.10425 	 
 387.73795 	 1274.52803 	 1018.65424 	  823.14512 	  583.35669 	 1154.66330 	  391.73622 	  903.97402 	  958.65030 	  369.34706 	  615.96317 	 1401.69034 	  425.12728 	  491.24607 	  864.72405 	    0.00000 	 1506.75642 	 1252.36270 	 1174.34660 	  896.27102 	  570.92718 	 1834.17071 	 2626.52546 	  543.06475 	  698.63842 	 
 548.62463 	  163.07342 	  223.77984 	  560.49686 	  493.16327 	  522.77417 	 1548.79976 	 1384.23524 	  523.21194 	 1048.32281 	 1142.48644 	 2389.41295 	 1056.18899 	 1370.02264 	  737.07375 	 1056.04646 	    0.00000 	   85.77119 	 1840.94836 	  292.53579 	  732.64634 	 2212.09617 	 1936.09766 	  776.35869 	  168.75874 	 
 683.21929 	  106.08545 	  263.73357 	  679.08839 	  446.10415 	  395.62929 	 1471.17920 	 1508.71539 	  486.52115 	 1489.57715 	  803.82242 	 2913.78294 	  887.72236 	 1244.14339 	  702.44363 	 1304.26269 	   83.58611 	    0.00000 	 2035.38605 	  194.61591 	 1045.13241 	 3129.96650 	 2642.23672 	  977.61301 	  146.50421 	 
1932.71091 	 2580.99180 	 2878.45489 	 1414.11386 	 1212.70421 	 1496.49216 	  751.09515 	  562.47334 	 1971.95915 	  806.78983 	 1040.91328 	  331.67701 	 1486.24456 	 2286.33437 	 1472.01609 	 1219.94304 	 1607.75274 	 1701.66641 	    0.00000 	 1400.25211 	 1301.32631 	  737.16493 	 1249.91044 	 2090.21757 	 1466.59691 	 
 669.98262 	  220.00285 	  478.77448 	  419.60655 	  242.96233 	  113.18902 	 1292.04656 	 1603.15008 	  232.47519 	 1459.72566 	  991.45894 	 1611.43064 	  477.74318 	 1066.96808 	  648.62760 	  681.59606 	  353.56821 	  195.75753 	 2352.88544 	    0.00000 	  479.56937 	 1784.28190 	 1832.85291 	  806.56986 	  170.83249 	 
 363.37859 	  636.58942 	 1046.96477 	  326.36896 	  373.24322 	  556.56611 	  453.69199 	  894.42422 	  493.21008 	  549.60867 	  266.59328 	 1675.34397 	  294.38362 	  959.71362 	  366.78689 	  700.51893 	  927.84402 	  875.98491 	 1321.88280 	  516.78551 	    0.00000 	 1307.67583 	 1339.72861 	  839.89482 	  616.95046 	 
2583.57469 	 1855.23116 	 2905.56136 	 1909.22455 	 2428.71448 	 1797.11156 	 1308.14296 	 1233.26478 	 2515.91767 	 1962.49043 	 1801.38652 	  334.74042 	 2184.39231 	 1949.69976 	 1768.38470 	 2250.31463 	 2855.85467 	 2575.14169 	  834.23225 	 2356.78225 	 1568.95513 	    0.00000 	  534.33059 	 2257.34173 	 3061.73048 	 
2153.95451 	 2988.15819 	 3124.73474 	 1671.16520 	 1926.93779 	 1468.68930 	 2164.57664 	 1235.64100 	 1732.00126 	 1905.44084 	 1627.95971 	 1130.27864 	 1742.06320 	 3315.63872 	 1776.22844 	 2435.05198 	 2962.28488 	 2975.99110 	 1015.86113 	 2219.12167 	 1955.71319 	  708.70207 	    0.00000 	 1938.32922 	 1864.97448 	 
 494.21144 	  608.05788 	  840.97751 	  933.23191 	  952.22605 	  966.89662 	  917.18967 	 1425.82448 	  890.30610 	  628.78911 	 1033.43347 	 2773.46436 	  683.37571 	  199.94919 	 1323.39277 	  521.93489 	 1088.65160 	  853.92218 	 1627.51517 	 1089.72677 	  676.78034 	 2809.34801 	 2491.12910 	    0.00000 	  787.79705 	 
 398.76570 	   33.49540 	  332.27836 	  515.61251 	  501.93967 	  378.35984 	 1153.34368 	 1775.22935 	  316.25451 	 1170.05429 	 1168.63640 	 1679.23083 	  792.19151 	  702.41391 	  965.64842 	 1021.64389 	  151.65280 	   97.17197 	 2411.30407 	  221.16973 	  851.20215 	 2301.48810 	 2613.87558 	  578.71361 	    0.00000 	 
   0.00000 	 7486.63039 	 7788.16748 	 19119.51120 	 4392.67102 	 4638.17435 	 14440.76411 	 2478.45426 	 7626.55205 	 7796.68986 	 3959.36667 	 10024.53911 	 11853.21606 	 27140.61340 	 3328.99771 	 9947.46578 	 43281.46858 	 11326.27976 	 1693.62646 	 6532.22645 	 4246.15814 	 8577.32978 	 1923.60671 	 11668.86396 	 11514.22770 	 
7805.23812 	    0.00000 	 12971.82014 	 12287.84946 	 4277.62064 	 4405.52525 	 3805.51818 	 2973.33040 	 6177.87063 	 3717.45282 	 2477.06340 	 7925.57044 	 1469.22201 	 8274.39332 	 1045.53770 	 5312.53207 	 18096.24458 	 5845.33123 	  812.26854 	 9439.19742 	 4719.52789 	 6211.64660 	 4786.50924 	 2240.66710 	  621.03775 	 
9418.89532 	 15331.78109 	    0.00000 	 27905.08651 	 5144.94003 	 11882.58015 	 4248.40583 	 7443.24506 	 19580.88264 	 5055.00231 	 2546.11983 	 19567.08078 	 2044.23109 	 26099.41199 	 5476.75304 	 3254.04620 	 187594.63740 	 40648.03407 	 2054.65526 	 9441.90709 	 6003.96073 	 13907.81075 	 3331.34889 	 9913.64793 	 53785.95466 	 
15408.58295 	 16516.81735 	 36303.09459 	    0.00000 	 18486.12410 	 38968.31493 	 21098.10199 	 25480.18098 	 39247.32873 	 11885.12086 	 29390.13204 	 48506.17232 	 16471.29495 	 36635.92777 	 53552.07087 	 11556.97948 	 192041.19302 	 47009.73502 	 15158.21367 	 20357.41834 	 47690.73391 	 29018.34380 	 11484.65942 	 15328.04605 	 29886.64100 	 
5152.74966 	 3257.19856 	 4200.91397 	 19390.90032 	    0.00000 	 6491.95902 	 2980.73244 	 1902.12126 	 6205.28087 	 2426.20045 	 2791.63403 	 5184.22459 	 2336.38114 	 8345.68966 	 2304.60663 	 1173.30345 	 21563.70190 	 7450.25947 	  964.68604 	 4489.79984 	 3887.04965 	 3235.32764 	  919.51767 	 3616.39575 	 5289.03864 	 
7477.21189 	 5798.29115 	 15536.21654 	 31818.69665 	 8900.58879 	    0.00000 	 6302.60081 	 2865.50391 	 11098.92363 	 3593.49752 	 3111.71896 	 11329.20526 	 2301.12997 	 11090.37636 	 3522.91302 	 1834.51496 	 76769.77002 	 16881.19593 	 2965.89983 	 5272.99199 	 8909.61097 	 7253.21326 	 2235.44038 	 6829.47389 	 12671.21174 	 
13344.28674 	 4239.55954 	 5552.15660 	 20188.21114 	 3418.57024 	 3516.99101 	    0.00000 	 13135.64627 	 6263.59553 	 37845.35986 	 8871.46297 	 34089.51471 	 6115.05262 	 9220.05475 	 5288.21613 	 16035.23517 	 34997.37704 	 8433.95731 	 6121.07428 	 3498.73985 	 9235.63210 	 17750.80377 	 4999.64062 	 2616.02003 	 11838.66947 	 
2271.08326 	 4090.63599 	 4328.49867 	 26054.28222 	 1734.45196 	 4351.90918 	 14826.68333 	    0.00000 	 4230.16384 	 9023.11689 	 12427.69463 	 31122.35892 	 1600.12382 	 3917.56572 	 9950.74585 	 2257.11659 	 21863.83252 	 5803.81709 	 8494.33166 	 2911.08798 	 5799.52888 	 17811.14067 	 8569.71889 	 1185.07938 	 10423.47182 	 
10650.90656 	 6171.10454 	 19029.13706 	 38304.19093 	 6823.32509 	 9571.71857 	 7346.65813 	 4256.03390 	    0.00000 	 4852.20192 	 4850.98545 	 20873.10134 	 4072.38769 	 26924.35696 	 11468.18080 	 5182.62679 	 63999.83231 	 24401.90386 	 3887.65824 	 10267.18330 	 14387.91227 	 14855.43287 	 5403.38649 	 12209.12369 	 15761.82764 	 
8948.38613 	 3117.97723 	 3845.61317 	 16361.45695 	 2010.60155 	 3145.04492 	 24300.07574 	 8478.98820 	 4052.87492 	    0.00000 	 4467.50447 	 20413.00198 	 3057.86641 	 7111.22481 	 2497.40344 	 24171.05171 	 32523.59162 	 6117.73464 	 1874.91729 	 2544.45877 	 7509.11514 	 6487.09424 	 2285.35445 	 1723.58162 	 6506.26497 	 
3622.81794 	 2198.71867 	 3774.96972 	 24379.55821 	 2001.16226 	 2636.47173 	 11364.16444 	 10531.01461 	 6323.60650 	 5201.73996 	    0.00000 	 14937.75589 	 2526.50900 	 5104.51061 	 9766.90907 	 2791.34624 	 20820.18379 	 3931.40974 	 3150.80401 	 1653.09441 	 17742.92301 	 10496.29961 	 2238.00671 	 1565.99622 	 8116.84354 	 
7690.01250 	 10139.35829 	 19863.59396 	 67004.41870 	 7055.36624 	 10689.33113 	 29376.00320 	 30722.54642 	 23978.22633 	 21609.76273 	 10847.63409 	    0.00000 	 5592.59188 	 19455.14312 	 19649.42100 	 7424.52326 	 93640.46913 	 19326.09228 	 38328.46545 	 8082.63355 	 20008.49609 	 95728.92330 	 26882.68900 	 4270.31072 	 25324.87999 	 
12944.47619 	 1411.24609 	 1763.30524 	 9544.94294 	 2176.61872 	 1633.13867 	 8939.20994 	 1324.69963 	 5366.61402 	 3685.30770 	 2374.48457 	 7027.78042 	    0.00000 	 4066.55428 	 1090.16235 	 4922.56945 	 9492.59986 	 2385.57500 	  579.83922 	 1373.33542 	 7355.89323 	 2844.23410 	 1180.49767 	 1908.49425 	 4971.84945 	 
29283.13868 	 8563.13980 	 17482.69301 	 44918.78407 	 6273.55494 	 11948.52448 	 5586.86823 	 3409.59196 	 20214.49065 	 6635.81173 	 3615.71301 	 15453.33253 	 2426.43849 	    0.00000 	 5305.72243 	 9314.99371 	 202765.03064 	 27790.20716 	 1290.86608 	 15521.54693 	 6906.32175 	 7840.25517 	 1316.08719 	 23481.66597 	 25306.81805 	 
4009.64328 	  928.18501 	 7011.78900 	 57980.81149 	 2361.40877 	 5349.50915 	 5812.06612 	 9555.95041 	 7703.97979 	 3368.72185 	 9368.49447 	 16421.12376 	 1073.67762 	 6410.52659 	    0.00000 	 1797.37790 	 26081.95607 	 6949.73166 	 5848.49995 	 3058.42637 	 8095.95943 	 10934.24519 	 4933.08113 	 2485.89457 	 12223.86124 	 
10877.60551 	 5386.64921 	 3648.24475 	 17951.77658 	 1159.91363 	 2483.75644 	 13663.41997 	 2073.46988 	 4716.17872 	 18640.72346 	 3540.31990 	 7499.36623 	 4159.34615 	 7983.71977 	 1773.97873 	    0.00000 	 27769.70989 	 3512.57101 	  894.08559 	 1348.20561 	 3618.54459 	 5178.01410 	 2516.43111 	 2607.87124 	 4859.93743 	 
54989.57425 	 19774.02759 	 212663.23718 	 167933.45658 	 32815.49297 	 69627.72934 	 37043.58051 	 21395.80002 	 80731.76901 	 22709.07788 	 17939.26281 	 111384.19088 	 7781.36413 	 130363.56115 	 26653.19193 	 21891.65597 	    0.00000 	 7999.37514 	 13504.72267 	 57866.04910 	 28707.19954 	 78858.83710 	 17953.82294 	 34692.32794 	 202230.39117 	 
11201.02474 	 5893.15241 	 41052.35446 	 33530.48915 	 6700.58720 	 17020.87604 	 8688.70513 	 3952.75269 	 19166.51703 	 7596.92520 	 4980.24934 	 17015.27782 	 3394.48947 	 28541.64084 	 8512.81487 	 4666.12313 	 6683.23450 	    0.00000 	 3333.55562 	 23467.26668 	 10193.21998 	 15998.70581 	 5385.97866 	 6782.68948 	 11317.37149 	 
1531.79938 	  765.50213 	 2908.99309 	 16919.84644 	 1101.53325 	 3582.44804 	 5059.46028 	 10450.73028 	 4130.21950 	 2670.18825 	 4115.44650 	 25233.58227 	  916.45351 	 1457.62141 	 5749.65381 	  828.32845 	 10843.90547 	 2491.21319 	    0.00000 	 2342.86543 	 3771.13055 	 12865.20332 	 3679.44378 	  601.82108 	 4398.57976 	 
6206.81546 	 7565.82826 	 13020.25320 	 29985.68823 	 4273.32151 	 5637.88583 	 3361.82702 	 1865.11250 	 8671.57849 	 2601.91756 	 1749.47196 	 10107.56879 	  917.57275 	 14475.41089 	 3164.40927 	 1988.32480 	 64413.74655 	 26344.75164 	 1487.22659 	    0.00000 	 6353.50920 	 6934.40400 	 1616.51536 	 6240.01534 	 13852.52059 	 
6277.52282 	 4061.81632 	 5568.43076 	 33056.44790 	 6460.24770 	 8949.37785 	 12519.76977 	 5537.39413 	 11950.27793 	 8249.00901 	 12151.88219 	 17544.01655 	 6428.81530 	 10024.26510 	 6759.45599 	 4361.03421 	 24587.55612 	 8418.46160 	 3815.56398 	 4587.31201 	    0.00000 	 8342.77237 	 2387.22073 	 3901.45687 	 10661.47763 	 
6712.15471 	 8030.36188 	 16745.15953 	 30554.01288 	 3152.63969 	 8093.27342 	 10788.36020 	 17439.25284 	 15625.16052 	 8815.12671 	 9404.92311 	 85637.68462 	 3731.41106 	 10294.34754 	 15050.03235 	 7308.74144 	 54477.65423 	 12975.14282 	 9793.83547 	 7269.40739 	 10732.24150 	    0.00000 	 30106.88693 	 2996.02207 	 14000.11059 	 
3029.70436 	 3988.62653 	 4655.73095 	 13082.48069 	 1225.64571 	 2564.71822 	 5608.42681 	 7534.31030 	 4817.58783 	 2666.27248 	 3071.79381 	 35016.21744 	 1215.52606 	 1665.92852 	 5212.88300 	 2599.52565 	 18068.12371 	 5723.17924 	 3195.01655 	 2050.74905 	 2741.07928 	 27952.48816 	    0.00000 	 1130.96479 	 4210.18082 	 
14517.45144 	 1774.02898 	 10209.29961 	 14238.18417 	 4876.30385 	 5684.90908 	 2177.91313 	  938.23751 	 10892.40859 	 2136.91120 	 1795.80657 	 3793.11205 	 1926.71909 	 24474.24116 	 3273.86333 	 4023.29240 	 30164.55869 	 6697.28291 	  529.76579 	 5045.50813 	 3620.50187 	 3207.66061 	  713.02794 	    0.00000 	 4562.97846 	 
19773.24197 	  627.72588 	 48673.34583 	 34033.28578 	 8167.13758 	 15862.88428 	 10991.80663 	 6735.65602 	 16455.74191 	 5620.25105 	 8520.81716 	 27125.71244 	 5436.23957 	 25467.61613 	 12607.71234 	 3796.05893 	 216634.78641 	 15562.73668 	 3353.76485 	 11291.87844 	 8286.88074 	 23259.55893 	 4655.33639 	 8007.47108 	    0.00000 	 
   0.00000 	  613.99584 	 1141.44530 	  570.71481 	  431.20876 	  520.58787 	  633.61643 	 1567.90262 	  536.42514 	  744.62656 	  627.86153 	 2200.18971 	  268.96567 	  695.51650 	 1032.89085 	  390.95804 	  535.43978 	  792.98337 	 1626.07336 	  582.74954 	  373.64061 	 2249.18041 	 2838.01445 	  365.90278 	  526.91233 	 
 549.17291 	    0.00000 	  373.23728 	  607.04923 	  511.70761 	  296.58710 	 1465.79993 	 1260.43196 	  399.98168 	  997.79362 	 1124.92976 	 1677.47482 	  605.40771 	  945.08597 	 1045.21751 	 1086.47912 	  150.75245 	  102.22576 	 2029.22531 	  151.15985 	  917.95220 	 2499.54113 	 2298.30266 	  954.00908 	   35.60667 	 
1200.80627 	  278.81149 	    0.00000 	 1111.59132 	  781.52060 	  441.08436 	 1199.18327 	 1334.84576 	  649.97879 	 2037.84178 	 1389.66791 	 2586.15454 	  860.38004 	 1203.60060 	 1380.89418 	 1263.32857 	  133.43519 	  200.30389 	 2135.21539 	  636.18894 	  980.26721 	 3186.33700 	 3193.92284 	 1361.39395 	  310.00734 	 
 685.94884 	  460.97508 	  648.91658 	    0.00000 	  237.78409 	  327.19805 	  598.31063 	 1067.26701 	  172.59131 	 1105.93305 	  454.30927 	 1832.34890 	  539.51187 	  982.83954 	  242.34406 	  969.38497 	  657.45800 	  633.10292 	 1411.13305 	  508.66497 	  308.76967 	 1779.06140 	 2181.08833 	 1280.05679 	  720.87921 	 
 361.44194 	  452.83660 	  926.18927 	  254.28375 	    0.00000 	  191.46973 	  805.06976 	 1238.61120 	  310.24935 	 1091.74619 	  578.75611 	 1762.55884 	  359.29852 	 1136.86934 	  711.54334 	  657.26154 	  409.30473 	  523.98132 	 1902.27086 	  219.18599 	  257.30241 	 2511.99819 	 2067.69174 	  557.58171 	  351.33423 	 
 630.58638 	  332.73485 	  435.40129 	  218.03755 	  191.60396 	    0.00000 	 1096.65025 	 1262.69523 	   73.11479 	 1104.53509 	  855.31183 	 2636.81386 	  691.46755 	 1037.36483 	  669.45280 	 1192.26851 	  413.26057 	  460.63034 	 1300.27569 	  108.78452 	  387.44421 	 1716.22889 	 2229.24715 	  775.35910 	  335.30820 	 
 524.07346 	  965.96057 	 1631.03529 	  938.89220 	  959.93190 	  767.78511 	    0.00000 	  535.61920 	  705.20789 	  257.28366 	  548.19463 	 1252.65988 	  434.56275 	 1135.65469 	  643.75585 	  455.16920 	 1177.39666 	 1296.06704 	  889.82297 	 1174.14712 	  465.87281 	 1921.79138 	 1221.03443 	  691.61225 	  901.65615 	 
1232.84475 	 1184.03355 	 1838.92691 	 1131.60206 	  815.25961 	 1065.39452 	  683.87064 	    0.00000 	 1257.78439 	  696.40229 	  553.28847 	  938.34367 	  884.34983 	 1948.32391 	  537.26820 	 1194.32524 	 1463.46134 	 1950.74494 	  733.94326 	 1472.21401 	  974.78288 	  947.90564 	  721.06703 	 1439.66675 	 1670.99640 	 
 476.34557 	  527.45953 	  635.05614 	  275.84299 	  259.44216 	   83.91567 	  698.40154 	  982.28105 	    0.00000 	 1293.87825 	  605.84656 	 1481.08571 	  762.82689 	  858.48777 	  578.27460 	  824.20615 	  494.97574 	  492.86212 	 1866.33975 	  173.67958 	  490.47373 	 1758.08890 	 1614.37151 	 1227.03932 	  327.68119 	 
 722.26751 	 1091.08723 	 1484.23227 	 1167.88726 	 1121.79313 	 1093.95420 	  223.25562 	 1101.06916 	 1390.27858 	    0.00000 	  780.79667 	 1611.67750 	  430.75492 	  902.49632 	 1015.34388 	  396.80629 	 1420.52111 	 1532.01479 	  842.36964 	 1414.91816 	  794.76400 	 2008.17391 	 2178.80936 	  933.84712 	 1253.84116 	 
 592.12673 	 1217.12979 	  921.50764 	  346.03928 	  448.36024 	  666.31675 	  464.58402 	  573.32912 	  737.96671 	  700.89584 	    0.00000 	 1704.29982 	  268.46914 	 1522.69856 	  489.89079 	  557.27224 	  892.59693 	  778.31891 	 1163.34778 	  646.84315 	  172.62309 	 1626.20086 	 1072.57659 	  922.38757 	 1007.56239 	 
1718.63617 	 2978.05268 	 3220.93985 	 1532.03033 	 1410.82959 	 1999.42238 	 1542.56466 	  863.46547 	 1554.72774 	  965.81402 	 1118.93837 	    0.00000 	 2077.93245 	 2815.14312 	 1777.69270 	 1544.75133 	 2998.46964 	 2010.20088 	  431.04026 	 1994.95636 	 1617.63764 	  377.04480 	 1235.52703 	 1637.70786 	 2138.07873 	 
 332.83347 	  979.14963 	 1188.73680 	  401.90431 	  443.53115 	  485.50992 	  299.91475 	 1130.09239 	  508.34453 	  340.47712 	  453.57235 	 1538.62387 	    0.00000 	 1047.75614 	  888.21642 	  273.06763 	 1185.67155 	  898.36989 	 1640.39241 	  807.74126 	  290.96106 	 2212.05807 	 2193.43441 	  837.84002 	  651.15110 	 
 598.01630 	 1036.45682 	 1320.51508 	  885.72855 	  744.72227 	  797.09646 	 1191.29948 	 2181.82408 	 1072.34136 	  687.25896 	 1136.42024 	 2508.92980 	  978.75033 	    0.00000 	 1312.83636 	  762.62061 	  850.07766 	 1138.89381 	 2092.34614 	 1029.72561 	  810.14590 	 2483.96115 	 2794.54572 	  256.43714 	 1084.48416 	 
 961.90691 	 1193.32645 	 1301.40770 	  399.13735 	  579.35612 	  487.24145 	  692.69554 	  708.54707 	  639.03750 	  748.46589 	  312.41486 	 1632.44042 	  739.80773 	 1309.69484 	    0.00000 	  858.67668 	  835.26349 	  797.15971 	 1151.07798 	  857.50901 	  423.37031 	 2005.66246 	 1607.03037 	 1623.01959 	  691.53986 	 
 398.16490 	  718.00369 	  995.44463 	 1031.75838 	  703.32000 	  935.34009 	  481.17662 	  959.01642 	 1030.96796 	  348.97775 	  797.80695 	 1827.93587 	  351.10337 	  642.51605 	 1116.14023 	    0.00000 	 1180.43436 	 1162.54033 	 1154.99807 	  801.27180 	  558.13813 	 1887.47842 	 2533.27110 	  598.79216 	  697.55537 	 
 724.88727 	  172.16284 	  175.86911 	  526.22888 	  538.98678 	  354.35004 	 1328.08298 	 1321.28531 	  447.15062 	 1223.88350 	 1389.69794 	 2458.00509 	 1107.87010 	 1425.84031 	  983.19622 	 1501.57123 	    0.00000 	  109.62977 	 1746.55962 	  388.44439 	  634.31269 	 2201.99700 	 2691.18005 	  713.80528 	  247.50012 	 
 572.52961 	  116.90656 	  323.91348 	  843.67660 	  426.49076 	  453.90214 	 1323.73123 	 1520.98609 	  476.14660 	 1531.73894 	  918.06820 	 1902.13374 	  632.61100 	 1095.62475 	 1175.88352 	 1293.76527 	  104.86493 	    0.00000 	 2385.85351 	  297.09477 	 1033.57920 	 2218.32673 	 2401.00071 	 1010.36048 	  131.97603 	 
1515.00920 	 2148.22483 	 2823.62110 	 1017.47001 	 1925.64665 	 1874.45000 	  670.57345 	  477.69284 	 2005.93882 	 1117.83615 	 1262.34021 	  265.72444 	  890.28140 	 2182.95944 	 1307.99584 	 1020.23553 	 1985.62272 	 1782.84519 	    0.00000 	 1953.02898 	 1519.60468 	  641.44540 	 1049.43909 	 1983.42564 	 1907.69692 	 
 531.17035 	  265.97027 	  428.38118 	  400.74339 	  265.08765 	   81.35883 	 1131.83981 	 1385.47277 	  235.92867 	  811.88112 	  607.12512 	 1748.52952 	  510.40803 	  840.85700 	  897.39078 	  861.50761 	  393.97117 	  266.17172 	 2104.59312 	    0.00000 	  564.14388 	 2757.74166 	 2465.03950 	  766.28000 	  252.57616 	 
 550.47845 	  635.79436 	 1097.10432 	  196.59298 	  256.77864 	  408.20965 	  602.13494 	  563.73182 	  481.13741 	  540.80162 	  210.88362 	 1415.60876 	  200.80300 	  820.02175 	  380.82795 	  644.47581 	  861.04683 	  759.74847 	 1555.29725 	  509.56496 	    0.00000 	 1300.64113 	 1852.69805 	  931.46076 	  716.68117 	 
1936.98877 	 1765.23788 	 2795.49488 	 2338.82817 	 2502.90753 	 2651.70724 	 1825.37748 	  706.86739 	 2267.43106 	 1250.45015 	 1601.49063 	  415.08397 	 1723.74846 	 3101.89116 	 1516.60903 	 1904.16028 	 2714.69661 	 1884.28942 	  672.15709 	 1651.56717 	 2221.18330 	    0.00000 	  532.61262 	 2935.57686 	 2232.07344 	 
1650.31449 	 2369.81701 	 2118.37219 	 1261.77039 	 1507.95097 	 2334.14721 	 1572.21685 	  933.72219 	 2298.87057 	 2056.38250 	 1823.14045 	  769.31476 	 1603.95365 	 3236.45834 	 1122.12833 	 1503.49092 	 2854.75335 	 2853.61354 	 1098.32378 	 2318.86919 	 1559.44331 	  602.53263 	    0.00000 	 2399.63423 	 2696.86829 	 
 402.41858 	  638.10480 	 1157.79967 	 1158.17789 	  612.95514 	  986.22993 	  690.76238 	 1783.54465 	 1105.89385 	  926.31802 	 1251.34974 	 1667.34861 	  721.63306 	  204.49838 	 1250.72047 	  487.93954 	  811.15926 	  820.76982 	 1855.94737 	  701.57870 	  932.02731 	 1751.09437 	 2574.71447 	    0.00000 	  607.24708 	 
 491.62251 	   33.10214 	  394.97938 	  714.83857 	  335.84476 	  330.11424 	 1165.86229 	 1543.83652 	  404.41960 	 1102.53169 	  708.79515 	 2634.24475 	  904.36003 	  754.58157 	  971.49247 	 1147.41727 	  195.07676 	  139.54869 	 1673.42065 	  202.94173 	  674.91671 	 2373.25333 	 1804.71968 	  870.79694 	    0.00000 	 
   0.00000 	 6524.94062 	 8019.18271 	 15064.31347 	 5639.93066 	 5593.06197 	 8893.53627 	 2172.18657 	 8598.79586 	 7750.60239 	 3398.68597 	 7667.47953 	 8945.81322 	 26669.32161 	 3022.68681 	 9880.50343 	 51242.37632 	 11585.29637 	 1132.44043 	 6608.97480 	 4529.94759 	 6786.64794 	 1983.73776 	 9004.96041 	 15066.91791 	 
6677.22449 	    0.00000 	 12036.00531 	 12515.61219 	 3168.35425 	 6604.76352 	 3213.63142 	 2616.90451 	 8169.81160 	 4290.49420 	 3122.17096 	 9474.81047 	 1128.27607 	 5751.70086 	 1071.63481 	 4290.47522 	 26934.19673 	 6969.55115 	  804.68031 	 8064.36284 	 3932.50732 	 7726.82943 	 4466.00466 	 1725.98035 	  716.27348 	 
7572.24757 	 10490.96636 	    0.00000 	 40452.63497 	 4621.62509 	 13649.70107 	 6999.94697 	 7000.51262 	 19761.90248 	 4366.43858 	 3110.37203 	 27356.25999 	 2177.70145 	 20840.55979 	 5610.78161 	 3285.71704 	 169418.24198 	 28212.46751 	 2647.62499 	 10291.42527 	 6655.69624 	 20559.48595 	 4300.56592 	 6966.95686 	 43239.46535 	 
14806.43302 	 14031.10235 	 26767.83256 	    0.00000 	 16878.08591 	 41228.02530 	 26924.90919 	 32715.14353 	 56655.19105 	 17434.36988 	 33273.55056 	 58171.53758 	 14423.86573 	 53247.83809 	 59888.84766 	 11236.99695 	 183208.14412 	 36321.54028 	 16617.67747 	 25282.61979 	 39729.18086 	 32144.73574 	 10635.79790 	 18961.15421 	 33085.42780 	 
4205.62121 	 3046.48890 	 7069.08629 	 19147.26826 	    0.00000 	 7586.30706 	 3321.90822 	 1263.42078 	 6799.05068 	 1812.08384 	 2758.13334 	 6957.82957 	 1470.63878 	 5104.17535 	 2160.42608 	 1717.09499 	 32575.24214 	 6169.89086 	  819.11859 	 4002.10620 	 6092.36190 	 3575.23026 	 1291.58722 	 3589.06194 	 6488.85404 	 
6472.83914 	 5487.36845 	 10084.82319 	 24635.12203 	 7511.36422 	    0.00000 	 3924.49256 	 3490.36870 	 9724.88007 	 4464.50937 	 2981.80664 	 17771.66561 	 2450.89157 	 14716.36315 	 6125.49053 	 1994.97645 	 63270.04953 	 11219.08362 	 2543.13700 	 6278.09044 	 9421.55161 	 6203.70724 	 2620.59553 	 6605.75228 	 17070.19125 	 
9666.97897 	 3788.83828 	 7229.38507 	 20058.46922 	 3093.19710 	 3974.81380 	    0.00000 	 10679.23651 	 7149.43565 	 30996.49355 	 9585.20434 	 32424.80277 	 7118.00168 	 5786.86589 	 5530.84005 	 12797.91148 	 36468.27172 	 8616.07158 	 4248.80028 	 3895.61179 	 7767.39272 	 12211.18312 	 4938.04548 	 3278.00138 	 13287.19242 	 
2103.74247 	 3633.35667 	 7170.52080 	 24190.84152 	 1733.53114 	 3348.67770 	 10586.72177 	    0.00000 	 4187.63603 	 5968.72772 	 11172.43362 	 22574.52395 	 1498.66540 	 3282.34512 	 6792.42724 	 1935.64181 	 24761.32217 	 5648.93155 	 8328.27363 	 2373.49180 	 5326.19188 	 22034.19312 	 7399.33191 	 1519.67282 	 7055.86097 	 
7778.29074 	 5610.08873 	 17098.26355 	 45148.86922 	 7172.86770 	 11696.49653 	 7887.42444 	 4283.41702 	    0.00000 	 5129.32805 	 3776.26136 	 16393.79743 	 4144.81821 	 31658.43082 	 9422.13934 	 4996.20190 	 59018.39716 	 22845.61780 	 3973.47854 	 11356.22985 	 14306.32341 	 12441.05571 	 3554.34722 	 10134.40520 	 15253.71997 	 
6648.16211 	 4981.21209 	 4473.12163 	 17341.42235 	 2017.70653 	 3984.16478 	 24942.08538 	 5471.88628 	 5236.02225 	    0.00000 	 5324.97371 	 20376.31487 	 4417.83582 	 9057.56685 	 2752.91281 	 23858.40053 	 30093.44517 	 7637.65686 	 2374.96068 	 2709.90326 	 5854.52628 	 9584.99725 	 2837.45526 	 2782.88441 	 6469.55997 	 
3798.68221 	 2077.56813 	 4146.40137 	 33065.16291 	 2189.26766 	 2811.49568 	 11383.08942 	 11416.79902 	 5093.79484 	 5522.00387 	    0.00000 	 16991.06709 	 3888.19758 	 4348.03292 	 9290.69564 	 3396.76553 	 17585.78228 	 3762.48974 	 3110.71923 	 2078.83012 	 15023.81826 	 6822.33403 	 3481.06169 	 1424.08679 	 8855.89192 	 
8491.75428 	 7480.49848 	 23729.90913 	 74652.24102 	 6945.97413 	 10460.54762 	 19427.85782 	 24233.63290 	 28266.92073 	 13038.45419 	 10971.67445 	    0.00000 	 4512.84992 	 14223.04663 	 18405.53317 	 8823.20548 	 125605.44975 	 19383.50470 	 26652.96062 	 11117.20262 	 15593.93141 	 74605.69851 	 41683.16124 	 3189.03919 	 23007.82327 	 
10609.88016 	 1128.34048 	 2232.99359 	 12206.88556 	 2268.12826 	 1623.10659 	 8454.33874 	 1532.13740 	 4395.34205 	 4658.95700 	 3894.28548 	 5619.17424 	    0.00000 	 2542.50773 	 1307.19431 	 5095.99143 	 10807.29815 	 2541.62423 	  723.34792 	 1020.26720 	 6112.47825 	 3280.47371 	 1159.95665 	 1734.56788 	 4354.69121 	 
24234.72954 	 6243.88889 	 29838.78311 	 39409.98466 	 7900.64579 	 18826.40372 	 8505.77397 	 2979.23190 	 26966.73028 	 11083.70210 	 3283.25191 	 16619.22132 	 2390.29176 	    0.00000 	 4165.54160 	 11120.68862 	 141071.94605 	 18488.71086 	 1388.23695 	 12960.07530 	 10976.31165 	 8356.20860 	 2347.85195 	 23343.56342 	 18320.01108 	 
3167.29141 	  907.95358 	 4855.93971 	 63277.47167 	 2304.01709 	 5755.01507 	 5946.33127 	 8371.20712 	 7641.80095 	 2247.11896 	 8864.13815 	 21486.20894 	 1051.78457 	 7110.17609 	    0.00000 	 1651.69432 	 22908.96666 	 5668.60547 	 5415.45695 	 1931.12042 	 9932.02380 	 9142.83206 	 7399.59756 	 2929.58125 	 9607.01557 	 
7583.55082 	 4289.13906 	 4132.57911 	 13914.23135 	 1292.73932 	 2433.55167 	 9476.65716 	 2011.48826 	 4828.07042 	 21132.73014 	 3337.23467 	 8461.20271 	 5496.29402 	 9642.79381 	 1875.84214 	    0.00000 	 19429.43413 	 4128.88522 	  730.13545 	 2073.24261 	 4903.90967 	 7651.02189 	 1728.33830 	 3925.38365 	 4474.63542 	 
57563.47382 	 30681.95829 	 211009.90497 	 175269.16101 	 31279.36311 	 73040.43701 	 33772.67482 	 21546.01288 	 76411.45987 	 19848.18386 	 18602.40470 	 90090.93554 	 9068.91103 	 156198.41332 	 25048.35266 	 24236.35189 	    0.00000 	 6510.71409 	 11684.56776 	 68829.07814 	 32180.98395 	 68684.18657 	 10738.37972 	 33763.31726 	 144136.43723 	 
12190.37179 	 7235.94627 	 47916.72911 	 26543.51340 	 7546.82924 	 17144.12154 	 6989.89939 	 3965.59082 	 15396.85322 	 5369.27083 	 3302.98460 	 18730.60953 	 3708.79096 	 29819.07074 	 6854.91502 	 5666.25638 	 8811.17464 	    0.00000 	 2135.05193 	 29071.68994 	 6371.07505 	 18646.55767 	 4409.65969 	 5945.84824 	 11387.38432 	 
1091.21738 	  992.78693 	 3073.98074 	 14312.47422 	 1032.93897 	 2669.97686 	 5420.06821 	 11079.13660 	 4061.38650 	 1868.05829 	 3796.62578 	 32241.65748 	  903.53553 	 1109.72793 	 6221.19387 	  984.84526 	 11866.91505 	 2004.84966 	    0.00000 	 1626.32600 	 3897.12933 	 14919.78462 	 3539.36388 	  588.43663 	 4152.67444 	 
4067.58959 	 9813.51256 	 13116.77015 	 32834.64508 	 3636.86109 	 4794.53719 	 2514.70361 	 1854.74148 	 9446.18988 	 4072.77673 	 2296.45876 	 9995.77820 	 1208.73767 	 12421.73983 	 2757.44251 	 1738.77774 	 63312.63164 	 29350.91024 	 1447.91668 	    0.00000 	 3766.01278 	 7856.95915 	 2779.43735 	 4270.21546 	 15634.45708 	 
4948.47398 	 4234.61205 	 6969.74693 	 45121.94038 	 4070.80823 	 8539.01329 	 8546.71405 	 7979.35122 	 13410.29644 	 5265.09393 	 12027.91050 	 18364.62878 	 7976.75140 	 8803.91025 	 5669.42071 	 5538.77903 	 41785.11656 	 8110.78203 	 2658.77097 	 4051.61192 	    0.00000 	 8573.83306 	 3974.79036 	 3336.70098 	 13558.06585 	 
5286.06262 	 8996.58630 	 13756.46371 	 34591.96721 	 2949.77390 	 5601.84695 	 15442.96650 	 13834.16127 	 15732.05469 	 8028.13929 	 7353.03060 	 91868.46055 	 3832.65487 	 6474.74846 	 14080.33475 	 7470.62471 	 59236.12481 	 15580.15379 	 13179.05273 	 8133.57522 	 9475.35388 	    0.00000 	 35922.94442 	 2145.92351 	 16189.71297 	 
2166.15292 	 3196.37252 	 3108.88778 	 16338.10461 	  985.91206 	 1611.90538 	 3793.60156 	 8455.11677 	 4193.53525 	 2543.88818 	 3775.65478 	 40826.64251 	 1108.97526 	 1644.89547 	 6507.88604 	 1582.10913 	 13986.99686 	 3303.20864 	 2629.34910 	 2135.14537 	 3402.64425 	 30493.62890 	    0.00000 	 1015.28239 	 4913.10803 	 
12653.31053 	 2262.55322 	 5979.47551 	 13553.25785 	 5157.86470 	 7442.29834 	 3244.10447 	 1223.33002 	 13614.26488 	 2563.27234 	 1360.47111 	 4967.96962 	 1479.09186 	 25847.76974 	 3087.95458 	 3011.24631 	 32027.03420 	 5833.33044 	  647.94972 	 6356.98563 	 4517.17583 	 2524.06747 	  797.89008 	    0.00000 	 4559.66622 	 
16157.25245 	  614.78669 	 50083.80756 	 52857.78778 	 9017.89869 	 17225.96282 	 10604.98837 	 7585.49236 	 18014.00422 	 5831.30763 	 6902.14550 	 30987.96079 	 3972.04427 	 23685.26203 	 13950.38668 	 5432.62513 	 126626.78229 	 12242.97069 	 3493.58482 	 15371.85246 	 13413.18103 	 25819.31585 	 6170.02819 	 5449.65869 	    0.00000 	 
   0.00000 	  726.74065 	  809.99615 	  474.94526 	  329.21529 	  440.96278 	  748.50581 	 1560.64842 	  694.32074 	  673.98838 	  876.24908 	 1414.22237 	  236.98920 	  637.44922 	  798.78385 	  459.25975 	  851.90505 	  476.19121 	 1892.33162 	  419.85750 	  611.70715 	 2210.47457 	 2426.05089 	  315.78860 	  546.32822 	 
 501.52467 	    0.00000 	  319.75084 	  601.94736 	  545.56076 	  372.49340 	  890.87016 	 1637.87261 	  336.10960 	 1112.86257 	 1148.64193 	 2460.66204 	  667.46702 	  799.90760 	  981.55337 	 1227.68510 	  222.46362 	   86.81305 	 1483.60272 	  235.72463 	  868.51501 	 2681.28747 	 2800.91370 	  868.57131 	   43.33577 	 
1158.67108 	  478.00949 	    0.00000 	  760.33413 	  796.39868 	  448.89990 	 1482.11663 	 1660.58632 	  544.51169 	 1320.50123 	  877.80680 	 1872.10634 	 1313.72735 	 1403.28962 	  846.28409 	 1596.61885 	  240.86587 	  237.58349 	 1720.90958 	  606.26275 	  960.39743 	 2059.65928 	 2449.54536 	 1381.35985 	  317.88146 	 
 607.76797 	  461.55910 	 1015.38682 	    0.00000 	  215.20150 	  367.34898 	  966.07556 	 1119.65402 	  272.34079 	  755.64732 	  414.23560 	 1403.09276 	  415.18931 	 1424.81871 	  258.37405 	  676.88573 	  927.10850 	  807.68205 	 1386.24999 	  344.85038 	  211.01996 	 1603.57998 	 2044.34754 	  897.24942 	  705.14641 	 
 464.93913 	  496.82449 	  552.78215 	  185.64423 	    0.00000 	  192.05357 	  813.86137 	 1195.80396 	  179.70184 	  657.17326 	  486.57048 	 1550.19795 	  351.79343 	 1037.83781 	  474.11323 	  658.68783 	  724.56882 	  361.42317 	 1975.86517 	  187.88541 	  370.88519 	 1601.93045 	 2260.56565 	  875.63705 	  480.66347 	 
 563.76556 	  402.44138 	  513.87177 	  399.70120 	  267.16190 	    0.00000 	  730.49504 	  994.37933 	  111.73836 	  951.53624 	  728.55673 	 1569.53089 	  522.06754 	  884.13006 	  809.83944 	  802.72664 	  294.39016 	  257.28089 	 1733.17685 	   77.15700 	  377.64854 	 1694.09157 	 2282.10068 	  862.35911 	  244.36165 	 
 635.72261 	 1075.14813 	 1422.98965 	  772.63078 	  602.58945 	 1145.21878 	    0.00000 	  769.57127 	 1127.14689 	  191.28175 	  428.92524 	 1085.60000 	  311.65295 	 1080.10438 	  942.05152 	  388.31846 	 1153.57634 	 1665.01016 	 1138.81410 	  820.21212 	  513.97537 	 1085.65011 	 1563.29461 	 1155.97749 	 1482.48781 	 
1042.13592 	 1847.74977 	 1540.77349 	 1127.51115 	 1396.64204 	 1066.64750 	  514.70414 	    0.00000 	 1055.95592 	  969.91764 	  391.22026 	  778.00019 	  697.60712 	 1546.90289 	  675.97531 	 1218.75413 	 1394.46441 	 1755.08959 	  428.33746 	 1439.10823 	  814.55931 	  810.41830 	  885.93584 	 1430.89433 	 1480.62348 	 
 565.71544 	  347.46047 	  440.62753 	  219.66666 	  176.26241 	   93.07531 	 1102.45113 	  806.07908 	    0.00000 	  956.69087 	  520.31975 	 1705.07591 	  748.45581 	 1215.95070 	  644.84196 	  812.06198 	  449.64495 	  443.31121 	 1276.01681 	  154.60672 	  432.77770 	 2464.62464 	 1776.76179 	 1157.70959 	  473.66129 	 
 808.67920 	 1450.04485 	 2059.27625 	  766.86948 	  863.64208 	 1171.50401 	  240.76654 	 1032.18349 	 1377.52007 	    0.00000 	  615.86063 	 1543.94404 	  334.54913 	  775.44711 	 1113.62108 	  255.73817 	 1354.48749 	 1563.91954 	  829.64266 	 1153.26721 	  644.20223 	 2022.01878 	 2073.63605 	  703.63608 	 1484.01063 	 
 711.91862 	  939.99196 	 1189.14232 	  390.77365 	  693.00805 	  543.27797 	  423.32616 	  394.79324 	  727.53856 	  706.71240 	    0.00000 	 1580.47420 	  285.82971 	  977.44256 	  438.82835 	  554.17589 	 1277.58669 	 1023.74260 	 1352.96745 	  846.22147 	  202.80542 	 1801.81054 	 1136.81111 	 1088.88865 	 1169.93616 	 
1950.89692 	 2109.03504 	 2488.17698 	 1822.75944 	 1548.63648 	 2509.76921 	 1545.77531 	  853.19638 	 2528.07872 	 1195.80093 	 1593.17714 	    0.00000 	 1798.71986 	 1737.50489 	 1426.60538 	 1352.20473 	 2207.63449 	 2447.37751 	  371.69622 	 1917.52825 	 1959.15213 	  397.61993 	  773.23187 	 1769.11348 	 1742.20830 	 
 254.37241 	  965.97549 	  965.87288 	  430.65293 	  357.86308 	  499.53203 	  448.79664 	  976.66280 	  757.97094 	  497.22183 	  274.04276 	 1141.78663 	    0.00000 	  917.43164 	  634.43750 	  277.34107 	  883.52881 	  741.02601 	  916.00598 	  538.99190 	  267.58503 	 1956.01607 	 1570.97843 	  611.49904 	  651.40999 	 
 523.59314 	 1200.55815 	 1258.20644 	 1233.88870 	  723.23139 	  871.55355 	 1015.54934 	 2071.71700 	 1460.04361 	  932.62333 	  892.05750 	 2433.39299 	 1001.71997 	    0.00000 	 1782.79407 	  546.63829 	 1173.03446 	  964.44507 	 1628.73489 	 1014.37716 	  966.94324 	 3295.53720 	 2265.04006 	  175.71686 	  809.76373 	 
 863.05148 	  978.48702 	 1167.11501 	  421.29908 	  728.58997 	  684.34934 	  708.45327 	  605.63869 	  520.15412 	  910.00665 	  346.54746 	 1812.22097 	  899.15160 	 1773.96374 	    0.00000 	 1122.79544 	  845.80909 	  892.49479 	  986.30942 	  723.53324 	  480.12274 	 2064.33295 	 1614.53433 	 1426.88750 	  831.77834 	 
 545.28432 	  851.60129 	  997.30101 	 1048.10638 	  558.73468 	  790.36861 	  444.82724 	  947.73047 	  975.51651 	  257.25781 	  721.19776 	 1164.61358 	  271.37402 	  562.99429 	  893.78028 	    0.00000 	  987.62338 	 1142.89746 	 1672.56477 	 1055.59581 	  586.26644 	 1472.48166 	 1917.40719 	  587.97268 	  981.66117 	 
 576.05652 	  194.32677 	  139.08088 	  569.70488 	  705.57053 	  500.30015 	 1084.42409 	 1754.80851 	  548.93602 	 1381.93127 	  971.52457 	 1809.44508 	 1223.36313 	 1406.29390 	  999.79130 	 1010.92560 	    0.00000 	  109.27066 	 2407.92087 	  290.87025 	  849.65458 	 2748.34127 	 2834.97428 	  896.65953 	  152.02604 	 
 808.40933 	   83.10556 	  263.07143 	  769.24862 	  494.16285 	  332.97911 	 1640.42107 	 1509.61334 	  344.19322 	 1089.58903 	  917.26641 	 1760.28274 	 1055.04271 	  829.10252 	  886.06860 	  911.88207 	  109.24577 	    0.00000 	 2179.95324 	  232.24726 	  797.91123 	 2729.63849 	 2951.32000 	  971.32078 	  111.80327 	 
1139.64758 	 2389.70342 	 2650.70047 	 1073.01731 	 1129.68295 	 2012.06636 	  785.39097 	  733.64885 	 1189.65701 	 1027.59371 	 1018.78835 	  292.11156 	 1428.07492 	 1846.87267 	 1052.43673 	  982.79006 	 2054.43590 	 2381.42185 	    0.00000 	 1595.42771 	 1502.67907 	  537.17928 	 1181.43762 	 1958.81377 	 2450.26185 	 
 622.57989 	  227.20998 	  428.68683 	  447.43533 	  229.64388 	  124.33936 	  820.77216 	 1210.00620 	  154.59628 	 1018.27855 	  664.15931 	 2455.05827 	  759.47255 	  718.12033 	  512.66117 	  842.21332 	  335.44628 	  228.82971 	 1319.27622 	    0.00000 	  708.86290 	 2294.15035 	 2087.38199 	  818.63524 	  200.89468 	 
 391.99295 	  701.68851 	 1240.21903 	  298.24651 	  302.47455 	  524.59954 	  528.32246 	  765.76646 	  489.59729 	  562.88324 	  281.00374 	 2034.62840 	  319.34491 	  935.09345 	  488.35788 	  583.85783 	  624.89877 	  885.70279 	 1387.75871 	  423.98931 	    0.00000 	 1688.49477 	 1721.63050 	  916.10388 	  611.80732 	 
2202.58383 	 2657.31467 	 3243.45772 	 2375.76064 	 1548.55085 	 2717.17186 	 1069.62066 	 1113.58814 	 2702.66250 	 1928.13509 	 1382.54516 	  350.88116 	 2052.46477 	 2325.73817 	 1744.97399 	 1543.14967 	 1842.82772 	 2209.25080 	  623.03104 	 2279.78538 	 2161.59670 	    0.00000 	  600.82775 	 2014.44638 	 1753.23138 	 
2008.00378 	 2453.64788 	 3075.89493 	 1679.70600 	 2292.58886 	 1602.56964 	 2092.27924 	 1031.06825 	 1511.42653 	 1442.48043 	 1776.29623 	 1110.70074 	 2039.28743 	 2935.88742 	 1630.82334 	 1903.28024 	 1791.51980 	 2306.96814 	 1426.89917 	 2509.01921 	 1374.28206 	  707.59926 	    0.00000 	 2369.37165 	 1817.19340 	 
 474.51100 	  710.98627 	 1103.25006 	 1238.65475 	  957.66280 	  789.07137 	  789.90916 	 1295.46302 	 1219.10507 	  685.33099 	 1084.91833 	 2351.14904 	  602.71915 	  227.52223 	 1132.70803 	  484.82990 	 1053.03454 	 1115.27617 	 2009.26010 	 1053.78453 	  680.39749 	 2317.47503 	 2156.71449 	    0.00000 	  810.23721 	 
 700.75106 	   34.82880 	  427.00399 	  619.46891 	  503.76613 	  301.34176 	  853.02038 	 1663.12391 	  485.59717 	 1442.06068 	  694.30607 	 2569.66018 	  896.40973 	 1165.39270 	  650.43526 	  970.03023 	  262.22035 	  133.04990 	 2107.50645 	  239.32420 	  887.38744 	 2567.53351 	 1786.37456 	  779.11820 	    0.00000 	 
   0.00000 	 4862.19753 	 8315.34194 	 22398.54168 	 5275.90495 	 7718.69424 	 13621.27525 	 1970.02222 	 7448.02460 	 7063.96628 	 3114.48895 	 8814.37995 	 10476.93705 	 26849.13538 	 3450.50530 	 11117.36941 	 35535.65937 	 9968.24864 	 1497.48260 	 4610.21702 	 7013.88659 	 5723.38738 	 3475.73673 	 11589.24090 	 19345.86494 	 
8333.05865 	    0.00000 	 14086.09623 	 16793.97730 	 2911.84097 	 7055.56997 	 4966.99814 	 3166.64390 	 5289.61268 	 4740.49929 	 2561.20676 	 6946.27096 	 1485.20073 	 8644.93269 	 1234.39266 	 4782.78886 	 27009.63612 	 5690.02620 	  656.64503 	 5981.67123 	 3389.54622 	 6973.42758 	 3538.11491 	 2566.34796 	  396.26014 	 
9181.01130 	 15864.20766 	    0.00000 	 32482.32789 	 4773.64843 	 16513.06529 	 6337.36213 	 6204.61565 	 19828.15893 	 3033.00280 	 4049.44205 	 23227.63197 	 1592.49781 	 23073.42839 	 6163.84276 	 3395.76533 	 238671.11174 	 41345.77278 	 2693.85821 	 10748.70504 	 8777.30601 	 22252.54502 	 4202.11640 	 5818.08902 	 39567.75173 	 
17988.23252 	 15013.10546 	 35532.31865 	    0.00000 	 16343.88327 	 42691.50527 	 19656.67862 	 19817.24041 	 66532.12275 	 16787.83311 	 29586.29812 	 80303.74561 	 9703.53360 	 30967.02258 	 43429.01402 	 11994.62632 	 126613.20305 	 33720.45351 	 18387.38805 	 29720.79528 	 33307.65326 	 45532.11301 	 12300.70889 	 19048.73305 	 33674.98618 	 
5825.22774 	 3639.84878 	 5724.10692 	 21628.05420 	    0.00000 	 7608.76993 	 3227.11322 	 1279.29068 	 7731.17948 	 2338.36596 	 1945.83059 	 4728.91137 	 1992.85018 	 8816.32252 	 2203.40816 	 1235.70701 	 22465.03124 	 7429.12553 	  736.81273 	 5018.24210 	 4697.38139 	 2665.43701 	 1306.99978 	 4905.08594 	 8244.89405 	 
5989.33657 	 4823.48796 	 12170.08087 	 45229.75135 	 5320.49282 	    0.00000 	 4859.90682 	 3907.91920 	 10945.58018 	 3257.56063 	 2425.50915 	 12573.84458 	 2503.66389 	 14951.16492 	 5140.59574 	 2541.29875 	 57142.61502 	 19368.14898 	 2081.00066 	 3609.72475 	 9211.00564 	 6797.50202 	 2699.10928 	 8405.78193 	 18195.48723 	 
8282.90245 	 3172.67381 	 5838.25672 	 20006.55626 	 3410.61808 	 5111.12926 	    0.00000 	 9315.95916 	 7425.46406 	 29512.92169 	 10440.40793 	 24484.31820 	 8414.76932 	 5952.85521 	 5708.33026 	 9639.76034 	 22279.58281 	 6057.46274 	 7099.72012 	 2255.85843 	 11813.43064 	 12083.75381 	 4650.76792 	 2853.87400 	 11038.46274 	 
2331.04943 	 3751.88172 	 4408.64795 	 25812.55313 	 1207.52349 	 2638.67888 	 9258.60604 	    0.00000 	 4730.11526 	 8260.28592 	 9618.31542 	 38241.55596 	 1885.37685 	 3695.54079 	 10958.10010 	 2453.54684 	 26961.15941 	 5009.87368 	 6537.05791 	 1821.26584 	 7873.89749 	 16667.57581 	 5930.42147 	 1630.10554 	 8242.86839 	 
8490.10076 	 6394.68357 	 20703.09213 	 45562.81628 	 8998.57865 	 9732.06248 	 7337.70588 	 4942.37967 	    0.00000 	 5135.38268 	 3853.15590 	 21937.59750 	 4563.88176 	 27820.46652 	 11621.34579 	 3650.06078 	 77987.46558 	 24034.39515 	 3333.62894 	 9142.32602 	 14614.20982 	 13543.97692 	 3094.56719 	 13136.64286 	 15951.86475 	 
7387.40159 	 3079.11347 	 3619.90051 	 15346.95480 	 1678.03666 	 3136.30513 	 36510.19849 	 6738.65006 	 3908.74276 	    0.00000 	 4319.06383 	 19901.26786 	 3759.94347 	 8710.85608 	 2876.55207 	 24253.02855 	 20491.63992 	 5657.72736 	 1767.85552 	 4246.63626 	 6514.39142 	 10238.33089 	 3120.94695 	 2462.17465 	 5454.89477 	 
4193.91990 	 1947.17220 	 3669.15956 	 32390.33047 	 2839.56841 	 2032.35719 	 10906.11802 	 12201.10455 	 4274.23998 	 5637.35172 	    0.00000 	 18592.37170 	 3346.88114 	 4450.37560 	 6272.91623 	 3207.10028 	 18596.28593 	 4136.92906 	 2314.62377 	 2253.75350 	 13358.20486 	 7112.54573 	 2842.19643 	 2096.43063 	 7483.30474 	 
11532.79701 	 7052.11511 	 20211.68974 	 81532.87751 	 4473.71400 	 16176.20218 	 22625.22522 	 37395.61897 	 21663.54300 	 17993.11655 	 11403.32541 	    0.00000 	 4307.23868 	 10717.50185 	 20485.91826 	 12188.67889 	 91797.39681 	 23841.13639 	 40546.46373 	 9935.16134 	 20753.07592 	 72452.26399 	 30944.77222 	 4382.44695 	 28144.78927 	 
8798.91117 	 1324.33242 	 1628.75926 	 10941.80808 	 2091.71812 	 2181.14197 	 8738.27472 	 2259.49590 	 5254.92513 	 4365.46351 	 3676.46875 	 3844.46955 	    0.00000 	 2520.57370 	  817.91701 	 6276.93288 	 13199.01834 	 3236.23125 	  922.13579 	 1352.51386 	 7716.70554 	 2328.16839 	 1148.63120 	 1353.60955 	 5353.13281 	 
27788.34273 	 9436.94662 	 27069.44648 	 30998.35005 	 8895.07118 	 15630.10674 	 9424.11166 	 2880.15484 	 22455.40335 	 10844.72667 	 3089.45734 	 12184.88516 	 4044.67685 	    0.00000 	 5332.67720 	 10688.79738 	 193726.06749 	 31559.40698 	 1105.19687 	 12528.79130 	 6337.00665 	 7523.77118 	 2341.12235 	 26373.52458 	 19123.41682 	 
4155.14830 	  992.96564 	 5521.30297 	 41811.09082 	 1852.73336 	 5911.08989 	 3550.80514 	 11527.69948 	 11871.00853 	 3185.04480 	 7424.86409 	 14463.51998 	 1445.45735 	 5203.12327 	    0.00000 	 2332.46380 	 30588.90641 	 7887.54371 	 3634.30051 	 3422.81162 	 5953.43038 	 12684.42875 	 6044.20186 	 2944.44595 	 10146.30864 	 
12867.97751 	 3600.75859 	 3965.24729 	 13078.38711 	 1405.15656 	 2096.44680 	 13679.49295 	 2335.76991 	 4381.61963 	 17490.75842 	 2178.05795 	 10339.10536 	 4950.90777 	 10586.61689 	 2793.56239 	    0.00000 	 23400.48442 	 5268.18246 	  749.90919 	 1575.50748 	 4173.43077 	 7989.51293 	 2184.90548 	 3148.31388 	 4322.24125 	 
55080.06080 	 22056.20575 	 243846.87277 	 137059.26074 	 29154.26906 	 77662.82791 	 36244.96753 	 20027.78086 	 102569.40709 	 35646.81167 	 13535.42065 	 83348.74634 	 13572.64166 	 211631.64487 	 24013.03079 	 19249.63725 	    0.00000 	 10280.39335 	 9759.09453 	 65435.28968 	 43544.74399 	 59910.66788 	 11635.42520 	 32062.97431 	 204948.13131 	 
11752.41050 	 8034.87675 	 40823.78802 	 41253.33618 	 4465.09510 	 16913.63965 	 5868.27576 	 4745.20954 	 14274.69917 	 5787.33027 	 4289.70996 	 24157.10687 	 2649.61053 	 19944.35490 	 5319.37998 	 3700.26193 	 11085.65168 	    0.00000 	 3244.24833 	 31152.07850 	 9370.30720 	 18692.88652 	 3326.00974 	 8043.57858 	 9442.73952 	 
1574.39096 	  871.84148 	 2655.44610 	 15505.27969 	  899.94150 	 3042.46903 	 4389.66322 	 9237.08662 	 4838.60590 	 2450.50752 	 2788.76755 	 34949.69374 	  604.53378 	 1238.83767 	 3653.11466 	  968.39047 	 8690.81096 	 2366.74423 	    0.00000 	 2329.21569 	 3733.12447 	 12320.30677 	 3864.23824 	  672.46000 	 4098.22985 	 
6433.21916 	 10077.41662 	 15691.85465 	 33597.27353 	 4208.72030 	 3856.30331 	 3559.77481 	 2147.57830 	 7817.83257 	 2762.65459 	 2001.69360 	 11957.72204 	 1441.97527 	 12987.15059 	 2574.59106 	 1361.84216 	 80330.11902 	 31299.00296 	 1356.67200 	    0.00000 	 4014.55683 	 7994.25693 	 2648.81779 	 5811.04425 	 16282.98778 	 
6978.30497 	 4550.62455 	 9062.31987 	 46809.58110 	 6248.10452 	 8476.57630 	 10406.40600 	 6083.15634 	 13944.09361 	 6739.26377 	 14208.74242 	 19138.52378 	 6906.21992 	 10303.04391 	 6034.02680 	 5103.73332 	 41607.48916 	 9076.38185 	 2869.75121 	 5564.98388 	    0.00000 	 10346.20238 	 3883.24612 	 4842.21468 	 12672.75070 	 
4716.58876 	 6563.13679 	 15548.48336 	 31768.83928 	 3392.50594 	 8671.44711 	 18103.21303 	 22012.81756 	 11725.56454 	 9045.37843 	 10109.65942 	 86243.34969 	 3466.80955 	 5775.47978 	 12716.92039 	 6758.25451 	 86049.74760 	 16372.61689 	 11398.38767 	 7520.04802 	 9889.49479 	    0.00000 	 29348.67908 	 3188.23236 	 16684.57732 	 
1962.18425 	 2820.05504 	 3225.27101 	 13858.26244 	 1209.23114 	 1796.26500 	 3763.65484 	 9740.12204 	 4533.56016 	 2718.51979 	 3773.40106 	 26571.67879 	 1254.04159 	 1940.06584 	 4902.36348 	 1891.77773 	 16254.95690 	 5677.41043 	 3678.71652 	 1897.94895 	 3726.03248 	 43692.59141 	    0.00000 	  896.01511 	 4611.45452 	 
10604.06681 	 1543.44099 	 9421.77916 	 18952.07609 	 5200.50204 	 7221.76205 	 3317.52368 	 1232.46306 	 11116.68750 	 2394.98426 	 1588.25395 	 4235.59818 	 1145.70645 	 17623.79607 	 3625.83431 	 2616.98538 	 28994.97919 	 4905.32498 	  560.66757 	 5805.02647 	 4016.80301 	 2364.97147 	  887.83822 	    0.00000 	 5085.37546 	 
15680.95526 	  706.60735 	 64947.89951 	 37476.15753 	 5809.89776 	 13522.80801 	 12463.32421 	 9230.00491 	 13761.87784 	 7066.52978 	 8846.00875 	 21930.39074 	 5602.23135 	 20069.73584 	 12981.78365 	 4615.18267 	 133658.81466 	 14831.36128 	 4515.18469 	 12460.34122 	 13041.44457 	 18679.87078 	 3697.75467 	 7791.47431 	    0.00000 	 
   0.00000 	  540.26859 	  846.35347 	  496.81347 	  361.76061 	  568.69823 	  666.17362 	 1250.33371 	  547.27299 	  737.66487 	  534.47391 	 2374.50442 	  345.62837 	  716.67322 	  719.81176 	  329.45233 	  893.38733 	  552.73225 	 1202.10112 	  569.03708 	  572.05686 	 2519.07882 	 1826.15320 	  422.23851 	  390.26878 	 
 533.88776 	    0.00000 	  470.81079 	  557.01598 	  510.55968 	  383.39878 	 1407.66125 	 1579.32599 	  489.05824 	 1358.12596 	 1199.32132 	 2985.62068 	  686.41789 	  717.56853 	 1185.89054 	 1026.29736 	  231.16340 	   95.56266 	 1651.94195 	  201.36233 	  689.80509 	 3021.63370 	 2977.64329 	  610.59290 	   44.07903 	 
1043.22964 	  444.69297 	    0.00000 	  672.60068 	  589.42650 	  416.90138 	 1464.68382 	 1735.25670 	  534.45710 	 1452.40797 	 1011.29213 	 3154.75556 	  957.23667 	 1358.88404 	 1418.67766 	 1593.12869 	  197.82904 	  271.75977 	 2065.10649 	  466.64278 	 1323.43236 	 2933.61736 	 2273.26998 	  894.77278 	  308.09060 	 
 637.98933 	  742.49014 	  739.83068 	    0.00000 	  257.12148 	  284.44296 	  833.65086 	  751.60285 	  188.33870 	 1100.45211 	  424.50095 	 1379.21151 	  610.28354 	  960.17373 	  434.49498 	  826.13470 	  541.65583 	  751.82354 	 1381.35009 	  509.31448 	  323.23827 	 1508.33418 	 2089.41614 	  730.99480 	  488.87299 	 
 416.94033 	  416.35194 	  674.30985 	  201.19807 	    0.00000 	  284.21540 	  887.92582 	 1389.18940 	  279.03512 	  683.49833 	  534.10433 	 1417.61331 	  470.67630 	 1059.67830 	  674.06063 	  693.38848 	  664.63615 	  538.77598 	 1180.52693 	  247.52556 	  333.42525 	 1492.75403 	 2118.62670 	  937.12469 	  435.47845 	 
 494.51440 	  372.83382 	  420.40234 	  390.71325 	  194.57175 	    0.00000 	  745.01339 	 1441.35109 	  105.91137 	  856.28823 	  604.19418 	 2501.74574 	  710.82834 	 1365.15628 	  696.02196 	  762.83253 	  317.75385 	  467.21709 	 1248.62124 	  115.78197 	  415.07968 	 1534.96810 	 2481.31922 	  959.80727 	  269.72279 	 
 734.93164 	 1355.26113 	 1095.89419 	  743.17608 	  773.14834 	 1158.90685 	    0.00000 	  795.92592 	 1183.15084 	  215.53944 	  405.93477 	 1321.68705 	  376.58675 	 1323.72109 	  786.64029 	  296.76367 	 1545.19967 	 1217.22644 	  769.87308 	 1214.45732 	  510.57462 	 1865.17240 	 1462.76778 	  960.95620 	 1205.72160 	 
1481.49413 	 1712.94252 	 2121.43230 	 1081.26544 	  948.00310 	 1113.00907 	  519.36901 	    0.00000 	 1033.48572 	 1083.42838 	  442.63156 	  701.14470 	  699.75253 	 1722.58610 	  738.48823 	 1363.10773 	 2090.02530 	 1850.87802 	  574.48834 	 1558.69092 	  876.88183 	  963.79298 	  902.23432 	 1226.01558 	 1467.62760 	 
 561.00168 	  472.82543 	  763.19915 	  278.99756 	  235.79165 	   91.90768 	  894.80138 	 1137.13989 	    0.00000 	 1268.81434 	  646.94578 	 2378.22559 	  519.42646 	  969.98469 	  685.55700 	  924.95916 	  360.50142 	  513.75640 	 1640.41360 	  243.54324 	  544.41595 	 1971.54803 	 1859.08090 	 1126.47297 	  411.36687 	 
 671.14164 	 1194.55782 	 1947.21256 	  947.19667 	  921.06705 	 1272.20714 	  253.95678 	  911.82707 	 1042.16481 	    0.00000 	  491.30731 	 1500.42422 	  484.94849 	 1110.67483 	 1010.73743 	  233.51791 	 1399.34558 	 1440.68583 	  931.00307 	 1212.13509 	  522.61573 	 1427.68629 	 1958.02410 	  801.94493 	 1389.19812 	 
 534.96043 	 1245.90458 	 1476.08449 	  371.33877 	  451.85512 	  802.31000 	  559.69874 	  413.36638 	  788.29724 	  652.41186 	    0.00000 	 1428.11288 	  352.49046 	 1418.47564 	  438.26932 	  711.51449 	 1120.17433 	 1040.12163 	 1270.81153 	  923.71689 	  290.94490 	 1910.30831 	 1376.33147 	  897.49660 	  981.31391 	 
1872.13734 	 2126.65116 	 2609.10311 	 2111.23410 	 1988.43144 	 2448.79905 	 1143.31938 	 1021.95959 	 2139.12972 	 1019.99425 	 1643.16132 	    0.00000 	 1372.67470 	 1698.99725 	 1391.88458 	 1176.75991 	 2942.49269 	 2417.48161 	  267.92014 	 2478.74759 	 1529.73208 	  327.43070 	  731.32757 	 2036.57056 	 2606.18642 	 
 431.97420 	  717.02708 	 1369.62206 	  581.88528 	  383.38456 	  594.60874 	  462.24862 	  845.87789 	  483.62379 	  601.84721 	  302.40564 	 1858.84525 	    0.00000 	  714.80519 	  704.18814 	  358.61375 	 1026.08053 	  662.66777 	 1466.08822 	  568.17454 	  298.57253 	 1956.16486 	 1722.49736 	  807.64982 	  744.63710 	 
 589.72194 	  885.14650 	 1267.21507 	 1391.01594 	  750.27486 	  946.08019 	 1272.85513 	 2227.86766 	 1377.59025 	 1098.73625 	 1548.54227 	 2609.93790 	  704.26939 	    0.00000 	 1478.08926 	  696.12734 	 1174.06168 	 1152.13786 	 1926.17226 	 1193.44769 	 1022.60089 	 2331.94580 	 2328.25706 	  146.39187 	 1132.17257 	 
 843.49034 	 1016.84806 	  882.53921 	  428.34740 	  497.45934 	  613.90581 	  700.66674 	  498.34640 	  470.29972 	  764.61591 	  427.26307 	 1195.12844 	  728.47703 	 1516.81239 	    0.00000 	 1035.11439 	 1086.60112 	  851.19572 	  984.82367 	  679.09750 	  564.32620 	 1451.25437 	 1620.42637 	 1166.04292 	  878.74472 	 
 398.39696 	  958.25434 	 1726.52672 	  811.14376 	  706.18990 	  866.40541 	  431.63957 	  851.52994 	  949.07285 	  273.47868 	  554.24280 	 1497.47626 	  309.35051 	  717.73215 	 1325.42100 	    0.00000 	 1335.27458 	 1154.61908 	 1257.16879 	  995.18755 	  722.76383 	 2138.54820 	 2141.85900 	  400.44674 	  877.67486 	 
 912.31283 	  137.81773 	  154.23372 	  682.99218 	  459.89782 	  324.71332 	 1054.26702 	 1222.90788 	  398.70873 	 1453.26521 	 1211.96503 	 2672.47595 	 1212.05393 	 1202.02425 	 1252.22141 	 1473.28299 	    0.00000 	  102.68266 	 1781.36364 	  239.00061 	 1026.29514 	 2151.86941 	 1761.83815 	  811.80133 	  186.24716 	 
 618.44828 	  119.90627 	  229.82208 	  707.21783 	  664.69614 	  452.07541 	 1533.58193 	 1276.61146 	  563.12921 	 1554.07800 	 1310.62575 	 3019.04521 	 1002.12253 	  777.09867 	  825.68263 	 1396.96436 	   93.46916 	    0.00000 	 2566.64738 	  282.04655 	  640.46006 	 1804.87648 	 2971.49806 	  661.12186 	  157.75566 	 
1490.18260 	 2040.68965 	 2988.94190 	 1517.35778 	 1649.84263 	 1333.14738 	 1094.50915 	  756.37490 	 1638.89816 	 1211.49489 	  926.84837 	  452.04405 	 1381.69972 	 1499.09994 	  916.21403 	 1487.71818 	 2376.90663 	 2370.76999 	    0.00000 	 1482.39507 	  996.93697 	  478.18513 	 1145.34413 	 1832.74338 	 1517.39957 	 
 416.70979 	  208.49834 	  568.44250 	  352.73016 	  201.46144 	  119.43251 	  941.98038 	 1514.44895 	  231.62716 	  847.05182 	  636.24590 	 2466.84485 	  643.28052 	  884.01790 	  807.36088 	 1028.12720 	  269.00601 	  344.63790 	 1675.19726 	    0.00000 	  711.12854 	 2431.97886 	 1684.40015 	  672.82506 	  137.78236 	 
 612.90789 	  672.33203 	  960.71233 	  249.22754 	  284.52165 	  407.87574 	  601.27985 	  905.95143 	  466.08802 	  731.49008 	  168.95033 	 1119.83850 	  183.96852 	  900.29903 	  435.52961 	  627.80869 	  792.00128 	  827.31252 	 1421.34447 	  552.65226 	    0.00000 	 1855.86068 	 1431.81574 	  896.73012 	  507.50357 	 
1503.22033 	 2715.48814 	 2564.96937 	 1362.80968 	 2318.38550 	 1709.04296 	 1410.56969 	 1084.00014 	 2095.97495 	 1828.78169 	 1090.64456 	  462.21461 	 1677.75909 	 2477.99538 	 2057.75676 	 1416.03072 	 3242.35634 	 1784.49315 	  614.29718 	 2413.92928 	 2254.90920 	    0.00000 	  718.50504 	 2343.88309 	 3085.87298 	 
2404.68928 	 2249.48464 	 2254.95520 	 1993.20983 	 2066.17119 	 2083.55188 	 1273.70139 	  850.52656 	 1715.08566 	 1822.34648 	 1815.23283 	  983.89579 	 2035.30627 	 2614.79568 	 1171.10610 	 1867.84398 	 2603.35153 	 3001.87044 	 1037.32641 	 1538.49107 	 1411.34132 	  708.09541 	    0.00000 	 1910.51439 	 2818.54532 	 
 504.80801 	  923.42320 	 1450.95025 	  980.91525 	  968.33690 	  834.54073 	  729.08979 	 1711.77535 	  803.24422 	  926.81033 	  785.99274 	 1704.70236 	  605.85247 	  217.67834 	 1587.56759 	  518.16629 	  943.74911 	 1166.05216 	 1542.53672 	  750.83090 	  684.30665 	 1896.44415 	 2485.68885 	    0.00000 	  771.12917 	 
 422.19992 	   40.10786 	  356.76538 	  643.64581 	  473.39597 	  326.09515 	 1186.91882 	 1229.03084 	  485.20509 	  852.79480 	  869.53959 	 2293.93142 	  907.45794 	 1126.66395 	  733.74704 	  860.14363 	  222.76124 	  126.08062 	 1658.92927 	  163.46882 	  659.06486 	 3060.14158 	 1674.19903 	  889.31155 	    0.00000 	 
   0.00000 	 7689.44852 	 8931.31639 	 20382.29227 	 4670.83008 	 7368.97043 	 13133.87967 	 2533.49439 	 6557.36162 	 6455.53255 	 4512.68083 	 9775.15442 	 11584.87426 	 27317.83556 	 3853.81504 	 7969.49808 	 40724.80147 	 10885.44070 	 1118.15675 	 4999.26522 	 7386.29146 	 6749.01528 	 2726.40455 	 15611.95816 	 18652.41199 	 
5628.65747 	    0.00000 	 12077.35595 	 15106.24064 	 3576.88949 	 4220.79043 	 3875.46022 	 2323.56142 	 8331.52201 	 4191.81861 	 2291.16585 	 7604.13482 	 1113.33396 	 9041.90055 	 1467.59093 	 4105.51686 	 23380.65509 	 5556.41586 	  800.85537 	 6770.74120 	 3766.16756 	 8152.25558 	 4362.07535 	 2165.83211 	  428.36212 	 
9133.85034 	 11910.61398 	    0.00000 	 37734.50187 	 7147.59372 	 14842.26131 	 7041.87791 	 7077.97972 	 15769.47505 	 5121.23915 	 2574.93858 	 21962.57166 	 1337.61547 	 27000.90424 	 7259.51754 	 3571.27926 	 215340.65285 	 46605.62250 	 2335.13887 	 9362.44992 	 8765.29471 	 13706.65740 	 4845.63370 	 7263.51257 	 41483.40345 	 
20529.07361 	 12539.28407 	 28689.98168 	    0.00000 	 14983.21457 	 37827.96452 	 23257.89115 	 23986.45789 	 53225.70948 	 17071.52501 	 25474.33359 	 79443.59411 	 10379.81574 	 45570.80811 	 40604.70148 	 16358.09352 	 161533.22454 	 35007.35627 	 12190.96367 	 31242.73829 	 51934.94403 	 37981.19681 	 11221.12603 	 14927.67795 	 40956.75266 	 
4581.78365 	 4150.06920 	 7545.80397 	 17722.06512 	    0.00000 	 5633.34852 	 3764.50960 	 2004.50899 	 8222.57895 	 2407.73782 	 1596.36391 	 4813.82869 	 1655.64469 	 6050.32872 	 2565.99485 	 1234.20445 	 31021.36391 	 7322.42192 	 1076.57481 	 4943.70042 	 6169.66464 	 2726.86150 	 1298.30412 	 3445.28069 	 7997.05126 	 
7561.62948 	 6923.57861 	 15804.63442 	 38839.90228 	 6124.08809 	    0.00000 	 4591.47565 	 3571.80959 	 11918.45073 	 2807.37276 	 2126.02622 	 12351.86171 	 1973.08885 	 16454.28406 	 5747.54668 	 2046.79500 	 64354.70645 	 15056.76050 	 2843.95706 	 5368.19612 	 6774.69953 	 7681.91371 	 1578.84457 	 7137.59510 	 15003.70475 	 
13772.71304 	 2818.73808 	 7002.31028 	 16231.54514 	 3964.63487 	 6014.77396 	    0.00000 	 9504.30193 	 5593.28768 	 40488.80823 	 9059.89429 	 29466.72081 	 8383.13729 	 9622.21673 	 3641.94191 	 16912.18531 	 26347.12265 	 5976.10584 	 5759.23861 	 3005.09351 	 9502.98371 	 10915.72552 	 4830.41756 	 3252.50693 	 11504.08902 	 
2044.25078 	 3241.38517 	 5498.60586 	 30171.21707 	 1686.30077 	 4131.27476 	 11994.10495 	    0.00000 	 4961.78488 	 8040.34538 	 12747.85934 	 21891.79661 	 1338.26143 	 4011.68217 	 6639.16120 	 3258.47236 	 16312.93192 	 6447.13991 	 7801.25722 	 2297.20090 	 6305.73524 	 17755.13495 	 6742.85121 	 1622.54911 	 10474.04127 	 
9032.01164 	 7448.62146 	 13422.04068 	 43822.07838 	 7048.19326 	 13024.38918 	 6808.16764 	 7140.70512 	    0.00000 	 4765.56378 	 5256.89597 	 23820.82294 	 5379.97309 	 21118.63494 	 11594.06458 	 4060.05054 	 73302.90755 	 23271.94501 	 4273.75379 	 7424.15197 	 11509.95144 	 16537.68107 	 4308.54560 	 14088.96020 	 17813.09098 	 
7799.31790 	 3291.76533 	 5061.41532 	 18099.81655 	 2368.96197 	 4193.99101 	 33686.85441 	 7059.76417 	 5050.17263 	    0.00000 	 5391.60857 	 22146.53514 	 3818.09133 	 7347.65981 	 2383.77758 	 16794.61183 	 36238.41217 	 5560.34093 	 2615.27614 	 2689.43650 	 6204.27251 	 9142.84670 	 2639.81325 	 1911.71463 	 7298.03848 	 
2870.79975 	 2696.63157 	 3980.40777 	 22789.08711 	 2811.24539 	 3559.84892 	 10762.26981 	 10879.69686 	 6416.73170 	 4581.47988 	    0.00000 	 11831.20522 	 3548.59755 	 3895.13656 	 9334.69048 	 3483.37913 	 19885.95484 	 5340.18943 	 2374.36161 	 2840.16984 	 11215.93458 	 8651.46228 	 2534.03135 	 2100.49232 	 6464.97259 	 
7730.03894 	 8743.61139 	 19089.20154 	 68663.78062 	 7551.88640 	 16819.58184 	 25454.53984 	 24971.99494 	 26703.53950 	 19895.59111 	 14504.92567 	    0.00000 	 4004.77594 	 10841.66497 	 19159.08121 	 8761.27706 	 136054.00064 	 16749.32576 	 40792.14804 	 12428.49453 	 18529.18189 	 90966.06576 	 40031.29235 	 4291.11477 	 20362.06676 	 
11502.02887 	 1336.42591 	 1565.80125 	 14968.49760 	 2295.85672 	 1772.97824 	 8187.10318 	 1284.00054 	 5121.63772 	 3985.33594 	 2320.64318 	 3933.39539 	    0.00000 	 2329.80895 	 1189.69107 	 4461.38796 	 9315.53152 	 2810.29315 	  648.42524 	 1460.18717 	 5500.42956 	 2703.76605 	  884.53349 	 1357.26769 	 5890.63006 	 
28645.96736 	 7756.33701 	 17864.28828 	 44466.41803 	 6471.25849 	 12118.44609 	 9195.46891 	 3460.42295 	 19852.07525 	 11142.17635 	 3074.42070 	 14495.31616 	 3375.13238 	    0.00000 	 6863.98459 	 12109.59446 	 212829.98424 	 23367.45789 	  983.75826 	 16616.63434 	 11091.17245 	 7078.70325 	 1820.19048 	 21481.69516 	 23520.22485 	 
2976.23286 	  895.33613 	 5135.62899 	 62932.77812 	 2012.68653 	 4174.89722 	 5743.43142 	 7586.68658 	 8466.82590 	 2618.99397 	 8604.40994 	 19503.28902 	  806.55409 	 4251.41861 	    0.00000 	 2319.10881 	 28038.30180 	 7718.55311 	 3499.69591 	 2034.01522 	 10180.44124 	 16303.94403 	 6133.12340 	 2654.32278 	 13802.19037 	 
9285.52447 	 6628.79843 	 4351.93250 	 18616.07996 	 1579.56309 	 1885.10281 	 15233.22101 	 2591.89407 	 3721.58164 	 22804.96830 	 2126.06366 	 10033.24122 	 6776.25972 	 11971.75852 	 1673.61862 	    0.00000 	 22549.18671 	 5193.74614 	  689.57365 	 2189.66396 	 4834.95261 	 5762.96722 	 1981.59174 	 3042.78768 	 4697.85674 	 
33928.57768 	 25364.51932 	 246385.23289 	 142535.12309 	 28936.76678 	 45037.20409 	 34395.04411 	 22677.50883 	 86058.24204 	 30095.82882 	 13775.72444 	 109381.11567 	 8329.31350 	 215717.08435 	 26117.20776 	 19907.01458 	    0.00000 	 9291.31007 	 11877.74103 	 74126.93427 	 26679.18632 	 75895.44408 	 18827.67462 	 23823.48300 	 211047.62948 	 
8376.40033 	 7788.63830 	 32911.49392 	 43729.12107 	 7178.14904 	 16872.87548 	 5304.15380 	 5344.84985 	 22783.95798 	 4711.85143 	 3361.54489 	 22290.24403 	 2684.84542 	 30915.10666 	 6422.95530 	 5438.99922 	 11293.32966 	    0.00000 	 2624.80041 	 34414.96838 	 8528.31828 	 15649.79262 	 4138.46277 	 5837.60492 	 12994.07430 	 
1247.91976 	  815.93533 	 3240.59418 	 19709.25243 	 1350.14604 	 2477.79724 	 5414.94894 	 7335.18786 	 5359.81801 	 2467.74234 	 2698.04489 	 40265.07543 	  761.33236 	 1071.22473 	 5955.93056 	  911.71329 	 12706.06816 	 2419.38951 	    0.00000 	 1860.82311 	 4329.59706 	 11886.15410 	 3873.69121 	  672.70128 	 3289.38047 	 
6165.45774 	 7299.88883 	 12833.16835 	 34083.39290 	 3955.76253 	 5089.86863 	 3383.13741 	 2828.88890 	 8687.40404 	 2827.52602 	 1917.99186 	 13598.33564 	 1036.57261 	 16640.95850 	 2779.08958 	 1805.97130 	 66549.52092 	 33040.12173 	 1670.62452 	    0.00000 	 4546.17448 	 7628.07071 	 1646.03815 	 6818.09862 	 13728.30098 	 
5342.73539 	 2952.54169 	 6733.83913 	 45162.86605 	 5306.79385 	 9548.08193 	 10128.74949 	 6324.21199 	 12910.57530 	 7753.01873 	 16063.44337 	 21173.73897 	 6367.92886 	 6994.22042 	 9350.29879 	 5103.46164 	 34616.92929 	 7538.32666 	 4637.01976 	 3931.18648 	    0.00000 	 10376.62958 	 3176.38306 	 3305.28000 	 9182.19291 	 
7109.48798 	 5823.84771 	 12241.55886 	 31614.99241 	 3638.82247 	 5212.12112 	 17774.08414 	 12999.03322 	 13079.24607 	 10610.37642 	 9956.41147 	 113279.92062 	 3070.63541 	 6466.88121 	 16222.69049 	 4760.07659 	 67234.21225 	 16988.80265 	 8937.70316 	 8431.03497 	 9837.66738 	    0.00000 	 26018.26785 	 2268.21463 	 22878.04807 	 
2629.88994 	 4403.20986 	 3139.07392 	 11351.84704 	 1213.92229 	 2298.63424 	 3704.48385 	 8542.61146 	 3573.40100 	 3591.77256 	 2323.77895 	 32008.26670 	 1013.49428 	 1461.63707 	 6106.28449 	 2071.63316 	 13744.17384 	 4629.65668 	 2851.81835 	 2661.87925 	 2522.89251 	 27412.90556 	    0.00000 	 1179.29865 	 3853.63563 	 
11782.04211 	 2275.85281 	 6578.96146 	 21397.15271 	 5794.39741 	 7942.67724 	 3150.20443 	 1223.61309 	 16019.56630 	 2219.92795 	 1594.92216 	 3877.94791 	 1170.94605 	 18087.77476 	 3374.32452 	 2538.86800 	 32842.19025 	 7644.51643 	  538.60664 	 6421.85878 	 2968.40038 	 2677.74174 	 1069.24239 	    0.00000 	 5538.51408 	 
11991.23199 	  672.40812 	 63878.18595 	 42076.78219 	 8628.56986 	 12265.18617 	 10047.05110 	 6792.82088 	 18791.96272 	 6852.41019 	 6469.63034 	 30674.84462 	 5263.22861 	 23007.31984 	 15540.64032 	 6133.14425 	 149423.13954 	 15458.28757 	 2531.76656 	 13929.69812 	 11649.88569 	 21006.71723 	 6258.93847 	 7820.16273 	    0.00000 	 
   0.00000 	  709.72900 	 1137.50135 	  668.80062 	  288.86023 	  644.53812 	  618.85775 	 1119.18506 	  549.86172 	  583.32769 	  576.54354 	 2514.03640 	  372.55423 	  563.97176 	  803.29214 	  500.13401 	  966.20438 	  543.19765 	 1876.48929 	  422.64542 	  417.03900 	 1542.92814 	 1867.98662 	  286.87745 	  644.95774 	 
 500.76904 	    0.00000 	  435.94209 	  789.62224 	  489.24954 	  255.76086 	 1546.95965 	 1279.51549 	  454.75544 	 1340.08055 	  915.42211 	 2049.49852 	  762.97390 	  947.89644 	 1021.20388 	  877.74703 	  207.62526 	  101.72845 	 2549.61546 	  165.83861 	  523.23986 	 2374.50223 	 2476.20960 	  989.11673 	   31.63441 	 
 895.09418 	  411.56014 	    0.00000 	 1091.28055 	  876.96188 	  516.60891 	 1643.16600 	 2072.76438 	  700.90612 	 1293.15438 	 1087.53250 	 2443.32097 	 1039.48895 	  981.86652 	 1248.89694 	 1770.03986 	  188.31580 	  259.16723 	 2514.33974 	  434.58274 	  788.51479 	 3428.14626 	 3189.35363 	  876.64310 	  330.46332 	 
 537.38763 	  685.28857 	 1046.86337 	    0.00000 	  224.59159 	  362.66571 	  628.23672 	 1116.51024 	  209.08748 	 1090.34424 	  376.83377 	 1296.49974 	  406.80747 	 1341.53578 	  310.04047 	  911.21783 	  545.88609 	  829.16387 	 1434.08066 	  408.54042 	  284.07962 	 1980.65957 	 1997.08255 	 1166.80754 	  513.75542 	 
 365.20837 	  426.55625 	  613.73347 	  240.69525 	    0.00000 	  198.58480 	  670.13368 	 1103.34256 	  173.29585 	  650.00133 	  420.09479 	 1611.27934 	  507.51376 	 1003.55733 	  582.07923 	  507.51424 	  568.61683 	  420.42761 	 1209.44284 	  291.95835 	  376.16850 	 2085.90234 	 1747.18346 	  865.06359 	  398.28068 	 
 481.50973 	  272.65936 	  528.83876 	  375.66000 	  196.87577 	    0.00000 	 1092.08081 	  852.85912 	   94.14497 	 1354.11893 	  652.11574 	 2562.81529 	  536.87696 	 1109.38205 	  475.46658 	  769.70218 	  308.12058 	  434.86707 	 1443.22278 	   75.49728 	  456.42255 	 2086.27809 	 1998.29417 	 1069.83919 	  258.21975 	 
 541.43337 	 1177.77224 	 1709.07135 	  885.32507 	  734.15578 	  825.09280 	    0.00000 	  789.81029 	 1027.05067 	  175.69484 	  527.57481 	 1410.48426 	  365.89007 	  948.15957 	  875.28032 	  440.62830 	 1486.51508 	  954.41262 	  742.34108 	 1240.22552 	  546.45121 	 1312.94222 	 1485.49578 	 1063.29838 	 1398.89699 	 
1528.48683 	 1072.41935 	 2205.04648 	  777.11300 	  871.28700 	 1418.51222 	  619.90462 	    0.00000 	 1370.46746 	  880.91209 	  622.45466 	 1069.74606 	  654.69602 	 1264.93614 	  897.61806 	  998.11933 	 1247.25054 	 1848.15492 	  514.04027 	  942.97530 	  782.84985 	 1227.00954 	 1155.94616 	 1871.16037 	 1067.22647 	 
 563.71944 	  365.65861 	  729.40589 	  236.18335 	  239.80161 	   67.05209 	 1247.33028 	 1361.07299 	    0.00000 	 1126.39824 	  726.05867 	 2136.28365 	  549.51258 	 1175.79592 	  440.98080 	  978.59955 	  585.29148 	  325.82898 	 1784.51032 	  218.70042 	  581.77739 	 2651.00768 	 2205.66149 	  971.62980 	  348.32429 	 
 841.10911 	  869.62122 	 1344.24075 	  691.31299 	  799.07901 	  942.93354 	  193.36171 	  918.28074 	 1396.90900 	    0.00000 	  780.21794 	 1715.73074 	  619.20062 	  911.22657 	 1244.36306 	  358.35833 	 1300.87620 	 1584.39031 	  735.87452 	 1171.41435 	  613.91077 	 1376.46819 	 2172.86087 	  810.98031 	 1456.77224 	 
 651.37404 	 1113.86848 	 1423.02603 	  291.28563 	  582.88165 	  574.62199 	  495.24379 	  502.12355 	  741.01201 	  699.73423 	    0.00000 	 1511.08723 	  414.71376 	 1134.52904 	  423.08109 	  563.33285 	 1171.11850 	  835.67872 	 1188.42504 	  866.77620 	  228.33449 	 1826.07933 	 1169.08426 	 1134.98957 	  991.31328 	 
1759.99141 	 1763.15903 	 1980.92552 	 1615.39103 	 1565.17597 	 1588.20403 	 1504.94568 	 1068.66067 	 2229.07850 	 1481.88344 	 1488.93460 	    0.00000 	 2052.16310 	 2290.26293 	 1239.79342 	 1258.66674 	 1774.77410 	 1745.46080 	  375.03562 	 2201.74365 	 1745.04395 	  371.70056 	  854.81215 	 1707.66083 	 2009.02762 	 
 361.38698 	  740.50098 	 1310.71705 	  544.39464 	  489.72692 	  635.33878 	  354.67647 	 1024.19832 	  541.34769 	  383.58821 	  434.50589 	 1498.55134 	    0.00000 	  888.23973 	  532.49714 	  259.87017 	  860.63675 	  820.38001 	 1301.89228 	  623.34952 	  201.85006 	 2145.21340 	 2264.17243 	  648.94887 	  861.87867 	 
 683.25657 	  790.06892 	 1119.85691 	 1263.00615 	 1163.84201 	 1077.79630 	 1283.67650 	 1474.89912 	 1226.33357 	 1167.13241 	 1036.46253 	 1783.21935 	  671.96119 	    0.00000 	 1642.83990 	  585.52715 	 1287.61203 	  896.85384 	 2384.59324 	  914.85112 	 1125.34976 	 2687.46821 	 3517.38922 	  227.94017 	  799.50619 	 
 687.14996 	  898.71950 	 1247.32077 	  371.28561 	  652.55103 	  541.16009 	  980.05357 	  853.21803 	  548.14438 	  924.70606 	  287.95276 	 1580.54403 	  865.15170 	 1376.11679 	    0.00000 	  784.84846 	 1076.57434 	  797.95374 	 1015.43795 	  526.50790 	  426.62452 	 1338.80360 	 1083.98688 	 1457.23550 	  972.36447 	 
 372.65287 	  777.78915 	 1773.19352 	  589.58865 	  790.74264 	 1175.08232 	  399.32617 	  845.61759 	 1071.12963 	  226.00963 	  601.06117 	 2092.20444 	  361.71695 	  614.60077 	  855.03435 	    0.00000 	  849.76261 	  899.74970 	 1085.90798 	 1118.08723 	  649.49209 	 1682.52018 	 2390.46845 	  547.44539 	  842.07315 	 
 692.88506 	  231.25128 	  143.75954 	  924.74753 	  500.77882 	  404.06816 	 1618.65706 	 1993.05398 	  455.86398 	 1191.52115 	  895.10154 	 1752.85514 	 1096.31036 	 1198.40901 	 1015.72140 	  878.54728 	    0.00000 	  109.18474 	 2236.47236 	  361.56383 	  868.56401 	 2660.22014 	 2655.05723 	 1263.90339 	  170.04811 	 
 502.69080 	  110.25696 	  328.12766 	  746.32052 	  580.98224 	  378.09188 	 1137.09617 	 1568.19932 	  358.74819 	 1458.73576 	  907.04058 	 2956.41894 	  992.68802 	  752.52574 	  995.66674 	 1165.39375 	  106.01817 	    0.00000 	 2484.12241 	  202.45410 	  885.05809 	 2028.15755 	 2920.34179 	 1028.08788 	  144.91437 	 
1544.87411 	 2220.23255 	 1638.18568 	 1541.88089 	 2035.45912 	 1463.80402 	  703.92355 	  528.87836 	 1284.16349 	  934.12838 	 1065.78851 	  306.06105 	 1004.01619 	 2356.60713 	  950.72471 	 1124.77306 	 1529.56250 	 2535.21836 	    0.00000 	 1757.59416 	 1511.34084 	  635.05648 	 1043.01307 	 1575.77751 	 1444.54321 	 
 593.22809 	  153.69677 	  384.52153 	  287.64108 	  299.86643 	   96.14543 	  878.99734 	 1562.91650 	  238.96185 	 1333.22967 	  987.98342 	 1887.59847 	  621.90662 	 1144.34997 	  892.53154 	 1088.69340 	  355.22886 	  345.48601 	 1651.54356 	    0.00000 	  405.48547 	 2663.87597 	 2731.15636 	  940.72115 	  148.94740 	 
 524.80463 	  911.39548 	 1137.03337 	  197.38660 	  385.68795 	  490.19413 	  638.66761 	  902.25112 	  506.56965 	  685.81099 	  272.62923 	 1323.95997 	  219.02868 	  775.33895 	  405.80973 	  712.83906 	  646.93957 	  851.51688 	  955.93538 	  389.74325 	    0.00000 	 1435.61572 	 1347.55180 	 1058.60473 	  819.89229 	 
2595.83173 	 2972.23225 	 3436.03480 	 1758.08485 	 2246.72145 	 1651.16811 	 1836.78516 	  744.60309 	 2622.62600 	 1351.44152 	 1386.81458 	  450.85339 	 2170.20072 	 3351.08718 	 1656.71865 	 2102.72468 	 1815.72084 	 2276.05393 	  806.22705 	 2385.20393 	 1544.50031 	    0.00000 	  564.83448 	 3090.04547 	 2212.33641 	 
2487.96621 	 2097.47234 	 2759.29588 	 2181.37902 	 2183.28254 	 1770.39266 	 2108.29895 	 1065.77772 	 1520.99753 	 2391.53972 	 1218.89358 	  748.03908 	 2155.33988 	 2835.30764 	 1429.63172 	 2159.00818 	 3025.42188 	 2755.44683 	 1266.38506 	 2363.44743 	 2145.80748 	  784.41288 	    0.00000 	 3090.15149 	 2207.18727 	 
 297.75445 	  906.63527 	 1530.43467 	  963.43378 	  896.95566 	 1094.69583 	 1118.95635 	 1614.21274 	 1241.56884 	  751.58095 	 1121.29947 	 1636.15459 	  776.70351 	  180.36486 	 1004.88360 	  573.64221 	 1296.44245 	 1141.51417 	 1277.61784 	  892.10369 	  741.21083 	 1980.78611 	 2100.26925 	    0.00000 	  700.15903 	 
 382.77087 	   35.24784 	  425.99681 	  662.52935 	  345.61018 	  303.15042 	 1102.17342 	 1703.54884 	  422.05879 	 1116.87492 	  653.92990 	 2695.47405 	  943.08404 	  746.99510 	  839.32380 	 1082.40928 	  262.48325 	  133.29714 	 2197.37580 	  176.52916 	  574.05187 	 2576.50106 	 1997.53122 	  876.97995 	    0.00000 	 
   0.00000 	 7489.56232 	 7069.58929 	 18138.72112 	 5819.02222 	 5115.86412 	 14338.30474 	 2886.80668 	 10225.51230 	 9180.09314 	 4094.93411 	 6929.30128 	 10715.28576 	 23816.21643 	 3823.63190 	 8812.11872 	 41890.98804 	 14482.37253 	 1766.59009 	 4148.33127 	 7590.37348 	 6582.33556 	 2035.79370 	 9417.76182 	 16055.67453 	 
5798.83083 	    0.00000 	 9208.36130 	 10885.10347 	 2668.41971 	 5126.55485 	 4019.64330 	 3108.96196 	 4748.94512 	 4292.01340 	 2940.02599 	 7663.52837 	 1033.56532 	 6981.86242 	 1224.56185 	 3654.64185 	 25898.49451 	 7521.80124 	  586.68060 	 9237.42850 	 4732.16314 	 7480.66017 	 4109.27225 	 2101.06756 	  645.60670 	 
6256.98388 	 16370.78085 	    0.00000 	 28739.77379 	 7385.04922 	 13249.83688 	 6807.43898 	 4272.76440 	 13235.92916 	 5477.06591 	 3682.17258 	 27668.39876 	 2057.21862 	 18211.99693 	 5225.73634 	 4370.26698 	 146577.35577 	 48805.21335 	 2979.08722 	 9849.36844 	 7068.69332 	 12179.39424 	 5514.87079 	 6593.43435 	 55720.97217 	 
18516.73510 	 14301.40261 	 43155.07406 	    0.00000 	 17010.45609 	 31681.74759 	 23134.92980 	 30880.98763 	 63871.06318 	 15061.90998 	 31638.13307 	 65092.73313 	 12124.86507 	 32611.49676 	 36572.01762 	 16885.52043 	 209446.41532 	 39677.82042 	 11511.76552 	 21287.59811 	 42409.80064 	 40957.64851 	 10917.08565 	 22376.71224 	 29774.56478 	 
5521.10638 	 2848.57238 	 5645.32770 	 14184.08074 	    0.00000 	 7271.93388 	 4015.64210 	 1404.85737 	 5903.94577 	 2436.55048 	 2750.09232 	 4233.67958 	 2290.59472 	 5064.90551 	 1844.08770 	 1234.77158 	 27500.20182 	 4467.28772 	  791.80543 	 4277.53493 	 6496.32238 	 3639.03690 	  829.83634 	 5127.07421 	 4936.48220 	 
6093.12055 	 6043.52420 	 18261.24450 	 41149.04167 	 5655.31501 	    0.00000 	 4252.73518 	 2933.85030 	 12290.02891 	 2503.06411 	 3565.32821 	 17729.59539 	 2553.10264 	 20308.71413 	 3558.21217 	 2580.51620 	 68830.12719 	 19065.15432 	 3585.86417 	 6444.12075 	 9424.68826 	 7010.20830 	 1661.66203 	 7291.48818 	 17442.18198 	 
14714.76257 	 3320.29278 	 6948.79343 	 20883.13158 	 2836.43881 	 4278.50760 	    0.00000 	 8531.86231 	 7950.41982 	 35361.16882 	 8483.58236 	 29377.35725 	 6624.20741 	 8440.46785 	 3504.51618 	 11432.04416 	 30224.57942 	 7438.17969 	 6624.17672 	 3648.91528 	 8598.52666 	 18039.87913 	 3671.29235 	 2028.67779 	 13922.38115 	 
2419.01252 	 2944.28665 	 6278.67526 	 32731.89053 	 1982.98495 	 3431.86805 	 11339.67135 	    0.00000 	 4303.92168 	 5812.55321 	 7786.59968 	 31262.27451 	 1717.23555 	 3093.04043 	 8643.29756 	 2258.27755 	 29182.56775 	 4978.50678 	 6250.69345 	 1870.75809 	 6038.93113 	 13559.05371 	 9670.88506 	 1429.98637 	 9409.16807 	 
8783.25540 	 6476.34970 	 14023.16353 	 59535.22864 	 8354.72627 	 7600.16586 	 5728.96754 	 4029.36311 	    0.00000 	 3830.35913 	 5696.80160 	 18346.07082 	 5349.83703 	 18905.21236 	 7502.11119 	 3551.76616 	 76686.13503 	 21148.33609 	 3210.79352 	 9103.64116 	 10964.68560 	 14203.81448 	 3620.40169 	 10248.71424 	 19098.00001 	 
8025.65865 	 3717.70234 	 3536.14895 	 15311.64513 	 1751.63949 	 3319.36556 	 27695.53330 	 7513.30326 	 3990.57282 	    0.00000 	 3275.92506 	 22140.10674 	 4679.99760 	 7427.33076 	 2613.32034 	 19004.30650 	 29321.30649 	 4425.83189 	 2094.93812 	 3466.04816 	 8827.17573 	 7276.53336 	 3184.29149 	 2720.64355 	 4581.42386 	 
3089.19881 	 1934.52470 	 3187.71556 	 30612.50882 	 2185.30908 	 3356.18177 	 11373.30907 	 10739.89930 	 4116.18222 	 4774.07384 	    0.00000 	 19767.93690 	 3886.29930 	 4018.85102 	 9705.50625 	 2361.37416 	 19024.72964 	 4690.05684 	 2638.38022 	 2210.25411 	 19976.19090 	 7843.74146 	 2945.13179 	 1639.69432 	 6706.34297 	 
7471.04449 	 7202.26033 	 21597.13115 	 49529.65003 	 6744.91128 	 10519.65677 	 23230.35459 	 34341.06778 	 21581.29323 	 17984.45740 	 13577.96302 	    0.00000 	 6285.23040 	 11632.52718 	 15160.36115 	 7611.16452 	 136807.10767 	 14950.21065 	 27468.44003 	 7874.48077 	 19177.69457 	 85502.78350 	 38426.63322 	 3269.97607 	 31490.87768 	 
9114.50312 	 1460.56496 	 1499.14565 	 12144.61981 	 1365.67181 	 1915.65705 	 8704.63155 	 2022.00331 	 4178.52433 	 5005.85978 	 3139.30184 	 5806.86339 	    0.00000 	 3209.73976 	 1264.23436 	 5823.62473 	 9700.35449 	 2368.14952 	  603.72095 	 1515.66099 	 7492.41506 	 2420.88464 	  933.43139 	 1506.20723 	 3660.43718 	 
28866.82731 	 9518.51921 	 26993.73310 	 43216.65269 	 8564.21337 	 16591.45247 	 6054.34302 	 4406.38615 	 20400.86554 	 8800.64478 	 4987.60434 	 16235.81993 	 3195.68754 	    0.00000 	 6469.71395 	 11618.91928 	 201344.64590 	 29757.57427 	  982.87901 	 11753.94857 	 6356.72127 	 9918.96643 	 2172.39562 	 17136.39761 	 20927.10319 	 
3740.81920 	 1160.89600 	 6413.19567 	 48870.28807 	 2231.52111 	 6379.67834 	 3452.67501 	 11452.46868 	 9776.31504 	 2405.22998 	 9840.71619 	 19424.92857 	 1091.83946 	 4386.33624 	    0.00000 	 1713.28676 	 25309.74506 	 5668.41791 	 3496.22678 	 3374.51130 	 9332.41406 	 14678.75168 	 4466.46122 	 3087.83967 	 10469.76832 	 
12265.99154 	 6360.57781 	 2748.72634 	 17362.07901 	 1438.74611 	 1507.05068 	 11996.46423 	 2948.95310 	 3070.58198 	 14548.59925 	 2458.26616 	 11617.46664 	 4683.76600 	 10451.63437 	 2583.20267 	    0.00000 	 16617.15128 	 5553.78047 	  818.04449 	 2167.36554 	 5553.46954 	 5087.34959 	 1938.42241 	 3077.41911 	 5254.89065 	 
49290.98221 	 31126.45013 	 165369.52908 	 170145.96771 	 19534.17774 	 61254.43847 	 36383.84090 	 19088.80554 	 72535.28239 	 24409.54916 	 21525.56844 	 102102.72608 	 8706.51722 	 163055.50442 	 18928.69929 	 22924.80342 	    0.00000 	 11385.13172 	 8014.70085 	 79864.68987 	 29508.98185 	 58565.62273 	 11465.84937 	 31669.67746 	 122082.59660 	 
9012.38289 	 8141.99186 	 34011.26562 	 45027.82630 	 6844.67063 	 17002.34347 	 5532.51531 	 4382.47999 	 23321.18670 	 6490.00297 	 5135.76591 	 22121.97253 	 3736.03540 	 25233.51767 	 7294.48324 	 3487.43067 	 8490.53140 	    0.00000 	 3248.24510 	 25182.26460 	 6562.98111 	 12450.31422 	 4810.58104 	 4798.86852 	 14148.46950 	 
1287.04992 	  621.91745 	 3378.85843 	 11792.68094 	 1297.80198 	 3756.47025 	 6744.13805 	 10006.18253 	 3795.56492 	 2184.65973 	 3052.49428 	 30171.97894 	  775.23208 	  995.94198 	 3885.56278 	  897.94895 	 12153.56693 	 2880.16464 	    0.00000 	 1643.62492 	 4658.04605 	 8909.49174 	 3758.06585 	  736.39005 	 3826.77398 	 
5329.09414 	 8770.74997 	 10295.66864 	 26304.06480 	 4275.68537 	 5862.43046 	 2844.45456 	 2860.81207 	 10501.62143 	 3495.32530 	 2118.34199 	 8363.13256 	 1045.99100 	 17346.38875 	 2469.79574 	 1287.08003 	 67561.40788 	 26911.01542 	 1331.45499 	    0.00000 	 5301.92828 	 8088.05025 	 1607.94947 	 6876.70318 	 13752.30303 	 
7282.93486 	 3877.65699 	 8625.05590 	 39796.72546 	 6650.41218 	 7964.85634 	 8577.05792 	 5295.89069 	 11559.89219 	 8795.01328 	 11247.65443 	 17766.95576 	 7041.96681 	 10959.53075 	 6308.32052 	 3951.53074 	 31599.04020 	 9185.59548 	 3506.87776 	 3866.26127 	    0.00000 	 7540.17708 	 3598.65353 	 4130.39799 	 14100.99150 	 
6441.71994 	 9251.35701 	 16859.80692 	 39154.78963 	 3795.71064 	 6086.37535 	 10971.09241 	 21065.02375 	 13887.74179 	 10291.22175 	 10535.10427 	 114051.93682 	 3440.93620 	 6783.36551 	 11325.60462 	 7312.52807 	 61938.59640 	 12031.27236 	 12429.63980 	 6700.73455 	 9645.56825 	    0.00000 	 35018.60920 	 1989.06653 	 20105.67119 	 
3074.34924 	 2606.65557 	 5003.68259 	 13338.24785 	  905.49742 	 1958.27565 	 4461.77122 	 8897.25952 	 5315.40414 	 2932.12637 	 3348.51972 	 26479.67659 	 1192.13535 	 1352.35666 	 5510.59034 	 1907.84560 	 15796.14811 	 4506.60591 	 4446.91347 	 2177.49861 	 4133.20061 	 32106.15158 	    0.00000 	  904.03155 	 3674.55572 	 
14650.76565 	 1807.24733 	 5738.46265 	 19012.55617 	 5207.20103 	 5913.38349 	 2983.35915 	 1151.37580 	 14610.80360 	 2994.06542 	 1300.58770 	 3876.09062 	 1471.00461 	 22724.89095 	 2173.29410 	 3635.61602 	 20920.12561 	 6690.76932 	  506.65999 	 6769.23096 	 2895.08012 	 2682.88368 	  929.87401 	    0.00000 	 7687.30431 	 
17423.08334 	  728.60686 	 39633.69665 	 42529.01892 	 7073.23549 	 11040.28693 	 13022.52149 	 8890.33259 	 22036.46129 	 5576.14275 	 8741.85180 	 23191.69041 	 4715.94017 	 21598.55959 	 13144.96053 	 5982.44710 	 138427.20692 	 13759.38420 	 4528.78053 	 12114.40704 	 10707.97810 	 23787.36790 	 6287.52275 	 7400.18507 	    0.00000 	 
   0.00000 	  422.73812 	 1019.55733 	  722.80101 	  387.91564 	  444.70872 	  622.96681 	 1130.59534 	  642.05553 	  687.27492 	  701.63210 	 2458.56626 	  398.49245 	  585.23805 	  719.90085 	  520.31531 	  843.02201 	  735.75680 	 1237.80183 	  661.81535 	  592.53171 	 1739.97168 	 2209.69221 	  357.28091 	  564.19382 	 
 697.09254 	    0.00000 	  450.32009 	  770.97586 	  362.42656 	  403.10194 	 1291.31998 	 1441.70000 	  293.57941 	 1458.82828 	 1174.16970 	 2900.93766 	  633.22475 	 1016.49575 	  758.56653 	 1116.02980 	  219.00505 	  114.59108 	 1888.33733 	  193.72797 	  664.28262 	 2433.06809 	 3032.35835 	  812.87334 	   32.99443 	 
1175.18820 	  437.66356 	    0.00000 	  968.26024 	  560.12834 	  607.71166 	 1328.38276 	 1915.62117 	  552.82698 	 1493.20417 	 1264.21746 	 3061.63573 	  821.24925 	 1465.00710 	  971.36952 	 1653.74925 	  141.33139 	  256.66588 	 1882.94930 	  619.41906 	  823.29921 	 2338.53222 	 1863.91887 	 1457.42468 	  403.23405 	 
 484.20473 	  662.38272 	  777.88579 	    0.00000 	  223.67153 	  299.22148 	  856.26459 	  665.64793 	  295.71804 	  769.48922 	  317.29099 	 2153.46188 	  524.79394 	  898.60195 	  318.81300 	  824.07801 	  732.95972 	  529.88009 	 1417.57332 	  509.96879 	  184.53805 	 1986.81953 	 1339.70899 	  867.45541 	  594.66365 	 
 352.08348 	  320.87037 	  876.61897 	  184.35092 	    0.00000 	  216.02924 	  665.68345 	 1362.58130 	  264.77469 	  878.71776 	  559.15506 	 1440.26298 	  395.52920 	  997.17542 	  624.20955 	  854.41106 	  701.75338 	  572.02608 	 1897.20097 	  270.70260 	  339.16400 	 1899.89445 	 1950.35670 	  703.42287 	  511.81956 	 
 666.27417 	  265.86052 	  678.23840 	  264.51534 	  219.73858 	    0.00000 	 1249.41171 	  856.73865 	   72.18281 	 1160.23379 	  840.19179 	 1474.24102 	  501.04315 	 1285.17692 	  813.28638 	  733.25302 	  365.36052 	  313.26488 	 2003.64100 	   82.33675 	  616.44375 	 2643.84402 	 2180.24217 	  741.97051 	  287.10703 	 
 505.29357 	 1425.84121 	 1093.35679 	  750.06815 	 1002.44435 	 1260.57662 	    0.00000 	  525.13794 	  934.84511 	  219.90091 	  475.51480 	 1105.06937 	  332.73848 	 1178.45060 	  669.85795 	  387.09790 	 1088.75693 	  926.30776 	  969.46733 	 1150.51620 	  675.92421 	 1451.47317 	 1247.67189 	  953.67569 	 1032.01109 	 
1359.51132 	 1705.15648 	 1645.38448 	  977.97308 	 1383.91152 	 1338.29618 	  663.60656 	    0.00000 	  880.38363 	 1049.38817 	  499.51924 	  838.45193 	 1087.24586 	 1736.80310 	  591.12350 	  828.81209 	 1150.90125 	 1604.57053 	  545.24413 	 1528.93968 	  751.02006 	 1026.61214 	 1126.37111 	 1382.39617 	 1824.96617 	 
 614.68648 	  386.09653 	  760.21816 	  187.34946 	  257.74447 	  107.29332 	  991.33558 	  984.63580 	    0.00000 	 1257.31147 	  537.93192 	 2338.39404 	  611.04383 	 1417.46804 	  652.69401 	  731.84026 	  516.47847 	  502.55302 	 1468.60574 	  255.28558 	  396.77281 	 2439.41287 	 2392.29344 	  701.07798 	  356.60932 	 
 606.39599 	 1056.15016 	 1993.14973 	  691.65834 	 1060.67997 	 1293.92413 	  280.37532 	  937.01593 	 1411.76211 	    0.00000 	  692.44929 	 1672.34967 	  572.43049 	  695.90571 	  777.89497 	  376.97522 	 1245.93678 	 1649.44402 	  843.92693 	 1273.98542 	  674.67380 	 2096.39329 	 1773.83862 	  707.25586 	 1456.61422 	 
 685.02256 	 1076.04849 	 1578.13579 	  382.81972 	  551.35372 	  727.64061 	  467.86266 	  393.96210 	  663.63504 	  707.39979 	    0.00000 	 1067.29921 	  274.96471 	 1173.33802 	  448.07779 	  853.12581 	  771.77186 	  941.80676 	 1059.91368 	  758.56246 	  180.36482 	 1429.80404 	 1621.98813 	  835.23151 	  977.71430 	 
1724.94541 	 2182.18558 	 2829.68326 	 1860.80167 	 1365.54059 	 2091.64627 	 1453.95273 	  918.65144 	 1429.74784 	 1025.14868 	 1281.18558 	    0.00000 	 1676.64395 	 1645.57347 	 1273.50368 	 1711.15209 	 2218.69010 	 2228.84181 	  380.15034 	 1790.80470 	 1849.41314 	  460.21847 	  820.51105 	 1752.60988 	 2363.18792 	 
 241.29596 	  943.44110 	 1110.65038 	  495.83548 	  349.52314 	  593.42288 	  464.12170 	  818.10487 	  598.38931 	  387.18521 	  294.56924 	 1247.68741 	    0.00000 	  752.05077 	  559.94223 	  256.99235 	  690.04938 	 1002.42089 	 1177.82322 	  609.85176 	  215.08048 	 1373.99300 	 1850.32326 	  505.74302 	  855.39396 	 
 753.87432 	  967.83885 	 1148.19825 	 1316.85458 	 1025.10140 	  954.47931 	  848.66099 	 2006.25734 	 1274.99365 	  957.32214 	 1079.73665 	 2499.53656 	 1110.26309 	    0.00000 	 1759.76433 	  792.56702 	  985.00344 	  814.52771 	 2113.94717 	  963.28996 	  778.15787 	 1827.50591 	 2554.39584 	  187.56422 	 1088.80044 	 
 884.76147 	  765.15844 	 1211.42238 	  320.78213 	  653.11691 	  808.12848 	  808.60978 	  704.83636 	  467.26431 	 1168.55445 	  512.98091 	 1277.78094 	  905.49479 	 1222.74991 	    0.00000 	 1184.01335 	  939.73207 	 1083.32118 	 1639.70324 	  714.66422 	  344.49470 	 1677.89376 	 1396.04431 	 1414.97198 	 1149.90877 	 
 518.10676 	 1293.91031 	 1182.85717 	 1065.95754 	  867.45223 	 1007.42344 	  495.42362 	 1051.14010 	  885.58049 	  316.38853 	  496.97073 	 1349.74012 	  443.66553 	  696.36434 	 1291.68955 	    0.00000 	  955.44904 	 1366.64786 	 1055.36330 	 1085.64169 	  745.33442 	 1388.73834 	 2429.71046 	  442.22639 	  796.56611 	 
 877.06114 	  227.90702 	  193.36316 	  875.34551 	  528.69536 	  498.91768 	 1037.56338 	 1608.05454 	  438.64624 	 1288.45220 	  884.59589 	 2089.35939 	 1063.16537 	 1034.11033 	 1007.30874 	  835.36533 	    0.00000 	   76.01348 	 2405.68722 	  316.28660 	  640.52218 	 2938.66846 	 2915.95991 	  858.04242 	  161.76169 	 
 630.55678 	  117.37657 	  336.24754 	  486.55134 	  528.57953 	  262.02575 	 1166.39227 	 1525.56300 	  430.01127 	 1093.63231 	  941.46935 	 2982.06817 	 1014.43828 	 1267.84591 	  751.62028 	 1023.52817 	   89.90817 	    0.00000 	 2097.99790 	  299.74091 	  822.31140 	 2369.07760 	 1742.31278 	 1132.92872 	  160.77550 	 
1947.10626 	 2410.97045 	 2330.52444 	 1132.08733 	 1931.40895 	 1468.72578 	  656.99089 	  523.81434 	 1529.69680 	  978.88177 	  970.12240 	  251.51473 	 1412.12550 	 2502.92226 	 1081.16880 	 1472.00538 	 1689.25954 	 2371.19863 	    0.00000 	 1977.09844 	 1275.27213 	  490.12817 	  826.68956 	 1441.69977 	 1440.20475 	 
 641.61871 	  261.13839 	  581.02106 	  498.40878 	  300.34070 	  117.92732 	  849.47794 	 1460.97012 	  141.32684 	 1088.18510 	  801.36485 	 2530.24985 	  663.30456 	 1032.24744 	  519.23232 	  822.13424 	  245.52307 	  213.55503 	 2153.01153 	    0.00000 	  495.72550 	 2845.52978 	 2366.45974 	  627.74036 	  165.30054 	 
 588.42800 	  615.89205 	  768.09985 	  305.14511 	  302.22570 	  425.11013 	  447.05640 	  971.86527 	  502.45590 	  480.96646 	  189.92634 	 1518.03806 	  322.90210 	  859.16766 	  573.33409 	  514.65500 	  976.24060 	  764.91748 	 1572.68549 	  590.44736 	    0.00000 	 1865.11095 	 1825.00974 	  789.74119 	  765.58765 	 
2179.07539 	 2644.63692 	 3274.85347 	 1461.12861 	 2127.85494 	 2156.53501 	 1821.08043 	  928.15238 	 2425.44770 	 1875.92425 	 1138.40471 	  375.87225 	 2190.35724 	 2278.68512 	 1884.94778 	 1955.50303 	 1837.87531 	 1790.40732 	  833.08972 	 2823.49523 	 1446.83292 	    0.00000 	  539.25435 	 2982.39460 	 2796.62530 	 
1772.52217 	 2540.46410 	 1935.28988 	 2028.83715 	 2165.98660 	 2153.52325 	 2126.62490 	  918.19201 	 2234.42914 	 1813.68336 	 1737.40264 	 1084.89766 	 2321.97689 	 2135.59073 	 1810.38336 	 1660.31037 	 2159.21183 	 1757.26348 	 1146.74876 	 2332.83698 	 1632.50412 	  744.07648 	    0.00000 	 2805.96821 	 2435.23416 	 
 396.97219 	  868.37306 	  889.44067 	 1075.34247 	  762.42933 	 1051.53639 	  847.71766 	 1656.05313 	  850.00082 	  951.79585 	  727.31208 	 2524.69217 	  785.30373 	  214.65884 	 1318.05015 	  355.69357 	 1288.47132 	 1187.85213 	 2232.33900 	  717.32236 	  881.86295 	 2630.89044 	 1825.90458 	    0.00000 	  988.75549 	 
 659.56399 	   41.91246 	  359.48545 	  642.62148 	  408.80838 	  380.80295 	 1497.09819 	 1302.96676 	  345.52252 	 1293.26848 	  776.25896 	 2320.12868 	  716.98037 	  699.11870 	  711.68964 	  985.69276 	  171.07610 	  121.39717 	 1581.18463 	  215.29074 	  776.76451 	 1924.14130 	 2815.68151 	  857.89495 	    0.00000 	 
   0.00000 	 5176.37823 	 9569.76058 	 25533.45576 	 5189.71374 	 6507.49938 	 14690.89867 	 2208.42902 	 7418.84681 	 9364.52498 	 4417.85804 	 10480.80298 	 11748.64313 	 16783.04804 	 2515.36824 	 11564.96361 	 45306.52782 	 11913.16577 	 1272.62844 	 5711.76810 	 4355.02059 	 4896.91594 	 2543.24772 	 9079.98811 	 13970.69922 	 
5695.65082 	    0.00000 	 10819.01064 	 9796.64886 	 3514.51269 	 4634.17543 	 3162.03568 	 2374.16153 	 5797.77940 	 5182.34660 	 2095.91461 	 8291.37809 	 1538.12243 	 7570.64936 	 1028.53927 	 3774.31177 	 24238.78440 	 8431.44071 	  793.43383 	 9590.34689 	 2801.86105 	 7764.39269 	 3800.38278 	 2160.26151 	  646.77804 	 
9418.79758 	 12103.78580 	    0.00000 	 25410.50731 	 7511.99946 	 12086.79010 	 5177.77239 	 6368.25109 	 12002.08545 	 5451.14560 	 3392.10757 	 26930.45125 	 2028.93911 	 26607.29135 	 4777.20730 	 4497.39482 	 266203.19343 	 28340.30558 	 2745.22011 	 14225.70768 	 8348.25110 	 13443.71225 	 3023.42952 	 5801.77976 	 52856.91775 	 
24034.04870 	 9926.91878 	 41099.93803 	    0.00000 	 14813.80836 	 42016.83370 	 23171.37760 	 32494.30630 	 66230.50854 	 16880.54864 	 21050.58341 	 51242.89321 	 13132.92660 	 51194.53042 	 42411.34487 	 18077.72100 	 146307.57454 	 46858.45784 	 18395.58322 	 24428.66110 	 53424.97810 	 40345.34816 	 16333.07536 	 18461.41655 	 44021.04742 	 
3916.03114 	 2661.92904 	 4681.53572 	 16561.11603 	    0.00000 	 8318.57588 	 2362.25312 	 1688.86892 	 7500.41997 	 2257.63930 	 2624.27384 	 4327.27934 	 1880.47773 	 8139.74292 	 1700.88704 	 1615.29168 	 27881.75123 	 4318.30118 	 1235.66113 	 3415.95252 	 3947.44770 	 2872.93679 	 1108.49391 	 5110.02188 	 8936.74851 	 
4848.19374 	 4300.56726 	 15786.41075 	 37603.17366 	 5316.62977 	    0.00000 	 5239.68532 	 3681.13584 	 11520.52793 	 4544.33647 	 2808.44958 	 10722.12160 	 1684.58160 	 15702.84202 	 3719.55374 	 1715.99184 	 51653.71802 	 19600.18148 	 2379.39534 	 3683.28739 	 9204.56189 	 8321.74392 	 2775.74312 	 7286.72306 	 11912.13628 	 
12442.74544 	 3003.24813 	 6771.04681 	 23504.44078 	 3456.21897 	 4215.04222 	    0.00000 	 10420.29304 	 5313.01981 	 25078.01439 	 10652.89784 	 33723.97664 	 6623.29238 	 7276.29801 	 5258.83378 	 15094.39209 	 31124.25311 	 7591.38804 	 7088.92092 	 3961.32793 	 11589.11250 	 17272.44510 	 5840.94663 	 2553.60874 	 10964.94426 	 
2809.98198 	 2652.90471 	 5970.79537 	 31758.25630 	 1700.05491 	 2827.94717 	 8812.55593 	    0.00000 	 4088.08767 	 6472.18833 	 12662.23413 	 22248.20634 	 2247.17781 	 4084.51799 	 7401.15121 	 2570.07159 	 27039.99290 	 4447.46955 	 9334.07242 	 3087.17752 	 5162.76924 	 20535.05246 	 8883.12584 	 1023.88055 	 8115.70097 	 
10063.49439 	 5414.19578 	 13926.41792 	 47557.21538 	 6843.04537 	 13167.33750 	 5938.14976 	 6305.92910 	    0.00000 	 3419.52435 	 4529.69027 	 28872.73907 	 4337.98608 	 18025.29621 	 11809.22849 	 3196.15075 	 88186.40744 	 21953.16907 	 3624.89795 	 11367.77596 	 15328.36322 	 13206.89753 	 3879.17529 	 11778.38477 	 18375.64585 	 
6074.24829 	 4522.28684 	 4474.82555 	 20269.69637 	 2212.93639 	 3767.23253 	 28673.20634 	 5199.38421 	 4479.79197 	    0.00000 	 4491.67978 	 19629.62539 	 3777.26835 	 6332.16543 	 2578.63642 	 24699.79793 	 32674.54094 	 4365.25058 	 2642.14657 	 3394.37461 	 8570.16686 	 10197.42002 	 3579.91542 	 2822.17019 	 4225.99117 	 
2967.38317 	 1897.05899 	 3980.27581 	 26220.87952 	 2077.01186 	 2572.89624 	 11325.66938 	 12396.10202 	 6482.54964 	 5639.87059 	    0.00000 	 12966.98384 	 3666.28904 	 4305.99227 	 9243.29997 	 3285.28175 	 12474.01222 	 4579.65531 	 2643.70444 	 1901.13013 	 18160.25092 	 6861.11647 	 3828.41850 	 1595.06830 	 8226.02368 	 
8301.57392 	 10105.86578 	 27504.88969 	 59557.78327 	 7712.66134 	 10991.51439 	 21308.16058 	 23971.84823 	 24213.71636 	 21518.55349 	 11993.99842 	    0.00000 	 6831.88183 	 13515.07851 	 22436.46091 	 7061.62247 	 101295.57050 	 18492.28909 	 35514.47107 	 9903.69404 	 16264.93330 	 113578.21878 	 23592.01207 	 4311.09533 	 23263.25442 	 
11163.92731 	  875.64440 	 2254.06497 	 14795.24772 	 1688.99329 	 2412.11787 	 6037.97506 	 1898.68961 	 3969.00885 	 4677.81159 	 2447.86083 	 5696.43665 	    0.00000 	 2808.82862 	 1381.11104 	 7443.67889 	 10620.41043 	 3095.53029 	  967.58050 	 1170.35039 	 4670.07692 	 3634.07876 	  789.82852 	 1661.61612 	 3547.27211 	 
16999.41071 	 8749.18154 	 25947.76226 	 53542.87094 	 6048.13722 	 18444.48835 	 9895.91821 	 4293.72398 	 21178.68462 	 8055.88466 	 4164.93459 	 18900.02867 	 3572.23117 	    0.00000 	 5547.72284 	 8462.80106 	 150352.26973 	 25967.46456 	 1150.75947 	 16611.57125 	 6313.90350 	 6935.34924 	 1306.32698 	 26199.91700 	 25647.79714 	 
4078.63428 	 1285.49220 	 8123.03496 	 50178.55428 	 1859.36593 	 6208.67496 	 3561.65399 	 9486.84047 	 9460.16799 	 3023.07979 	 6617.31045 	 22488.64648 	 1307.84198 	 4807.44234 	    0.00000 	 1779.73946 	 30840.59604 	 5316.68987 	 5165.59074 	 2881.20536 	 10387.54451 	 12761.73058 	 5421.30075 	 3531.81090 	 12734.02342 	 
7782.56665 	 4783.85003 	 2782.91848 	 15731.78145 	  971.34168 	 2281.86338 	 17307.29939 	 2837.14535 	 5350.71438 	 19216.22066 	 3260.39892 	 10850.27562 	 5049.59730 	 7431.97144 	 2565.47762 	    0.00000 	 16449.12939 	 4422.37591 	  949.53644 	 2098.22868 	 5664.79113 	 8028.40778 	 1484.70823 	 2772.97410 	 5408.01294 	 
35794.20108 	 26014.73927 	 232473.14540 	 138797.92858 	 20442.52947 	 68494.20491 	 28932.06108 	 27821.59928 	 95731.70977 	 29602.07829 	 13752.28778 	 75435.47166 	 9457.65936 	 150692.22332 	 29289.14290 	 19645.49115 	    0.00000 	 6712.71964 	 10960.29113 	 73806.46164 	 38006.97781 	 66733.11230 	 11100.94253 	 33491.62401 	 121100.72699 	 
11348.89512 	 6196.72203 	 31334.84022 	 47693.39188 	 6484.44068 	 19295.07579 	 5543.28362 	 4505.85030 	 15738.82446 	 5596.48654 	 4892.58460 	 23909.43603 	 2315.38207 	 28516.18670 	 8721.49577 	 4421.03574 	 7612.52487 	    0.00000 	 1994.67631 	 26405.91753 	 6981.50267 	 18757.06901 	 4432.17789 	 5296.43723 	 12142.72888 	 
1457.46956 	  852.18867 	 3191.47649 	 11125.26402 	 1083.32691 	 2341.44860 	 5307.95997 	 9989.15938 	 4995.92122 	 2620.17246 	 3780.64194 	 23025.51859 	  974.56042 	 1276.48859 	 3492.75208 	  889.09893 	 8617.42801 	 3010.62672 	    0.00000 	 1991.64671 	 4279.87735 	 13043.15224 	 3894.18796 	  433.31559 	 4384.39586 	 
4134.66005 	 8560.72543 	 14770.56878 	 30189.08008 	 4331.73731 	 3678.69893 	 3679.60038 	 2365.23402 	 11996.24830 	 4645.65688 	 2731.05768 	 9586.36334 	 1387.47898 	 10062.82188 	 1967.24355 	 2205.53854 	 61598.02183 	 35649.87582 	 1601.59802 	    0.00000 	 4405.24153 	 7085.66054 	 2726.63726 	 5338.45372 	 13361.35843 	 
6224.45992 	 4788.99086 	 9238.01159 	 42106.66341 	 6556.30044 	 7250.65567 	 7944.18908 	 9467.81760 	 10240.80510 	 5916.45376 	 16550.19817 	 15164.07182 	 7894.11143 	 10798.05031 	 8873.78665 	 4483.58640 	 35111.95207 	 9903.05100 	 3252.92852 	 5713.73746 	    0.00000 	 8436.86440 	 2510.84684 	 3795.72798 	 10251.68503 	 
8277.87238 	 6606.04291 	 18024.81383 	 40969.39828 	 3895.49993 	 8309.12784 	 14681.11445 	 19842.45753 	 10402.55200 	 7276.29459 	 9586.32305 	 68405.36282 	 3510.47263 	 8161.27896 	 15362.59200 	 7323.29910 	 51560.07032 	 18360.84685 	 11098.75786 	 5987.30268 	 11991.13102 	    0.00000 	 35359.23285 	 1932.11878 	 19937.56301 	 
2971.32458 	 3245.24558 	 4469.38883 	 11421.68422 	 1290.98454 	 2437.15891 	 6174.08044 	 9785.35460 	 5287.12443 	 2815.60790 	 2475.07417 	 30263.31324 	  954.49938 	 2245.56870 	 6392.30112 	 2462.68831 	 15178.76887 	 3457.95194 	 3537.36342 	 2683.08006 	 3768.21352 	 26589.01557 	    0.00000 	  892.23364 	 4515.08447 	 
14073.69578 	 2282.08972 	 6854.31117 	 22262.35047 	 5737.58461 	 4750.95665 	 2284.93965 	 1423.89639 	 10195.98344 	 2253.57434 	 1320.26553 	 2895.97498 	 1421.18686 	 15071.84212 	 3389.25245 	 4170.50119 	 32133.17930 	 7986.32862 	  453.77948 	 5385.51423 	 3282.15233 	 2667.96471 	 1037.83773 	    0.00000 	 6807.49352 	 
19816.44498 	  606.42853 	 50262.12254 	 32847.06169 	 5616.72176 	 12373.74466 	 10929.47818 	 7962.73908 	 22247.44983 	 5386.60013 	 5783.01909 	 21263.38375 	 5614.19098 	 26186.78549 	 9429.77065 	 3642.39270 	 132079.01045 	 9220.09417 	 2498.76916 	 15948.64413 	 8483.68670 	 24199.79374 	 5167.98399 	 6564.88501 	    0.00000 	 
   0.00000 	  679.09121 	 1010.39641 	  741.32632 	  283.64782 	  725.68673 	  849.28619 	 1456.24188 	  461.70149 	  526.02273 	  778.93844 	 2194.40454 	  354.12285 	  604.47370 	 1012.87217 	  350.26965 	  655.04236 	  656.73604 	 1706.06078 	  520.61974 	  625.25717 	 2374.53526 	 1635.59704 	  395.83364 	  598.01905 	 
 444.56631 	    0.00000 	  301.20125 	  644.27379 	  452.01810 	  346.61468 	 1376.41089 	 1936.69331 	  501.73061 	 1093.95554 	  768.34082 	 2278.80076 	  680.95567 	  692.91481 	 1219.59900 	 1207.24738 	  220.65709 	  112.96305 	 2543.27116 	  268.91073 	  646.88454 	 2056.26503 	 2674.77847 	  755.74741 	   29.23654 	 
 887.12308 	  425.12754 	    0.00000 	  909.83172 	  626.34094 	  643.52892 	 1804.69084 	 2234.88835 	  541.04034 	 1327.17006 	  986.80728 	 2688.16516 	 1436.73573 	 1227.00923 	 1212.98888 	 1776.83231 	  231.30009 	  307.28312 	 2728.18388 	  583.99815 	 1109.29172 	 2410.92927 	 2251.30690 	  836.13042 	  413.86974 	 
 482.91588 	  456.16312 	  652.97164 	    0.00000 	  279.98903 	  398.79289 	 1013.17762 	  795.07951 	  230.86333 	  727.29887 	  478.96074 	 1811.94127 	  473.60391 	 1142.61873 	  326.72783 	  681.87411 	  660.60987 	  662.98683 	 1844.96819 	  506.51492 	  320.43630 	 2211.61449 	 2150.10034 	  914.10352 	  433.52086 	 
 334.85366 	  371.30104 	  769.95955 	  221.03749 	    0.00000 	  242.39414 	  584.59018 	 1227.47140 	  286.90944 	  838.29935 	  512.94831 	 1823.20412 	  413.26134 	  778.19159 	  687.80380 	  554.54182 	  465.26235 	  571.27362 	 1786.74085 	  198.09771 	  329.97966 	 1581.82207 	 2292.94526 	  597.81690 	  442.16304 	 
 625.26314 	  231.69161 	  440.28504 	  286.20327 	  252.74390 	    0.00000 	 1215.13536 	  919.53953 	   87.47395 	  813.95300 	  663.65054 	 1739.95522 	  665.01467 	 1100.02770 	  453.01938 	  681.01579 	  447.72634 	  304.93847 	 1956.95818 	   97.71036 	  569.51404 	 2166.90951 	 2427.23922 	 1119.79887 	  354.55211 	 
 785.65181 	 1359.04896 	 1993.79906 	  755.90611 	  767.78907 	  841.33057 	    0.00000 	  775.35311 	  836.67227 	  251.70245 	  445.61951 	  959.89855 	  503.11337 	  893.16239 	  816.30377 	  382.95936 	 1625.66279 	 1003.77674 	  689.30573 	 1222.62168 	  524.10358 	 1457.20036 	 1978.46144 	  680.53655 	 1294.59977 	 
1118.99564 	 1729.62971 	 1955.91686 	 1140.88644 	  771.63490 	  961.64799 	  506.23292 	    0.00000 	 1135.79693 	  688.82351 	  703.99502 	 1052.87449 	  954.62406 	 1539.94942 	  549.26631 	 1179.03666 	 1748.08340 	 1301.13765 	  766.37743 	 1537.33259 	  871.03957 	  831.66400 	  944.16076 	 1339.57788 	 1673.12673 	 
 518.77608 	  360.32636 	  711.21681 	  191.35481 	  243.64771 	   92.20734 	 1270.22573 	  977.09063 	    0.00000 	 1215.00406 	  619.42061 	 1532.34253 	  641.22185 	 1197.26183 	  678.94168 	 1104.32343 	  515.92397 	  588.61193 	 1900.43358 	  211.41899 	  447.12324 	 1691.12663 	 2365.09115 	  857.86834 	  307.49040 	 
 844.51823 	 1456.46102 	 1241.23257 	 1144.96189 	  675.30400 	 1084.08734 	  265.95534 	 1125.99567 	 1366.10120 	    0.00000 	  495.36504 	 1363.71270 	  396.26777 	 1120.44241 	  757.02689 	  247.82978 	 1230.18418 	 1539.43033 	 1092.84314 	 1444.28550 	  712.12658 	 2047.97874 	 2015.54521 	  804.48959 	 1275.86023 	 
 667.99865 	  702.40672 	 1531.34722 	  501.78707 	  502.88111 	  761.30569 	  426.16793 	  585.28720 	  598.85256 	  607.52789 	    0.00000 	 1491.25071 	  341.17752 	 1250.09374 	  358.72968 	  803.42290 	 1187.04567 	 1207.81588 	  931.43769 	  657.87914 	  293.74403 	 1083.73960 	 1268.77912 	 1127.40555 	 1170.56710 	 
1570.04330 	 2155.89501 	 3045.19822 	 1873.13790 	 2215.94648 	 2080.87368 	 1057.36450 	  982.52660 	 1759.94699 	 1512.92050 	 1373.37921 	    0.00000 	 1148.08098 	 2843.32891 	 1075.35216 	 1508.98571 	 2043.87539 	 2565.93480 	  328.99342 	 2718.26272 	 2032.02768 	  411.06820 	 1132.63916 	 1660.39290 	 1615.53725 	 
 383.80114 	  728.93852 	  900.76040 	  560.51029 	  324.96350 	  610.63373 	  498.72584 	  659.63166 	  726.29427 	  515.79247 	  361.22105 	 1914.46303 	    0.00000 	  784.94439 	  830.54134 	  398.21269 	  731.39264 	  885.04215 	  978.53459 	  492.45981 	  237.95013 	 1815.84480 	 1827.07035 	  562.75377 	  902.70579 	 
 418.80953 	 1070.85865 	 1265.01717 	 1137.58985 	 1148.28045 	 1020.23616 	 1227.26312 	 2035.97515 	 1458.09122 	 1123.11212 	 1245.57191 	 2855.98484 	 1030.33538 	    0.00000 	 1116.48020 	  724.59514 	 1384.86729 	  829.08856 	 2530.16147 	  939.73685 	  992.20077 	 2708.64106 	 2108.09104 	  154.42206 	 1133.96695 	 
 652.54620 	 1075.94600 	  895.87323 	  259.45850 	  757.08111 	  493.21608 	  896.72781 	  781.97166 	  458.09893 	  839.94241 	  447.70301 	 1134.39684 	  583.48502 	 1831.54488 	    0.00000 	  946.35280 	  778.46201 	 1223.19128 	 1286.08996 	  677.50753 	  555.79127 	 1499.01789 	 1813.10688 	 1423.80818 	 1141.30224 	 
 324.82784 	 1263.64739 	 1336.86964 	  857.34271 	  909.49885 	  878.37592 	  432.15692 	  942.19226 	  787.24181 	  363.24458 	  616.66014 	 1757.78930 	  263.83482 	  864.39289 	  732.46788 	    0.00000 	 1286.13503 	 1412.40387 	 1503.90717 	  710.77449 	  541.10785 	 1917.99330 	 2348.57000 	  571.01560 	 1211.74952 	 
 832.94668 	  165.89325 	  242.76754 	  915.37735 	  455.54852 	  508.63054 	 1211.92256 	 1844.17715 	  370.23944 	 1739.85909 	 1286.66144 	 2101.78767 	  994.29956 	  787.49353 	 1315.50824 	  871.44902 	    0.00000 	   99.62800 	 2441.96727 	  411.10976 	  704.81433 	 3057.05792 	 2084.83327 	  741.38929 	  173.64905 	 
 546.54046 	   94.21317 	  336.65348 	  812.11575 	  618.61840 	  363.30086 	 1556.39132 	 1946.46921 	  563.24121 	 1040.42360 	  731.57982 	 1901.54063 	  701.97186 	 1126.99395 	 1167.13944 	 1408.00039 	   78.51048 	    0.00000 	 2304.97310 	  315.18870 	  990.19133 	 2462.46051 	 2637.18123 	  742.68875 	   95.65343 	 
1594.67080 	 2214.49120 	 2647.12355 	 1561.39228 	 1362.24220 	 1462.69971 	  635.22851 	  588.43647 	 1925.66966 	  807.94720 	  823.53749 	  349.22354 	 1057.78890 	 2185.23669 	 1109.45346 	 1238.00476 	 2069.97288 	 1767.93646 	    0.00000 	 1953.40597 	 1607.87474 	  507.18484 	 1141.89278 	 2309.05203 	 2485.99995 	 
 508.09822 	  266.51783 	  448.22457 	  438.08020 	  302.18982 	  130.98746 	  966.23786 	  931.99604 	  147.09719 	 1092.15856 	  751.09344 	 2004.68266 	  666.11784 	  961.73342 	  625.32310 	  741.36998 	  372.84684 	  221.75945 	 2111.61897 	    0.00000 	  469.71290 	 2798.88466 	 2005.43926 	 1062.64736 	  185.58478 	 
 537.80137 	  793.17332 	 1198.30313 	  254.79097 	  337.83708 	  590.78878 	  549.10499 	  676.77040 	  350.76888 	  539.86919 	  231.50624 	 1982.68714 	  184.53114 	  947.96931 	  319.82543 	  766.26626 	  700.87329 	  846.79546 	 1184.54308 	  660.97871 	    0.00000 	 1853.29616 	 2135.66602 	  843.36111 	  749.34830 	 
2332.85204 	 2922.69928 	 2373.39860 	 1908.49155 	 1781.34494 	 2429.61614 	 1394.44792 	  822.51281 	 2428.58719 	 1178.36022 	 1573.56060 	  380.47976 	 1816.15621 	 3361.54481 	 1935.27870 	 1501.03906 	 3233.64196 	 1940.13327 	  754.33958 	 2514.36053 	 1357.03664 	    0.00000 	  751.39061 	 2833.59533 	 2579.08854 	 
2060.99638 	 2421.04597 	 2308.59721 	 2038.37260 	 1673.13235 	 1907.26729 	 1417.86054 	 1287.88856 	 1393.05454 	 2136.48644 	 1101.27327 	 1224.42935 	 1866.08053 	 2750.49773 	 1255.15155 	 2648.08201 	 1993.85106 	 2803.39405 	  933.30762 	 2313.86999 	 1644.06137 	  531.89587 	    0.00000 	 2223.78385 	 2749.70918 	 
 480.61555 	 1078.34438 	 1489.05489 	  877.89217 	  969.48634 	  829.29426 	  651.03713 	 1297.46517 	 1184.38334 	 1020.98426 	  858.05413 	 2641.01736 	  636.64656 	  183.81696 	 1113.75659 	  601.55458 	  771.73089 	  751.13532 	 1971.78610 	  812.91481 	  773.39953 	 2764.19553 	 3284.52918 	    0.00000 	  704.70932 	 
 564.22076 	   35.78096 	  309.56978 	  620.67994 	  486.72685 	  326.74017 	 1142.30763 	 1334.98311 	  306.66561 	 1493.43819 	 1102.31294 	 2463.98073 	  640.54038 	 1117.78817 	 1018.99314 	 1204.25513 	  229.93129 	  141.86617 	 1956.06225 	  248.13150 	  531.62572 	 2246.52129 	 1633.01404 	  943.06654 	    0.00000 	 
   0.00000 	 5608.35869 	 7490.83333 	 22143.20232 	 5952.35202 	 5183.73380 	 11314.38978 	 1973.65712 	 9642.46855 	 5538.68770 	 3261.05673 	 11039.47585 	 13063.99350 	 24268.41259 	 3665.45149 	 9906.49421 	 47606.86419 	 13155.17468 	 1553.82758 	 3833.77011 	 7179.30896 	 6914.38905 	 2044.42323 	 13011.80495 	 16940.25942 	 
4819.93468 	    0.00000 	 10627.88462 	 9637.68858 	 2434.25181 	 5746.44777 	 4253.69194 	 3727.68386 	 5850.70094 	 3422.78746 	 2979.05444 	 6403.83187 	 1467.00597 	 7182.99417 	  871.84473 	 4529.22622 	 30455.39982 	 5254.82700 	  821.77147 	 8435.17987 	 4282.88223 	 5263.29277 	 3029.76201 	 1857.51047 	  514.02134 	 
7013.07203 	 14323.75685 	    0.00000 	 35491.23716 	 5839.65361 	 14106.70381 	 4449.36399 	 7224.28532 	 19581.83315 	 4748.03953 	 3554.58987 	 24593.67273 	 1727.70016 	 20694.92164 	 5783.28632 	 3932.03392 	 225394.45205 	 29593.43125 	 3694.74070 	 11364.51928 	 5065.43670 	 20637.54267 	 3405.04786 	 7121.10577 	 59477.66050 	 
15050.90145 	 14293.12804 	 38862.74145 	    0.00000 	 24436.94366 	 25057.75528 	 26568.80685 	 33048.26795 	 61904.59470 	 17575.35562 	 26605.88526 	 68229.20915 	 14497.10476 	 33989.73527 	 61949.02622 	 10085.48378 	 193622.43250 	 40289.10131 	 12601.85893 	 27570.40265 	 52091.00897 	 30074.07253 	 9855.98335 	 13675.42762 	 33004.31188 	 
4527.40337 	 3806.00402 	 5870.90988 	 15201.13799 	    0.00000 	 6063.69779 	 2437.98011 	 1359.77637 	 7814.50303 	 1791.17484 	 2272.82333 	 5299.24862 	 2042.01001 	 7707.30241 	 2600.74291 	  971.48591 	 20190.78246 	 6328.80292 	 1007.69049 	 5337.56499 	 5410.78709 	 3219.66626 	 1228.97859 	 5010.65082 	 8166.00787 	 
5780.43453 	 4547.90830 	 13091.59154 	 38122.56461 	 7908.92397 	    0.00000 	 4696.23203 	 4166.03637 	 12041.35630 	 3572.17513 	 2840.68293 	 12630.94320 	 2082.77578 	 14609.48746 	 6247.59796 	 1973.84624 	 57594.99989 	 16466.25806 	 2191.34829 	 5840.61792 	 5747.19140 	 7375.18135 	 2583.98571 	 7960.24615 	 10551.28116 	 
12548.15855 	 4990.23891 	 4388.83377 	 17606.18363 	 3785.69218 	 6054.74033 	    0.00000 	 13884.18230 	 7938.44121 	 28165.51305 	 7141.79002 	 31876.65135 	 6408.26570 	 5916.94441 	 3909.12390 	 16342.41302 	 33398.97426 	 6238.49024 	 5695.69402 	 3354.13610 	 10667.77919 	 12432.91728 	 4477.05467 	 3311.82246 	 7839.74148 	 
2064.37290 	 3486.33210 	 6998.72359 	 29306.41738 	 1964.83490 	 4178.38200 	 10880.63167 	    0.00000 	 6209.32296 	 6217.19645 	 10847.47038 	 38215.73036 	 1262.68056 	 4430.93306 	 10577.73800 	 2239.05049 	 26298.72461 	 6402.82152 	 10789.23690 	 2225.57690 	 8480.20674 	 18225.82000 	 9527.84147 	 1627.75110 	 8891.21364 	 
10074.09030 	 7850.82988 	 18677.86763 	 41615.33967 	 7169.28194 	 13515.56679 	 4884.22548 	 7082.77954 	    0.00000 	 3265.65531 	 6589.37611 	 21947.97345 	 4011.22397 	 28802.97671 	 7936.32701 	 3238.66655 	 68588.21699 	 16299.77911 	 3595.08533 	 10920.69387 	 14689.50900 	 16572.56772 	 4497.04518 	 14890.09681 	 21607.07639 	 
6397.36371 	 4498.56986 	 4210.98724 	 19217.40385 	 2063.15112 	 3581.74900 	 41514.21229 	 9118.92702 	 5719.39626 	    0.00000 	 5601.75610 	 16927.28653 	 3659.23901 	 9186.80807 	 3477.06651 	 25698.02143 	 23700.81289 	 7696.05864 	 2119.63901 	 2539.01472 	 5661.39411 	 6568.81059 	 3602.92352 	 2412.63306 	 6606.49913 	 
3793.50066 	 3092.58382 	 2564.82145 	 35603.86411 	 2519.12525 	 2443.21016 	 8485.75073 	 12968.13740 	 4048.92653 	 5626.08831 	    0.00000 	 14335.14910 	 2393.89475 	 2914.62401 	 9507.09075 	 2618.89614 	 17698.15669 	 5465.59839 	 2519.81477 	 1789.04738 	 14216.11176 	 9099.52642 	 3362.57774 	 1248.02123 	 5716.01881 	 
9803.48235 	 9179.73756 	 27060.65046 	 70449.50750 	 5359.45761 	 14338.75887 	 21236.39199 	 22801.32601 	 27107.74230 	 22431.55974 	 11887.33707 	    0.00000 	 6574.87462 	 13611.78855 	 13913.40394 	 7166.71996 	 93192.47850 	 14421.77070 	 28917.44414 	 13625.09179 	 19836.32018 	 73209.33996 	 36250.68969 	 4191.94254 	 22419.95046 	 
12513.60163 	 1338.23028 	 2342.58656 	 14830.72834 	 1562.36182 	 1792.49534 	 7894.14918 	 1910.67317 	 3377.79579 	 2795.23931 	 3537.04775 	 6256.16418 	    0.00000 	 4006.68842 	 1426.46207 	 4901.26621 	 10326.43977 	 3571.83874 	  673.17840 	 1285.87719 	 6811.06271 	 2516.61049 	 1371.82206 	 1192.89961 	 3993.14984 	 
24607.57523 	 7087.36925 	 17900.54040 	 51261.34130 	 6981.33229 	 15284.48780 	 6713.47538 	 4241.58057 	 29593.58916 	 7196.95511 	 3406.14467 	 16852.12057 	 4166.93020 	    0.00000 	 6724.10308 	 9493.73886 	 133805.98525 	 30761.15066 	 1124.21770 	 14472.04965 	 8144.96714 	 8219.12482 	 1581.52745 	 24718.08297 	 16267.77089 	 
2542.06814 	 1056.54994 	 6166.15930 	 65017.55449 	 1700.81001 	 5075.39209 	 3589.93102 	 6559.57920 	 10033.68334 	 1980.47714 	 7410.58493 	 18316.79967 	 1445.36154 	 5912.55533 	    0.00000 	 2089.86669 	 34010.02035 	 6365.71361 	 5406.13867 	 3319.71960 	 7484.21005 	 16437.46585 	 7984.34955 	 2435.54898 	 10365.77338 	 
10455.85825 	 4459.27845 	 3036.82424 	 14262.38568 	 1741.03724 	 1491.17113 	 13140.80016 	 1895.57557 	 5071.57986 	 20106.52962 	 2848.69381 	 10013.52324 	 5219.60176 	 12187.60298 	 2613.41010 	    0.00000 	 26651.21613 	 5815.47944 	 1100.84801 	 1438.59557 	 5756.02256 	 7090.47094 	 2148.47772 	 3108.70111 	 3584.16499 	 
43836.10245 	 28557.66017 	 199787.44134 	 199548.77118 	 30010.43571 	 79693.53249 	 22115.26877 	 16563.69065 	 81959.70081 	 35979.55701 	 13072.68269 	 125117.40287 	 12883.84267 	 193050.78737 	 34722.19824 	 25939.32308 	    0.00000 	 9945.40039 	 13272.33989 	 57227.43939 	 39249.49717 	 83557.01082 	 11550.72593 	 32219.35162 	 172415.67468 	 
10706.16867 	 4723.85474 	 48308.69312 	 38386.59553 	 7671.41510 	 15173.00275 	 6487.34270 	 5350.01550 	 23919.97148 	 5492.80098 	 3447.91789 	 17994.37180 	 2242.90944 	 29026.91442 	 5966.28873 	 3665.02268 	 9377.50865 	    0.00000 	 3396.32818 	 35608.96322 	 6481.06715 	 11573.82681 	 4081.18445 	 7320.18396 	 8856.88134 	 
1542.59701 	  981.21752 	 3603.21201 	 19610.37523 	 1122.61857 	 3319.86648 	 5869.57041 	 9286.96073 	 3407.51903 	 2390.38851 	 2950.68882 	 39064.09242 	  561.37646 	 1206.57880 	 4498.47852 	  912.40390 	 9656.33541 	 2741.93517 	    0.00000 	 2069.98880 	 3421.80016 	 13344.39182 	 3611.74503 	  462.56286 	 4123.36426 	 
5247.03222 	 6069.64926 	 10179.69599 	 27884.63591 	 4972.14731 	 6509.61285 	 2286.48323 	 2773.20641 	 9489.33568 	 4361.09565 	 2378.28564 	 12095.86572 	  970.33039 	 16130.00014 	 2769.13980 	 1325.99793 	 79962.93559 	 26679.30008 	 2017.32517 	    0.00000 	 3594.41743 	 4668.83054 	 1932.83371 	 6613.54920 	 14967.15607 	 
4731.04142 	 4597.30946 	 5612.86000 	 47895.19563 	 5249.31469 	 8380.41428 	 10776.06085 	 8110.85671 	 14191.89578 	 5553.35065 	 12434.20952 	 16019.01751 	 7250.11987 	 8967.13113 	 7054.42302 	 4173.07960 	 31957.15970 	 8255.63846 	 4258.77912 	 6231.13169 	    0.00000 	 7982.28498 	 3455.89827 	 3226.89876 	 15033.18904 	 
6157.71535 	 7755.11582 	 21897.40781 	 40750.76183 	 3238.13088 	 7926.69347 	 15938.53977 	 19724.51611 	 16942.61755 	 9727.39340 	 8542.81155 	 74412.66633 	 3697.45847 	 7972.20480 	 9899.45877 	 7034.01536 	 52941.31549 	 12789.61394 	 13381.42936 	 6370.68889 	 8730.13069 	    0.00000 	 27711.24883 	 3124.22341 	 22133.75908 	 
2988.43177 	 3948.24110 	 4921.42439 	 11567.15180 	  781.71597 	 1899.43649 	 5199.46116 	 9586.07541 	 4124.38013 	 3349.27101 	 2881.33494 	 36614.04602 	  848.18477 	 2181.04195 	 6680.33144 	 2377.32979 	 12546.97754 	 5458.41749 	 2814.34525 	 2178.70743 	 3685.59729 	 27793.11459 	    0.00000 	 1170.33949 	 3543.84228 	 
14240.24332 	 1909.97918 	 9302.98475 	 21860.92049 	 4077.02460 	 5198.33640 	 1994.12113 	 1388.64808 	 10916.88318 	 1899.10210 	 1785.87996 	 4012.69914 	 1644.80981 	 22764.28883 	 3594.75395 	 2888.25043 	 34785.94488 	 6699.14136 	  623.85986 	 6689.15626 	 3992.19909 	 2011.33349 	  921.98639 	    0.00000 	 5938.71224 	 
19350.41023 	  557.91412 	 46044.46789 	 37558.78295 	 8943.75141 	 10491.69757 	 7666.87453 	 7978.78660 	 24064.49429 	 5110.66150 	 7575.67128 	 28606.18790 	 3432.70385 	 26095.93754 	 11588.33682 	 4636.46048 	 185362.65592 	 14155.76583 	 2593.93000 	 13256.11325 	 10859.13051 	 20579.07427 	 4266.31314 	 6638.47519 	    0.00000 	 
   0.00000 	  529.47868 	  809.40983 	  748.85834 	  451.66660 	  526.74239 	  622.12466 	  878.69607 	  507.88656 	  544.95033 	  683.53916 	 1741.02504 	  384.94514 	  519.76246 	  972.29920 	  303.90731 	  937.03580 	  539.00261 	 1584.85313 	  668.02096 	  445.48027 	 2658.74695 	 2470.78015 	  456.81552 	  498.33426 	 
 416.36663 	    0.00000 	  284.64423 	  534.56045 	  400.40479 	  365.70155 	 1453.19547 	 1396.86260 	  330.63722 	 1214.02056 	 1004.99769 	 1987.43731 	  678.01237 	  914.96719 	  875.90765 	 1084.68649 	  161.63184 	   69.16567 	 1451.51635 	  198.32562 	  755.45769 	 3106.48206 	 1796.37813 	  983.22895 	   26.37186 	 
 762.42479 	  443.06586 	    0.00000 	  616.56751 	  719.09966 	  390.62232 	 1404.33464 	 1282.97946 	  689.57518 	 1915.97480 	 1444.98809 	 2649.37474 	 1109.73997 	 1176.03568 	 1316.56224 	 1271.69989 	  225.23370 	  277.60937 	 2005.62887 	  519.40990 	 1177.23419 	 2689.65629 	 2631.83539 	 1313.11223 	  351.26371 	 
 489.33869 	  660.64982 	  660.79359 	    0.00000 	  270.08382 	  240.43603 	  736.16928 	  798.96372 	  245.88744 	 1187.09465 	  394.87356 	 2067.73546 	  517.45861 	 1297.89360 	  344.43853 	  602.18290 	  763.35543 	  760.64532 	 1740.40463 	  362.43515 	  316.38533 	 2009.65686 	 1627.64352 	 1172.06663 	  661.50891 	 
 439.45834 	  510.37153 	  532.58917 	  285.31807 	    0.00000 	  266.73178 	  654.20726 	  924.57922 	  254.26694 	 1056.85472 	  646.80491 	 1578.01107 	  486.74417 	  916.98824 	  700.73048 	  825.42465 	  487.46323 	  562.46022 	 1363.96777 	  265.00493 	  381.83081 	 1935.02164 	 2022.06751 	  676.12108 	  477.31819 	 
 515.43393 	  285.95653 	  590.22062 	  368.77528 	  263.74119 	    0.00000 	 1131.84820 	 1165.00797 	   80.26544 	 1256.79399 	  570.81900 	 1854.29692 	  453.59100 	  786.23046 	  810.96139 	  981.45019 	  524.25087 	  317.59824 	 1304.37253 	  126.44443 	  409.50562 	 2538.51581 	 2151.84950 	  808.30271 	  282.35640 	 
 911.52427 	 1209.97727 	 1383.07839 	  984.80181 	  946.42493 	  892.71701 	    0.00000 	  855.66353 	  886.19443 	  166.74921 	  478.29533 	  901.80167 	  378.21358 	  946.41720 	  998.24613 	  421.13876 	 1285.76521 	 1006.16404 	  944.39171 	 1215.33439 	  508.67336 	 1241.86528 	 1846.06074 	 1123.20430 	 1215.27489 	 
1494.02190 	 1171.13460 	 1241.29152 	  648.68961 	 1347.67253 	 1474.41822 	  507.85102 	    0.00000 	 1385.62438 	  748.35967 	  448.92337 	 1036.57460 	 1040.82796 	 1219.13376 	  860.62299 	  993.89986 	 1446.28452 	 1250.66488 	  462.13939 	 1400.31459 	  827.33996 	 1191.54846 	  835.24999 	 1770.97800 	 1888.73504 	 
 705.95754 	  343.24311 	  566.06154 	  295.52284 	  274.75091 	  105.79071 	 1123.77547 	 1079.24259 	    0.00000 	  937.21557 	  653.72380 	 1899.02181 	  586.67440 	 1225.47397 	  616.93607 	 1051.66194 	  611.93401 	  535.85786 	 2051.77769 	  207.68428 	  354.92232 	 1709.28146 	 2197.66275 	 1051.36361 	  473.75346 	 
 595.13393 	 1538.89645 	 2014.52857 	  777.91577 	 1137.47233 	 1430.43696 	  263.72922 	 1013.28007 	 1353.79511 	    0.00000 	  681.68299 	 1342.15133 	  461.34851 	  971.18065 	  832.22066 	  391.44879 	 1434.59019 	 1445.95177 	 1250.43257 	 1237.39180 	  731.30247 	 1657.12615 	 1387.73664 	  668.44753 	  844.37298 	 
 840.17743 	 1140.85845 	 1513.57072 	  500.06592 	  543.33370 	  886.83258 	  478.80066 	  659.86386 	  645.73195 	  586.82143 	    0.00000 	 1136.69947 	  305.80268 	 1523.25050 	  299.48880 	  533.50128 	 1224.25648 	  885.86360 	 1317.95961 	  913.12420 	  165.42452 	 1487.27571 	 1740.62253 	 1017.70648 	  931.66349 	 
1406.73891 	 2192.78400 	 3141.49975 	 1806.76300 	 2142.42786 	 2543.08968 	 1210.20128 	  824.98414 	 1983.24053 	 1503.72314 	 1621.68727 	    0.00000 	 1260.05899 	 2436.78309 	 1472.89700 	 2130.01280 	 2712.47230 	 2701.71689 	  364.05061 	 1645.66055 	 1341.67309 	  265.69308 	 1269.68840 	 2430.20206 	 1998.92279 	 
 267.77992 	  680.10715 	  892.88931 	  531.72312 	  392.50379 	  617.50681 	  335.00333 	  822.40534 	  513.75020 	  549.95011 	  321.90202 	 1216.27440 	    0.00000 	 1052.67559 	  800.55344 	  368.08215 	 1088.37976 	  938.77942 	 1216.33853 	  623.60070 	  215.09991 	 1321.42794 	 2324.56737 	  771.84924 	  847.23815 	 
 445.58452 	  976.34908 	 1058.20862 	  832.99742 	  956.65418 	 1210.82766 	 1307.10359 	 1907.07988 	  808.35567 	  677.36810 	 1006.78542 	 1686.00119 	  744.62996 	    0.00000 	 1712.64267 	  860.82601 	 1399.96788 	  769.84471 	 2416.32385 	  832.43100 	 1007.40716 	 3208.71251 	 2926.00318 	  209.52313 	  786.31758 	 
1137.05478 	 1060.66870 	  990.07039 	  326.59602 	  543.58008 	  753.28073 	  599.21470 	  572.35805 	  624.58071 	 1058.48079 	  339.85606 	 1199.16766 	  720.37441 	 1292.29038 	    0.00000 	  842.32217 	  808.15677 	  901.95553 	 1488.43983 	  542.64035 	  566.01376 	 1948.04650 	 1662.75432 	  983.51335 	  973.84088 	 
 547.73956 	  762.63813 	 1579.51402 	  872.14280 	  628.06895 	  758.48720 	  502.05217 	 1323.01225 	  764.41669 	  348.53243 	  794.50860 	 1216.40110 	  285.82732 	  715.84133 	 1343.92836 	    0.00000 	 1336.72101 	 1317.60837 	 1167.11654 	 1039.11871 	  448.46357 	 2437.27079 	 2068.52908 	  545.35206 	  913.57762 	 
 771.21133 	  157.32795 	  205.07270 	  632.06102 	  610.45083 	  461.32512 	 1107.02957 	 1305.64909 	  421.17312 	 1009.29449 	 1213.02449 	 2956.48192 	  743.68923 	 1415.88072 	 1321.76282 	 1377.44807 	    0.00000 	  105.05119 	 2047.63068 	  364.14797 	  901.17835 	 2151.51522 	 3055.04095 	  983.73110 	  254.14740 	 
 476.26631 	  110.14052 	  230.68008 	  751.23382 	  581.89005 	  308.09427 	 1561.68038 	 1912.32066 	  433.44923 	 1330.23692 	 1002.08444 	 3096.47558 	  709.44514 	 1068.67521 	 1155.82915 	 1286.54013 	   71.64546 	    0.00000 	 2656.84681 	  259.94897 	  704.66015 	 2565.50253 	 2319.92078 	 1123.22588 	  103.71609 	 
1599.18351 	 2218.63567 	 2800.30207 	 1747.06401 	 1778.38768 	 1649.31390 	  821.18672 	  524.08403 	 1822.89653 	  965.88897 	 1200.66228 	  412.63292 	 1633.57683 	 2359.71504 	 1209.12824 	  933.93871 	 2745.99751 	 1661.99827 	    0.00000 	 2131.18614 	 1184.53445 	  650.78818 	 1096.46009 	 1532.07137 	 1803.44235 	 
 656.29277 	  172.61690 	  436.90714 	  424.58019 	  220.67184 	   85.40292 	 1037.05364 	 1532.56986 	  221.34263 	  860.11124 	  790.85962 	 2319.52612 	  530.26767 	  740.11482 	  782.45363 	 1188.69045 	  386.30181 	  242.13686 	 2009.98652 	    0.00000 	  613.92052 	 1963.28335 	 2397.48216 	 1056.39469 	  152.09372 	 
 537.47935 	  544.63154 	 1299.84078 	  319.64197 	  292.43504 	  599.52074 	  544.90439 	  874.15531 	  435.90943 	  487.44831 	  270.43220 	 1955.61163 	  266.66917 	 1027.24055 	  552.05617 	  742.86431 	  935.89630 	 1036.77080 	 1455.56303 	  449.44351 	    0.00000 	 2128.04647 	 1722.52726 	  654.76219 	  868.53634 	 
2254.60337 	 2218.91117 	 2708.83113 	 1520.84059 	 2530.31913 	 1876.12378 	 1144.58957 	 1021.60987 	 2593.07413 	 1965.04219 	 1890.42358 	  344.31752 	 1523.79798 	 2284.98044 	 1356.51530 	 2404.29983 	 2759.25442 	 1792.93531 	  574.42627 	 2579.80556 	 1739.65344 	    0.00000 	  650.81273 	 2978.62157 	 1988.70022 	 
2013.18964 	 2393.83681 	 1850.89848 	 2140.37904 	 2220.77902 	 2385.09786 	 2035.36451 	  963.71698 	 2068.30544 	 2106.70796 	 1731.20877 	 1213.29801 	 2259.41250 	 2401.27780 	 1479.38703 	 1781.16488 	 1918.52040 	 2640.22629 	  895.95116 	 2698.43755 	 1365.68763 	  549.85916 	    0.00000 	 2865.63990 	 2336.68324 	 
 342.80914 	  878.36929 	 1098.18600 	 1254.94959 	  708.12043 	  920.81436 	  873.77166 	 1165.12788 	  753.43279 	  609.41549 	 1191.43617 	 2093.74016 	  474.67706 	  195.03745 	 1398.20468 	  375.27999 	 1165.49891 	 1138.79512 	 1921.67831 	  913.67341 	  637.49022 	 2638.68703 	 2541.00091 	    0.00000 	  714.77523 	 
 477.89193 	   41.94262 	  381.59613 	  704.83626 	  289.12436 	  221.65551 	 1002.51099 	 1337.57651 	  475.98584 	 1424.22776 	 1171.42180 	 1840.35371 	  843.65385 	  690.56286 	  984.94410 	  949.59950 	  256.17640 	  102.06001 	 1869.24507 	  140.54855 	  801.22721 	 1744.84231 	 2743.72521 	 1004.09869 	    0.00000 	 
   0.00000 	 4766.99218 	 6560.18659 	 20183.98297 	 5587.03570 	 6658.20358 	 13445.35966 	 2421.65093 	 10774.52429 	 8102.47665 	 4002.80398 	 11140.18932 	 9334.99053 	 20529.93388 	 4391.38873 	 7360.22005 	 37737.99067 	 12296.05747 	 1717.77406 	 4834.42376 	 4310.84101 	 7877.83149 	 2417.03425 	 8758.86132 	 11891.91468 	 
8140.86830 	    0.00000 	 13601.73160 	 9988.11169 	 3536.48583 	 5270.56772 	 4492.27694 	 3593.28886 	 5366.05010 	 4536.22712 	 2546.04743 	 9787.10835 	 1019.60650 	 7336.23699 	 1364.00008 	 6526.98233 	 26314.18452 	 7926.42832 	  756.42981 	 7717.78495 	 4095.73099 	 9064.20302 	 3232.00180 	 2431.21870 	  514.05885 	 
5903.92834 	 13014.42280 	    0.00000 	 41912.49840 	 4505.90517 	 9915.22376 	 5715.94690 	 4909.83369 	 18979.26046 	 3518.48853 	 4047.24104 	 25790.47188 	 1530.66856 	 18962.61866 	 5165.74620 	 3349.94237 	 246642.31550 	 48762.72177 	 3289.36106 	 14712.47646 	 7461.33355 	 20426.82363 	 4296.40868 	 9882.10411 	 67165.41563 	 
23416.42132 	 16656.37739 	 27283.57866 	    0.00000 	 19889.73945 	 39404.01653 	 23442.60778 	 32369.65033 	 58540.89773 	 11314.05816 	 23878.18755 	 51555.49804 	 15607.55893 	 36526.53157 	 36959.64707 	 10400.16527 	 129926.88207 	 44260.93064 	 11932.71749 	 31413.86623 	 36228.77875 	 33838.20794 	 13364.03723 	 18179.09792 	 42138.47520 	 
5602.77125 	 3156.08749 	 5195.56721 	 17886.94867 	    0.00000 	 5957.38206 	 2780.47267 	 1231.28082 	 8206.84082 	 2438.84879 	 2277.20822 	 7669.67583 	 2178.85076 	 7687.04868 	 2159.09734 	 1694.44185 	 32644.76969 	 6829.02054 	 1289.65910 	 4575.50680 	 7041.71952 	 3400.56150 	  941.86141 	 3770.49992 	 5335.97633 	 
5970.31606 	 5168.60061 	 11171.79876 	 26674.38599 	 9132.74563 	    0.00000 	 4627.84054 	 3261.13928 	 10763.44138 	 3138.33681 	 2354.93036 	 15857.13553 	 2362.05778 	 17320.57121 	 5615.68252 	 1849.97084 	 76624.65640 	 11018.00051 	 2321.20301 	 4422.74534 	 8671.54829 	 7567.24217 	 1818.00579 	 7693.46804 	 17858.14591 	 
15092.98750 	 4166.20524 	 4599.91634 	 26441.83156 	 2727.97940 	 6357.16509 	    0.00000 	 12041.87391 	 5284.66267 	 28740.76625 	 9630.39468 	 31217.97890 	 6744.32945 	 10085.55058 	 5924.23167 	 11454.78356 	 32744.42811 	 9485.95573 	 4354.66088 	 3567.59255 	 9469.01777 	 13285.84233 	 5832.41133 	 2714.76379 	 12861.09833 	 
2126.18087 	 2802.39667 	 4392.45662 	 24643.44993 	 1204.26664 	 3576.61970 	 14468.00207 	    0.00000 	 6616.36330 	 5299.64502 	 10784.80161 	 26929.50795 	 1628.26721 	 2896.67797 	 8103.70343 	 1825.22344 	 28170.21072 	 6481.04328 	 6332.28715 	 2953.00011 	 5466.81726 	 13596.78194 	 10227.68261 	 1095.85099 	 8319.81184 	 
8512.75584 	 6452.85921 	 20601.57962 	 45815.73877 	 5293.59621 	 10880.49688 	 5135.02918 	 5369.86472 	    0.00000 	 4433.76676 	 3959.07388 	 19875.27214 	 6123.95289 	 31651.82545 	 10959.08239 	 3989.68965 	 65743.96441 	 20668.64098 	 3809.13483 	 8671.16345 	 9887.11434 	 15440.86923 	 3223.64450 	 9329.24619 	 24030.99434 	 
8949.20487 	 3071.84657 	 2985.47565 	 19110.95242 	 1655.18215 	 3208.40480 	 32177.81641 	 6176.07201 	 4549.22230 	    0.00000 	 3927.02079 	 14324.92046 	 3351.09603 	 8137.66277 	 3458.51287 	 17467.87080 	 29235.47183 	 6133.54485 	 2603.46342 	 4630.10175 	 4857.41735 	 9607.63582 	 3218.34705 	 2487.94316 	 5394.09423 	 
3689.92025 	 2280.72111 	 3416.71988 	 26303.32716 	 2024.59642 	 3065.11413 	 12415.34658 	 11545.94472 	 3887.95190 	 5144.80597 	    0.00000 	 16818.21533 	 2938.16953 	 3197.43121 	 8477.46743 	 2365.80753 	 14475.77155 	 3238.84172 	 2461.05405 	 2683.15294 	 17200.06447 	 8156.23824 	 2229.60371 	 1659.25958 	 5424.91052 	 
11689.83449 	 5741.10065 	 17862.14421 	 71021.35010 	 4908.34333 	 14305.23754 	 28513.41702 	 25983.64110 	 20067.21455 	 14197.82511 	 13032.98358 	    0.00000 	 5709.84931 	 17630.61664 	 18438.50167 	 9982.82551 	 119623.38283 	 20616.11656 	 26714.97673 	 12459.14372 	 20628.02757 	 71966.51517 	 23166.91563 	 4669.24204 	 21904.43840 	 
8798.05457 	 1481.07234 	 2196.16533 	 15996.16674 	 2320.83500 	 2043.28426 	 7419.35330 	 1718.57462 	 3715.98799 	 4729.36660 	 3743.73046 	 4091.89098 	    0.00000 	 2635.70447 	  861.86277 	 6242.00593 	 13531.99038 	 2498.05666 	  947.95229 	 1126.88441 	 7239.94335 	 2213.01765 	  857.13459 	 1213.40144 	 5259.47658 	 
24141.47159 	 8626.61151 	 24271.82393 	 45561.02789 	 6871.22241 	 18011.47840 	 6081.05329 	 2663.70835 	 26394.57345 	 10331.94121 	 3562.45504 	 13091.12808 	 2617.91012 	    0.00000 	 4153.48395 	 10826.68517 	 132835.09376 	 29792.42097 	  922.32641 	 10772.40100 	 7120.17201 	 9840.52583 	 1556.99125 	 25252.80772 	 14876.71459 	 
3151.23001 	 1053.42884 	 7264.25380 	 42728.28789 	 2477.12236 	 4057.64469 	 5405.57487 	 10599.84794 	 8802.33832 	 2026.86199 	 9698.03431 	 15772.26319 	 1290.29765 	 4857.95134 	    0.00000 	 1762.50864 	 25250.09417 	 7491.03484 	 6424.62809 	 3456.19210 	 8707.35965 	 16315.25340 	 6993.77067 	 3168.46359 	 10649.88679 	 
10586.59545 	 6376.63560 	 4119.29779 	 13419.83674 	 1303.71597 	 2583.28828 	 13441.92003 	 3061.92636 	 5271.42572 	 22697.72075 	 3610.88064 	 11570.21681 	 6049.87450 	 10204.09397 	 2274.99706 	    0.00000 	 17030.43363 	 5610.25298 	  717.10838 	 2244.44725 	 4867.70359 	 7096.50477 	 1752.06981 	 2619.38058 	 5626.21632 	 
36008.04250 	 30080.08284 	 257396.97304 	 179990.58776 	 31095.31102 	 64092.71876 	 28784.64965 	 18554.19131 	 79028.45454 	 35790.42765 	 15609.69931 	 101614.89814 	 12219.93238 	 164622.00153 	 32552.86348 	 19814.30076 	    0.00000 	 8098.81405 	 11023.64579 	 61173.37619 	 26408.23210 	 88514.09177 	 14438.03861 	 29721.93622 	 156327.08433 	 
8291.45463 	 5507.43431 	 40110.35939 	 39339.08171 	 6693.12233 	 14966.64105 	 7481.92442 	 5775.08852 	 21530.17095 	 5074.36410 	 5208.41071 	 15761.38104 	 3631.64680 	 31911.28403 	 7954.16589 	 4301.63022 	 10138.22609 	    0.00000 	 3411.17152 	 38722.34408 	 9477.79723 	 14561.81142 	 4025.69557 	 7225.29406 	 14001.26874 	 
1107.73692 	  735.68003 	 3564.11016 	 10916.38534 	 1182.90177 	 2199.99196 	 4616.30827 	 10992.27767 	 5559.89206 	 1725.29567 	 3706.94155 	 36646.70635 	  629.57008 	  847.20184 	 5867.01368 	  644.94619 	 12999.12669 	 2896.72598 	    0.00000 	 2361.94710 	 4510.60465 	 14760.20692 	 4419.71146 	  686.10189 	 4354.54634 	 
3817.47739 	 5933.95328 	 9442.39249 	 28566.24000 	 3510.02236 	 4117.84716 	 2470.15555 	 3129.70970 	 9490.99085 	 3886.18678 	 2570.58424 	 11471.14323 	 1522.64735 	 15597.25632 	 2645.71136 	 2044.63524 	 51459.46202 	 38672.52925 	 1343.48651 	    0.00000 	 4521.61847 	 6779.92125 	 1737.69141 	 4081.51369 	 16145.85015 	 
7420.88550 	 3946.80174 	 5815.19937 	 51732.44326 	 5863.29955 	 6721.88951 	 11577.78581 	 6318.08582 	 10942.37757 	 7418.21598 	 19956.40788 	 14147.39157 	 7971.10718 	 9483.18627 	 8041.77975 	 3572.97219 	 30471.23002 	 9713.72590 	 4667.32366 	 5205.83817 	    0.00000 	 8137.61701 	 3292.69229 	 3377.24825 	 14731.26616 	 
7854.22740 	 5308.36381 	 15210.65803 	 31355.12504 	 4321.17487 	 7674.27156 	 16854.91732 	 22544.64062 	 10505.08077 	 9170.01169 	 7669.73522 	 74998.77122 	 2623.65778 	 8046.68710 	 13739.54710 	 5773.13496 	 68232.97857 	 15469.46568 	 10410.24145 	 5076.92878 	 9381.86427 	    0.00000 	 44983.00056 	 2784.29560 	 17770.66957 	 
2717.29967 	 4391.92774 	 4669.78124 	 11039.91586 	 1032.89089 	 1703.37982 	 4111.99401 	 7710.58098 	 3270.20614 	 2386.10500 	 3112.13761 	 42737.58490 	  769.21001 	 2331.84033 	 5073.08997 	 1685.27225 	 18214.70632 	 3319.02853 	 3525.77388 	 2468.72568 	 2958.79422 	 32827.59117 	    0.00000 	 1032.67921 	 5945.67645 	 
15425.51509 	 1679.30299 	 7309.89234 	 19174.26886 	 4762.60686 	 5084.57974 	 2899.68220 	 1357.41274 	 12311.94233 	 2200.56576 	 1546.90447 	 2779.31936 	 1456.51038 	 17547.89373 	 2787.90240 	 3089.82769 	 26205.41349 	 5879.13034 	  427.74256 	 4241.10255 	 2739.60576 	 1891.41335 	 1101.50375 	    0.00000 	 5676.86823 	 
14814.76945 	  650.49225 	 52408.14570 	 44652.29721 	 5939.40291 	 11762.75921 	 11789.43330 	 6559.53189 	 19837.60698 	 6199.27131 	 6024.76290 	 18833.85874 	 4888.55370 	 14967.02084 	 8763.90358 	 4607.24088 	 181894.42478 	 11464.65997 	 3306.99813 	 10238.04696 	 10936.70469 	 17977.92035 	 4186.36818 	 5250.63024 	    0.00000 	 
   0.00000 	  430.43829 	  754.88448 	  622.31518 	  366.36537 	  604.44853 	  888.32048 	 1453.00319 	  615.19071 	  593.57921 	  764.50067 	 1844.75816 	  256.72032 	  666.47251 	 1167.10435 	  407.01250 	  566.79915 	  496.97508 	 1579.56501 	  589.07018 	  390.40047 	 1524.06832 	 1582.15697 	  287.65724 	  416.71779 	 
 676.78917 	    0.00000 	  377.72770 	  721.95614 	  389.44644 	  334.00102 	 1004.64141 	 1153.54761 	  524.46539 	 1083.79776 	 1223.38682 	 2437.81250 	  797.32743 	  786.67747 	  759.88145 	 1050.67655 	  164.70874 	   82.05870 	 1859.08964 	  176.33144 	  829.95953 	 1828.71259 	 2657.37771 	  982.69370 	   27.06694 	 
1031.49458 	  408.53761 	    0.00000 	  699.05026 	  614.88768 	  430.45038 	 1119.12638 	 1936.72564 	  715.20672 	 1544.15841 	 1085.37635 	 2285.54660 	 1142.97100 	 1199.49405 	 1286.06515 	 1074.99722 	  204.59475 	  218.07358 	 2052.88347 	  567.17544 	 1036.62882 	 2367.93029 	 2016.15959 	 1260.60456 	  439.75607 	 
 611.49780 	  551.74625 	  732.10753 	    0.00000 	  262.51824 	  295.20606 	  741.48821 	  752.07300 	  196.62259 	 1123.24373 	  507.29813 	 1768.06683 	  430.17169 	 1036.70825 	  295.82011 	  864.83893 	  595.04512 	  589.88851 	 1618.14704 	  517.18413 	  238.17144 	 1932.71458 	 1509.84852 	  968.38660 	  656.82520 	 
 299.42730 	  354.32542 	  908.81454 	  242.57589 	    0.00000 	  165.49932 	  611.43974 	 1145.59764 	  202.42764 	  715.61073 	  510.66044 	 1360.22750 	  282.56285 	 1023.52570 	  522.00861 	  491.56989 	  612.72792 	  645.00271 	 1759.18496 	  240.33872 	  382.92636 	 2293.61785 	 2470.84393 	  566.95640 	  356.97368 	 
 466.88598 	  329.05717 	  525.75708 	  319.66337 	  284.48624 	    0.00000 	  850.30129 	 1199.14706 	  115.27343 	  987.69451 	  824.60493 	 2201.95891 	  467.08673 	  978.22855 	  632.14900 	  656.58850 	  466.53828 	  306.16229 	 1240.72909 	   75.22477 	  534.26032 	 2274.57383 	 1422.91437 	  797.86995 	  373.93655 	 
 911.08641 	 1333.40714 	 1665.89437 	  822.91252 	  734.07867 	  937.18890 	    0.00000 	  596.99210 	 1122.60353 	  231.46894 	  543.88680 	 1001.15935 	  521.56440 	 1167.14300 	  709.55529 	  342.88305 	 1622.70500 	 1428.35006 	  848.18047 	  846.65079 	  482.00425 	 1335.79190 	 2104.28692 	 1033.02182 	 1351.50345 	 
 966.18903 	 1127.58108 	 1777.64938 	  915.74665 	 1380.18393 	 1474.75951 	  609.65473 	    0.00000 	  872.87541 	  747.43586 	  712.32485 	  826.63944 	  888.10577 	 1838.46014 	  728.99315 	 1293.58209 	 2007.63309 	 1891.75296 	  719.97193 	 1648.76695 	  790.01081 	  944.85954 	 1074.52326 	 1678.30614 	 1507.96028 	 
 735.47639 	  315.61492 	  644.08182 	  247.28099 	  273.43421 	   90.46473 	  785.91146 	 1389.88469 	    0.00000 	 1017.35250 	  450.32004 	 1921.32972 	  672.38296 	  910.90853 	  564.99798 	  973.22158 	  430.34997 	  369.06698 	 1387.99867 	  235.32238 	  505.30730 	 2436.23876 	 1805.60592 	  964.58046 	  467.75057 	 
 494.90173 	 1375.04174 	 1859.48459 	 1042.40286 	  991.25556 	 1237.95400 	  226.50091 	  764.98939 	  803.07148 	    0.00000 	  551.06024 	 1051.10429 	  500.27900 	 1046.24771 	  963.81815 	  250.62478 	 1173.18474 	 1038.39273 	 1035.64401 	 1257.30902 	  714.44664 	 1852.42167 	 2413.47320 	  571.23309 	 1367.16198 	 
 633.57993 	  881.53852 	 1591.03355 	  420.44254 	  537.11972 	  564.87245 	  387.83423 	  586.16970 	  547.66348 	  627.96832 	    0.00000 	 1365.54395 	  360.08406 	 1031.72283 	  320.76700 	  572.17655 	 1414.81295 	  995.21003 	  901.24289 	  604.25212 	  161.86778 	 1096.57767 	 1091.50428 	 1146.14913 	  857.83184 	 
1432.96213 	 2237.77836 	 2941.50572 	 2175.58949 	 2260.54454 	 2410.61491 	 1515.14886 	  681.76077 	 1555.71579 	 1752.85869 	 1563.61624 	    0.00000 	 1180.33144 	 2837.13558 	 1591.78714 	 1991.51066 	 2402.68701 	 2606.70294 	  358.60414 	 1979.85388 	 1341.04778 	  285.95909 	 1064.95793 	 2141.48354 	 2351.12997 	 
 340.04760 	  714.19787 	  833.99879 	  552.81144 	  520.88330 	  644.46495 	  491.31883 	  756.75291 	  711.06167 	  426.85129 	  437.83929 	 1550.44161 	    0.00000 	  849.05555 	  653.37659 	  375.05655 	 1179.84657 	 1090.71993 	 1610.45275 	  580.16055 	  189.12080 	 1511.53489 	 1652.85809 	  784.19138 	  763.29487 	 
 686.73522 	 1161.79589 	 1329.63655 	 1062.02098 	 1162.41600 	 1361.85323 	  955.00082 	 1885.02485 	 1080.54854 	 1209.42245 	 1025.58713 	 2978.46156 	  717.16264 	    0.00000 	 1246.47035 	  476.71534 	  859.82975 	  849.36242 	 2277.77867 	  718.82765 	 1106.64456 	 2081.28324 	 2144.48903 	  247.15446 	  902.63969 	 
 799.87658 	  678.07100 	  909.87725 	  337.68837 	  445.84492 	  656.27668 	 1064.90486 	  752.25911 	  445.48310 	 1157.02031 	  340.89354 	 1342.09799 	  667.54944 	 1159.41600 	    0.00000 	  787.62201 	 1248.04309 	 1196.23768 	 1380.96195 	  841.62076 	  484.64578 	 1739.52096 	 1609.80927 	 1224.96218 	  931.38002 	 
 357.14341 	  819.51284 	 1521.01141 	  831.11663 	  555.57159 	  906.40231 	  395.19919 	 1049.46617 	  963.05519 	  239.62836 	  502.41643 	 2052.51645 	  330.20216 	  782.17870 	 1113.64269 	    0.00000 	 1403.72014 	  902.50745 	 1383.15698 	 1010.23130 	  719.73624 	 2363.53773 	 1671.06552 	  499.62127 	 1002.34775 	 
 645.71897 	  212.92308 	  233.39709 	  928.32195 	  595.77967 	  489.43542 	 1744.75530 	 1926.31992 	  578.45865 	 1724.16766 	 1359.95883 	 3037.18647 	  743.63856 	 1192.64804 	 1291.11630 	 1432.16842 	    0.00000 	   88.75934 	 2653.38976 	  425.68809 	  750.71202 	 2758.33828 	 1947.16922 	  895.67332 	  259.70803 	 
 520.19985 	   71.56144 	  283.93645 	  846.65625 	  618.82238 	  376.19333 	 1480.21263 	 1981.68887 	  533.34165 	 1255.18919 	 1132.37895 	 2227.68962 	  804.70989 	  959.74071 	  867.69943 	 1284.14206 	   87.01978 	    0.00000 	 1856.31022 	  258.28572 	  724.23446 	 3205.07967 	 2903.50964 	 1113.34636 	   95.52774 	 
1828.26244 	 1573.54840 	 2686.87437 	 1718.62036 	 1112.16369 	 2106.20298 	  852.25221 	  581.58250 	 1661.43541 	  993.81687 	  784.09979 	  277.16274 	 1122.20100 	 2306.56092 	 1103.74498 	 1063.42299 	 1544.89427 	 2101.50425 	    0.00000 	 2279.30046 	  988.01778 	  568.52776 	  887.47772 	 2142.51169 	 1424.86265 	 
 595.28785 	  196.78155 	  416.34741 	  398.69328 	  240.66886 	  122.25073 	  996.01259 	 1278.28310 	  201.00083 	 1430.42411 	  672.14115 	 1856.26038 	  644.47029 	 1106.83789 	  867.28841 	  764.31425 	  404.44680 	  317.03833 	 1326.87142 	    0.00000 	  608.55375 	 2454.74810 	 2657.91022 	  966.37397 	  168.91541 	 
 536.40831 	  531.52858 	 1093.06791 	  319.44999 	  236.25829 	  465.80939 	  443.29365 	  873.72449 	  449.78923 	  769.56609 	  185.66283 	 1778.29745 	  262.02425 	  866.21362 	  514.21349 	  641.47982 	  791.70310 	  904.62646 	 1609.82355 	  448.81475 	    0.00000 	 1780.21958 	 1847.78234 	  670.48875 	  864.10049 	 
1714.99179 	 2449.39467 	 2095.86713 	 1383.11403 	 2302.45069 	 2065.36057 	 1938.82613 	  885.58437 	 1520.40293 	 2084.70518 	 1387.18894 	  450.74160 	 1565.90786 	 2321.08193 	 1565.27799 	 1656.89208 	 3080.09970 	 2696.23392 	  570.62216 	 2538.85069 	 1514.97878 	    0.00000 	  774.46085 	 2273.25113 	 3109.79457 	 
2344.99642 	 2500.16406 	 2516.58963 	 1887.93618 	 1837.80112 	 2473.58306 	 1845.88588 	  732.92657 	 1693.09015 	 2457.94420 	 1527.63475 	 1245.37640 	 2153.62938 	 2131.94558 	  987.55708 	 2643.90762 	 1991.54159 	 3030.01903 	 1192.54615 	 2117.66139 	 1812.45421 	  846.43112 	    0.00000 	 2635.12508 	 2165.76393 	 
 513.87332 	 1040.76741 	 1033.08406 	 1124.85345 	  588.48042 	  771.27695 	  754.11259 	 1648.55811 	  742.30456 	  709.59796 	  981.64442 	 2000.11761 	  584.23913 	  252.50104 	  988.36470 	  391.59934 	 1159.04173 	  744.77560 	 1906.82267 	 1049.01366 	  714.27296 	 3123.14979 	 2363.79299 	    0.00000 	  786.37698 	 
 612.59093 	   42.82940 	  299.96776 	  657.45570 	  485.70974 	  302.29492 	 1292.08284 	 1067.06192 	  308.63395 	 1467.92557 	 1066.42757 	 2296.12628 	  715.07095 	  728.84628 	  857.36265 	  871.68683 	  202.09277 	  146.05475 	 1620.96575 	  214.39755 	  840.63160 	 2651.10870 	 2393.87680 	  959.08181 	    0.00000 	 
   0.00000 	 4682.54361 	 6099.59027 	 16464.40055 	 4699.32724 	 5216.80428 	 10044.70165 	 2332.15679 	 9490.53639 	 6850.27147 	 3093.85594 	 8137.79082 	 7086.14155 	 22044.30277 	 3016.38106 	 12841.03046 	 45262.12668 	 10398.05891 	 1341.16520 	 4894.52217 	 5058.98583 	 7145.54804 	 2772.80730 	 14652.69722 	 11889.01405 	 
5995.99168 	    0.00000 	 12871.50715 	 9761.24614 	 4167.25705 	 3979.52411 	 4781.97688 	 4008.39626 	 5980.44511 	 5226.03300 	 2962.23266 	 6428.08881 	 1385.89459 	 8548.23571 	  837.50788 	 5019.73972 	 26951.98132 	 7747.89313 	  880.76427 	 8994.98324 	 4440.52780 	 7150.83311 	 3687.72991 	 2336.28134 	  435.07176 	 
6248.73970 	 11282.53875 	    0.00000 	 26775.02369 	 4656.35929 	 16216.94299 	 5716.64664 	 5889.17006 	 21363.48843 	 4500.87842 	 4092.52831 	 20148.47399 	 1501.69670 	 18472.67025 	 4827.86071 	 2698.79500 	 150920.91319 	 28134.54921 	 2133.55535 	 11805.65208 	 5838.84561 	 17103.45771 	 3381.07860 	 6396.09540 	 44936.70268 	 
18155.12707 	 16018.58293 	 28516.22005 	    0.00000 	 19197.29376 	 38643.14252 	 17939.79902 	 21006.84631 	 37126.92592 	 20525.66831 	 20253.89480 	 69882.80482 	 15576.07633 	 34126.36015 	 46062.75289 	 15019.81850 	 158780.04663 	 30796.47069 	 16794.53605 	 30987.50409 	 43888.75924 	 40934.72571 	 16823.96386 	 22743.96674 	 39113.18062 	 
4855.20894 	 3426.82598 	 7473.30433 	 14672.92824 	    0.00000 	 5208.38573 	 3636.10632 	 1602.37938 	 8842.37193 	 1530.24417 	 2663.35506 	 4199.54183 	 1635.10901 	 7415.54240 	 1612.94413 	 1090.57917 	 28375.21209 	 6471.19830 	 1214.39570 	 3466.88927 	 5317.25854 	 2654.20002 	  838.51431 	 3698.24605 	 7070.16556 	 
7207.93096 	 5123.85553 	 11060.73149 	 36940.29589 	 5653.81448 	    0.00000 	 3692.29024 	 3115.74793 	 8134.31558 	 4073.45727 	 2819.35913 	 10324.55041 	 2270.84346 	 12963.64128 	 6343.27199 	 2082.34922 	 43754.26762 	 19761.31252 	 3636.83396 	 4765.53600 	 9281.67312 	 7713.96321 	 1891.60040 	 5876.69863 	 13636.69072 	 
14342.97099 	 4853.83505 	 7719.66263 	 21560.17750 	 3299.57896 	 4881.37315 	    0.00000 	 13707.13261 	 7598.07062 	 39515.11205 	 7564.07840 	 35200.11551 	 7399.72116 	 6782.49846 	 5312.90060 	 11625.05945 	 35834.81115 	 8328.86446 	 5262.54840 	 3055.11946 	 7235.18215 	 11221.84145 	 5309.02042 	 2026.22669 	 12841.62567 	 
1969.09701 	 3414.19064 	 6903.73120 	 27728.36653 	 1519.83372 	 2699.78268 	 11248.55075 	    0.00000 	 6378.24126 	 5001.03657 	 7637.15926 	 21867.95705 	 1356.50477 	 3810.77556 	 11276.39388 	 3182.59215 	 26221.61183 	 4095.57131 	 7045.35781 	 2280.23953 	 8983.01864 	 15067.91037 	 8443.05256 	 1342.80724 	 9098.56741 	 
11082.81037 	 7736.92888 	 12006.49502 	 54031.07961 	 5172.60329 	 8801.81875 	 6860.33765 	 4189.26879 	    0.00000 	 4521.74998 	 5258.99740 	 22706.11792 	 6206.82569 	 25020.14340 	 9173.67629 	 4864.83766 	 99729.86903 	 24325.55727 	 4323.39489 	 7521.54873 	 15464.23813 	 16334.19594 	 4466.21671 	 15107.09495 	 21266.41891 	 
8329.79295 	 4263.05818 	 5245.33592 	 12759.88578 	 1575.71187 	 4135.21178 	 35121.16283 	 6308.11464 	 3432.73041 	    0.00000 	 4038.39182 	 20837.56868 	 2954.82845 	 7647.83483 	 3222.66216 	 18857.87197 	 24745.68600 	 7023.11208 	 2251.41351 	 2994.95227 	 7081.39775 	 8324.49929 	 3704.84699 	 2056.77472 	 7270.59458 	 
2864.11237 	 2258.34552 	 3648.24625 	 36676.65070 	 2430.79466 	 2344.42356 	 7650.79540 	 13737.93461 	 5500.88557 	 5365.61480 	    0.00000 	 18038.30045 	 2755.48182 	 5286.47658 	 9187.29596 	 3525.50281 	 21969.96460 	 5023.29811 	 3559.07823 	 1677.66750 	 17053.98842 	 7549.55457 	 2696.32739 	 1782.78470 	 7467.43935 	 
8499.39087 	 7451.55154 	 16973.82616 	 84437.55251 	 6045.53532 	 11272.77747 	 22343.68255 	 26980.40395 	 29087.90985 	 18326.27427 	 16603.91099 	    0.00000 	 6235.86554 	 15215.61821 	 16794.70479 	 12415.66212 	 75918.73703 	 20062.04882 	 37624.87346 	 9181.43055 	 12354.61624 	 76185.43641 	 36853.09925 	 2986.51252 	 22323.41543 	 
8242.15214 	 1367.62174 	 1370.27950 	 12932.68858 	 1528.07737 	 2020.49855 	 5944.08715 	 1796.30559 	 5526.79630 	 3564.54654 	 2658.96389 	 5893.13439 	    0.00000 	 2664.61940 	  962.38393 	 7554.24181 	 8527.95051 	 3627.36125 	  596.95702 	 1053.86186 	 4896.76196 	 3199.59556 	 1241.42334 	 1615.92299 	 4850.31572 	 
24354.29981 	 8772.03174 	 20231.85920 	 39496.35017 	 6112.09226 	 19589.89410 	 5583.68056 	 2724.49601 	 23800.05140 	 7666.20291 	 3228.95859 	 16067.49617 	 3611.12133 	    0.00000 	 6548.15393 	 10052.78282 	 169423.97871 	 21973.14068 	 1289.76976 	 13361.61840 	 8126.12917 	 9734.66089 	 1779.37929 	 21329.71028 	 18182.46790 	 
4264.84783 	 1084.12679 	 5854.44271 	 53187.72251 	 2048.87526 	 6037.28890 	 3527.44573 	 6534.03235 	 12788.68170 	 2260.09231 	 6353.12436 	 16488.73763 	  878.48236 	 7079.11173 	    0.00000 	 2628.64192 	 23518.49187 	 8184.24090 	 5690.21619 	 3428.97162 	 6829.66785 	 11585.36976 	 7381.87961 	 2614.85189 	 13220.51335 	 
7763.42727 	 5703.84054 	 4368.08633 	 14370.34399 	 1069.65663 	 1649.86278 	 12653.33551 	 2137.91406 	 3150.63638 	 20228.17158 	 3463.21473 	 9968.78664 	 6885.78195 	 11321.18473 	 1819.96495 	    0.00000 	 15287.24866 	 3440.85628 	  881.79947 	 1822.10272 	 5129.25338 	 8331.02961 	 1440.73559 	 4167.59152 	 4027.81969 	 
47425.20732 	 27190.60623 	 254354.50045 	 190709.98074 	 28899.88750 	 51520.80557 	 23205.44479 	 26455.20607 	 59057.93872 	 34581.19850 	 16742.96535 	 99933.98857 	 12515.88989 	 212730.52775 	 20507.70121 	 21422.34435 	    0.00000 	 7205.10631 	 10878.67377 	 47598.57196 	 42848.85735 	 82878.83789 	 16378.18914 	 30495.23269 	 178677.18928 	 
8925.28772 	 5705.57379 	 39356.05377 	 33835.96221 	 6663.44605 	 18963.53834 	 5646.20309 	 5793.89020 	 19867.17223 	 5268.59616 	 4566.75798 	 15141.95982 	 3957.55348 	 17828.64188 	 5517.60892 	 3554.25073 	 11027.15463 	    0.00000 	 2122.81852 	 24531.64146 	 8076.22211 	 10945.96805 	 4688.33548 	 7125.72152 	 8813.10931 	 
1303.84184 	 1031.38654 	 2293.84110 	 17397.88383 	  818.79581 	 2539.57130 	 6595.33598 	 6841.32646 	 5246.50247 	 1672.30773 	 3904.81135 	 29473.19987 	  594.40243 	  964.47130 	 3482.13193 	  994.49455 	 11618.20875 	 2803.24385 	    0.00000 	 2126.65519 	 3520.27025 	 8672.21782 	 4245.28066 	  554.20659 	 3117.81719 	 
4195.51297 	 8563.97735 	 14494.68653 	 33668.16597 	 3676.81913 	 4223.04424 	 3590.95995 	 2030.58517 	 9584.55243 	 3964.43740 	 2750.78156 	 13898.70306 	 1480.30799 	 14763.39170 	 1905.38624 	 1313.07192 	 73183.29460 	 33779.60518 	 2321.28493 	    0.00000 	 6032.14814 	 8525.21030 	 2763.52511 	 6790.17525 	 11445.83124 	 
6983.89593 	 4063.33600 	 5656.67168 	 49496.75607 	 3978.42375 	 7455.18565 	 10858.71166 	 5756.38259 	 8936.08614 	 6487.42258 	 17889.91545 	 20345.14818 	 5109.40652 	 6570.72614 	 6340.28773 	 3552.30448 	 38428.89057 	 8535.59559 	 2860.57529 	 5976.48976 	    0.00000 	 11031.29664 	 2727.46396 	 4930.31573 	 11770.13368 	 
8482.38266 	 8188.07652 	 12953.52817 	 31450.90897 	 4299.74325 	 7715.90424 	 10490.68661 	 17115.69299 	 15564.94884 	 8078.93070 	 6993.43124 	 117729.80735 	 3827.90047 	 8060.53061 	 12839.44082 	 7599.77488 	 53769.13822 	 18080.60583 	 13761.36199 	 7048.24777 	 12321.28902 	    0.00000 	 37645.60016 	 2884.49910 	 25801.27547 	 
3138.73619 	 3505.78461 	 4653.54290 	 14262.54525 	  942.28609 	 2846.93515 	 4174.93393 	 9630.12041 	 3355.71675 	 2899.62859 	 2935.77323 	 26947.26534 	  826.49666 	 1656.02162 	 6197.37473 	 1793.18781 	 15678.29768 	 3302.62984 	 3024.28006 	 2345.31336 	 3533.09719 	 35921.84211 	    0.00000 	 1115.39108 	 5060.00836 	 
11002.07200 	 1943.63544 	 9017.25913 	 20573.67647 	 3418.73562 	 5423.39406 	 3162.20766 	 1432.49656 	 15526.43170 	 1912.57616 	 2195.89181 	 3014.87628 	 1762.71111 	 19683.69373 	 3980.97575 	 3827.12601 	 31228.14532 	 6564.37947 	  630.06762 	 3876.75339 	 3318.32543 	 2492.90593 	  876.90965 	    0.00000 	 6289.94508 	 
16659.49545 	  628.41989 	 44734.87622 	 28559.63497 	 8458.89986 	 17467.24903 	 12946.07800 	 9778.42653 	 15368.46357 	 4102.68525 	 5815.35735 	 17349.40751 	 4813.18917 	 26840.39410 	 12128.17579 	 4241.89143 	 189430.70721 	 16027.79482 	 2897.45593 	 15296.29943 	 9440.00285 	 24773.23878 	 5638.10960 	 6268.44440 	    0.00000 	 
   0.00000 	  730.54373 	  709.62384 	  560.51757 	  392.84466 	  665.63936 	  640.63562 	 1423.33240 	  648.57917 	  620.93377 	  587.94423 	 1834.21658 	  308.47377 	  545.96978 	  955.29841 	  380.60026 	  962.12280 	  504.52072 	 1603.28202 	  400.89633 	  399.30796 	 2465.36023 	 1707.17671 	  464.07485 	  438.87557 	 
 404.78679 	    0.00000 	  438.02984 	  543.12223 	  492.81717 	  337.97190 	  977.12008 	 1432.88953 	  288.55060 	 1372.21300 	 1072.10628 	 2298.76166 	  770.18566 	 1113.45361 	  737.63612 	  955.58704 	  132.67566 	   88.13705 	 1648.49844 	  154.08322 	  674.55206 	 2104.57813 	 2814.49500 	  953.22635 	   35.49836 	 
 997.70609 	  424.03005 	    0.00000 	  910.44331 	  839.77286 	  393.44361 	 1745.32593 	 1788.07450 	  522.30434 	 1736.43641 	 1533.84366 	 2303.38478 	 1006.06812 	 1108.87908 	  925.00791 	 1305.09398 	  150.76897 	  324.31047 	 2545.01175 	  560.34080 	  835.91756 	 3462.78977 	 3070.41585 	 1346.86307 	  414.11967 	 
 545.65374 	  518.51890 	  659.59549 	    0.00000 	  219.70383 	  346.32125 	  798.07099 	 1070.75489 	  168.93175 	 1056.06339 	  303.47266 	 1757.83911 	  596.18376 	 1092.14263 	  269.54969 	  917.79692 	  511.60501 	  511.82536 	 1666.56823 	  403.54102 	  324.57056 	 1573.92912 	 1483.46950 	 1008.36809 	  687.48981 	 
 410.64103 	  438.76687 	  956.44211 	  286.87669 	    0.00000 	  191.24848 	  983.36307 	  893.25535 	  272.72329 	  831.62667 	  467.77055 	 2393.42789 	  307.32257 	 1141.78485 	  761.02623 	  619.05487 	  535.32297 	  382.21199 	 1130.94035 	  237.17333 	  288.76799 	 2592.01251 	 1943.28928 	  941.06637 	  354.63365 	 
 418.48231 	  371.50432 	  472.75929 	  277.14417 	  204.04299 	    0.00000 	  883.05796 	 1016.70867 	   80.65585 	  960.49037 	  777.69951 	 2413.09062 	  671.52440 	 1310.54380 	  461.14836 	 1062.12651 	  452.95873 	  432.15251 	 1612.14076 	  115.50464 	  548.55244 	 2160.97393 	 1835.03089 	 1086.42635 	  268.56654 	 
 836.95537 	 1295.28074 	 1783.08467 	  674.89868 	  678.26895 	 1094.01224 	    0.00000 	  466.81821 	  761.76941 	  199.91521 	  466.50641 	 1081.65066 	  330.47522 	  884.09247 	 1098.54519 	  517.91918 	 1080.04052 	 1356.81937 	  979.92724 	 1137.98254 	  511.59613 	 1391.66143 	 1661.47172 	  686.50430 	 1099.72723 	 
1491.04121 	 1886.05200 	 1263.49234 	 1135.92666 	 1396.01912 	 1208.43249 	  578.99297 	    0.00000 	  805.45438 	 1012.45711 	  410.17640 	  669.32918 	 1015.34814 	 1550.35250 	  813.68303 	  775.54668 	 1856.79894 	 1824.38253 	  597.62275 	 1611.49427 	  986.74281 	  962.97133 	 1038.27052 	 1532.75723 	 1073.39446 	 
 562.96783 	  414.46040 	  567.17966 	  282.65566 	  251.04705 	  119.45064 	  836.98029 	 1171.28865 	    0.00000 	 1229.51550 	  666.22011 	 2024.78684 	  439.45547 	 1182.98575 	  469.03339 	 1065.66034 	  565.39465 	  565.74522 	 1835.67793 	  229.43567 	  378.63793 	 1485.62813 	 1576.28593 	  973.14421 	  358.47915 	 
 762.21969 	 1499.26884 	 1880.16205 	 1117.54940 	  903.24689 	 1157.05049 	  276.60748 	  940.63295 	 1218.46357 	    0.00000 	  805.63946 	 1215.44229 	  457.89511 	 1099.08113 	 1172.20467 	  275.56509 	 1108.21955 	 1546.92060 	 1240.28429 	 1459.08872 	  501.35467 	 1246.67183 	 2364.51067 	  632.15897 	  977.97416 	 
 593.52379 	  780.56227 	 1303.88655 	  439.74013 	  589.60541 	  500.50667 	  561.62639 	  467.34069 	  635.50604 	  694.08336 	    0.00000 	 1578.17123 	  456.60439 	 1522.64074 	  372.02865 	  838.16440 	  836.78499 	 1292.30802 	 1106.25511 	  539.73982 	  264.09404 	 1887.32135 	 1138.63732 	  958.65307 	 1188.98816 	 
2244.59852 	 1955.40111 	 2460.87576 	 2006.43062 	 1573.89961 	 1759.56458 	 1591.18773 	 1056.05762 	 1944.31189 	 1729.29627 	 1601.51365 	    0.00000 	 1964.31133 	 2301.45772 	 1421.60731 	 1745.79917 	 1733.57397 	 2869.33209 	  397.65966 	 1812.00924 	 1415.67451 	  286.37533 	  758.95885 	 2474.98655 	 1720.76027 	 
 363.15787 	 1001.46130 	 1221.89140 	  552.90557 	  450.25045 	  460.85584 	  348.77102 	  785.11956 	  505.56778 	  477.89127 	  293.47659 	 1359.11698 	    0.00000 	  641.59532 	  661.21911 	  306.36641 	 1218.02990 	  825.11266 	 1298.86689 	  596.97594 	  252.12161 	 1862.47850 	 2045.82423 	  713.83726 	  688.54817 	 
 601.21713 	  671.51010 	 1091.70639 	  970.03111 	  692.66205 	 1235.73814 	 1011.68923 	 1588.17120 	  939.33399 	  976.78546 	 1532.39538 	 1879.36457 	 1041.02399 	    0.00000 	 1129.05624 	  573.22739 	 1355.53496 	  748.21958 	 1439.93045 	 1232.48772 	 1322.82230 	 2678.96855 	 2533.11295 	  209.06950 	  934.85262 	 
1140.56319 	  893.30751 	 1118.60753 	  341.06620 	  677.06578 	  729.55581 	  716.42727 	  750.29221 	  501.32083 	 1232.61993 	  497.96118 	 1512.40859 	  857.46461 	 1714.92575 	    0.00000 	 1345.26264 	 1165.79021 	 1063.91312 	 1328.43489 	  643.56841 	  543.30095 	 1923.94373 	 1001.89524 	  921.76385 	  840.64567 	 
 320.03170 	  820.59305 	 1462.59696 	  959.88336 	  568.41293 	 1074.06990 	  464.96364 	  937.74417 	 1134.65963 	  376.60167 	  839.25420 	 2155.35876 	  370.73204 	  868.48720 	 1078.34770 	    0.00000 	  945.37018 	 1293.48859 	 1324.17173 	 1192.71510 	  631.61199 	 2292.31116 	 1582.86521 	  379.37285 	 1143.94782 	 
 868.12962 	  168.78026 	  135.11510 	  838.70294 	  741.15720 	  344.39813 	 1209.86666 	 2010.20795 	  592.66673 	 1745.53163 	 1138.16654 	 1792.39122 	  909.88945 	 1012.26125 	  986.18593 	 1153.86199 	    0.00000 	   96.21030 	 1845.62855 	  424.89813 	  822.81086 	 2183.69161 	 1941.72800 	 1042.13511 	  192.96566 	 
 659.63157 	   68.54567 	  232.63764 	  713.25306 	  526.80394 	  473.18169 	 1443.71929 	 1132.05942 	  479.46172 	 1689.81478 	 1260.69077 	 2707.17187 	  635.35531 	  870.53668 	  809.12211 	 1169.08811 	   94.02237 	    0.00000 	 1857.67919 	  263.68538 	  591.73150 	 2621.92563 	 1739.43315 	  751.07783 	  122.18950 	 
1578.59986 	 2156.05768 	 1750.06021 	 1586.88719 	 1906.39332 	 1733.59769 	  810.62665 	  456.19035 	 1714.77161 	  817.51009 	 1278.00466 	  296.87923 	 1633.46627 	 2282.86910 	 1600.69803 	  960.51224 	 2780.16305 	 2398.02361 	    0.00000 	 1976.73548 	 1325.07490 	  783.23048 	 1275.66349 	 2335.66062 	 2475.52684 	 
 571.14197 	  148.09299 	  509.80116 	  439.37539 	  283.78114 	   89.09627 	  832.81280 	 1513.74521 	  168.81635 	  896.97394 	  562.77542 	 2050.58084 	  736.32364 	  980.14492 	  845.07649 	 1169.45572 	  287.00288 	  327.40826 	 2068.74099 	    0.00000 	  458.68384 	 1791.92243 	 2588.10316 	 1055.57489 	  185.20737 	 
 510.69721 	  609.62429 	  919.67385 	  258.29047 	  262.67889 	  403.15328 	  384.27673 	  785.58558 	  324.04508 	  783.21421 	  284.84468 	 1430.85290 	  189.67919 	  815.67438 	  575.32496 	  570.76161 	 1054.75227 	  779.45482 	  953.69042 	  392.17290 	    0.00000 	 1799.65403 	 1611.89645 	  866.69593 	  503.25662 	 
2580.95869 	 1761.81931 	 3484.41541 	 1644.60872 	 2452.06828 	 1875.55145 	 1160.59606 	 1143.26166 	 2507.33155 	 1547.99992 	 1059.43965 	  366.58476 	 2037.89317 	 2490.50152 	 1899.32322 	 1723.97996 	 2508.63545 	 2631.78786 	  703.64565 	 2863.99077 	 1813.88836 	    0.00000 	  515.21430 	 2527.01005 	 2364.75629 	 
1621.32079 	 2756.63431 	 1753.21903 	 2193.34837 	 2200.10451 	 1797.73570 	 2045.03557 	 1082.97119 	 1660.76719 	 1587.09125 	 1150.65395 	  760.82465 	 1670.41804 	 3297.66016 	 1083.38142 	 1883.17951 	 2647.51040 	 2692.53099 	 1035.73548 	 2691.16007 	 1785.05135 	  638.42727 	    0.00000 	 1783.07870 	 1752.60784 	 
 333.47854 	  724.12875 	 1537.30006 	 1190.41064 	  581.54353 	  722.27949 	  698.00993 	 1701.77426 	  871.49812 	  954.80653 	 1204.86779 	 1840.72653 	  641.04323 	  200.53784 	 1637.83496 	  540.50674 	  795.09033 	  879.30636 	 1399.60592 	  651.08302 	  823.48751 	 2626.78600 	 3055.38795 	    0.00000 	  959.38886 	 
 687.22809 	   37.77265 	  425.60185 	  669.29827 	  319.51669 	  209.69831 	 1461.42372 	 1787.65652 	  434.84152 	 1517.90911 	 1195.97260 	 2085.99448 	  778.97740 	  977.83669 	  874.51993 	 1181.87920 	  224.18394 	  143.99909 	 2451.98393 	  146.29950 	  675.08229 	 2884.73426 	 2781.25841 	  674.98116 	    0.00000 	 
   0.00000 	 5411.29485 	 8985.68732 	 19215.48984 	 3283.08731 	 6996.71920 	 13959.94472 	 1989.01495 	 9208.81765 	 5254.98811 	 3397.33212 	 9196.70586 	 11816.03369 	 22937.59596 	 4342.22792 	 8228.53684 	 50454.71722 	 13620.53145 	 1636.95318 	 4092.93437 	 5370.58550 	 7779.41361 	 3195.26189 	 15611.59734 	 13558.24695 	 
4973.29776 	    0.00000 	 11187.96829 	 11635.00930 	 2954.73847 	 5996.26551 	 4345.59668 	 3247.81181 	 8121.29696 	 4819.84947 	 2987.68403 	 8570.41524 	 1300.34180 	 6504.32946 	 1336.81928 	 5936.55883 	 31216.28440 	 6344.48292 	  694.21542 	 6924.79207 	 3165.83111 	 9212.83884 	 4718.68521 	 2595.61433 	  670.51730 	 
6456.09635 	 15652.24383 	    0.00000 	 37068.29847 	 6346.26454 	 16849.64422 	 5816.46697 	 6835.57756 	 14440.03761 	 5110.59450 	 2479.88214 	 17264.31673 	 2049.64700 	 24445.92072 	 7277.08525 	 2492.70208 	 236515.00683 	 26763.52008 	 2348.98398 	 14460.44900 	 6793.27174 	 16243.93643 	 3434.48423 	 9580.47981 	 46226.03904 	 
20575.03561 	 15992.40670 	 25519.86063 	    0.00000 	 21675.93208 	 25823.60772 	 21184.25410 	 31311.99634 	 58608.05354 	 20395.29037 	 30835.38453 	 55435.20865 	 11909.45342 	 48224.34208 	 60575.61385 	 17380.14249 	 210002.09353 	 47641.34679 	 19328.14633 	 26206.59414 	 39562.45630 	 29948.46350 	 10467.89464 	 18479.56418 	 41329.25884 	 
4825.10301 	 4116.42067 	 5905.09335 	 16733.48110 	    0.00000 	 7153.48355 	 3498.95694 	 1206.70729 	 8480.20430 	 1801.00619 	 2745.58038 	 7543.12321 	 2059.17641 	 9191.61087 	 2507.15859 	 1472.38559 	 30834.45744 	 6256.06128 	 1323.72372 	 5178.23756 	 4195.70767 	 3045.90866 	 1069.05357 	 5336.06439 	 5767.63208 	 
5764.61382 	 5498.12269 	 9900.56400 	 25988.44224 	 8825.80608 	    0.00000 	 4869.14597 	 3439.77940 	 7670.93372 	 2949.57998 	 2117.93525 	 18071.51764 	 2353.08438 	 11598.71333 	 4324.47966 	 2087.24953 	 46510.84706 	 11743.87139 	 2254.05439 	 4198.63009 	 5494.98346 	 8376.66717 	 2764.95333 	 8114.94980 	 15249.03340 	 
9226.13717 	 4397.20394 	 6520.24350 	 25806.08127 	 3196.59594 	 4503.14012 	    0.00000 	 12090.57051 	 8274.36396 	 40881.99322 	 9479.02976 	 22197.70993 	 7414.49254 	 10165.61470 	 3966.34228 	 13508.72987 	 22254.14877 	 8473.38522 	 4764.42476 	 3690.06012 	 8954.04901 	 12344.43792 	 5559.34172 	 3158.22460 	 8401.46957 	 
1910.39358 	 2865.08292 	 5936.35367 	 28216.62716 	 1174.15817 	 4495.29099 	 13668.94940 	    0.00000 	 6421.11709 	 5167.73572 	 7722.04270 	 31146.58960 	 1481.64658 	 2715.97104 	 10710.73117 	 3171.10205 	 25997.24801 	 4510.65322 	 11147.40726 	 2320.75035 	 7984.72490 	 13373.62362 	 8907.31054 	 1105.50130 	 6424.10244 	 
9910.45335 	 7166.53715 	 14472.36335 	 49586.48972 	 5047.58903 	 11485.00535 	 7749.43260 	 3934.87926 	    0.00000 	 3405.35734 	 4513.98498 	 16121.95864 	 5840.71608 	 20914.99266 	 10198.31557 	 3871.48755 	 65621.96239 	 21726.01763 	 5207.44489 	 11033.19454 	 10077.01996 	 12336.78256 	 3284.96120 	 13748.15379 	 15887.35757 	 
6790.30674 	 5258.33379 	 4929.09462 	 17304.96349 	 2271.47267 	 3735.78709 	 34167.50294 	 5142.57007 	 5695.62469 	    0.00000 	 5448.01903 	 20937.63809 	 3304.78367 	 6070.08325 	 3268.03424 	 19429.46340 	 35878.10441 	 7061.46981 	 2621.08206 	 3536.73729 	 6103.86429 	 6767.78483 	 2203.85832 	 1797.28528 	 6834.00379 	 
3000.70369 	 2692.19523 	 3529.98717 	 26382.60020 	 2688.05828 	 3467.31984 	 8564.86254 	 10544.97619 	 3912.44281 	 4023.12212 	    0.00000 	 19691.44081 	 3045.05522 	 3850.73259 	 5854.81463 	 2612.83337 	 20811.41253 	 3504.54747 	 2497.11698 	 2887.89327 	 12830.12467 	 6487.98772 	 3136.71650 	 1994.75200 	 6518.89005 	 
9199.65018 	 6357.66714 	 19176.57540 	 70532.59733 	 4500.03619 	 11352.96553 	 32382.67975 	 34952.95397 	 27633.79840 	 18957.20843 	 19341.81071 	    0.00000 	 5393.73510 	 16161.76360 	 20591.17923 	 10454.52590 	 132914.69727 	 20759.15139 	 27120.48367 	 9514.32892 	 12727.94108 	 70376.11951 	 38313.27012 	 4613.56606 	 31938.54368 	 
10261.71004 	 1320.05815 	 1910.54733 	 15993.00072 	 2403.39433 	 2532.27140 	 5659.61909 	 1483.45528 	 4649.98144 	 5091.77567 	 2420.00569 	 6962.55248 	    0.00000 	 4138.81288 	  977.24931 	 7032.29422 	 10331.01242 	 3904.61627 	  961.89084 	 1395.37642 	 4702.16645 	 2434.48707 	 1340.17613 	 1190.62366 	 5700.34749 	 
18603.10127 	 9560.24379 	 25057.22280 	 45158.91021 	 9085.63588 	 14126.71705 	 9212.86098 	 4287.12300 	 22481.94979 	 8349.89704 	 3664.05192 	 18853.28541 	 2759.21653 	    0.00000 	 7053.18342 	 8210.56252 	 218992.58127 	 29124.83015 	 1178.19978 	 14267.51616 	 7743.11958 	 7493.21100 	 1319.41429 	 22567.92865 	 22282.80815 	 
3460.76257 	 1415.97373 	 8285.93642 	 41084.73714 	 2169.12794 	 4273.95736 	 4717.39136 	 7395.39578 	 8717.42461 	 2437.04188 	 6208.13018 	 20824.99398 	  879.32600 	 4570.16856 	    0.00000 	 1526.90829 	 28802.84745 	 5662.52472 	 4121.64206 	 2547.19925 	 7897.65577 	 12247.29358 	 7840.36572 	 2277.68996 	 12332.29132 	 
9231.47308 	 4369.81339 	 3433.01466 	 14440.68173 	 1648.06135 	 1694.90840 	 14833.96266 	 2715.72015 	 3058.76388 	 14871.49481 	 3491.24273 	 8963.54138 	 5766.56471 	 6985.14388 	 2594.94116 	    0.00000 	 28013.43016 	 5832.29141 	  790.16117 	 1374.22441 	 5727.96285 	 5197.38937 	 1889.07568 	 2792.90114 	 5845.56810 	 
56412.56426 	 17458.84990 	 233997.01064 	 139773.96173 	 22853.60163 	 57995.11932 	 37524.33524 	 27360.20257 	 85575.27315 	 34241.20604 	 20237.29536 	 112279.96373 	 12820.43252 	 212129.02536 	 32942.94222 	 27948.28611 	    0.00000 	 10633.70296 	 13453.05168 	 57026.87090 	 31710.09833 	 50656.28212 	 17935.35821 	 30369.68081 	 167116.53157 	 
11086.46377 	 6447.93699 	 31692.46469 	 35407.48892 	 4450.08103 	 11026.34158 	 8786.15160 	 4986.75551 	 14779.30987 	 5778.64437 	 5380.62752 	 21402.28507 	 3104.58640 	 31978.36811 	 6434.03697 	 4453.60895 	 9560.84676 	    0.00000 	 2944.19824 	 22688.20088 	 9311.08603 	 15426.83408 	 4896.11804 	 7383.70742 	 14251.26719 	 
1594.40020 	  646.65641 	 2545.99237 	 15661.73786 	  868.03803 	 3363.28596 	 6057.31017 	 11220.02288 	 4182.01068 	 2177.06395 	 2699.04416 	 33720.23847 	  581.20534 	 1106.71644 	 4122.12243 	  834.86873 	 13761.72365 	 2308.30590 	    0.00000 	 2018.42629 	 3341.81606 	 9457.42945 	 4436.68691 	  518.88217 	 2696.29298 	 
5379.70413 	 6931.22975 	 11607.98668 	 32503.23744 	 5013.42035 	 4877.20417 	 3715.52566 	 1882.18663 	 12687.98434 	 3059.82033 	 2801.46780 	 11527.65144 	 1569.86970 	 10479.16584 	 2345.98605 	 2198.98963 	 81743.26380 	 25325.87310 	 1771.39224 	    0.00000 	 4212.55862 	 6427.83229 	 1613.60775 	 4959.86335 	 13640.58852 	 
6947.17577 	 4656.07970 	 5097.44968 	 47959.41482 	 5467.04830 	 5358.90865 	 8135.00973 	 6794.61001 	 12100.98509 	 6718.07818 	 20200.83932 	 19718.34621 	 7807.77268 	 8985.10654 	 7002.57823 	 4756.42327 	 35606.64245 	 7354.50299 	 4299.44181 	 4226.28045 	    0.00000 	 7455.80758 	 3015.78764 	 4394.65932 	 12603.96400 	 
8241.81790 	 8912.91104 	 13405.47141 	 25244.63297 	 3659.02051 	 6324.26482 	 10371.39480 	 12663.79891 	 13661.68109 	 10809.69922 	 9834.55717 	 83032.63959 	 2808.36211 	 9116.13271 	 10803.90717 	 5393.45563 	 80927.07215 	 18741.90391 	 11922.44439 	 5135.70841 	 8950.59646 	    0.00000 	 40659.38918 	 2352.58056 	 24223.57259 	 
2736.42499 	 3804.90215 	 4823.96205 	 11023.85484 	 1124.78915 	 2193.93321 	 5969.37109 	 8762.47686 	 2969.90419 	 2280.29924 	 2257.68251 	 32773.02037 	 1198.16231 	 1786.03920 	 7903.60613 	 1677.67787 	 10898.43574 	 4201.06373 	 4319.82596 	 2623.99417 	 2511.47603 	 27774.09630 	    0.00000 	  797.99701 	 5431.43926 	 
14998.78366 	 1580.10331 	 7647.72466 	 17617.04243 	 4623.95451 	 5036.29286 	 3477.21489 	 1510.44437 	 15152.18705 	 1919.23297 	 2070.94081 	 4308.20147 	 1939.82113 	 17335.81913 	 3839.36489 	 4359.95622 	 22777.91775 	 6170.91051 	  542.24338 	 4903.91866 	 3351.54957 	 2208.37780 	 1000.80066 	    0.00000 	 6550.20534 	 
17103.73679 	  588.81408 	 43554.54794 	 30803.81709 	 5039.12402 	 13680.83087 	 8332.46279 	 9417.02692 	 15093.74619 	 6750.07627 	 7391.94302 	 26046.39557 	 5570.57878 	 26120.62670 	 8763.49150 	 6114.70109 	 194406.88883 	 11865.46715 	 2808.18519 	 12539.71741 	 10268.52469 	 18430.90083 	 4528.08936 	 5994.57148 	    0.00000 	 
   0.00000 	  623.82354 	 1030.92561 	  519.52765 	  341.76488 	  463.41708 	  849.93976 	 1468.65149 	  507.59641 	  896.57936 	  706.59581 	 1610.57315 	  345.24676 	  729.63416 	  867.89592 	  362.16303 	  789.31651 	  863.18566 	 1218.93691 	  660.47725 	  353.14952 	 2520.18719 	 2742.57016 	  479.05726 	  527.09699 	 
 697.46050 	    0.00000 	  422.75928 	  667.37026 	  355.13504 	  279.01760 	  858.00444 	 1405.28328 	  355.06209 	 1313.07346 	  938.91119 	 2916.62509 	  956.22102 	  718.01122 	  787.57037 	 1269.95633 	  176.42415 	  104.76256 	 2421.44924 	  254.78691 	  649.42063 	 2491.22075 	 2045.31761 	  925.46885 	   27.86300 	 
 955.14712 	  317.57401 	    0.00000 	  680.82250 	  556.83542 	  594.36046 	 1827.39017 	 1661.57493 	  611.15619 	 1214.50839 	 1619.34110 	 2640.30904 	 1083.02369 	 1198.01737 	 1234.35756 	 1728.24715 	  141.33370 	  228.48227 	 2742.42345 	  375.96820 	 1245.67865 	 2234.49401 	 1845.97442 	 1117.42559 	  486.30046 	 
 488.20565 	  795.29088 	 1045.45012 	    0.00000 	  213.98663 	  336.73651 	  598.16360 	  704.68813 	  272.53030 	  750.15050 	  293.71989 	 1486.13938 	  353.65780 	 1355.95547 	  338.36621 	 1038.71595 	  663.45757 	  865.21998 	 1362.51249 	  380.38510 	  284.00120 	 2247.68433 	 1670.67172 	 1299.93356 	  492.15191 	 
 324.42480 	  482.08737 	  640.36837 	  198.23054 	    0.00000 	  288.18279 	  833.35743 	  806.65328 	  258.93010 	 1115.83109 	  470.26423 	 2009.29337 	  409.41555 	  813.41963 	  472.78174 	  621.45378 	  630.52291 	  632.88929 	 1501.98434 	  190.27591 	  394.54751 	 2139.30302 	 1403.81935 	  703.11692 	  477.58733 	 
 589.41363 	  371.00525 	  578.00022 	  354.89752 	  270.18681 	    0.00000 	 1174.10346 	 1310.66837 	  115.64252 	 1413.88991 	  619.31246 	 2165.86634 	  491.30929 	  950.56087 	  554.19880 	 1046.34633 	  435.71091 	  375.50072 	 1548.01639 	  118.66752 	  452.31467 	 2496.72826 	 1675.52669 	  953.17415 	  358.05704 	 
 736.60910 	 1158.19282 	 1316.05429 	  632.57394 	  686.13245 	 1201.71177 	    0.00000 	  649.87007 	 1264.19710 	  255.39991 	  548.68644 	 1406.90031 	  435.97232 	 1370.25992 	 1028.30364 	  512.67506 	 1748.44201 	 1407.03038 	 1074.03942 	 1013.90329 	  388.43345 	 1858.20492 	 1920.31074 	  974.99826 	 1044.49743 	 
 961.86231 	 1885.72165 	 2061.00251 	  722.12856 	 1127.61042 	  876.59941 	  755.21552 	    0.00000 	  804.89143 	 1130.14386 	  668.08356 	  595.45268 	  729.33164 	 2047.75227 	  708.44463 	  762.47751 	 1719.14971 	 1630.54865 	  574.61282 	 1441.00530 	  867.30380 	 1226.05186 	  866.94339 	 1101.53446 	 1310.89898 	 
 516.33682 	  396.80647 	  708.57571 	  275.41199 	  290.89591 	  101.20317 	  927.36583 	  961.57283 	    0.00000 	 1074.56462 	  735.15892 	 1440.62476 	  593.28597 	 1275.93989 	  509.42280 	  818.06541 	  477.57210 	  363.53167 	 1365.41742 	  232.29382 	  350.57024 	 1493.15999 	 2427.21859 	  935.24168 	  334.90199 	 
 491.10615 	 1187.16471 	 1452.78632 	  654.43946 	  812.27512 	 1405.86017 	  284.91903 	  978.39697 	 1102.37159 	    0.00000 	  733.54893 	 1641.43392 	  459.95012 	 1104.91445 	 1105.92069 	  270.34623 	 1663.52497 	 1302.27482 	 1138.64180 	 1128.53199 	  742.47001 	 1471.67490 	 1495.16368 	  654.87143 	 1249.68726 	 
 655.14294 	 1226.66539 	 1216.34528 	  404.36059 	  651.06825 	  876.86320 	  483.36065 	  435.70013 	  484.08592 	  771.50547 	    0.00000 	 1028.60059 	  411.01063 	  993.54154 	  418.90600 	  819.36772 	  817.99805 	  785.40144 	 1112.63800 	  882.80008 	  203.09959 	 1119.14425 	 1772.04362 	  948.31512 	  889.25170 	 
2197.58219 	 2743.29118 	 2900.22392 	 1989.07283 	 1832.59968 	 2326.20466 	 1219.18778 	  992.94313 	 1982.79669 	 1247.11413 	 1291.12669 	    0.00000 	 1171.98963 	 2518.49152 	 1959.01052 	 1851.85194 	 2657.36470 	 1941.65696 	  439.17362 	 2685.39270 	 1441.71996 	  392.78685 	  978.95307 	 1684.10431 	 2869.94204 	 
 426.14395 	  960.19116 	 1346.69331 	  350.72936 	  457.81701 	  530.27416 	  435.38663 	 1080.08531 	  490.28981 	  491.82936 	  323.15266 	 1742.24496 	    0.00000 	  643.80898 	  778.18903 	  260.51436 	  885.76329 	 1085.22252 	 1229.47117 	  740.58324 	  306.38339 	 2317.23023 	 1354.26523 	  778.46624 	  874.10595 	 
 571.04926 	  860.01332 	 1046.18612 	 1218.46146 	  734.40679 	 1224.01542 	 1423.26619 	 1416.94899 	 1198.36111 	 1036.12837 	  882.77725 	 2798.24666 	  795.02634 	    0.00000 	 1531.35129 	  876.53399 	 1319.34243 	 1309.39199 	 2490.35263 	  892.52294 	  944.92548 	 2075.71526 	 2179.65852 	  208.81020 	  911.37091 	 
 791.99901 	  759.59301 	 1138.89786 	  394.42395 	  556.24953 	  618.91494 	  944.46114 	  522.43509 	  535.88972 	  736.87235 	  518.01996 	 1745.13557 	  502.71293 	 1811.34156 	    0.00000 	 1200.49163 	  830.88511 	  902.36237 	 1225.77226 	  625.72495 	  423.90833 	 1573.84641 	 1200.56328 	 1426.38372 	  733.01760 	 
 503.74370 	 1290.41298 	 1424.66999 	  712.24539 	  803.05000 	  664.09239 	  511.22156 	 1205.81633 	 1159.21942 	  325.50479 	  673.69830 	 1420.90865 	  433.82739 	  568.80818 	 1087.47395 	    0.00000 	  990.89440 	 1044.79649 	 1423.23999 	  938.26491 	  453.24669 	 2215.91201 	 1657.09019 	  394.84488 	 1114.53051 	 
 938.64045 	  168.96750 	  192.46054 	  577.02219 	  750.89105 	  305.55694 	 1252.10891 	 1309.70978 	  436.17827 	 1625.50107 	 1131.26149 	 2420.49137 	  825.62744 	 1111.89955 	 1124.08097 	 1465.91658 	    0.00000 	   67.87658 	 2201.53433 	  335.91502 	 1077.26949 	 2704.44080 	 1817.52787 	 1245.72243 	  155.74610 	 
 536.86203 	  119.05891 	  318.94525 	  654.46122 	  620.55584 	  271.67104 	 1565.51354 	 1986.61829 	  545.82176 	 1371.18338 	 1058.00301 	 2489.63525 	  855.88780 	 1097.08544 	 1105.35153 	 1377.64822 	   66.69894 	    0.00000 	 2017.55735 	  209.23468 	  856.02079 	 2865.68340 	 3039.45895 	  764.06832 	   97.61943 	 
1424.54948 	 2534.15483 	 2206.33007 	 1373.46401 	 1728.86768 	 1831.48153 	  815.26390 	  691.91607 	 1713.24154 	 1203.48391 	  802.61673 	  396.75069 	 1001.26893 	 2522.59660 	  991.64062 	 1167.61458 	 2206.53697 	 1761.51230 	    0.00000 	 2277.02817 	 1291.55939 	  678.96851 	  941.92405 	 1321.17625 	 2256.85578 	 
 567.98699 	  188.37312 	  480.86704 	  371.53118 	  198.04325 	  118.57392 	  896.72489 	 1591.73377 	  252.97363 	 1263.07963 	  592.31471 	 2106.35690 	  820.11919 	  784.50481 	  751.18489 	  906.12010 	  270.07141 	  311.46233 	 1312.14031 	    0.00000 	  423.49802 	 2721.98298 	 2335.98190 	  916.70366 	  162.66561 	 
 609.91394 	  592.72581 	 1091.66753 	  251.80240 	  301.91739 	  358.02201 	  605.01737 	  658.26627 	  509.72418 	  559.14932 	  227.88174 	 1148.98683 	  314.33700 	  813.90160 	  399.05635 	  546.77695 	  780.43490 	  956.79465 	 1040.79635 	  463.97468 	    0.00000 	 1950.76056 	 1870.21776 	  866.98196 	  705.56738 	 
2665.70390 	 2893.68901 	 3316.44815 	 1790.09608 	 2018.65807 	 2538.32383 	 1255.35545 	 1039.76517 	 1657.49439 	 2097.85019 	 1077.43389 	  297.04014 	 1398.29567 	 2185.38442 	 1471.94144 	 1867.09535 	 2100.21623 	 3110.91138 	  711.69659 	 2742.54968 	 2254.83598 	    0.00000 	  545.31932 	 2775.25181 	 2245.52638 	 
2215.81649 	 2628.27718 	 3139.62106 	 2246.83831 	 2516.20953 	 1595.85208 	 1357.85246 	 1257.00697 	 2173.87051 	 1811.46005 	 1250.08142 	  816.83078 	 1535.98940 	 2882.62285 	 1321.64470 	 2209.37177 	 1872.74318 	 2521.22026 	  886.67086 	 2467.62011 	 1380.44288 	  782.83290 	    0.00000 	 2500.07316 	 2456.80634 	 
 403.71391 	  592.01530 	  985.93228 	  716.01071 	  728.13192 	 1136.16306 	  655.08011 	 1529.12662 	  981.82127 	  836.78805 	 1182.87498 	 2311.21269 	  803.90880 	  239.95281 	 1254.49724 	  406.61247 	  853.09220 	 1177.72106 	 1893.42926 	 1015.48788 	 1087.76131 	 2977.32037 	 2128.12909 	    0.00000 	 1042.29988 	 
 661.14036 	   31.36493 	  399.93369 	  634.07033 	  317.92804 	  261.72934 	  822.27627 	 1179.35586 	  481.39152 	 1283.46215 	  843.73290 	 1607.01446 	  862.00903 	  859.17809 	 1065.39182 	 1049.92476 	  227.43500 	  136.51061 	 2320.63891 	  162.24687 	  705.41515 	 2124.12843 	 1644.44971 	  782.04439 	    0.00000 	 
   0.00000 	 5491.94709 	 5512.87874 	 14466.46725 	 4163.56426 	 5332.21252 	 11123.29773 	 1956.51433 	 9844.23322 	 8688.64072 	 3599.57650 	 8619.59751 	 7865.33822 	 26082.13450 	 2908.33474 	 10216.74007 	 46576.01521 	 10166.85718 	 1005.78001 	 5110.15284 	 5324.50297 	 7138.97007 	 2341.93023 	 9050.78881 	 14782.19256 	 
5571.02583 	    0.00000 	 9995.36022 	 10343.52807 	 3330.15624 	 6560.96598 	 2779.66443 	 3785.31259 	 6869.16697 	 4354.95476 	 3158.28651 	 10323.60581 	 1172.61242 	 8569.86306 	 1463.98337 	 4680.19234 	 20979.53262 	 5397.40374 	  887.65782 	 8154.90424 	 3819.15147 	 6544.86927 	 4506.22024 	 2131.94622 	  407.89344 	 
5713.51348 	 12659.17112 	    0.00000 	 30684.71101 	 4281.19605 	 18174.50708 	 6606.45191 	 5499.92951 	 17832.04553 	 5426.49451 	 3281.81860 	 27261.60408 	 2291.98160 	 30027.81414 	 5900.88769 	 4406.53760 	 228316.82586 	 37614.07487 	 2199.67437 	 11597.57139 	 8030.23139 	 18730.30553 	 3509.76647 	 9366.28223 	 60990.78818 	 
16225.73142 	 11012.42814 	 35377.60388 	    0.00000 	 21793.32188 	 40177.05562 	 19725.46563 	 26164.20740 	 54771.74261 	 13496.28365 	 31215.47612 	 54171.67826 	 16377.89104 	 49987.58711 	 56916.89052 	 16879.42616 	 137181.47709 	 40721.19398 	 13163.83407 	 25132.03134 	 30285.65214 	 45680.51493 	 11029.36007 	 22514.91127 	 42421.49003 	 
3533.78109 	 2966.95465 	 6199.02987 	 15158.07802 	    0.00000 	 6401.38102 	 2748.72956 	 2000.51911 	 6425.11024 	 1536.48735 	 2050.50659 	 4230.75539 	 2260.19952 	 6530.90855 	 1777.54080 	 1498.52012 	 19279.42177 	 7817.76107 	  891.54566 	 4293.66720 	 7070.90875 	 3137.91765 	  931.79865 	 5540.80286 	 5030.75671 	 
5330.91621 	 4994.95492 	 14865.85330 	 41912.51058 	 8224.97111 	    0.00000 	 6428.93050 	 3956.25156 	 13494.53598 	 2518.55022 	 1955.28714 	 16326.08109 	 1807.64582 	 16032.95911 	 3962.63589 	 1975.56713 	 65258.32587 	 13973.85703 	 3799.08025 	 5493.44480 	 8096.31920 	 5379.39729 	 2325.01130 	 7870.78063 	 17829.07373 	 
12133.30983 	 3634.67942 	 6592.28511 	 23317.06515 	 3915.61989 	 6194.85552 	    0.00000 	 8430.00141 	 8090.91517 	 34365.66739 	 10141.61664 	 28900.89050 	 4889.28563 	 6280.67787 	 4529.81932 	 14794.85171 	 38727.11049 	 9377.06914 	 4075.49825 	 3333.98438 	 7244.52099 	 12391.91556 	 5275.56980 	 3510.52016 	 8940.82516 	 
2903.47732 	 3051.09717 	 4284.27760 	 19816.95741 	 1662.66808 	 3578.46008 	 8871.67666 	    0.00000 	 4369.55083 	 8811.78069 	 7823.34991 	 29350.52526 	 1614.33223 	 4270.59218 	 9491.83863 	 1891.06167 	 28849.59958 	 4322.93344 	 11106.84314 	 3260.04154 	 7245.60123 	 18457.30177 	 9347.79096 	 1640.15482 	 6327.53468 	 
6771.74358 	 5650.90312 	 17550.40009 	 48451.18390 	 9321.79035 	 12675.03943 	 6182.84329 	 6840.10777 	    0.00000 	 5261.28595 	 4826.41421 	 26761.84940 	 6180.52977 	 21720.36421 	 9677.95508 	 3250.21123 	 94389.98745 	 22082.03390 	 4635.59888 	 11669.62322 	 9176.58975 	 12043.35462 	 5006.69246 	 10846.31304 	 14025.77054 	 
6746.69609 	 4649.80269 	 4700.88326 	 15829.07191 	 1847.58257 	 3330.21659 	 29304.66987 	 7952.98062 	 4974.75126 	    0.00000 	 4430.41667 	 13964.86213 	 4226.54917 	 9628.59310 	 3326.81776 	 18155.65447 	 23497.85643 	 5292.28417 	 1782.62136 	 2642.64153 	 6137.50105 	 8933.37359 	 2233.34523 	 2773.72207 	 6838.21710 	 
2764.05801 	 2119.27629 	 2365.31879 	 33801.73781 	 2451.30515 	 2083.90451 	 11741.91541 	 8908.86166 	 6516.63070 	 3328.65602 	    0.00000 	 14296.77370 	 3752.16202 	 4685.14500 	 8382.15191 	 3283.60740 	 12510.95795 	 3977.15052 	 3765.32493 	 1631.16672 	 20515.96850 	 10214.71818 	 3450.59529 	 1247.64111 	 7308.51643 	 
6928.17302 	 9037.74907 	 21124.16743 	 64565.72947 	 5189.31357 	 15950.08081 	 24143.60830 	 29154.34499 	 26671.91402 	 22172.22434 	 17516.78912 	    0.00000 	 5033.23842 	 14695.96855 	 13059.24568 	 8837.50935 	 84625.61867 	 17456.76682 	 35529.09346 	 8325.45201 	 12026.87083 	 82071.63049 	 36953.24325 	 3103.34438 	 22323.13681 	 
8222.90061 	 1457.04580 	 1721.53866 	 14378.97412 	 2119.91695 	 2329.28852 	 7881.29528 	 2158.85575 	 4301.97802 	 2964.39909 	 2878.33066 	 5776.92276 	    0.00000 	 3427.94634 	 1229.78036 	 7590.78527 	 9312.02178 	 3070.49422 	  829.14897 	  983.63490 	 5826.83336 	 3589.99308 	 1000.19896 	 1104.94417 	 4622.54381 	 
16843.39322 	 5981.68850 	 25543.49245 	 34469.26479 	 6348.93711 	 16436.65057 	 7262.06443 	 4296.11462 	 24763.07258 	 6028.88506 	 3900.17930 	 10718.27768 	 4100.80079 	    0.00000 	 5122.35058 	 10594.60050 	 169553.42415 	 29687.52839 	  940.91725 	 18319.77302 	 8782.82026 	 9908.52356 	 2048.76833 	 18663.77225 	 19885.88810 	 
2611.38325 	  969.47549 	 7513.07166 	 55694.06147 	 2013.55340 	 3571.00832 	 5598.20472 	 7866.16787 	 10792.51067 	 2571.01742 	 5799.17537 	 19980.90704 	 1460.15055 	 4605.66355 	    0.00000 	 1731.41937 	 18936.63052 	 8021.25952 	 4758.48627 	 2079.77545 	 8380.45993 	 16071.96812 	 6438.46220 	 3901.14460 	 12572.97147 	 
12408.21125 	 3692.23757 	 3176.87036 	 15611.04874 	 1406.62719 	 2561.70889 	 15529.79017 	 2615.95595 	 4276.26857 	 19906.54810 	 3139.79116 	 8274.50567 	 6396.41818 	 12244.09888 	 2046.24990 	    0.00000 	 16329.14471 	 5047.75879 	 1119.83340 	 1857.06339 	 5994.44673 	 5822.98512 	 2539.52544 	 3513.48625 	 6521.53578 	 
56476.23015 	 19268.93844 	 253049.80802 	 187300.19008 	 30003.10335 	 67996.06447 	 35324.95618 	 29282.74172 	 97736.80841 	 35772.58538 	 14036.34089 	 115198.04810 	 8344.92001 	 163967.20667 	 26799.87646 	 27110.84555 	    0.00000 	 9351.09063 	 13808.77835 	 68989.30217 	 37078.18425 	 67754.15812 	 12701.93039 	 22978.76019 	 156821.71530 	 
14693.78436 	 5047.68112 	 34985.23641 	 36835.49606 	 5322.43825 	 19176.53248 	 9433.94958 	 3805.48117 	 18294.65502 	 7375.19535 	 5028.04699 	 22860.31367 	 3109.04937 	 26894.58873 	 7217.88647 	 5282.58233 	 7705.99520 	    0.00000 	 2394.16844 	 34136.18904 	 6692.59764 	 12003.28498 	 4832.22736 	 6568.06783 	 9837.79381 	 
1527.97026 	  573.57122 	 2364.17465 	 16724.60354 	 1312.16443 	 3007.99884 	 6933.41273 	 10965.89844 	 5251.32947 	 2302.83154 	 3879.16463 	 24127.55966 	  596.11926 	 1450.59612 	 6298.50744 	 1063.85135 	 12185.80719 	 2052.17454 	    0.00000 	 1441.39414 	 4383.60591 	 10167.81936 	 3634.88139 	  666.46551 	 3606.98698 	 
5772.05333 	 8349.91218 	 11052.22632 	 32282.40564 	 3239.32060 	 4811.93447 	 2542.01361 	 1993.33836 	 10086.09912 	 2903.46365 	 2529.61872 	 11165.91082 	 1013.66015 	 12058.76604 	 2716.33525 	 1674.04595 	 58157.07003 	 38845.21446 	 2151.80503 	    0.00000 	 4722.75656 	 6450.87200 	 2001.59083 	 5491.98563 	 15045.42280 	 
7369.13996 	 3995.59074 	 8998.69133 	 49608.59191 	 4656.98361 	 8234.19360 	 7613.47218 	 6897.85181 	 13620.12964 	 5453.26641 	 16592.40631 	 13272.55693 	 6371.94441 	 9875.23021 	 9093.73102 	 5339.09831 	 36986.08587 	 7922.20901 	 4361.29873 	 3822.01168 	    0.00000 	 9682.24385 	 3190.28683 	 4596.22421 	 8897.92422 	 
5041.18270 	 6833.64048 	 15237.10370 	 25694.49755 	 4015.24126 	 5329.50878 	 13234.32252 	 21516.74231 	 10872.82044 	 9167.08495 	 9671.11411 	 114350.79646 	 2249.63178 	 7222.04376 	 11381.69892 	 7585.78679 	 62735.60691 	 12316.76858 	 10679.78248 	 5459.74381 	 10406.01317 	    0.00000 	 41038.10007 	 2558.33569 	 24562.69612 	 
2889.76030 	 2893.42026 	 4571.68462 	 12360.52794 	 1093.39491 	 2625.89029 	 5896.85390 	 8865.16666 	 3270.98907 	 2551.23007 	 3790.60619 	 27674.41974 	 1244.68132 	 1572.04467 	 5257.27956 	 1436.95028 	 13045.65646 	 3945.81867 	 3602.40803 	 1662.09342 	 4026.50427 	 25561.04593 	    0.00000 	 1074.32594 	 3527.09984 	 
9279.68212 	 1452.89590 	 7707.67197 	 16991.56539 	 4470.99550 	 6487.26000 	 2051.85236 	 1471.57203 	 9427.69399 	 2820.23533 	 2189.86380 	 3999.18322 	 1321.31881 	 20805.52717 	 3808.14948 	 3339.22671 	 32266.09019 	 7031.52986 	  534.12062 	 4934.32529 	 3974.45825 	 2015.00971 	 1189.77632 	    0.00000 	 4495.47070 	 
16693.89563 	  682.46182 	 38475.67347 	 38980.94465 	 7716.96967 	 16460.82532 	 13733.41722 	 7068.21061 	 20646.04380 	 5283.00199 	 8887.09015 	 20991.38844 	 4093.97261 	 25591.28347 	 11126.66928 	 3659.18152 	 185757.93477 	 10365.67309 	 4437.66497 	 9865.97731 	 11689.07556 	 17020.54220 	 6410.27409 	 6564.50701 	    0.00000 	 
   0.00000 	  624.81557 	 1076.71663 	  637.58748 	  297.89646 	  634.01850 	  537.70006 	 1329.54410 	  663.89034 	  798.18392 	  545.30495 	 1536.91810 	  390.42243 	  520.32954 	 1177.61222 	  425.18581 	  591.47232 	  498.45662 	 1469.40686 	  378.13151 	  405.88288 	 2675.03792 	 2801.39051 	  476.03029 	  394.62588 	 
 556.15890 	    0.00000 	  352.32776 	  706.60965 	  406.84324 	  250.05357 	  973.60841 	 1154.87082 	  310.85039 	 1107.47351 	 1093.27375 	 2335.86702 	  928.37046 	 1144.27756 	  689.96674 	  725.58544 	  150.31318 	  102.10593 	 1597.99313 	  187.65209 	  698.08728 	 1859.06860 	 2509.12886 	  847.93430 	   36.97591 	 
1062.12639 	  328.63709 	    0.00000 	  983.06304 	  894.00307 	  705.08667 	 1309.75894 	 2178.34840 	  435.93976 	 2053.03526 	 1594.63652 	 1865.35559 	 1409.48652 	 1106.58725 	  969.80347 	 1050.86197 	  216.49290 	  277.49300 	 1775.39905 	  440.75349 	  899.70217 	 2737.75877 	 2145.84015 	 1456.10184 	  293.71767 	 
 762.57431 	  545.53734 	  932.66819 	    0.00000 	  235.03089 	  365.83343 	  995.36514 	 1134.42192 	  240.26866 	  734.96153 	  347.19943 	 1354.10749 	  439.85096 	 1522.19396 	  335.78144 	  747.24341 	  662.75494 	  855.46617 	 1681.00153 	  424.58864 	  298.00809 	 1923.56209 	 1886.46809 	 1049.15727 	  479.11926 	 
 347.89006 	  365.32725 	  715.38639 	  300.73697 	    0.00000 	  244.61197 	 1014.25919 	  821.02754 	  220.86834 	  996.70277 	  465.55185 	 2332.84994 	  415.55222 	 1142.92647 	  591.59801 	  493.18598 	  442.28788 	  593.64281 	 1271.26436 	  216.46355 	  231.12407 	 2162.83661 	 1857.69393 	  932.43577 	  415.82983 	 
 579.73059 	  301.28750 	  708.50474 	  283.33918 	  285.54759 	    0.00000 	 1227.80521 	 1148.98465 	  103.48484 	 1042.50053 	  696.88770 	 1638.61636 	  554.14837 	 1177.44262 	  780.64495 	  696.99979 	  423.03296 	  360.02506 	 1266.23348 	  119.27847 	  420.00396 	 2666.63902 	 1742.18899 	 1079.43703 	  251.78225 	 
 503.25232 	 1117.99993 	 1608.27370 	  589.29498 	  685.93317 	  948.33441 	    0.00000 	  733.86078 	 1075.62415 	  212.37136 	  452.01580 	 1170.78066 	  291.03602 	 1215.90503 	  789.80822 	  485.80369 	 1060.08589 	 1548.75138 	  978.06751 	  808.83833 	  420.55397 	 1634.91367 	 1800.94752 	  969.80712 	 1412.97313 	 
1422.63573 	 1339.29696 	 1772.03956 	 1050.44710 	 1313.71398 	 1093.45788 	  670.96824 	    0.00000 	 1222.97196 	  681.61098 	  610.63968 	  680.86174 	  770.05047 	 1354.11874 	  736.92248 	  834.18219 	 1841.41283 	 1399.99354 	  499.85324 	 1119.28572 	  611.84739 	  846.69920 	 1237.71312 	 1213.36429 	 1763.67797 	 
 708.67261 	  329.05951 	  758.53462 	  240.00298 	  226.52139 	   87.61692 	  744.53167 	 1443.72813 	    0.00000 	 1327.43959 	  752.07320 	 1604.45075 	  710.66881 	 1093.90071 	  596.62174 	 1198.33852 	  527.57684 	  345.32033 	 1379.36460 	  166.64799 	  453.48656 	 2046.79983 	 2220.55371 	  805.30834 	  283.19466 	 
 755.08051 	 1110.20787 	 1776.67110 	  755.03894 	 1110.66621 	 1213.13278 	  217.54603 	 1008.36166 	  951.84531 	    0.00000 	  790.53394 	 1428.04314 	  515.26023 	 1068.92137 	 1232.10408 	  244.84021 	 1807.66709 	 1245.87899 	 1087.13746 	  958.59627 	  711.76577 	 1489.56436 	 1790.94327 	  583.87368 	  936.04720 	 
 789.06092 	 1055.69354 	 1457.85843 	  366.03305 	  573.98857 	  594.80367 	  551.25448 	  463.42038 	  562.74485 	  517.50866 	    0.00000 	 1041.75142 	  277.58741 	  880.99845 	  481.11874 	  605.40459 	 1350.17018 	  943.73520 	  743.44200 	  829.36914 	  278.49267 	 1095.72134 	 1580.62633 	  818.27633 	 1157.70709 	 
2415.32684 	 2720.41793 	 2898.85130 	 2115.72934 	 1395.32322 	 2057.70228 	 1385.94401 	  819.56434 	 2506.08744 	 1204.53909 	 1428.80425 	    0.00000 	 1293.14439 	 2446.66966 	 1466.15557 	 1497.52629 	 1719.48916 	 1918.92450 	  296.80477 	 2140.05723 	 1637.71162 	  275.02758 	  962.10112 	 1990.51288 	 2284.49738 	 
 412.66005 	 1021.64709 	 1057.55369 	  581.84792 	  356.26410 	  662.97665 	  531.80492 	 1139.59053 	  543.82684 	  525.39112 	  490.89074 	 1917.95347 	    0.00000 	 1076.15677 	  561.51359 	  380.93512 	 1191.08221 	  668.31005 	 1270.59610 	  688.88530 	  273.39519 	 2009.07723 	 1509.86319 	  541.22345 	  532.97279 	 
 594.50640 	  682.34885 	 1220.24565 	 1237.98541 	 1180.04289 	  945.83042 	  885.83841 	 2124.38183 	 1409.22119 	  675.17435 	  901.36021 	 2882.91695 	  669.29341 	    0.00000 	 1788.16186 	  702.97561 	  922.11992 	 1011.00373 	 1866.81751 	  780.15001 	  813.97912 	 2729.79866 	 3031.89164 	  192.59840 	  933.61329 	 
1071.70187 	  952.90259 	 1391.28219 	  341.59497 	  512.70933 	  473.00662 	  780.11486 	  707.57230 	  656.57246 	 1201.05742 	  309.74342 	 1958.71265 	  753.45794 	 1584.38138 	    0.00000 	 1076.79846 	 1206.23209 	  974.48248 	 1239.17281 	  577.32632 	  379.42020 	 1839.07210 	 1539.41864 	 1500.32137 	  889.85139 	 
 339.13889 	  935.69533 	 1132.63809 	 1055.90708 	  842.01790 	  998.00692 	  514.00764 	 1045.36765 	  903.09225 	  264.51795 	  548.52546 	 1401.84559 	  317.38484 	  644.69894 	 1164.99004 	    0.00000 	 1528.43173 	  886.32874 	 1611.74760 	 1076.93763 	  717.78456 	 1585.57229 	 2160.87676 	  446.56256 	 1020.51595 	 
 961.65905 	  160.44066 	  156.06946 	  727.56129 	  609.19662 	  479.37732 	 1647.25588 	 1826.95460 	  514.36727 	 1262.29249 	 1285.37569 	 2993.41641 	 1115.46862 	 1037.61541 	 1244.93352 	  878.44726 	    0.00000 	  106.59621 	 2158.62651 	  303.81205 	  642.79415 	 2919.34870 	 1714.90163 	  763.29640 	  178.76790 	 
 720.04913 	  106.98921 	  247.32147 	  636.17799 	  505.68325 	  335.15309 	 1551.57636 	 1802.77566 	  535.85476 	 1581.87926 	 1254.79884 	 1788.02067 	  830.34491 	 1239.76028 	  985.50047 	  998.11118 	   80.47386 	    0.00000 	 2077.37861 	  342.82451 	  901.04934 	 1946.04573 	 1989.10143 	  863.29988 	  142.32340 	 
1674.57586 	 2282.31249 	 2267.34128 	 1262.92316 	 1349.57682 	 2222.36039 	  771.00386 	  650.36819 	 1851.62276 	  904.04760 	  968.83571 	  293.43551 	  931.05141 	 2527.72967 	 1089.95279 	 1346.64392 	 1573.27434 	 2028.21949 	    0.00000 	 1721.89973 	 1543.96094 	  829.85015 	 1302.94810 	 2024.08418 	 2096.90803 	 
 543.50589 	  150.18102 	  623.96642 	  345.06510 	  219.86018 	  126.93324 	 1207.38180 	 1191.71750 	  187.62488 	 1428.14298 	  864.20689 	 2248.31960 	  545.93057 	  792.60500 	  853.33682 	  873.98065 	  393.98861 	  259.94588 	 1894.35220 	    0.00000 	  505.50537 	 2635.87555 	 2038.53188 	  886.87121 	  184.15883 	 
 427.99718 	  855.73311 	  853.96982 	  327.63230 	  234.19352 	  579.85841 	  698.13874 	  596.66402 	  470.44246 	  525.25035 	  228.79342 	 1234.33830 	  194.81606 	  892.63492 	  387.78478 	  677.75648 	  673.01261 	 1027.49812 	 1055.87710 	  399.32313 	    0.00000 	 1836.98134 	 1723.78942 	  697.84299 	  533.75078 	 
2753.29306 	 3050.55492 	 2578.07693 	 1906.90416 	 2219.49381 	 2549.01464 	 1456.73012 	  931.52558 	 1956.52632 	 1793.50605 	 1215.00761 	  417.72040 	 1454.95049 	 2503.32385 	 1881.93826 	 2484.78754 	 1930.63396 	 1884.01126 	  469.09290 	 2901.29288 	 1464.08271 	    0.00000 	  772.76177 	 1909.59459 	 2299.15302 	 
1918.55483 	 2732.76035 	 3053.63987 	 1697.69228 	 2370.55868 	 1472.74323 	 2013.74710 	 1326.77576 	 1558.10962 	 1606.08708 	 1686.80946 	 1253.98869 	 1912.61161 	 2796.81926 	 1361.40665 	 1505.73285 	 2565.83828 	 1691.77310 	  910.43960 	 2736.05432 	 1652.56059 	  579.11098 	    0.00000 	 1782.31446 	 2269.56691 	 
 483.02776 	  951.92116 	 1470.36273 	 1063.16233 	  732.31706 	 1068.32873 	 1182.20011 	 1107.76945 	 1224.37699 	  623.21339 	 1292.64998 	 2301.41850 	  844.14586 	  160.93130 	 1159.70586 	  411.76066 	  946.09749 	  727.51144 	 1967.07767 	  830.35709 	  630.08713 	 3106.51980 	 3181.82749 	    0.00000 	 1010.81651 	 
 637.88117 	   38.13710 	  372.74774 	  676.65447 	  357.40342 	  220.82518 	 1081.83617 	 1375.51104 	  362.71322 	 1177.81411 	  991.51430 	 2777.30216 	  595.55174 	  819.17924 	  740.44624 	  803.31113 	  231.08423 	  164.20322 	 1523.96517 	  240.92871 	  811.45090 	 2247.40415 	 2818.70333 	  726.97717 	    0.00000 	 
   0.00000 	 7853.34223 	 7416.62681 	 16672.85734 	 5537.61447 	 4607.41022 	 13120.68000 	 1621.75283 	 8255.57913 	 5360.28572 	 3426.51045 	 10138.74074 	 11696.28999 	 16599.32334 	 3575.32973 	 10488.52354 	 49581.85074 	 14558.85002 	 1580.63181 	 5476.81770 	 6929.10988 	 7347.79910 	 3503.35738 	 12559.36053 	 19751.22456 	 
4634.37779 	    0.00000 	 14614.91629 	 15160.38147 	 2556.65554 	 6263.08829 	 3083.34079 	 3097.24981 	 5334.62257 	 4135.75013 	 2660.58696 	 8521.11869 	  909.61193 	 6791.97991 	 1328.07139 	 4099.69632 	 21173.94946 	 7373.11492 	  821.29575 	 10290.39810 	 3579.24015 	 7827.98454 	 2619.87051 	 2302.56810 	  632.83005 	 
6734.68787 	 11229.79301 	    0.00000 	 29806.66527 	 7179.70823 	 15792.82825 	 7059.86754 	 5463.49400 	 12433.59252 	 5209.63111 	 2828.73743 	 28926.09847 	 2285.48488 	 22958.85685 	 8317.91693 	 3782.36233 	 207921.68999 	 44293.72122 	 3022.72981 	 13776.41205 	 6932.82658 	 19461.18026 	 5542.32300 	 6556.25711 	 44457.88411 	 
15815.71216 	 14418.28359 	 37754.23792 	    0.00000 	 14187.01620 	 32181.39229 	 17036.36096 	 25143.50051 	 58565.51036 	 11519.62059 	 20383.74006 	 70270.05453 	 15476.92366 	 44706.80473 	 54061.83336 	 13346.72718 	 141262.34224 	 47225.83109 	 12384.98944 	 25061.41743 	 46521.37175 	 30857.25910 	 17305.61566 	 18823.16568 	 32464.39165 	 
4492.40032 	 2505.37883 	 5802.72995 	 17457.77141 	    0.00000 	 7221.93672 	 2791.05914 	 1542.49469 	 7924.74938 	 1669.14702 	 2649.59507 	 4522.12716 	 1710.24421 	 7958.85994 	 1516.08037 	 1304.49656 	 29519.67270 	 7310.02891 	 1011.58085 	 4962.85849 	 5425.16090 	 4007.79917 	 1376.62999 	 3669.56929 	 5848.34072 	 
5895.86632 	 6756.81317 	 16951.04688 	 25837.51653 	 7269.01364 	    0.00000 	 4655.92391 	 3965.44544 	 13311.97595 	 2600.63667 	 3035.94301 	 12565.56868 	 2512.66687 	 13841.15977 	 4689.48699 	 2479.96816 	 68015.49665 	 13498.78730 	 3446.95027 	 4485.46940 	 8330.04760 	 6195.73001 	 2482.53229 	 7484.15411 	 18010.84838 	 
12976.04115 	 4904.51109 	 4815.99670 	 22957.89993 	 3932.03027 	 3962.97756 	    0.00000 	 10296.84665 	 6697.50772 	 42038.67247 	 9292.01004 	 22052.30447 	 6308.25202 	 7130.75933 	 4681.81088 	 11121.27654 	 35510.80686 	 8415.64677 	 5599.27899 	 4015.19009 	 7887.16493 	 10571.88479 	 5263.11828 	 2544.51227 	 10186.39851 	 
2313.30384 	 3045.85893 	 6828.41075 	 22872.13080 	 1627.31264 	 2573.26406 	 13684.12345 	    0.00000 	 6318.78622 	 5077.25398 	 9056.00046 	 31629.26857 	 1587.50604 	 2547.77628 	 8406.49248 	 2681.76353 	 25501.62799 	 5517.18205 	 10187.02029 	 2134.33368 	 7511.30491 	 16476.40132 	 6719.96687 	 1384.52610 	 8753.98947 	 
10607.91370 	 5598.65439 	 13913.40469 	 53751.17571 	 7189.89947 	 10931.85401 	 7084.11347 	 5591.26297 	    0.00000 	 4355.73020 	 6487.86174 	 22324.33566 	 5067.03104 	 22394.14656 	 11622.29954 	 4044.92005 	 100600.34665 	 21049.60875 	 3527.48702 	 13539.76530 	 11988.05009 	 15001.95739 	 4558.84124 	 10935.64689 	 23883.67892 	 
6218.52540 	 4596.45035 	 5260.76228 	 14835.31811 	 2137.15826 	 2998.77346 	 32803.88490 	 8207.36517 	 5473.51615 	    0.00000 	 5065.84751 	 21949.89102 	 3383.14496 	 10128.84236 	 3076.85623 	 21677.27067 	 31984.18630 	 7126.69470 	 2713.54578 	 2783.91286 	 7354.43906 	 8535.75086 	 3637.67730 	 2875.37107 	 5854.84193 	 
2872.48144 	 2934.15596 	 2619.35374 	 25471.37089 	 2261.53750 	 3054.11051 	 8073.43289 	 8370.90329 	 6256.89257 	 5406.35165 	    0.00000 	 16790.19813 	 2779.61542 	 3105.16569 	 9047.08454 	 2008.83523 	 20200.31332 	 5125.00559 	 2810.67466 	 1824.43859 	 11307.28633 	 6996.02383 	 3717.39406 	 2088.40181 	 7312.96411 	 
11025.70989 	 6856.37854 	 26376.94203 	 70343.21047 	 5823.58042 	 17441.37817 	 31534.01037 	 32128.64313 	 21733.41072 	 15230.85328 	 15063.27862 	    0.00000 	 6742.06841 	 19402.85258 	 17622.08977 	 8030.03559 	 90730.76025 	 20553.39002 	 27537.10549 	 12883.54418 	 14970.10956 	 88398.19337 	 28745.96948 	 3459.44071 	 18091.88048 	 
7256.85588 	 1520.60561 	 1896.64451 	 12426.20401 	 1854.60093 	 1705.86943 	 7348.23651 	 2314.87730 	 5731.07382 	 3563.27058 	 3070.70408 	 5714.09078 	    0.00000 	 3357.27504 	 1201.42180 	 5467.82306 	 8522.47866 	 3526.37610 	  945.86070 	 1128.56063 	 6029.08427 	 3469.33527 	  942.33718 	 1164.11691 	 5659.38515 	 
24298.63443 	 8791.72140 	 27258.67185 	 35499.78013 	 5446.24187 	 17108.12679 	 6255.81945 	 4157.98865 	 29683.76545 	 10179.76998 	 3206.59430 	 13650.99087 	 4019.66346 	    0.00000 	 6697.59890 	 10561.71604 	 120487.17859 	 19644.04449 	 1505.73191 	 17434.99333 	 6933.36640 	 9663.41979 	 1938.81856 	 24856.30580 	 25026.01520 	 
3829.79146 	 1175.92292 	 7682.27802 	 58166.59601 	 2002.13661 	 4968.14845 	 3344.94289 	 8884.13473 	 8776.31669 	 2847.29779 	 9651.00192 	 13522.48139 	 1392.77938 	 5659.98061 	    0.00000 	 1643.52678 	 25165.20096 	 6737.79040 	 4667.35720 	 1988.09835 	 10316.70471 	 12292.71981 	 6973.62094 	 2888.06088 	 14466.22928 	 
11439.16911 	 6239.40531 	 4409.29777 	 18155.03084 	 1203.56256 	 1746.62152 	 10839.23200 	 2622.11074 	 5161.61620 	 22025.52079 	 2702.67990 	 9787.48533 	 4858.22793 	 6835.75405 	 2678.84994 	    0.00000 	 16122.30103 	 4034.96646 	 1118.98927 	 1681.55905 	 5468.49810 	 7039.69265 	 1940.82097 	 3066.95218 	 5705.90996 	 
60406.74816 	 23634.86090 	 175523.14418 	 157534.05665 	 18586.05666 	 73597.14717 	 31899.21449 	 22373.53120 	 84777.93243 	 22951.22107 	 16140.07907 	 104732.79800 	 11276.92064 	 134189.31784 	 18958.96047 	 25341.40022 	    0.00000 	 6961.34513 	 11418.65965 	 79102.60338 	 38525.30805 	 91869.40421 	 16811.09839 	 33469.03054 	 171994.07357 	 
10966.23880 	 5448.81021 	 45848.09786 	 34769.12230 	 6398.65188 	 18490.38605 	 7313.51337 	 5120.18940 	 14064.16386 	 5027.49834 	 4365.55580 	 14771.18260 	 3020.94920 	 18740.70107 	 8491.59150 	 3646.98838 	 10159.42934 	    0.00000 	 3103.17910 	 36738.48906 	 7074.39717 	 14583.65889 	 4857.59270 	 7031.24546 	 11791.70110 	 
1608.99678 	  794.65649 	 2488.33430 	 16091.26663 	  949.95321 	 3721.77980 	 4568.70353 	 8796.65903 	 5113.42455 	 2318.26313 	 3765.15920 	 25856.16426 	  730.13257 	 1187.11684 	 5745.45951 	  637.65797 	 14089.09762 	 2413.21221 	    0.00000 	 1981.89969 	 3137.19643 	 13869.39215 	 2577.75305 	  517.63398 	 2515.92233 	 
6282.59770 	 8756.50394 	 11968.93188 	 20082.46477 	 5048.59109 	 5895.81559 	 2455.98465 	 2262.51972 	 9032.82740 	 3026.40922 	 1833.56860 	 11317.57457 	 1609.54525 	 17118.61970 	 2002.17839 	 1369.22957 	 71476.66998 	 37326.07894 	 2421.81950 	    0.00000 	 5147.50811 	 8427.60787 	 2201.05577 	 4574.08832 	 12607.78255 	 
4719.46169 	 3453.29694 	 8193.00717 	 47534.96447 	 4078.39744 	 9180.86502 	 11739.77762 	 5619.99830 	 15187.34759 	 7796.07076 	 13821.83165 	 17211.10586 	 4502.58518 	 8223.31276 	 7878.72285 	 3422.00515 	 40364.15016 	 6943.22417 	 4710.11734 	 4042.93583 	    0.00000 	 7208.41431 	 3893.88006 	 3520.82915 	 9675.42219 	 
8033.09004 	 9377.70285 	 18505.34173 	 27688.27532 	 2519.25072 	 5356.95730 	 13652.15776 	 22505.98846 	 12495.45078 	 10926.34046 	 7359.89533 	 73595.26410 	 2347.54472 	 6038.00922 	 16093.88969 	 7869.89372 	 69836.67445 	 15230.37614 	 12539.55143 	 7011.10905 	 10573.06914 	    0.00000 	 41608.37243 	 2039.04849 	 23967.74385 	 
2659.20119 	 3172.93012 	 5267.77148 	 14457.10401 	 1276.11630 	 1952.53968 	 6092.36898 	 7471.04712 	 4693.16382 	 2480.85506 	 3632.24207 	 33816.53848 	  948.31966 	 2209.84283 	 6656.17379 	 1744.27401 	 11517.87003 	 3244.58716 	 3594.58665 	 2634.71576 	 4178.51443 	 31957.42227 	    0.00000 	 1206.67243 	 4851.24100 	 
15300.39405 	 1679.18628 	 7716.45262 	 19410.26672 	 4045.71448 	 7673.89882 	 2368.42008 	 1002.86592 	 13089.61018 	 2374.80473 	 1578.83195 	 4157.54962 	 1283.33245 	 25079.16875 	 3791.57653 	 2576.15015 	 34000.38438 	 5086.25683 	  418.91753 	 5089.60787 	 3590.49619 	 2196.44290 	 1194.48152 	    0.00000 	 6027.57208 	 
14355.24586 	  509.55669 	 53810.96653 	 35158.40515 	 8770.24269 	 14264.84190 	 9825.30470 	 8241.29780 	 24051.20718 	 4502.92604 	 7895.16418 	 19735.99424 	 3822.92592 	 19767.83315 	 9271.12972 	 3581.38486 	 159654.21926 	 12256.04198 	 3248.18566 	 13991.60077 	 10508.25444 	 18527.33645 	 6132.95597 	 8071.14859 	    0.00000 	 
   0.00000 	  446.30835 	 1133.15822 	  597.26311 	  429.28326 	  696.47533 	  894.56867 	 1137.56773 	  597.04284 	  705.86143 	  696.22743 	 1494.87059 	  272.16637 	  584.53046 	  905.70144 	  363.16957 	  591.70144 	  508.64990 	 1591.39769 	  415.97285 	  453.00038 	 2117.56429 	 2634.65414 	  523.59177 	  406.65128 	 
 592.50585 	    0.00000 	  464.83297 	  681.72416 	  519.70505 	  322.44356 	 1413.28531 	 1555.79613 	  522.46544 	 1384.64417 	 1185.99577 	 2937.89712 	  823.50113 	 1007.45429 	 1044.48667 	  966.33515 	  216.84717 	   86.12151 	 1708.94040 	  211.93370 	  832.30192 	 2961.95276 	 2216.81896 	  883.47609 	   39.15377 	 
1061.54560 	  425.11772 	    0.00000 	  942.46944 	  898.91742 	  453.47881 	 1939.54516 	 1734.30884 	  735.28964 	 1453.62549 	 1121.15936 	 2466.51682 	 1057.58579 	 1392.05347 	 1201.96109 	 1283.92382 	  153.50670 	  253.82516 	 2516.51332 	  412.29586 	 1169.58940 	 2203.16333 	 2331.27803 	 1127.48433 	  346.93768 	 
 768.80934 	  695.47325 	  963.88994 	    0.00000 	  240.16696 	  399.40842 	  882.76300 	 1043.75763 	  186.24085 	  718.04944 	  499.77599 	 2104.92949 	  429.88111 	 1400.44593 	  332.01960 	  963.05919 	  773.01951 	  671.19571 	 1323.58549 	  385.66076 	  247.85494 	 1825.64525 	 1923.48723 	  719.44125 	  650.78564 	 
 346.12009 	  513.28630 	  671.94247 	  209.76777 	    0.00000 	  262.38394 	  748.62048 	 1336.18334 	  220.75345 	  845.42045 	  442.32914 	 1358.23139 	  460.04176 	 1088.88308 	  691.77557 	  493.28582 	  716.28877 	  406.75255 	 1750.90173 	  225.68134 	  392.29599 	 2037.06554 	 1724.01491 	  672.12323 	  415.36380 	 
 461.65284 	  302.24299 	  397.58457 	  265.08445 	  247.36158 	    0.00000 	  740.33448 	  981.96299 	   99.24820 	 1033.91787 	  607.23048 	 1451.85755 	  628.34009 	 1004.00817 	  526.10259 	 1062.83837 	  303.18135 	  373.73480 	 2207.73176 	  106.21300 	  519.32238 	 1618.32834 	 1483.32131 	 1098.32505 	  224.03128 	 
 768.48010 	 1053.37398 	 1353.19253 	  884.66274 	  621.32285 	 1042.25618 	    0.00000 	  593.77504 	  862.89923 	  219.71247 	  347.22697 	  971.88956 	  432.35562 	 1094.64123 	  977.24311 	  492.18858 	 1484.19118 	 1579.59329 	 1129.30410 	  775.07890 	  471.53271 	 1725.42743 	 1707.22040 	  864.92627 	 1135.48968 	 
1276.37773 	 1060.00975 	 1587.08318 	 1173.47878 	 1000.35187 	 1325.54708 	  746.96204 	    0.00000 	  931.90702 	 1020.70158 	  616.56938 	  721.60852 	  700.13019 	 1469.79682 	  680.78597 	 1348.60815 	 2048.59853 	 1999.13192 	  651.59325 	  995.96433 	  944.94307 	 1072.84293 	  938.26633 	 1555.89892 	 1607.64441 	 
 543.73249 	  299.38292 	  538.17974 	  264.04468 	  268.70990 	  109.12659 	 1035.68787 	 1295.57283 	    0.00000 	  786.19241 	  671.72446 	 2258.26961 	  462.30118 	  907.49632 	  435.82919 	  917.00082 	  432.82879 	  454.32304 	 1507.34976 	  241.96201 	  438.72063 	 2241.76756 	 2121.38480 	 1140.48965 	  492.02833 	 
 666.97424 	 1124.61986 	 1458.84717 	  996.05281 	  624.55153 	  937.98092 	  209.70701 	 1031.24539 	  999.56024 	    0.00000 	  519.13668 	 1092.13643 	  456.04877 	  936.23592 	  957.22655 	  383.45987 	 1396.49034 	 1729.62695 	 1045.92913 	  988.62950 	  515.89780 	 1779.23959 	 2072.13739 	  770.68561 	 1020.87625 	 
 672.48566 	  912.85099 	 1619.26613 	  519.02828 	  529.73378 	  533.97245 	  488.15627 	  559.26852 	  613.01526 	  624.44521 	    0.00000 	 1101.41918 	  358.08966 	 1112.42529 	  457.40847 	  592.20645 	 1174.73400 	  779.22149 	 1083.51580 	  837.94214 	  237.20078 	 1461.21949 	 1637.56224 	  759.47355 	 1191.72246 	 
1642.00693 	 1917.04860 	 3142.45994 	 1413.90989 	 2064.51673 	 1673.68621 	 1384.43339 	  916.42536 	 1506.42980 	 1035.51311 	 1375.45676 	    0.00000 	 1902.56992 	 2820.74567 	 1951.91569 	 1292.78623 	 2895.52583 	 1990.85487 	  325.78104 	 2178.13848 	 1219.16799 	  308.40089 	 1207.07445 	 1838.49895 	 2492.96729 	 
 235.31266 	  866.00147 	 1464.95308 	  463.99512 	  401.37129 	  588.02613 	  347.70580 	 1009.51138 	  719.51394 	  489.65572 	  334.29870 	 1200.90271 	    0.00000 	  671.55703 	  615.31024 	  261.51598 	 1172.61576 	  894.10329 	 1386.05790 	  685.35232 	  270.06641 	 1941.57981 	 2379.99549 	  799.78495 	  815.34560 	 
 673.28351 	  756.72409 	 1317.37470 	  915.74886 	 1205.03140 	  823.46922 	 1100.74696 	 1214.28848 	 1386.78144 	 1248.93025 	 1372.41372 	 1987.68023 	  608.92224 	    0.00000 	 1088.99895 	  695.89816 	 1325.45021 	 1207.30658 	 1470.43696 	  996.76442 	  831.86884 	 2338.36327 	 3072.69129 	  212.87886 	  781.96193 	 
 694.70210 	  823.70757 	 1423.73409 	  365.70688 	  699.93657 	  720.19410 	  601.05583 	  690.13390 	  637.56240 	  958.16154 	  350.75304 	 1661.50873 	  758.45188 	 1614.78685 	    0.00000 	 1323.85477 	  788.92202 	 1090.17525 	 1081.61369 	  858.79084 	  444.31121 	 1139.23611 	 1804.96291 	 1650.41697 	 1169.17980 	 
 313.47469 	 1092.15184 	 1327.83383 	 1007.08373 	  658.80679 	  700.68231 	  342.16278 	 1340.62601 	 1185.00541 	  331.50749 	  684.73417 	 1866.43534 	  298.84025 	  774.98646 	 1342.12703 	    0.00000 	 1344.12626 	 1075.35747 	 1480.41225 	 1011.13121 	  446.43843 	 2455.68655 	 2138.23432 	  636.27880 	  831.29698 	 
 854.19627 	  190.34197 	  244.83567 	  895.66981 	  673.93867 	  397.62424 	 1527.29754 	 1509.39781 	  432.12208 	 1512.05111 	 1013.30256 	 2361.51142 	  723.16788 	 1025.49085 	  812.88957 	  878.64516 	    0.00000 	   81.63309 	 1671.72919 	  385.90792 	  796.41638 	 2300.83555 	 2213.65862 	  879.01521 	  167.07848 	 
 537.04712 	  106.47056 	  256.85751 	  833.61588 	  566.22317 	  384.84699 	 1461.41528 	 1660.90996 	  477.95816 	 1306.60148 	 1331.54628 	 2246.40548 	  746.60418 	 1280.55885 	  857.47493 	 1308.26542 	  103.28279 	    0.00000 	 2606.13129 	  293.13031 	  583.51188 	 2248.24074 	 2520.63710 	 1182.24592 	  120.38040 	 
1889.55954 	 2092.11503 	 2356.12006 	 1217.05774 	 1424.55413 	 2043.17681 	  816.78431 	  559.85732 	 1572.63001 	  864.82191 	 1087.31379 	  393.16753 	 1403.40577 	 2137.13482 	 1534.33900 	 1607.41520 	 1782.61697 	 2639.46769 	    0.00000 	 2203.21084 	 1145.91087 	  849.30881 	 1055.23649 	 2177.60402 	 2446.42501 	 
 386.46906 	  203.50856 	  387.56956 	  458.69507 	  304.14257 	   91.12520 	  865.15396 	 1017.95535 	  176.39201 	 1202.06442 	  649.81963 	 1994.36839 	  537.09846 	 1067.81215 	  925.05766 	  936.72840 	  280.68618 	  236.94119 	 1424.31345 	    0.00000 	  589.53018 	 2065.76481 	 1755.19542 	  947.31026 	  148.34590 	 
 520.00258 	  763.98815 	 1215.81748 	  230.09287 	  384.03180 	  550.99302 	  667.35931 	  845.78656 	  499.97142 	  585.27684 	  191.73047 	 1774.57336 	  325.22811 	  790.01757 	  558.48210 	  639.67994 	  902.61379 	  754.09497 	 1471.55011 	  663.14414 	    0.00000 	 2228.02231 	 1246.15986 	  833.53317 	  737.20771 	 
1830.16747 	 2436.36201 	 3483.04347 	 1701.21321 	 1758.44032 	 2347.95913 	 1570.24336 	 1165.64717 	 1976.30691 	 1974.71019 	 1726.14179 	  443.49306 	 1996.19129 	 3127.15361 	 1579.64537 	 2149.18351 	 2920.83588 	 2784.28947 	  626.52661 	 2281.42995 	 2218.36842 	    0.00000 	  507.48656 	 1878.02068 	 1918.27692 	 
1649.11741 	 2034.84625 	 1953.64338 	 1876.13621 	 2446.78254 	 2095.18839 	 1364.02431 	  766.40677 	 2156.21024 	 1647.29720 	 1714.11056 	 1118.78484 	 2269.62215 	 2645.85450 	 1659.82423 	 2196.73962 	 1795.55130 	 2061.99358 	  858.48201 	 2310.18028 	 1449.35313 	  616.11825 	    0.00000 	 2033.33508 	 2302.50759 	 
 345.01704 	  894.61952 	 1359.46828 	 1048.17701 	  926.95132 	 1198.46902 	  989.19590 	 1364.02093 	  703.05731 	  983.73861 	 1133.70362 	 1981.20181 	  487.28189 	  221.36144 	 1106.17517 	  427.84195 	 1203.92858 	  910.18354 	 1281.69985 	  811.02052 	  990.29122 	 2787.04202 	 2380.45428 	    0.00000 	  776.50873 	 
 629.27511 	   30.70573 	  309.64800 	  479.35267 	  369.73477 	  259.49889 	 1136.17964 	 1689.02963 	  366.11159 	 1167.07409 	  764.22435 	 2448.37379 	  898.25168 	  716.15016 	 1192.48868 	 1052.45215 	  269.10803 	  104.06026 	 2369.11094 	  183.58805 	  703.75504 	 2062.84070 	 1705.01396 	  576.49319 	    0.00000 	 
   0.00000 	 7192.67472 	 9585.54888 	 24793.28368 	 3622.38455 	 5928.59160 	 9829.06637 	 2310.84214 	 7609.99618 	 6303.44894 	 4229.36631 	 11671.76196 	 8462.29844 	 17969.17366 	 4328.00435 	 7001.82008 	 59840.04492 	 11866.22488 	 1018.28954 	 6721.32721 	 6654.48659 	 7296.45006 	 2389.56547 	 8852.03331 	 15610.01881 	 
7820.86900 	    0.00000 	 10591.14864 	 17308.37683 	 4137.59010 	 6304.75321 	 4815.99935 	 2912.38835 	 8611.02834 	 3531.73365 	 2887.81702 	 6433.98355 	 1220.42786 	 6414.84054 	 1289.06012 	 4954.40339 	 22753.53434 	 5298.41262 	  974.12767 	 9137.54276 	 4750.68801 	 8207.47993 	 3520.50917 	 2033.73463 	  629.02069 	 
9604.76102 	 10432.74089 	    0.00000 	 25167.94277 	 6983.49626 	 17921.89235 	 5919.47092 	 5382.86146 	 15707.88712 	 4725.77835 	 2868.31724 	 20474.67274 	 1914.53706 	 26977.95532 	 8443.66651 	 2979.35921 	 220127.92444 	 36241.44573 	 3565.66719 	 12103.79955 	 6806.60679 	 21148.40194 	 3393.75078 	 9561.26818 	 54489.28250 	 
22660.71556 	 14436.45781 	 35320.36988 	    0.00000 	 18972.81950 	 36376.99846 	 27293.35020 	 27200.64657 	 51481.83846 	 14696.91898 	 36189.24757 	 83189.82026 	 10151.36083 	 53881.84409 	 55572.84880 	 11990.26344 	 132414.88737 	 43411.28061 	 16998.48551 	 28550.00364 	 30684.46971 	 39357.45538 	 11957.27006 	 13439.29269 	 35111.95304 	 
5933.45485 	 3473.22184 	 4270.42639 	 22151.74091 	    0.00000 	 9129.16816 	 2353.74475 	 1715.93152 	 5601.98878 	 2382.51318 	 2390.80759 	 7060.57256 	 1821.80520 	 5707.24975 	 1725.14977 	 1241.62223 	 30857.42374 	 6297.99604 	 1133.50403 	 3930.43062 	 3892.41198 	 3231.86074 	 1083.51574 	 4391.43960 	 9037.29383 	 
5589.87118 	 4155.21113 	 15175.30626 	 45262.43901 	 7742.06383 	    0.00000 	 5158.53763 	 2891.33671 	 10490.21229 	 4357.46471 	 2153.54241 	 12696.00044 	 1622.49239 	 18062.91488 	 4791.64267 	 2514.26289 	 43532.76343 	 11034.56119 	 2691.45829 	 4608.69646 	 8317.38093 	 7026.05887 	 1611.86676 	 5200.39593 	 12309.21756 	 
13066.49784 	 4483.69606 	 5842.07484 	 15504.38087 	 2969.34988 	 4870.99769 	    0.00000 	 14153.86851 	 5541.12965 	 35197.99393 	 7323.85594 	 30893.00619 	 4967.15374 	 8972.40615 	 4928.21750 	 9932.31435 	 29449.42701 	 9120.98826 	 4557.03251 	 2645.23470 	 10551.08992 	 10453.17915 	 3711.35909 	 2637.15684 	 8017.82965 	 
2085.66663 	 3285.28023 	 5091.04053 	 32716.38899 	 1392.35468 	 4556.77017 	 13991.94759 	    0.00000 	 6325.73344 	 6696.72185 	 12842.36214 	 26990.79595 	 2303.24376 	 2733.22078 	 8246.41515 	 2673.92360 	 16596.85513 	 5822.04740 	 7232.98497 	 2655.87355 	 7497.89833 	 21219.87199 	 7624.38489 	 1197.87947 	 9917.11216 	 
8778.34364 	 7716.90769 	 21360.33275 	 37495.96761 	 6844.47073 	 7514.08298 	 5783.19294 	 5515.36269 	    0.00000 	 5356.30681 	 6542.52142 	 21613.13260 	 5903.20028 	 27249.13071 	 8408.71805 	 4284.43698 	 83382.31720 	 17746.85194 	 4255.72722 	 11815.37026 	 13547.73902 	 16554.83126 	 5067.97911 	 12110.35210 	 24596.13283 	 
6935.23819 	 4093.75505 	 5442.04540 	 12832.85610 	 1737.72859 	 3469.35842 	 31044.59890 	 7574.15738 	 4154.10255 	    0.00000 	 5417.95228 	 18077.06614 	 4005.48434 	 7808.90041 	 2405.67387 	 14944.49568 	 36272.54946 	 7123.08361 	 1606.55839 	 4047.89660 	 6840.80627 	 6360.02011 	 3279.20017 	 2006.80358 	 6960.64747 	 
2799.41442 	 2768.79266 	 3299.35416 	 20803.31217 	 1666.44121 	 2351.56617 	 9360.11794 	 8136.60838 	 5062.38369 	 5663.24272 	    0.00000 	 14805.55433 	 3373.23654 	 2932.20570 	 9539.98882 	 2659.74833 	 18759.30760 	 5703.66606 	 3957.54756 	 2862.12997 	 19947.62174 	 9875.48396 	 3363.63926 	 2046.40340 	 6332.94601 	 
10544.48888 	 7882.21349 	 20607.02216 	 48312.79317 	 4542.88951 	 16006.24720 	 25640.37627 	 32214.82448 	 25163.30142 	 15414.07048 	 16668.76239 	    0.00000 	 6059.80752 	 12751.53016 	 15296.73207 	 10038.69033 	 126692.31104 	 18733.11037 	 28353.55332 	 11036.81277 	 12668.28792 	 110571.84176 	 27733.93713 	 3721.86984 	 23769.51791 	 
10496.46638 	 1381.92978 	 1779.02255 	 16729.92397 	 1548.67696 	 1725.55067 	 7873.04441 	 1283.41108 	 4208.82825 	 3864.76207 	 3355.03355 	 4786.81909 	    0.00000 	 2731.35892 	 1019.65722 	 6265.37992 	 10835.56002 	 2178.73794 	  743.23974 	 1431.05527 	 7511.45248 	 2483.86396 	  911.01306 	 1508.01627 	 5295.47405 	 
25120.49475 	 6469.17627 	 21604.64871 	 31643.12336 	 8473.09663 	 16052.51650 	 6713.28113 	 4439.70549 	 23539.69512 	 8410.62850 	 3500.00401 	 14527.14751 	 2377.24285 	    0.00000 	 6265.71087 	 11423.41689 	 219961.35136 	 19981.93919 	 1400.64425 	 15137.30192 	 8381.91344 	 9653.95208 	 2297.82641 	 19396.24039 	 17441.41242 	 
3786.61388 	 1372.99293 	 8092.56795 	 40283.53078 	 1659.04455 	 5762.59183 	 4529.58873 	 7510.34184 	 12416.99351 	 2886.34484 	 8755.23908 	 16138.87851 	 1216.27158 	 4704.25609 	    0.00000 	 2607.49031 	 34153.60919 	 8383.57762 	 3775.50457 	 3197.87624 	 8274.23467 	 14935.78281 	 7184.01770 	 3021.04641 	 14751.82885 	 
11447.98284 	 3711.21149 	 4016.52991 	 17420.84808 	 1432.15607 	 1624.02542 	 13120.99362 	 2921.74296 	 4556.84038 	 18024.66111 	 2711.53064 	 7369.94149 	 7411.39264 	 9485.12462 	 2747.20879 	    0.00000 	 25522.11490 	 3489.86610 	  928.85069 	 2232.50409 	 4506.05815 	 5379.44842 	 1662.25820 	 3003.81098 	 6261.54143 	 
49565.28861 	 19453.12643 	 168432.81123 	 220818.96145 	 28655.61591 	 47966.31599 	 25515.72343 	 21139.62001 	 100607.32223 	 27447.02278 	 17724.24254 	 133824.48641 	 12487.87626 	 194151.45306 	 25360.76227 	 27427.52968 	    0.00000 	 6732.88125 	 10354.86934 	 57031.58066 	 30361.09659 	 85353.09599 	 12242.15950 	 35789.91356 	 128932.36812 	 
12670.21550 	 5458.42063 	 48797.86712 	 37347.83102 	 5018.03567 	 12920.48410 	 6894.39399 	 4792.30681 	 21310.96978 	 4653.02544 	 3553.77898 	 25692.77854 	 3294.65670 	 26664.88946 	 7688.52329 	 5580.43736 	 9941.17221 	    0.00000 	 2924.40032 	 27880.83950 	 6318.61063 	 11748.31660 	 5798.86555 	 5881.91264 	 12961.51963 	 
1403.36899 	  649.49881 	 2372.24767 	 11636.73222 	 1255.47919 	 2604.30655 	 6940.66014 	 7573.77512 	 4194.16596 	 2244.98242 	 3001.79190 	 23475.41231 	  985.39811 	 1280.67605 	 5090.62992 	 1057.64666 	 12034.15060 	 2381.38682 	    0.00000 	 2271.96189 	 2800.16857 	 11533.07705 	 2554.41886 	  664.41247 	 4192.37013 	 
6357.91916 	 7516.42114 	 11600.32906 	 27873.31617 	 3638.05597 	 4571.20890 	 3725.80868 	 3277.50798 	 9866.15862 	 3948.37224 	 2903.23293 	 12936.78968 	 1429.36589 	 18492.97956 	 3202.78241 	 2031.98959 	 54218.22082 	 32127.01478 	 1979.62279 	    0.00000 	 6319.43614 	 5766.52050 	 1993.78396 	 4486.02148 	 12895.83002 	 
6609.13526 	 3872.41595 	 5673.05757 	 48218.54363 	 5141.70604 	 5987.80537 	 9570.83840 	 9273.33156 	 14734.62346 	 7170.07870 	 14456.32173 	 19540.14435 	 6777.88370 	 10516.61285 	 8335.67563 	 5941.29707 	 33041.87772 	 8023.76819 	 3108.95623 	 4482.11770 	    0.00000 	 12870.62537 	 4183.46162 	 2921.34304 	 15233.57690 	 
7853.10858 	 6664.03360 	 12059.55759 	 25747.56557 	 3929.92131 	 5627.18024 	 15489.45406 	 17988.18394 	 12129.06895 	 8250.02139 	 9320.44689 	 96303.19774 	 2973.07956 	 8504.19619 	 16321.73852 	 6060.93758 	 49832.25498 	 14822.29354 	 14067.57254 	 4869.79617 	 10457.05768 	    0.00000 	 44439.23303 	 2890.48316 	 19925.92872 	 
3357.57448 	 3239.99702 	 5360.35882 	 10866.84294 	 1181.32780 	 2065.07570 	 5307.18153 	 5933.54501 	 5067.39325 	 2982.23152 	 3052.81367 	 26167.69428 	 1349.85623 	 1398.01825 	 5686.14441 	 2271.36221 	 17399.98873 	 3822.09036 	 4288.17973 	 2581.08819 	 2877.07864 	 26614.34770 	    0.00000 	  751.64583 	 6304.66493 	 
13974.64553 	 1548.30821 	 8366.73196 	 17251.46702 	 5358.44788 	 6369.42377 	 2965.93555 	 1389.07475 	 12331.46646 	 2671.42384 	 1688.05268 	 2981.84790 	 1735.24530 	 15688.92886 	 2936.36083 	 2818.01651 	 25397.23984 	 6344.94309 	  732.26123 	 4972.50370 	 2848.52987 	 3213.51239 	  788.56055 	    0.00000 	 5713.95612 	 
16196.39446 	  464.26266 	 37196.13574 	 50327.43445 	 8619.20043 	 13131.49939 	 10800.47257 	 7561.83987 	 14446.61326 	 5585.11072 	 7041.26635 	 28721.71490 	 4364.48932 	 18671.72133 	 13900.63884 	 5372.66203 	 154947.04584 	 12560.53538 	 2505.77137 	 17035.84805 	 11811.03278 	 19254.13985 	 3762.65289 	 7544.68201 	    0.00000 	 
   0.00000 	  725.22137 	 1026.68958 	  562.14495 	  362.03619 	  472.59914 	  633.45528 	 1400.27360 	  657.11504 	  633.32917 	  592.26125 	 2121.66253 	  245.06067 	  620.07205 	  843.55379 	  352.56590 	  624.72063 	  546.81290 	 1380.67073 	  650.99444 	  561.48861 	 1783.10917 	 2734.15699 	  474.10908 	  585.46950 	 
 652.56360 	    0.00000 	  282.11009 	  696.64931 	  543.20812 	  341.97703 	 1175.34611 	 1524.01585 	  301.16494 	 1562.91896 	 1057.31752 	 2015.33956 	  824.62555 	 1003.68932 	  713.62131 	  715.55015 	  147.69983 	  107.89677 	 1453.27844 	  262.84150 	  716.04361 	 3165.68748 	 2324.95903 	  988.62811 	   39.29874 	 
1196.64874 	  463.89986 	    0.00000 	  750.40782 	  560.20627 	  689.68388 	 1891.68495 	 1689.39323 	  745.82599 	 1554.77034 	 1579.36974 	 2088.30024 	 1240.10559 	 1464.62271 	  793.05925 	 1042.83963 	  161.49378 	  276.00195 	 2022.22789 	  614.47955 	 1008.17261 	 2889.53251 	 2804.60101 	  882.47842 	  462.28275 	 
 652.82952 	  431.51580 	 1085.05186 	    0.00000 	  218.35342 	  319.56712 	  960.02379 	  757.40793 	  234.27968 	  828.36657 	  418.97144 	 2114.64690 	  340.73044 	 1202.17176 	  422.27397 	  745.05141 	  863.00844 	  864.29780 	 1656.90384 	  365.96928 	  236.38267 	 1933.81022 	 1345.07809 	 1278.42866 	  543.51225 	 
 412.15859 	  462.43763 	  859.38048 	  184.09507 	    0.00000 	  239.92089 	  957.34196 	 1232.92377 	  169.71459 	  925.60046 	  427.63821 	 1565.77454 	  422.16970 	  836.69705 	  633.36604 	  689.03891 	  507.88495 	  431.65879 	 1256.35810 	  263.24741 	  326.80191 	 1788.19241 	 1966.39084 	  675.92666 	  367.23770 	 
 512.93927 	  251.28251 	  663.84967 	  276.91396 	  201.61172 	    0.00000 	  961.15130 	  866.65071 	  119.19714 	 1381.88926 	  670.08906 	 2583.82365 	  678.75145 	 1409.81602 	  485.40803 	  777.76381 	  287.71375 	  456.44179 	 2147.59552 	  101.91939 	  618.32809 	 2039.12848 	 1659.91092 	  961.99325 	  298.50505 	 
 610.99826 	 1046.53844 	 1397.86692 	 1001.77896 	  783.75622 	  954.22539 	    0.00000 	  487.35676 	  961.27386 	  265.25580 	  394.76776 	 1005.13727 	  412.57415 	 1401.02559 	  933.89047 	  407.30492 	 1520.35343 	  914.93202 	  911.84030 	 1170.08182 	  601.26229 	 1744.61480 	 2155.60558 	  988.34777 	  902.74921 	 
1280.99071 	 1636.21175 	 1897.37393 	  782.55442 	 1171.91587 	  861.77647 	  470.29846 	    0.00000 	 1266.36858 	  633.90141 	  716.19456 	  868.59623 	  658.69450 	 1581.34500 	  767.43516 	 1033.79136 	 1825.54083 	 1501.17436 	  543.19221 	 1451.46184 	  767.35488 	  927.30341 	  808.84669 	 1809.89893 	 1564.40799 	 
 593.49067 	  303.02631 	  787.99588 	  219.87194 	  286.40434 	   89.04861 	 1256.41676 	 1318.85224 	    0.00000 	  779.10262 	  537.94837 	 2028.40101 	  720.94416 	 1065.76623 	  671.56787 	  907.54170 	  616.72745 	  511.75479 	 2034.99134 	  240.52692 	  526.30146 	 1462.04198 	 1599.53580 	 1254.83805 	  501.95700 	 
 590.43415 	 1501.92485 	 1739.89780 	  932.35251 	  785.95247 	 1308.88199 	  258.38654 	  878.54247 	 1316.23354 	    0.00000 	  685.89799 	 1001.14236 	  467.17823 	 1068.24723 	 1249.20020 	  228.48189 	 1380.21535 	  942.13399 	  953.12635 	 1352.86944 	  577.00535 	 1479.53458 	 2194.80229 	  709.38389 	 1157.91328 	 
 597.25844 	  981.21042 	  916.27920 	  371.12995 	  486.47212 	  820.03022 	  358.23399 	  695.25009 	  664.34937 	  651.10007 	    0.00000 	 1582.78886 	  330.59789 	 1184.67568 	  397.78736 	  613.88639 	 1135.82964 	  781.77848 	 1197.64748 	  676.71747 	  208.61427 	 1381.36222 	 1196.18469 	 1014.25321 	 1159.29951 	 
1431.83376 	 2340.45784 	 3031.28108 	 1339.10983 	 2374.27462 	 2047.89441 	  920.79214 	 1070.63412 	 1717.84611 	 1086.96615 	 1608.90134 	    0.00000 	 1265.77934 	 2479.21825 	 1719.24841 	 1497.96248 	 2822.44138 	 2327.21772 	  331.37230 	 2608.72699 	 1668.16507 	  379.08816 	 1152.33769 	 2725.42408 	 2877.10070 	 
 313.00017 	  753.13224 	 1391.49045 	  385.32661 	  413.46102 	  795.63613 	  343.75639 	 1098.54805 	  740.85836 	  598.71856 	  308.01466 	 1964.08280 	    0.00000 	  684.90151 	  567.06167 	  339.68867 	  923.25209 	  790.71091 	 1263.72854 	  812.47826 	  289.11287 	 1647.77953 	 2085.87619 	  749.63297 	  732.82565 	 
 746.02014 	  679.72554 	 1609.26943 	  945.84598 	 1135.43647 	  853.16723 	 1248.98797 	 1749.29663 	 1460.13443 	  948.71078 	 1314.79483 	 2702.44759 	  605.99446 	    0.00000 	 1653.33955 	  709.91488 	 1300.01339 	 1232.43766 	 1682.06118 	  871.15023 	 1123.45759 	 3362.92175 	 2447.98662 	  211.96957 	  974.06652 	 
1118.34558 	  936.58352 	 1103.85530 	  355.08393 	  766.61354 	  474.72366 	 1072.49659 	  628.46914 	  397.58656 	 1176.43830 	  388.25966 	 1762.22890 	  788.78765 	 1723.56825 	    0.00000 	  732.51792 	  797.97930 	 1024.81276 	 1601.15641 	  895.01417 	  468.41470 	 1410.36863 	 1135.96775 	 1397.84534 	 1062.69552 	 
 311.67117 	 1142.63832 	 1501.19660 	 1036.36611 	  662.20530 	  866.39971 	  387.73041 	 1058.81243 	  996.87506 	  375.31410 	  478.93188 	 1911.33683 	  432.93440 	  670.05764 	 1150.18418 	    0.00000 	 1239.98537 	 1231.78235 	 1446.66713 	 1104.95475 	  712.99768 	 1703.55851 	 2432.65742 	  407.59657 	  675.34634 	 
 685.96922 	  189.80900 	  218.48445 	  930.43935 	  672.86964 	  330.28392 	 1522.51873 	 1903.78387 	  398.57550 	 1471.60450 	 1008.03364 	 1987.12788 	  816.20067 	 1317.41068 	  886.64105 	  927.71008 	    0.00000 	  106.28659 	 2654.16531 	  266.03329 	  645.28125 	 2686.04572 	 2341.92307 	  784.54226 	  155.49432 	 
 515.28824 	   77.52470 	  223.72167 	  474.17741 	  597.84162 	  449.22928 	  933.38942 	 2010.08061 	  478.62447 	 1415.87681 	 1082.02530 	 1719.53618 	 1059.38834 	 1014.64909 	 1144.62959 	  768.44350 	   86.44432 	    0.00000 	 1736.64148 	  210.38524 	  851.71113 	 2839.37235 	 2383.93761 	  872.87150 	  131.73992 	 
1357.42920 	 1776.48044 	 2164.24833 	 1138.87647 	 2008.16201 	 1829.86732 	  948.42722 	  466.49929 	 1959.55272 	 1084.34149 	  947.10910 	  432.55208 	 1347.79283 	 2215.90800 	 1634.21828 	  959.80982 	 2201.59596 	 1839.42718 	    0.00000 	 1656.40506 	 1090.77215 	  627.40451 	 1138.97302 	 1648.39986 	 2311.05538 	 
 656.96927 	  147.80766 	  631.29927 	  420.25121 	  218.78453 	   73.63464 	 1053.39928 	 1296.83264 	  217.60396 	 1386.48608 	  629.13997 	 2046.85718 	  530.03181 	 1310.45731 	  898.49927 	 1130.68745 	  337.97184 	  270.71030 	 1345.61174 	    0.00000 	  433.46559 	 1671.99585 	 2315.91657 	  656.70380 	  249.05973 	 
 582.40531 	  908.21031 	 1236.97747 	  220.32428 	  356.62795 	  404.04632 	  377.27517 	  793.18273 	  379.98681 	  864.42788 	  206.15314 	 1934.92256 	  233.42752 	 1323.01842 	  417.82971 	  715.10943 	 1042.66180 	  602.24323 	 1372.45190 	  512.64437 	    0.00000 	 1670.57806 	 1607.61704 	  859.52190 	  719.57927 	 
2152.60691 	 2952.14781 	 2269.85386 	 1748.79316 	 1754.74396 	 1693.30358 	 1635.52282 	 1238.85610 	 2048.50375 	 1707.26770 	 1085.13610 	  438.99763 	 2053.97995 	 2703.53280 	 1759.83114 	 1518.65301 	 3302.95511 	 2531.18852 	  472.35588 	 2071.45400 	 1887.55060 	    0.00000 	  684.19253 	 2999.21501 	 1980.29367 	 
1548.21865 	 2117.32595 	 2475.24176 	 1239.51747 	 2265.65449 	 1784.38239 	 1189.54608 	  801.62436 	 2022.38052 	 2297.76628 	 1595.36482 	  982.58608 	 1431.24904 	 2276.62769 	 1498.70907 	 2440.63269 	 2788.51165 	 2112.09553 	  979.72730 	 2231.75335 	 1554.06179 	  738.76904 	    0.00000 	 1915.56214 	 3008.29524 	 
 287.08693 	  760.83830 	 1048.33046 	 1053.18624 	  728.40424 	  822.15194 	  758.19958 	 1293.61278 	  913.12734 	  739.97212 	 1158.75232 	 1904.70416 	  485.88919 	  220.95122 	 1098.27069 	  382.22675 	  863.50033 	  696.28216 	 1518.68808 	  923.32147 	  899.93550 	 2953.84097 	 3027.73147 	    0.00000 	 1012.34563 	 
 562.53205 	   25.98803 	  402.70861 	  499.26482 	  480.45054 	  350.60073 	 1479.00845 	 1584.67488 	  292.72293 	 1045.67759 	  657.32310 	 2182.44377 	  579.08474 	  797.51662 	  777.56909 	  743.51447 	  230.22454 	  103.65591 	 2137.25209 	  217.49908 	  811.75412 	 2734.18002 	 2187.65408 	  969.13555 	    0.00000 	 
   0.00000 	 5702.35466 	 7941.90587 	 22752.37103 	 5255.64681 	 4989.12120 	 14302.14823 	 2108.39894 	 9041.78317 	 5908.99316 	 4565.41114 	 10882.75510 	 10999.22259 	 29313.97399 	 3292.49557 	 10948.65883 	 44354.38361 	 10347.74011 	 1542.34139 	 5545.31589 	 7439.64462 	 5587.42653 	 2968.05488 	 10138.63105 	 16571.98765 	 
4884.27209 	    0.00000 	 13199.46905 	 12153.74850 	 3926.58253 	 4559.72076 	 3618.79441 	 4074.60468 	 6660.56819 	 4530.29126 	 2035.14660 	 7100.66294 	  851.98046 	 6179.33567 	 1501.73372 	 4291.59193 	 23960.25846 	 7521.76061 	  627.88933 	 7341.45402 	 4454.21405 	 9100.74099 	 3103.06374 	 1609.82719 	  715.06599 	 
8383.41615 	 14128.66527 	    0.00000 	 43146.84486 	 7257.43133 	 17243.34795 	 5656.96689 	 4996.29979 	 11836.67886 	 5145.42571 	 2934.31039 	 21129.21163 	 2286.33473 	 23247.41726 	 5492.30813 	 3932.40534 	 179790.77900 	 43013.55970 	 3606.49810 	 11151.69309 	 9113.46892 	 18417.04745 	 3380.66262 	 6785.97342 	 52965.43362 	 
19140.59870 	 16016.40654 	 28743.30480 	    0.00000 	 14840.69969 	 26177.07930 	 24872.81868 	 25184.62301 	 56364.81660 	 11937.62377 	 20770.06354 	 50578.62742 	 13141.04055 	 33729.87471 	 41032.18125 	 11716.00363 	 162802.93266 	 43943.94487 	 14999.77964 	 29228.20003 	 32597.17251 	 45444.34529 	 15752.52454 	 22836.93400 	 41473.12588 	 
4713.86220 	 2717.27565 	 7413.47777 	 19883.72536 	    0.00000 	 7924.28728 	 2703.75027 	 1233.23166 	 7366.57504 	 1550.01153 	 2504.05801 	 5418.30137 	 1910.83303 	 5912.86711 	 2052.82441 	 1037.73876 	 18837.07225 	 5631.81365 	  861.92182 	 3937.87209 	 5425.26732 	 3928.46103 	 1356.37437 	 5298.52100 	 5587.94579 	 
7457.33519 	 4764.88118 	 14568.37019 	 32328.86468 	 7457.15833 	    0.00000 	 5018.00222 	 3160.21105 	 7809.01019 	 2946.38518 	 2759.09171 	 10962.33121 	 2117.93562 	 15673.31636 	 5279.49425 	 1415.52900 	 76866.94145 	 16549.72046 	 3039.16107 	 5234.95300 	 7572.54504 	 7940.54967 	 1717.68901 	 5098.71189 	 15376.54429 	 
12988.94251 	 4181.45785 	 6221.59503 	 24685.98213 	 2419.05089 	 3752.77884 	    0.00000 	 12580.50795 	 5558.85264 	 36785.73197 	 10736.86443 	 35507.13866 	 5870.52532 	 9303.53584 	 5100.45509 	 13469.89298 	 22301.00207 	 9514.58669 	 4678.92127 	 3678.15994 	 8651.95821 	 14718.87840 	 3517.07828 	 3345.79296 	 10246.58372 	 
2616.28576 	 3951.26997 	 7272.20723 	 26382.14215 	 1680.92120 	 4382.63098 	 8502.26102 	    0.00000 	 4932.82344 	 8227.89370 	 10751.60950 	 30560.38207 	 1477.19783 	 2845.41100 	 10255.28819 	 2226.95019 	 23761.32238 	 5243.64768 	 8249.30963 	 3242.79090 	 7701.70919 	 16281.45222 	 7556.35523 	  986.25517 	 8883.31858 	 
8286.06673 	 5748.28388 	 14719.03967 	 42198.14858 	 6441.03467 	 9987.71673 	 6288.59072 	 5630.90767 	    0.00000 	 4328.49044 	 6552.40001 	 17673.48536 	 6147.85549 	 19319.73138 	 12128.64094 	 4574.65444 	 70035.29876 	 21360.52224 	 5480.12075 	 11343.49423 	 10763.66508 	 15356.25425 	 4719.61940 	 13662.72056 	 22262.05812 	 
6585.36130 	 5308.80467 	 3734.58125 	 14221.92949 	 1779.62851 	 4453.91661 	 28338.74151 	 8303.69792 	 5650.93865 	    0.00000 	 5615.18759 	 18813.34767 	 5001.56371 	 11124.26260 	 2922.39456 	 21380.24354 	 27370.92870 	 6235.05609 	 1518.25025 	 4092.21132 	 8098.35818 	 9275.47840 	 3188.11551 	 1928.69063 	 6269.89981 	 
3173.67816 	 1941.55650 	 3388.12034 	 23097.09648 	 2419.80399 	 2597.20885 	 11894.26955 	 12543.12913 	 5882.95832 	 4386.45855 	    0.00000 	 19714.98613 	 3799.81702 	 5189.94666 	 8425.49917 	 3526.26319 	 19119.35617 	 4409.64784 	 3520.90928 	 2931.19646 	 15820.03170 	 7587.01660 	 2432.00876 	 2260.17854 	 7938.13032 	 
7467.41220 	 7127.96828 	 17979.86564 	 83531.81371 	 7191.81795 	 15417.06419 	 30351.23961 	 36694.58027 	 27549.81952 	 16162.31364 	 14358.65934 	    0.00000 	 3824.94576 	 12644.82480 	 13307.23350 	 9680.25871 	 98178.13711 	 21130.99320 	 36116.66062 	 7851.69519 	 18192.36735 	 89034.15081 	 33291.26459 	 3293.25592 	 31373.59959 	 
10967.82837 	 1472.67894 	 1594.68865 	 14627.33949 	 1906.41217 	 2060.42979 	 8147.10355 	 1660.69992 	 5793.69453 	 4251.81106 	 3113.63352 	 3845.79190 	    0.00000 	 3157.91161 	 1293.65615 	 7360.48786 	 11935.61024 	 3061.24323 	  873.86456 	 1435.58526 	 7594.37634 	 2607.12583 	 1118.64062 	 1449.77498 	 5923.24425 	 
25088.00935 	 8323.81472 	 17560.46818 	 35849.37102 	 6331.13685 	 11378.17741 	 7716.21010 	 3307.35210 	 30769.38282 	 6531.26720 	 4291.27516 	 15393.92060 	 4168.30823 	    0.00000 	 5608.07700 	 8420.77203 	 151518.39921 	 22695.26087 	  874.21021 	 12402.83346 	 6455.78716 	 6098.16551 	 1406.33650 	 24074.10883 	 23920.05214 	 
3957.01678 	  899.52306 	 4975.69573 	 64819.43746 	 2534.29514 	 3825.95400 	 5155.59264 	 11226.34664 	 12461.92843 	 2463.17527 	 9388.56956 	 19194.27190 	  902.12393 	 6053.64541 	    0.00000 	 1659.53019 	 34030.29690 	 5166.47532 	 4879.29564 	 2106.17420 	 7462.68809 	 15531.85153 	 5005.78917 	 2317.98764 	 11945.12147 	 
10795.41341 	 5059.33630 	 4460.55351 	 17889.50567 	 1640.79789 	 1605.22226 	 14904.32168 	 2200.20993 	 3819.13871 	 15899.12704 	 2619.08108 	 8951.07046 	 5163.30233 	 8358.97650 	 1770.54323 	    0.00000 	 16993.77402 	 3301.53988 	  676.04148 	 1798.27539 	 3970.63835 	 6486.48924 	 1470.05632 	 4538.94886 	 4348.43345 	 
60499.79195 	 27527.43141 	 258434.25344 	 163270.92070 	 25703.49019 	 69534.14725 	 32418.39396 	 20078.72735 	 76945.33491 	 28660.75256 	 15010.18844 	 122434.68159 	 9872.05801 	 184291.29390 	 33711.43361 	 27448.58749 	    0.00000 	 8992.28950 	 12059.61552 	 79557.48777 	 29809.79672 	 80597.67790 	 15401.08936 	 20457.28777 	 126788.52224 	 
12685.32215 	 7913.80330 	 27493.10362 	 46544.61925 	 6821.97598 	 14630.79338 	 8352.44910 	 4892.45064 	 17834.59587 	 7334.35415 	 5761.92984 	 17871.22184 	 2644.04231 	 20891.85193 	 6901.47539 	 3685.43761 	 8153.00309 	    0.00000 	 1992.63156 	 25428.19107 	 7724.37289 	 11495.11843 	 3843.40430 	 7585.28527 	 10846.33668 	 
1577.03990 	  692.29833 	 3121.89069 	 13674.20199 	 1083.75183 	 2516.51504 	 6156.98551 	 10386.83458 	 5005.84694 	 2501.78975 	 4072.23010 	 26095.79051 	  678.14589 	 1422.26800 	 5443.80276 	 1019.93608 	 9430.04837 	 2250.46650 	    0.00000 	 1690.55047 	 2950.63990 	 9999.95818 	 3530.10569 	  631.51745 	 3977.69595 	 
4285.37379 	 8484.84208 	 9747.98823 	 19188.48730 	 5103.86752 	 5785.15412 	 3820.33102 	 2839.15170 	 11989.39930 	 3629.24185 	 2504.55639 	 8021.09560 	 1264.85313 	 16381.97367 	 3308.43023 	 2027.58203 	 60228.64016 	 32355.54059 	 1741.52447 	    0.00000 	 3587.37107 	 8452.56248 	 2496.89842 	 6702.85484 	 17372.24676 	 
5760.10453 	 2819.03835 	 7526.76477 	 53101.17245 	 6300.62272 	 5746.55167 	 9917.74729 	 6787.37503 	 9654.56216 	 8137.49639 	 18303.02336 	 12261.21648 	 4361.52840 	 7274.14783 	 7126.64174 	 5204.11648 	 34656.97685 	 8014.34947 	 3337.38902 	 5216.24125 	    0.00000 	 12442.77258 	 4196.84941 	 4095.77674 	 11596.91011 	 
8343.54716 	 7979.43315 	 14345.04602 	 28384.25215 	 2452.44796 	 7737.57251 	 12605.95421 	 21574.87951 	 14660.05651 	 10307.71134 	 8302.10154 	 111335.34897 	 2338.05634 	 9211.06445 	 13237.99612 	 7126.34986 	 84906.17482 	 18101.27163 	 13709.75668 	 6150.75820 	 11870.05716 	    0.00000 	 29471.66439 	 3087.87906 	 25816.74977 	 
1979.55176 	 2933.60083 	 5377.35774 	 17247.69269 	 1059.14253 	 2110.58059 	 5930.94954 	 7168.28880 	 3028.56079 	 3279.65959 	 2468.32203 	 29050.19492 	  949.70809 	 1708.85080 	 5565.32910 	 1647.98127 	 17525.58935 	 3922.70945 	 4125.98166 	 2007.40695 	 3080.44341 	 40002.37693 	    0.00000 	 1092.68401 	 3678.95432 	 
13347.06584 	 2194.16596 	 7889.16568 	 13711.60050 	 5225.41133 	 6653.41222 	 2279.55283 	 1350.53015 	 16445.32213 	 2365.56926 	 2252.70174 	 2850.37214 	 1430.91733 	 22857.03411 	 2520.76543 	 4500.83522 	 29702.13455 	 6567.90137 	  534.09000 	 5174.14001 	 3245.32412 	 3135.91128 	 1083.03821 	    0.00000 	 6487.79898 	 
14846.75507 	  476.81859 	 66477.69143 	 33572.41274 	 7909.97109 	 16258.76287 	 13228.78938 	 7999.80869 	 17452.45353 	 5907.97778 	 6539.90027 	 29110.27122 	 4740.15304 	 21358.30826 	 11533.58454 	 3942.61195 	 198805.11088 	 15341.48643 	 3555.09556 	 14050.38570 	 12024.18090 	 19281.67112 	 5457.34873 	 6475.09881 	    0.00000 	 
   0.00000 	  597.01494 	  692.85194 	  523.03154 	  479.46430 	  508.95242 	  839.08500 	 1144.07113 	  606.32127 	  546.88891 	  571.77933 	 1812.07961 	  373.32018 	  464.73026 	  862.41249 	  404.92020 	  552.90039 	  776.38605 	 1382.35296 	  575.50229 	  564.14351 	 1512.73900 	 2267.83659 	  309.32437 	  596.89695 	 
 654.75883 	    0.00000 	  480.30447 	  670.65117 	  551.32494 	  291.03924 	 1250.60279 	 1554.12033 	  294.80959 	 1427.59318 	  809.79433 	 2327.77379 	  995.03846 	  777.37134 	 1023.36866 	  919.41708 	  142.94909 	   95.91730 	 2352.70418 	  239.17025 	  833.24176 	 2846.84394 	 1734.28336 	 1030.89648 	   34.66241 	 
 709.71020 	  299.45554 	    0.00000 	  999.10074 	  840.31978 	  655.43601 	 1346.95499 	 2274.49974 	  602.35318 	 2072.75837 	 1332.29874 	 2234.30431 	 1473.87597 	  971.92384 	  913.85031 	 1326.49381 	  236.85420 	  339.10910 	 1937.99741 	  598.82355 	 1250.46497 	 2806.45754 	 3051.84406 	 1337.82169 	  295.26964 	 
 524.83524 	  582.75004 	 1070.60270 	    0.00000 	  220.20829 	  290.43882 	  769.60047 	  659.46061 	  273.94887 	 1180.08479 	  400.44970 	 1416.12241 	  357.63994 	 1217.21164 	  276.63399 	 1032.29270 	  733.24399 	  522.09616 	 1630.41819 	  377.56106 	  262.85618 	 1477.58828 	 1693.54692 	 1148.85437 	  656.92264 	 
 430.40288 	  330.00169 	  794.55895 	  294.95438 	    0.00000 	  174.73419 	 1009.56465 	 1199.62921 	  271.47308 	  767.80886 	  649.72948 	 2040.60216 	  450.69705 	  960.77019 	  453.74174 	  659.26717 	  465.23444 	  587.46775 	 1382.31926 	  287.06655 	  387.13485 	 2636.97777 	 1485.62147 	  861.67638 	  514.24798 	 
 404.29745 	  383.20858 	  523.17773 	  387.77005 	  198.22937 	    0.00000 	  749.88534 	 1451.32316 	   94.24967 	  803.93069 	  534.15227 	 1806.15091 	  597.40574 	  907.12367 	  541.04636 	  978.10584 	  337.68097 	  441.42189 	 2063.29168 	   88.84808 	  461.61644 	 2674.58274 	 2002.59291 	  828.15792 	  351.35616 	 
 564.53210 	 1527.55722 	 1900.80375 	  699.19460 	 1028.21300 	  986.63565 	    0.00000 	  563.16670 	 1065.81585 	  223.92180 	  372.43116 	 1245.81834 	  327.15130 	  940.75740 	  831.05712 	  398.80052 	 1194.91753 	 1524.77753 	  785.58598 	  987.47035 	  691.86117 	 1675.15914 	 2115.54058 	  803.65167 	  996.68078 	 
1365.72402 	 1236.26564 	 1613.76571 	  772.25841 	 1152.46787 	 1024.99519 	  708.88891 	    0.00000 	  803.03547 	  962.20268 	  601.79337 	 1072.05341 	 1118.53983 	 2134.87752 	  595.92192 	  956.30543 	 1957.85685 	 1565.50397 	  598.34697 	 1414.77491 	  689.44234 	  937.15428 	 1267.94692 	 1647.47242 	 1718.94609 	 
 760.68861 	  509.94841 	  505.72941 	  170.16473 	  169.38134 	   76.63307 	  884.36756 	 1044.78378 	    0.00000 	  919.30567 	  721.74834 	 2127.45625 	  477.45987 	 1343.88316 	  377.05595 	  971.98880 	  524.31672 	  542.87820 	 1894.92804 	  194.48897 	  514.84924 	 2186.29748 	 2358.39773 	 1288.66357 	  407.91456 	 
 487.35913 	  929.03668 	 1984.35429 	 1076.48884 	 1065.90636 	 1167.63959 	  200.96590 	  861.95737 	 1111.56181 	    0.00000 	  479.06794 	 1649.27425 	  429.31108 	 1093.79056 	 1266.28815 	  354.07989 	 1135.88860 	 1168.17728 	  759.98536 	 1142.24180 	  758.74945 	 2018.32184 	 1502.32977 	  581.21845 	  884.21319 	 
 649.08917 	 1141.72608 	  876.12588 	  391.80205 	  664.79734 	  711.65401 	  550.85960 	  453.21159 	  811.88047 	  617.59236 	    0.00000 	 1157.54975 	  406.72564 	 1266.76542 	  324.06642 	  824.17700 	 1348.55792 	  763.23074 	 1040.07520 	  953.01298 	  214.83661 	 1666.12992 	 1383.46329 	 1237.55590 	 1110.38445 	 
1440.69220 	 1782.27162 	 2706.23287 	 1541.46888 	 1774.01619 	 1912.61593 	 1429.70161 	  958.80536 	 1993.53920 	 1376.77308 	 1242.19848 	    0.00000 	 1459.91003 	 2824.48307 	 1709.79014 	 1629.83072 	 2808.87614 	 2112.39024 	  316.21251 	 2714.31350 	 1927.20492 	  305.36799 	 1275.57253 	 2625.02612 	 1895.02688 	 
 327.89881 	  688.08067 	 1139.92954 	  623.73703 	  499.11325 	  775.49822 	  397.24931 	  653.27999 	  675.98723 	  511.95347 	  344.90778 	 1142.25987 	    0.00000 	  770.28068 	  883.10439 	  325.90265 	 1144.99926 	  692.65428 	 1220.39239 	  729.99986 	  247.66843 	 2132.84156 	 1977.43158 	  844.10834 	  834.44855 	 
 517.39224 	 1029.09141 	 1223.16348 	 1209.59087 	  665.14155 	  932.31128 	  963.63021 	 2181.01652 	 1084.21316 	  859.58559 	 1413.71714 	 2169.79998 	 1083.06986 	    0.00000 	 1115.43371 	  524.51049 	 1387.76050 	  901.85259 	 2458.31678 	 1173.09154 	  916.34090 	 2381.83835 	 1941.36877 	  172.83463 	 1115.64056 	 
 694.44290 	 1140.24311 	 1239.07449 	  345.23314 	  499.55244 	  774.48442 	  916.05979 	  790.37558 	  465.22196 	  741.52501 	  374.26952 	 1426.08149 	  688.75247 	 1848.52292 	    0.00000 	  756.94721 	 1017.99434 	 1246.97007 	  986.36364 	  932.01446 	  443.60627 	 1681.51243 	 1604.17576 	  991.29017 	  754.52710 	 
 344.69773 	 1283.97657 	 1664.54578 	  933.63013 	  881.82874 	  977.92277 	  509.37015 	 1198.54869 	  816.76289 	  311.09116 	  499.19205 	 1332.98951 	  373.79462 	  856.29902 	  931.71461 	    0.00000 	 1505.08602 	 1007.83452 	 1495.41921 	 1177.47691 	  583.44078 	 2205.23784 	 1838.90890 	  364.50453 	 1092.69912 	 
 963.60540 	  227.37052 	  226.17324 	  691.64501 	  492.59083 	  299.33037 	 1380.68785 	 2101.45519 	  396.70281 	 1785.55023 	 1116.66376 	 2500.23726 	  873.41914 	 1009.88532 	  998.67716 	 1110.55659 	    0.00000 	   89.98102 	 2566.95437 	  352.48505 	  687.63181 	 2784.20206 	 1986.92710 	 1228.03027 	  229.83209 	 
 678.86445 	  118.24180 	  259.53826 	  689.50024 	  450.81461 	  421.38296 	 1471.54834 	 1174.13419 	  576.75359 	  967.57121 	 1332.03063 	 2734.01757 	  757.63070 	 1128.71474 	 1057.16083 	  812.62069 	   73.33945 	    0.00000 	 2684.33432 	  204.49317 	  808.54030 	 2972.63661 	 2439.50852 	 1165.52872 	  125.21079 	 
1704.47242 	 2229.27566 	 2323.47558 	 1391.87605 	 1169.18826 	 1264.46590 	  902.16014 	  533.98355 	 1490.89230 	 1000.99880 	 1060.31080 	  358.09412 	  886.06611 	 2205.91452 	 1608.36871 	 1099.02484 	 1530.80325 	 2005.87580 	    0.00000 	 2093.94007 	 1286.36047 	  740.51881 	 1420.15226 	 1324.53011 	 2042.81536 	 
 601.91563 	  212.69865 	  454.93423 	  449.78426 	  199.92898 	  112.63026 	  910.17091 	 1218.00038 	  212.30955 	 1307.84543 	  967.78797 	 2224.92215 	  531.52948 	 1245.24580 	  840.22685 	  703.31643 	  260.23732 	  259.66112 	 1335.61729 	    0.00000 	  617.99902 	 1803.93633 	 1996.42486 	  847.84291 	  221.67517 	 
 532.68870 	  645.06055 	 1142.32790 	  232.37351 	  366.93067 	  439.45504 	  587.95975 	  569.06232 	  466.91287 	  739.98500 	  224.39099 	 1957.32015 	  287.67146 	 1074.78722 	  525.41066 	  607.12546 	  772.46430 	  694.21692 	 1420.33271 	  647.76033 	    0.00000 	 1215.58237 	 2193.44970 	  713.80691 	  552.03279 	 
1651.06940 	 2315.17165 	 3243.70833 	 2366.15578 	 2427.71700 	 1980.19130 	 1506.29316 	  916.02756 	 2000.35088 	 1476.02338 	 1533.68560 	  458.95617 	 2174.07144 	 2049.01140 	 1571.35588 	 2344.08586 	 2328.75206 	 2415.28188 	  515.81589 	 1828.24728 	 1358.14373 	    0.00000 	  503.47977 	 2431.39386 	 2098.20320 	 
1846.44386 	 1907.67816 	 3236.62296 	 1965.85414 	 2541.40947 	 2437.55692 	 1537.56701 	  951.75546 	 2035.38692 	 2189.69857 	 1846.59004 	  844.98038 	 2321.90830 	 2233.02576 	 1667.37202 	 2082.44029 	 3000.39378 	 2927.31392 	  969.70406 	 2624.44894 	 1809.26218 	  696.49568 	    0.00000 	 1876.08880 	 2033.70323 	 
 375.05110 	  729.01708 	 1393.03808 	  941.54372 	  918.06882 	 1102.91005 	 1171.05680 	 1848.63862 	 1052.24537 	  681.22367 	  958.24596 	 2109.14565 	  807.08406 	  231.80138 	 1542.68268 	  431.70049 	  833.17430 	  654.00331 	 2037.19143 	  861.10987 	 1093.24480 	 1840.63577 	 2557.39614 	    0.00000 	  955.29556 	 
 495.88112 	   37.87929 	  417.50094 	  452.85349 	  420.51814 	  257.43292 	  879.95156 	 1206.80581 	  459.58139 	 1295.67703 	 1193.81112 	 2753.29643 	  530.46476 	 1141.47984 	 1141.94300 	 1226.08381 	  179.37699 	  101.03327 	 2070.27651 	  156.28316 	  605.02069 	 1799.94223 	 1846.21762 	  835.84736 	    0.00000 	 
   0.00000 	 5780.96225 	 8298.60355 	 21628.27187 	 5363.29591 	 4994.29084 	 14648.47726 	 2242.67857 	 8388.57710 	 9054.92836 	 2642.17424 	 9275.60990 	 9005.51165 	 26976.91161 	 3401.56162 	 10912.08581 	 40718.09252 	 10653.26350 	 1578.87117 	 4852.08192 	 6102.92772 	 6929.97015 	 3347.54904 	 10377.01348 	 12280.25396 	 
7512.57470 	    0.00000 	 10263.01372 	 13697.33715 	 4107.44938 	 4462.97550 	 4463.37836 	 3913.84879 	 8396.42846 	 3566.67935 	 2264.83443 	 5608.25710 	 1198.48206 	 6916.91691 	 1027.86478 	 4864.63206 	 18840.90193 	 5836.04035 	  707.73590 	 8277.84403 	 3867.03603 	 5325.04996 	 3739.22828 	 1434.35146 	  638.50254 	 
9379.20809 	 13325.47551 	    0.00000 	 32519.76687 	 6881.86986 	 17298.51630 	 5914.72589 	 7209.62285 	 16503.26509 	 4486.42005 	 2882.63851 	 23233.48267 	 2046.71374 	 27016.63660 	 6475.60230 	 2554.11056 	 203218.82615 	 45950.65227 	 2807.26731 	 16056.44108 	 7257.23357 	 14100.78040 	 5041.85949 	 7025.54895 	 46440.80953 	 
19439.63556 	 15073.88743 	 36605.28374 	    0.00000 	 19988.92297 	 30750.39369 	 25897.82371 	 33735.26510 	 56752.09743 	 12821.31194 	 21207.79313 	 55359.50546 	 12804.25911 	 39251.24564 	 58461.88596 	 16853.79384 	 197719.90564 	 28040.57374 	 13214.56216 	 18468.05779 	 41333.84900 	 41365.81651 	 13325.27868 	 17025.39986 	 36005.72953 	 
4162.20022 	 4250.65580 	 4526.43161 	 17225.45570 	    0.00000 	 9417.25269 	 2653.65272 	 1992.48545 	 5282.07310 	 1738.56010 	 2239.92450 	 6007.82528 	 1460.53913 	 6439.50437 	 2167.86114 	 1458.33981 	 24334.53274 	 6038.38183 	  787.93470 	 5269.12966 	 4993.76110 	 4321.34941 	 1124.72574 	 5072.56019 	 5908.92403 	 
6305.28056 	 6101.72725 	 17830.49039 	 36252.35662 	 6022.26398 	    0.00000 	 5038.75675 	 3322.29391 	 7492.90930 	 3625.06281 	 2222.24998 	 13332.13760 	 1489.88600 	 15249.52004 	 4241.88948 	 1830.38068 	 62922.07828 	 17595.82976 	 2606.38600 	 5676.33049 	 6405.40478 	 7460.71811 	 2809.93537 	 4782.82157 	 14715.93091 	 
11013.44640 	 4606.19608 	 5562.68233 	 25728.53668 	 3864.35076 	 5996.50727 	    0.00000 	 9096.57417 	 7057.89999 	 34095.06719 	 9315.17030 	 19190.89570 	 5044.12152 	 6261.18892 	 4476.53273 	 11894.65679 	 38462.87999 	 9658.44500 	 4527.08922 	 2852.43062 	 10289.29025 	 11541.45225 	 5181.35076 	 2457.68078 	 9964.31033 	 
2528.09382 	 3330.46058 	 4451.93965 	 29359.27139 	 1261.54211 	 4357.53919 	 9270.06573 	    0.00000 	 5589.81310 	 6141.22354 	 12802.17106 	 23651.57000 	 1305.82902 	 3307.72421 	 11071.16514 	 2116.60620 	 27004.23563 	 3765.00638 	 7777.27240 	 2355.84356 	 8553.66956 	 20228.29171 	 8824.63781 	 1154.29144 	 9979.02993 	 
9258.17676 	 7207.70382 	 21305.02459 	 47147.11181 	 8792.44665 	 11140.45875 	 6044.64996 	 7175.94532 	    0.00000 	 3408.84218 	 6566.81075 	 18125.55335 	 5666.77603 	 30728.27331 	 7961.42241 	 5231.17938 	 75000.17558 	 14763.97390 	 5459.56593 	 12243.17806 	 9432.93313 	 9398.07129 	 4230.63311 	 15239.54375 	 24039.85299 	 
5154.29361 	 4574.19074 	 3595.80746 	 17221.10402 	 1800.03567 	 3136.95475 	 26472.66052 	 6692.21058 	 3233.38220 	    0.00000 	 5215.29013 	 18824.69643 	 3658.13730 	 9063.66609 	 3475.12437 	 15746.84415 	 34778.18806 	 6455.31597 	 2218.34517 	 4144.55782 	 5062.37978 	 10579.60554 	 3249.38988 	 1998.69125 	 5007.46574 	 
2846.97750 	 1740.05209 	 3923.83252 	 34609.20400 	 2785.29436 	 2132.15160 	 9631.37967 	 10720.42590 	 4573.93135 	 4182.94974 	    0.00000 	 18191.51629 	 2572.11142 	 3069.84195 	 5883.00588 	 3104.82763 	 13107.48448 	 3166.08359 	 2403.58514 	 1760.85880 	 15532.66291 	 7830.98007 	 2153.10257 	 1985.35476 	 8082.07441 	 
6504.22715 	 9666.34077 	 26140.93694 	 52965.27582 	 6248.24641 	 17931.97781 	 27015.52069 	 32284.46473 	 18494.30414 	 16700.74384 	 17671.90304 	    0.00000 	 4872.41148 	 13032.59068 	 13829.57017 	 10526.39742 	 92810.93681 	 16026.62007 	 23334.99210 	 10689.09034 	 12951.99889 	 73445.48583 	 26830.39299 	 3231.61521 	 25104.35693 	 
10566.55590 	  877.35655 	 2157.05843 	 12052.27437 	 1386.48898 	 2137.33838 	 5861.99583 	 2196.39592 	 5710.17625 	 4635.52211 	 2680.29013 	 4363.42332 	    0.00000 	 3113.88666 	 1126.51858 	 6655.03527 	 10665.33436 	 2162.58634 	  577.27754 	 1490.26437 	 6113.72933 	 2740.12255 	 1169.43459 	 1322.75891 	 4697.02995 	 
29298.03183 	 5321.07792 	 28200.51453 	 33212.79387 	 5635.61083 	 15574.57250 	 9684.81620 	 3608.06654 	 20465.22230 	 6649.05500 	 3643.83831 	 13710.21365 	 3620.65484 	    0.00000 	 5830.85830 	 11049.63268 	 137770.25275 	 19387.03436 	 1347.84422 	 17109.76673 	 7159.85846 	 10276.94695 	 1431.91911 	 24273.06728 	 18383.76553 	 
3596.09454 	 1152.39663 	 7834.09071 	 57490.25796 	 2054.04101 	 6258.36788 	 4350.09993 	 9200.77437 	 11865.62139 	 2651.63616 	 7211.53953 	 19838.09487 	 1292.38303 	 5433.53617 	    0.00000 	 2263.05974 	 32636.31523 	 5362.22728 	 4420.19854 	 2731.84651 	 7582.80491 	 9316.68017 	 6834.22750 	 3724.03941 	 14062.99308 	 
11245.56022 	 5008.43421 	 4458.24293 	 14248.43213 	 1640.15496 	 2037.21656 	 14016.55918 	 2452.02769 	 4992.32911 	 14322.68824 	 2486.06538 	 12503.96346 	 7179.48279 	 9207.95429 	 1899.47163 	    0.00000 	 25177.02736 	 5331.27932 	  744.03045 	 1900.58978 	 4575.20787 	 7801.08964 	 1456.16514 	 2763.50945 	 5788.13018 	 
48075.73920 	 25511.74320 	 188711.89715 	 215776.09244 	 19699.83523 	 63114.90927 	 29607.27950 	 23191.92008 	 91839.46318 	 26022.60158 	 13763.19092 	 109938.15658 	 7683.79191 	 181201.28350 	 32892.60537 	 16644.73602 	    0.00000 	 7771.50874 	 9218.08647 	 77504.08171 	 27417.71468 	 77802.54614 	 11163.14533 	 36286.01680 	 205172.49881 	 
14377.81162 	 7177.29013 	 29806.60488 	 42315.37093 	 5624.48668 	 12186.69249 	 9432.68784 	 5227.62476 	 22929.76814 	 4533.55132 	 5385.01446 	 20681.05226 	 3065.58586 	 23553.41688 	 7336.18879 	 3262.77085 	 6661.72628 	    0.00000 	 2984.53954 	 29559.49777 	 6653.32095 	 12719.49318 	 4047.88997 	 4482.56002 	 11058.92711 	 
1466.68520 	  966.62492 	 3422.05685 	 10944.93857 	  770.39390 	 3822.43639 	 7005.87243 	 7403.90518 	 5044.02181 	 2580.34000 	 3525.73416 	 35256.57395 	  846.95506 	  955.69061 	 5507.73828 	 1103.18052 	 9866.97512 	 2667.23688 	    0.00000 	 2061.09608 	 4457.13421 	 9584.00297 	 4124.04140 	  706.84261 	 4206.85144 	 
6707.75909 	 6091.97492 	 12792.20686 	 26256.28052 	 3938.39641 	 6530.40026 	 2470.04729 	 3340.34342 	 10360.91697 	 2533.26063 	 1735.31960 	 13905.18993 	 1448.74778 	 16957.98066 	 2207.81840 	 2077.12038 	 75652.59402 	 22765.38916 	 2265.41456 	    0.00000 	 6248.98778 	 4631.54599 	 2443.53845 	 6743.19596 	 12968.98479 	 
4321.11168 	 4838.54591 	 5642.44304 	 48540.09415 	 4089.19363 	 5762.40482 	 12776.99417 	 8758.54214 	 13522.99782 	 8366.45195 	 16549.04544 	 18817.71959 	 4392.22491 	 8869.24226 	 10350.92527 	 5575.31911 	 43919.26869 	 6340.92601 	 4340.46629 	 5562.05853 	    0.00000 	 7825.55594 	 3673.78823 	 2799.57296 	 14664.59423 	 
8627.01828 	 9146.18059 	 12156.90156 	 42150.93637 	 2633.46271 	 7458.91756 	 15716.21607 	 21783.40172 	 13296.81212 	 7139.29074 	 6930.13869 	 105666.75274 	 2395.16477 	 7811.63052 	 8992.76730 	 5029.09992 	 70361.50064 	 19323.72565 	 11258.12126 	 7414.84948 	 12266.14881 	    0.00000 	 31678.60248 	 2098.53547 	 22605.17280 	 
2325.89018 	 3996.28967 	 4213.00777 	 13087.57472 	  962.73426 	 1985.97543 	 3880.14439 	 8495.14026 	 4021.48155 	 3052.00675 	 3673.14184 	 26477.09122 	 1040.83337 	 1689.69779 	 6171.56657 	 2222.31742 	 19405.53030 	 4489.74536 	 2644.30547 	 1774.39905 	 3991.61373 	 32957.10261 	    0.00000 	  730.62685 	 4770.66841 	 
8635.03627 	 2142.27710 	 6004.59563 	 16758.70949 	 3879.97264 	 6878.10654 	 3168.74885 	  933.03705 	 16486.96108 	 2089.70547 	 1476.83207 	 4758.35562 	 1826.73772 	 24288.14737 	 3741.25554 	 4546.03308 	 36271.69116 	 4848.38146 	  723.56609 	 6822.93135 	 2692.99873 	 2054.03159 	  793.80329 	    0.00000 	 7195.82711 	 
15162.89388 	  458.80254 	 39134.47176 	 52788.52345 	 9137.65603 	 11214.69002 	 10505.72036 	 9320.59063 	 21105.35086 	 5655.02554 	 9205.44469 	 26051.48240 	 4922.79160 	 16752.74992 	 13438.53455 	 4819.19849 	 120373.92735 	 12133.71516 	 2790.97690 	 13175.38592 	 14010.05129 	 22190.53498 	 4618.56247 	 7224.48203 	    0.00000 	 
   0.00000 	  471.47969 	  718.40782 	  558.92095 	  456.72737 	  404.44881 	  719.17368 	 1345.97774 	  759.53066 	  884.56960 	  701.66110 	 1847.61854 	  407.75455 	  513.18886 	  913.96755 	  454.73542 	  546.23356 	  609.74145 	 1226.48257 	  645.75812 	  438.60140 	 1589.70920 	 2522.18196 	  504.84559 	  615.88285 	 
 520.75476 	    0.00000 	  302.58424 	  619.68334 	  488.87692 	  248.66141 	 1316.77470 	 1887.97067 	  388.06412 	  958.30892 	  835.16878 	 1953.28734 	  790.21524 	  973.82915 	  709.63540 	 1052.16609 	  196.75365 	   80.18223 	 1502.51117 	  234.10676 	  521.20107 	 2836.99911 	 2488.75540 	 1067.08598 	   29.03520 	 
 954.31395 	  362.23262 	    0.00000 	  867.73979 	  970.83143 	  497.67431 	 1502.11383 	 2068.62502 	  614.17834 	 1568.01692 	 1129.00460 	 2794.62355 	 1205.00349 	 1244.96877 	 1214.75490 	 1711.39352 	  243.06702 	  214.69466 	 2152.41794 	  395.54286 	  859.50018 	 2145.24293 	 2742.53962 	 1215.06034 	  407.30622 	 
 421.02621 	  741.73068 	  627.27740 	    0.00000 	  192.71531 	  379.98801 	  690.70126 	 1005.76046 	  248.36652 	 1187.39278 	  526.61554 	 1356.71930 	  627.77169 	 1112.08854 	  393.03878 	  802.66146 	  589.12600 	  608.81057 	 1534.78407 	  495.71613 	  326.71115 	 2319.81649 	 1762.32200 	 1082.23388 	  645.51408 	 
 281.33857 	  337.42091 	  919.35727 	  236.52820 	    0.00000 	  281.33191 	  649.41309 	  957.67485 	  251.14126 	  923.79977 	  513.74489 	 2050.22497 	  314.53006 	 1025.71733 	  603.14214 	  849.97886 	  587.82474 	  560.81227 	 1195.76678 	  237.89309 	  262.24093 	 1599.16443 	 1834.40697 	  918.81599 	  518.75551 	 
 693.94429 	  326.91449 	  523.37739 	  371.51417 	  285.80609 	    0.00000 	 1072.76389 	 1361.70800 	   92.04165 	 1058.36162 	  615.20118 	 1453.75992 	  649.39675 	  773.60289 	  594.79276 	  816.09557 	  313.83767 	  347.55192 	 1420.80594 	   76.75510 	  358.00471 	 2607.75843 	 2194.48108 	  800.59065 	  261.68686 	 
 626.67744 	 1484.02688 	 1161.90551 	 1013.91963 	  583.62953 	 1232.75194 	    0.00000 	  803.17228 	 1166.89357 	  208.16214 	  498.81410 	 1173.63387 	  420.04948 	  921.71254 	  899.33456 	  422.46104 	 1281.84164 	 1053.14990 	  949.26036 	 1104.86687 	  670.37702 	 1396.41933 	 1334.86057 	 1042.84515 	 1150.67085 	 
1041.77979 	 1458.61369 	 1534.05825 	  651.17945 	  856.30251 	 1559.65691 	  783.82317 	    0.00000 	 1205.46079 	  707.99412 	  704.13583 	  934.91715 	 1041.75275 	 1861.02834 	  565.00675 	 1001.18163 	 1162.74873 	 1995.57958 	  506.76612 	 1093.38109 	  711.86480 	 1067.11681 	 1322.15169 	 1570.79121 	 1361.54376 	 
 758.75115 	  361.94040 	  526.22851 	  200.80400 	  234.23016 	  118.09410 	  860.10301 	  803.74403 	    0.00000 	  881.25348 	  559.42180 	 2275.83638 	  704.94382 	  861.14759 	  560.38576 	  928.81494 	  492.24223 	  406.17699 	 1808.01064 	  216.20000 	  526.17782 	 1600.14593 	 1611.77129 	 1045.64575 	  339.28063 	 
 578.01588 	  955.67805 	 1905.56320 	  759.31312 	  625.31110 	  899.40717 	  266.95359 	 1110.88539 	 1325.62347 	    0.00000 	  744.02054 	 1527.64052 	  547.89356 	  710.69570 	  800.37775 	  302.01618 	 1722.53180 	 1154.27053 	 1128.40877 	 1028.12331 	  643.56632 	 1211.74705 	 2276.33894 	  660.80340 	 1225.16571 	 
 510.94918 	  913.84555 	 1468.83517 	  417.30462 	  645.39858 	  580.92561 	  357.26266 	  477.59024 	  794.33453 	  604.68286 	    0.00000 	 1580.49940 	  385.14919 	 1344.90328 	  332.76381 	  839.05699 	 1378.64270 	  807.66210 	 1167.43802 	  772.75415 	  189.35843 	 1090.66215 	 1449.69955 	 1146.27083 	 1205.26324 	 
2427.78192 	 1785.84263 	 2643.73467 	 1379.98719 	 1931.91773 	 2453.09011 	 1375.06526 	  963.63982 	 2274.97540 	 1777.48642 	 1213.89768 	    0.00000 	 1488.72186 	 2159.77439 	 1603.07331 	 1659.42727 	 2407.95242 	 2540.75470 	  258.82096 	 1962.66390 	 1887.16734 	  445.56589 	  742.60637 	 2571.39980 	 1722.29286 	 
 407.69867 	  846.57587 	 1270.96643 	  509.15792 	  387.49805 	  710.06122 	  420.44143 	  657.27841 	  626.80947 	  558.37048 	  342.23655 	 1903.24325 	    0.00000 	  643.82448 	  816.74965 	  269.36298 	  941.34140 	  898.27495 	 1047.39871 	  704.21234 	  291.83425 	 1500.39154 	 1643.24472 	  650.05721 	  562.28514 	 
 505.85753 	  693.68141 	  990.54195 	  896.50354 	 1104.38390 	  969.86993 	 1324.75169 	 2176.16852 	  860.21638 	  677.21068 	 1024.09907 	 1892.36892 	  691.13593 	    0.00000 	 1448.96410 	  517.74976 	  934.64651 	 1226.05479 	 2400.47043 	 1169.40550 	  821.31134 	 2807.29612 	 3357.89483 	  162.26944 	 1134.93802 	 
 684.27942 	  974.32853 	 1131.32064 	  361.92539 	  484.65368 	  571.76145 	  868.06526 	  733.57141 	  380.01206 	 1354.10037 	  344.66329 	 1632.50511 	  666.76438 	 1722.39763 	    0.00000 	  778.36336 	  903.74127 	 1234.37366 	 1098.33055 	  846.83689 	  407.49820 	 1303.16493 	 1634.83908 	 1348.88133 	  854.01198 	 
 544.79011 	 1113.39345 	 1687.54482 	  648.38530 	  862.00993 	  673.17372 	  386.85831 	 1360.29282 	 1179.67969 	  298.63386 	  759.03131 	 1321.73110 	  358.99538 	  844.86011 	 1323.16781 	    0.00000 	 1209.49622 	 1004.25311 	 1677.65177 	  782.45893 	  602.31316 	 2059.83423 	 2704.72873 	  456.19042 	 1196.90752 	 
 537.51323 	  220.92619 	  159.02224 	  531.45417 	  737.27294 	  457.95671 	 1268.92811 	 1593.24335 	  422.76251 	 1589.43720 	  957.06695 	 2372.18567 	  847.33661 	  817.49294 	 1076.01656 	 1323.70820 	    0.00000 	   71.59348 	 2329.71739 	  323.01658 	  795.50482 	 2363.48123 	 2140.71853 	  810.14603 	  222.11162 	 
 596.15015 	  124.21018 	  345.00152 	  593.29702 	  406.39099 	  433.18176 	 1433.61056 	 2043.94480 	  497.68826 	 1173.53207 	  766.00485 	 2569.60311 	  686.12306 	  767.08241 	 1051.45923 	 1173.98022 	   63.60860 	    0.00000 	 2530.29436 	  311.81769 	  633.69977 	 2965.69368 	 2626.38418 	 1158.22857 	  142.29427 	 
1995.35303 	 1880.75356 	 2245.20444 	 1716.62831 	 1408.80201 	 1508.11450 	  775.02790 	  685.75299 	 1343.63537 	  875.45173 	 1259.46360 	  260.63481 	 1250.31462 	 1402.05458 	 1255.56420 	 1194.56644 	 2645.77299 	 2500.46948 	    0.00000 	 2259.94611 	 1155.95498 	  698.19548 	 1161.76379 	 1585.42641 	 1474.81875 	 
 542.88463 	  219.33043 	  543.05223 	  430.96857 	  263.70325 	  124.47040 	  810.84763 	 1422.72301 	  229.94294 	 1305.81270 	  846.00650 	 2400.87810 	  585.01502 	 1288.49964 	  565.80558 	  801.17257 	  241.44840 	  317.22080 	 2248.12195 	    0.00000 	  615.23131 	 2717.83879 	 2126.26566 	  868.30586 	  149.15695 	 
 423.84502 	  751.28339 	 1090.75303 	  308.19398 	  350.97361 	  611.00267 	  465.86560 	  734.96097 	  520.94757 	  846.75800 	  203.78894 	 1756.61689 	  195.57635 	  772.26522 	  555.46217 	  582.32320 	  737.06318 	  840.51346 	 1317.13751 	  569.06562 	    0.00000 	 1688.73856 	 1749.75793 	  697.53718 	  769.87985 	 
2200.41832 	 2289.18518 	 3288.68731 	 1460.90136 	 1550.31098 	 1714.36474 	 1907.51628 	 1069.72126 	 1670.37902 	 2035.25148 	 1233.23380 	  447.33246 	 1886.94217 	 2329.50300 	 1380.51306 	 2414.73010 	 2232.95716 	 2795.36888 	  765.39801 	 1614.26002 	 2159.27690 	    0.00000 	  626.79245 	 2920.22154 	 1704.24499 	 
1733.47695 	 2966.83787 	 2386.70219 	 2079.68324 	 2074.72640 	 2347.28334 	 2188.55323 	 1020.96144 	 1649.11326 	 1622.48869 	 1709.98180 	  976.40141 	 2065.19784 	 3299.34043 	 1640.78573 	 2669.11615 	 2763.57001 	 2583.50024 	 1453.70719 	 2314.95312 	 1856.66916 	  534.07540 	    0.00000 	 2181.57466 	 1690.79422 	 
 459.96904 	  860.82511 	 1478.90725 	 1279.37171 	  802.32048 	  735.62825 	  732.20144 	 1813.51149 	  742.39219 	  976.17747 	  952.00504 	 2080.51587 	  462.48588 	  160.07806 	 1699.47712 	  474.66370 	 1106.28513 	 1009.70808 	 1600.29449 	  901.01016 	  671.04705 	 1756.96608 	 3086.51371 	    0.00000 	  740.06100 	 
 668.22851 	   33.19718 	  314.89273 	  693.30083 	  303.81227 	  325.62977 	 1338.85831 	 1792.98613 	  366.29136 	 1563.69908 	  734.34616 	 1977.84114 	  699.80022 	  987.99400 	  764.49422 	 1073.89458 	  155.25228 	  105.68661 	 1447.08025 	  202.41972 	  766.12042 	 2521.36320 	 2315.11071 	 1003.49570 	    0.00000 	 
   0.00000 	 8405.24741 	 8982.10189 	 24049.43388 	 3932.55817 	 5508.33927 	 11440.80512 	 2508.83659 	 7655.99005 	 9088.46385 	 2791.10292 	 7164.88348 	 8203.72452 	 27927.15980 	 4143.39774 	 8462.03975 	 34141.68108 	 11622.78219 	 1254.92760 	 5776.03458 	 4596.18630 	 6227.57481 	 2899.70179 	 14762.95153 	 11639.82470 	 
5102.76117 	    0.00000 	 16564.01036 	 15373.03839 	 3360.77155 	 4927.45473 	 3790.88141 	 3927.22528 	 5696.29153 	 3792.00223 	 2255.85477 	 6461.75911 	  906.24835 	 6964.50902 	 1457.91045 	 5811.16682 	 24974.71346 	 7255.97176 	  840.94262 	 9744.70289 	 4828.67259 	 6524.78135 	 3296.12542 	 2539.09522 	  497.17921 	 
5559.39457 	 11082.21695 	    0.00000 	 28254.25623 	 7514.23393 	 10963.08355 	 4602.13542 	 7375.82722 	 17531.19577 	 5194.62923 	 3813.08098 	 28132.92950 	 1369.51587 	 27305.61578 	 6773.83990 	 3475.83682 	 235843.90177 	 27394.73276 	 3648.60710 	 11557.73225 	 6616.27202 	 21103.81358 	 3468.71867 	 9749.63949 	 37739.41281 	 
17043.54484 	 11955.29416 	 31536.75300 	    0.00000 	 23623.45776 	 29040.67089 	 18571.31227 	 21967.25716 	 40407.80382 	 18279.40255 	 26015.69748 	 80344.32493 	 13438.84044 	 36583.80871 	 53474.98514 	 10986.04682 	 191083.81081 	 41213.76597 	 11431.86278 	 32208.72775 	 35833.74378 	 43637.83359 	 9891.90344 	 15396.50454 	 52555.88741 	 
3425.33295 	 2970.57809 	 5602.78033 	 23786.37199 	    0.00000 	 7729.47933 	 3471.40507 	 2016.51130 	 5052.62792 	 1617.24136 	 2128.72470 	 6803.47535 	 1783.14410 	 8501.00803 	 2386.83434 	 1697.61639 	 28231.37389 	 7359.78509 	 1308.67650 	 4694.77614 	 5015.04169 	 3120.76645 	  843.07033 	 5310.86121 	 8793.86006 	 
7357.72667 	 6486.56665 	 11010.74336 	 36391.49057 	 9340.52950 	    0.00000 	 6285.83846 	 2469.04488 	 10723.69773 	 3283.97706 	 3509.82836 	 12309.57023 	 1652.34750 	 18297.47550 	 5902.17772 	 2377.13013 	 67606.66081 	 11093.89970 	 2689.87630 	 6369.53866 	 9395.17214 	 7608.94331 	 1646.89261 	 4692.64765 	 13068.11050 	 
15025.75891 	 3183.38247 	 6903.88464 	 23979.11662 	 2431.84255 	 4030.91151 	    0.00000 	 13503.56919 	 7694.24689 	 28975.23327 	 10067.92785 	 20567.81371 	 8663.26892 	 9691.79593 	 3816.72286 	 13700.40205 	 26165.73876 	 7481.04629 	 6357.42800 	 3865.11237 	 11307.89007 	 16472.58920 	 4274.95639 	 2680.51450 	 12158.24775 	 
2081.40999 	 2333.46021 	 4836.97701 	 21347.77657 	 1408.13525 	 3068.96129 	 9841.55247 	    0.00000 	 5949.20276 	 5311.90401 	 10612.97429 	 36845.43615 	 2039.34658 	 2743.98593 	 9336.91779 	 2843.71478 	 27972.35352 	 6050.64240 	 9086.26997 	 3201.49996 	 7758.51439 	 12271.75818 	 5757.37284 	 1045.66514 	 6607.90944 	 
11074.92516 	 6010.19706 	 17669.73130 	 55633.09111 	 5158.58463 	 11627.91019 	 7548.13437 	 7004.91684 	    0.00000 	 5227.29397 	 5929.15230 	 21142.03274 	 3661.08404 	 21256.26849 	 11562.17605 	 4308.42811 	 73432.06363 	 16382.94440 	 3902.25682 	 10565.04075 	 13871.16434 	 16339.86893 	 5379.82635 	 9612.79431 	 14144.92337 	 
8038.74223 	 4288.56240 	 2988.14728 	 20088.13074 	 2487.83188 	 2608.68880 	 28201.80596 	 7823.56224 	 4075.56614 	    0.00000 	 4470.90718 	 17795.42819 	 3058.55695 	 8697.19858 	 2181.25636 	 19428.55511 	 19744.43202 	 6127.13819 	 1734.11083 	 4247.13691 	 7345.23096 	 9116.02937 	 2980.05367 	 1802.61496 	 4555.52140 	 
3264.54889 	 2870.39078 	 3925.46391 	 26942.93232 	 1890.28724 	 2144.55819 	 8610.22129 	 12500.94318 	 4816.24063 	 4605.63250 	    0.00000 	 14192.80830 	 3749.52352 	 3676.75354 	 6001.93827 	 3328.43721 	 20082.75811 	 3763.47269 	 3853.92455 	 1648.89874 	 18185.36509 	 6943.87213 	 3134.24777 	 2164.66558 	 7837.36116 	 
6482.46487 	 6426.94238 	 16693.12887 	 57241.84327 	 5342.09007 	 10985.51971 	 23389.69301 	 25401.75106 	 17027.68197 	 19515.80250 	 18033.21811 	    0.00000 	 6308.57426 	 12769.05793 	 14816.56895 	 12672.59862 	 96088.81648 	 23650.10706 	 29050.10854 	 8486.37425 	 14680.13426 	 119470.84190 	 42271.76501 	 4312.21435 	 17644.19139 	 
9546.93599 	 1468.72531 	 1829.31855 	 12896.16336 	 2312.58548 	 1676.02895 	 7612.66030 	 1836.64788 	 4200.29936 	 4046.48400 	 2864.17890 	 6258.74168 	    0.00000 	 2796.14293 	 1331.82841 	 6339.54638 	 11718.24055 	 3332.34338 	  788.60343 	 1083.37703 	 6255.61607 	 2931.33630 	 1330.33741 	 1383.84339 	 5930.52032 	 
28120.77024 	 7006.49567 	 17578.20098 	 56604.30054 	 7437.28599 	 16647.64252 	 9544.62448 	 4005.97429 	 26368.95304 	 6780.84578 	 3478.55199 	 19216.34433 	 3864.68083 	    0.00000 	 3946.43741 	 11476.66166 	 197492.73725 	 26208.27673 	 1422.87531 	 12205.10393 	 9950.50345 	 7741.86433 	 1423.53471 	 19279.24637 	 20476.89138 	 
3668.05429 	 1149.72585 	 6523.78964 	 59342.90212 	 2282.96403 	 5909.14135 	 3989.20367 	 7404.55953 	 11206.55173 	 2621.05092 	 9955.28721 	 15685.34185 	  817.19809 	 6549.32283 	    0.00000 	 1656.22283 	 23863.92056 	 5640.06134 	 3867.83974 	 3120.12239 	 7680.19265 	 13608.15479 	 7909.30823 	 3719.53334 	 15598.96690 	 
12673.32226 	 5255.98346 	 2734.02249 	 15729.17516 	  956.36465 	 2604.87023 	 10867.81927 	 2673.37985 	 4914.80577 	 18736.73861 	 2228.33636 	 11159.05965 	 5689.42258 	 10685.47668 	 2181.21768 	    0.00000 	 17397.49342 	 3755.43607 	  668.44008 	 2186.07123 	 4348.47387 	 6148.61698 	 1637.70999 	 4215.33646 	 5246.60981 	 
44332.08402 	 19577.05670 	 228703.30906 	 134283.68975 	 27952.99002 	 59702.96666 	 31302.93054 	 17094.20800 	 89554.87024 	 22610.26745 	 15216.14682 	 135453.17328 	 13412.66568 	 141974.70483 	 19973.00789 	 24799.74189 	    0.00000 	 11721.53993 	 9387.93421 	 75686.00651 	 27122.93513 	 73887.51744 	 18630.39245 	 22974.93590 	 139156.75819 	 
8273.30266 	 8027.62447 	 30571.27946 	 37713.81691 	 5021.08758 	 16666.11814 	 9458.44863 	 5632.35585 	 17866.36434 	 6620.77143 	 5123.04822 	 16098.29295 	 2990.93686 	 19689.33720 	 5915.33161 	 5590.73975 	 7709.24966 	    0.00000 	 3555.18176 	 30803.56163 	 5818.84933 	 16314.80320 	 4062.21038 	 4786.56508 	 15234.79897 	 
1070.24220 	  622.14399 	 3380.58958 	 18319.35043 	 1022.36592 	 3839.35301 	 7021.43028 	 9866.47875 	 3923.50646 	 2069.17058 	 3522.50030 	 27164.36167 	  811.80287 	  843.24816 	 5302.74949 	  653.06101 	 14006.09267 	 2681.03697 	    0.00000 	 1531.76409 	 3825.97193 	 9571.06691 	 3683.57504 	  648.64411 	 3091.68632 	 
6410.38868 	 6719.44030 	 14102.93532 	 22830.44116 	 3598.63687 	 6459.31849 	 3679.91570 	 2323.88972 	 13144.75430 	 2670.78012 	 1931.25435 	 10315.29994 	  955.97281 	 18250.66173 	 2116.68015 	 1706.46991 	 73303.79543 	 26454.86719 	 2347.14778 	    0.00000 	 5187.91819 	 7779.80668 	 1505.05036 	 6704.46610 	 11814.08845 	 
6040.17077 	 3948.97619 	 6954.14521 	 37324.34514 	 4380.33368 	 6487.37166 	 8671.96561 	 6442.22303 	 12487.73146 	 4810.84916 	 16753.78365 	 16933.32631 	 6038.52334 	 8422.63636 	 8463.53212 	 4568.07631 	 32207.92942 	 5714.59514 	 4068.84763 	 5223.47583 	    0.00000 	 7803.95294 	 3974.29673 	 4258.32251 	 14524.09003 	 
8278.54441 	 6568.71413 	 16395.86103 	 38811.41098 	 3388.80773 	 6679.57635 	 14510.09544 	 12709.13022 	 13362.27774 	 6161.69984 	 6828.29223 	 85057.07993 	 3447.27595 	 5830.47485 	 9765.13153 	 5222.38575 	 65554.09025 	 18811.76023 	 10327.77501 	 8138.36958 	 12272.25813 	    0.00000 	 37801.41771 	 2381.92717 	 22246.94595 	 
2416.00788 	 4313.54758 	 3856.75320 	 17633.46205 	 1287.59507 	 1965.11102 	 3994.05716 	 7014.74455 	 5415.82085 	 2591.64986 	 3601.63174 	 31433.86112 	  754.38307 	 1939.59018 	 4727.11745 	 2528.79044 	 18201.56119 	 4426.31233 	 4079.19913 	 2556.92624 	 3692.13754 	 30685.66240 	    0.00000 	  891.13632 	 5584.54174 	 
9526.39298 	 2402.47342 	 8917.93594 	 20335.70656 	 5941.71078 	 8355.42956 	 1910.83666 	 1285.44881 	 14275.49231 	 1911.21952 	 1716.38189 	 4855.96343 	 1487.34762 	 24431.76706 	 2674.46067 	 2559.88163 	 27874.25133 	 5325.50726 	  582.67727 	 5246.62691 	 2885.91522 	 2139.96810 	  844.92001 	    0.00000 	 6307.45046 	 
19038.35338 	  472.30549 	 39339.88243 	 35282.76410 	 8787.24748 	 13155.80783 	 12197.22101 	 10043.03490 	 15954.99033 	 6642.37681 	 6449.23081 	 30865.22109 	 3530.49914 	 17848.81388 	 11698.14399 	 5779.12538 	 125623.24431 	 11082.39065 	 2914.74521 	 9716.83624 	 10715.68084 	 16616.05236 	 5784.10619 	 6660.90747 	    0.00000 	 
   0.00000 	  577.92116 	  926.41210 	  710.54751 	  354.42083 	  424.36920 	  614.69849 	 1361.47700 	  655.27406 	  657.14763 	  581.73593 	 1729.59419 	  273.30536 	  675.04445 	  892.16395 	  349.67202 	  680.87305 	  480.61365 	 1298.29269 	  516.11212 	  412.52811 	 1648.47687 	 2122.29321 	  431.20080 	  493.24559 	 
 681.47293 	    0.00000 	  407.48999 	  590.88276 	  530.60409 	  276.84924 	 1453.80161 	 1067.72987 	  406.61353 	 1502.52154 	  794.59687 	 1910.11974 	  866.97798 	 1199.16041 	  720.96485 	 1240.56527 	  188.31980 	   82.94667 	 2255.80501 	  261.32889 	  857.84109 	 1802.31555 	 2201.00816 	  807.87836 	   29.46482 	 
 704.89047 	  467.07811 	    0.00000 	  971.67379 	  925.63135 	  569.92975 	 1758.05715 	 2101.61731 	  459.11209 	 1269.96402 	 1128.27257 	 2465.49811 	  934.68403 	 1094.61403 	 1144.15802 	 1148.43307 	  218.09696 	  254.37188 	 2040.78623 	  407.66300 	  839.75904 	 3168.39523 	 2520.83506 	 1010.80270 	  508.80618 	 
 434.41084 	  739.26734 	 1057.40394 	    0.00000 	  245.82739 	  302.99477 	  972.07191 	  709.96583 	  210.69787 	  946.81568 	  478.85171 	 1907.22177 	  618.43758 	 1181.02763 	  309.42088 	 1066.45320 	  597.29341 	  485.84776 	 1431.29347 	  426.03547 	  274.28232 	 1920.17851 	 2218.34654 	 1039.26050 	  490.61419 	 
 445.97649 	  544.09585 	  862.46761 	  264.16338 	    0.00000 	  263.78643 	  756.32413 	  866.79628 	  212.18421 	  895.44369 	  585.50749 	 1642.04668 	  438.49032 	 1183.19815 	  509.06029 	  585.84454 	  442.94629 	  471.98615 	 1316.11705 	  308.74229 	  375.10539 	 1713.91026 	 2380.11546 	  591.87059 	  416.64001 	 
 394.80174 	  281.36323 	  514.75706 	  282.25337 	  195.51385 	    0.00000 	  848.12879 	 1178.55429 	   93.13314 	 1348.25248 	  710.07068 	 2451.88439 	  662.90341 	 1051.39095 	  647.45868 	  655.98860 	  298.54715 	  441.66291 	 1996.18842 	   79.66487 	  455.19307 	 1563.54698 	 2561.79003 	  882.25700 	  330.09811 	 
 705.48097 	 1194.87925 	 1427.54137 	  867.69104 	  577.65655 	  849.37315 	    0.00000 	  785.70396 	  999.76819 	  260.83341 	  423.62019 	 1400.14274 	  374.27906 	 1413.82691 	  644.22286 	  451.43666 	 1005.43961 	 1308.66671 	 1043.20282 	 1174.04302 	  662.54020 	 1757.48665 	 1246.33630 	 1082.71220 	 1430.50904 	 
 992.21063 	 1859.97268 	 2210.57082 	  821.74057 	 1201.45207 	 1459.13296 	  783.25823 	    0.00000 	 1215.50341 	  613.84490 	  697.99773 	  630.45959 	  815.74901 	 2044.42640 	  782.55800 	 1129.75471 	 2052.24288 	 1158.76978 	  481.56609 	 1016.90607 	  604.00427 	 1007.24433 	  813.13667 	 1593.84989 	 1662.82152 	 
 709.28353 	  457.37987 	  786.85383 	  297.06679 	  203.29472 	  112.29728 	 1250.83219 	  852.42316 	    0.00000 	 1374.00451 	  796.36360 	 2120.88287 	  615.76917 	 1127.80939 	  640.95507 	  668.18896 	  468.07482 	  403.22908 	 1990.63511 	  225.02273 	  445.68796 	 2049.86689 	 1978.39526 	  827.78351 	  454.92151 	 
 660.58927 	  906.07857 	 1897.83316 	 1153.10925 	  998.56045 	 1329.08722 	  276.61000 	  867.65359 	 1026.39116 	    0.00000 	  696.43161 	 1536.22406 	  557.03365 	  959.75529 	 1252.43686 	  380.29875 	 1571.99463 	 1576.07380 	 1222.54019 	 1240.50035 	  565.73116 	 1473.91082 	 2214.81032 	  937.01387 	 1341.74496 	 
 490.43599 	 1002.11564 	 1432.48554 	  392.62649 	  394.97739 	  540.61402 	  384.57324 	  429.61081 	  823.59999 	  682.87128 	    0.00000 	 1310.15790 	  386.78794 	 1241.06342 	  316.57725 	  533.56798 	  973.34102 	 1081.56162 	  959.47265 	  783.92297 	  291.24610 	 1433.46456 	 1153.88429 	 1142.88505 	  913.07697 	 
1460.04048 	 2361.73136 	 3283.50773 	 1333.14936 	 1521.72214 	 2059.12467 	 1164.80274 	 1080.78651 	 2243.34068 	 1306.11972 	 1227.74133 	    0.00000 	 1742.72995 	 2225.11938 	 1382.33470 	 1364.87123 	 1869.86876 	 2331.00595 	  346.02570 	 2537.32504 	 1849.46652 	  283.10217 	  829.31771 	 1822.11981 	 2232.20104 	 
 349.40401 	  706.20505 	 1395.34202 	  502.54504 	  516.06987 	  742.80805 	  527.97978 	  696.24104 	  603.39591 	  513.74530 	  487.13283 	 1609.30188 	    0.00000 	  948.74764 	  590.18137 	  306.21842 	  804.04192 	  672.52764 	 1026.35070 	  755.02749 	  330.75138 	 1796.51096 	 2162.61164 	  493.85935 	  555.89759 	 
 717.76563 	  693.11111 	 1480.50770 	 1119.47045 	  878.97042 	 1340.16116 	 1409.25313 	 1495.79276 	 1433.96890 	 1020.48900 	 1487.44272 	 2692.75419 	  846.91748 	    0.00000 	 1488.33019 	  712.04535 	 1030.38012 	 1188.04034 	 1765.09861 	 1252.92323 	  924.94438 	 2341.05349 	 2436.21063 	  210.82965 	  980.29532 	 
 831.47830 	  697.60213 	 1323.54765 	  349.84086 	  762.91784 	  630.24985 	  760.38711 	  583.03773 	  563.86396 	 1104.81645 	  372.16221 	 1227.33086 	  747.71785 	 1707.97560 	    0.00000 	 1041.98674 	  793.35262 	 1196.48843 	 1317.48657 	  706.62311 	  524.80019 	 1364.53244 	 1295.65097 	 1160.04252 	  758.81295 	 
 406.75496 	 1042.41919 	 1306.13956 	  856.09477 	  872.04170 	  967.47948 	  485.81447 	 1198.57868 	  678.04869 	  286.44407 	  833.45524 	 1598.79546 	  437.30789 	  594.53108 	  961.35382 	    0.00000 	  901.52597 	 1314.33648 	 1563.73882 	  893.76508 	  779.93754 	 1632.24103 	 2612.83468 	  571.86707 	  958.06557 	 
 852.82849 	  232.83891 	  190.23560 	  554.80848 	  457.43178 	  525.10481 	 1101.99803 	 1641.86805 	  356.49738 	 1422.31020 	  906.89635 	 1868.79258 	 1127.29457 	  777.13692 	  823.15118 	 1210.39656 	    0.00000 	   99.45233 	 1837.77525 	  404.69825 	  727.86510 	 2654.10807 	 2851.66931 	 1024.70912 	  185.63130 	 
 829.25504 	   92.54270 	  195.86025 	  522.98607 	  648.61170 	  402.97200 	 1510.83433 	 1893.06327 	  526.52528 	 1700.85045 	 1304.55123 	 2675.00933 	  772.97193 	 1029.90616 	  792.13365 	  978.32884 	   86.30505 	    0.00000 	 1517.45731 	  206.46797 	  730.19890 	 2265.96201 	 2482.85579 	  810.19288 	  103.87834 	 
1282.96637 	 1412.48346 	 1614.01490 	 1481.87193 	 1298.11439 	 1477.48254 	 1099.79417 	  499.47104 	 1323.67493 	  778.45449 	 1077.27088 	  419.92943 	 1602.07152 	 1976.96123 	 1638.24950 	 1607.83217 	 2578.30565 	 1862.98744 	    0.00000 	 1584.61938 	 1180.64880 	  649.58523 	 1467.73579 	 2000.34272 	 1498.16747 	 
 427.11638 	  256.80409 	  453.56548 	  312.70825 	  216.55555 	  131.77551 	 1027.30104 	  982.03813 	  173.53612 	 1309.16698 	  732.41746 	 1532.32170 	  566.66897 	 1293.57048 	  840.08750 	  719.58927 	  337.53590 	  273.82509 	 1606.75665 	    0.00000 	  588.72905 	 1959.52480 	 2544.28598 	 1097.20964 	  164.52971 	 
 486.50922 	  574.93241 	  926.41025 	  211.52008 	  324.14879 	  484.70491 	  582.29799 	  714.74107 	  496.93642 	  528.36246 	  165.51046 	 1175.97004 	  285.47128 	  800.78375 	  466.26024 	  532.82244 	  896.79803 	  704.15308 	 1433.39212 	  611.38985 	    0.00000 	 1288.66691 	 1588.53635 	  779.06724 	  514.94801 	 
1955.69281 	 2643.77034 	 3021.07686 	 1935.55639 	 2427.60174 	 1811.81124 	 1478.61827 	  861.61790 	 2560.75937 	 1573.21748 	 1232.05845 	  460.95072 	 1606.89025 	 2469.90405 	 1548.43106 	 2294.12968 	 2907.59685 	 3220.74370 	  606.78530 	 2451.41377 	 1973.44576 	    0.00000 	  675.71080 	 1950.27017 	 1708.13560 	 
2395.43612 	 2506.84310 	 1876.53806 	 1644.86027 	 1814.85146 	 1980.73945 	 1861.50292 	  925.55351 	 2514.38485 	 1437.85828 	 1328.86701 	  925.92580 	 1356.79003 	 3340.51189 	 1038.05090 	 1468.40685 	 1922.81528 	 2672.95014 	 1450.85766 	 2589.42225 	 1865.73623 	  517.14689 	    0.00000 	 2358.13674 	 2368.02432 	 
 358.55960 	 1040.63145 	 1213.87955 	 1181.25029 	  903.74402 	 1092.42512 	  972.98866 	 1742.45869 	 1192.29374 	  815.91526 	  915.40227 	 2070.65727 	  653.14607 	  146.94761 	 1529.11622 	  484.06603 	  905.27762 	  688.17137 	 1612.31256 	  846.60670 	  675.85388 	 2333.56604 	 2994.11771 	    0.00000 	  698.31345 	 
 680.29749 	   28.09255 	  380.54008 	  692.75874 	  315.09427 	  294.31882 	 1216.93753 	 1393.40692 	  373.01725 	 1303.83187 	 1011.69499 	 2504.30731 	  947.63536 	  954.02759 	  746.68720 	  966.00025 	  153.13530 	  117.35605 	 2520.53715 	  166.05632 	  786.85223 	 1816.05549 	 2551.11121 	 1038.10862 	    0.00000 	 
   0.00000 	 5499.16585 	 8538.11112 	 25647.30586 	 4325.87787 	 6954.41745 	 12166.60239 	 2131.52103 	 10171.14167 	 8624.31129 	 2826.38703 	 9672.63818 	 10503.30714 	 23701.75390 	 2831.51904 	 7232.51593 	 48611.41081 	 9233.38386 	 1083.78083 	 6508.91408 	 4618.99908 	 5802.98999 	 2748.99615 	 10873.41749 	 18661.27398 	 
6721.70763 	    0.00000 	 15713.19473 	 10732.22345 	 3207.87922 	 4187.65700 	 3165.87193 	 3672.32413 	 6953.18823 	 3281.72152 	 1988.77105 	 6377.63946 	  963.10793 	 6547.87355 	 1169.08247 	 6187.54209 	 30576.60837 	 5197.46674 	  938.72958 	 7262.65934 	 2875.24895 	 8244.14116 	 4559.94953 	 2611.45828 	  466.32149 	 
5524.60200 	 13567.36658 	    0.00000 	 28134.53938 	 6160.10084 	 11507.57787 	 4442.47290 	 4709.85942 	 17439.64173 	 4044.16424 	 3231.46800 	 24946.72075 	 1905.72078 	 20234.49811 	 6205.95922 	 3930.02096 	 238645.06424 	 26601.84049 	 3600.89052 	 11986.01709 	 5980.16652 	 19196.13277 	 3807.39333 	 10311.21225 	 39102.28084 	 
18432.36636 	 14071.63445 	 31244.60470 	    0.00000 	 19965.69132 	 39114.00315 	 27827.57244 	 25781.66714 	 54634.17994 	 11484.08370 	 27463.77528 	 79513.45645 	 15039.31552 	 54752.61105 	 39253.03544 	 16342.78393 	 210121.90444 	 41099.14304 	 17399.25420 	 21338.34247 	 30666.80142 	 44506.36695 	 16302.38237 	 13373.81924 	 33319.98267 	 
5939.69138 	 4305.17638 	 4445.76478 	 16083.62078 	    0.00000 	 7815.42559 	 2851.16329 	 1124.09903 	 6282.39174 	 1377.31521 	 2430.78918 	 5738.11464 	 1980.57599 	 7424.32370 	 2147.72038 	 1638.97961 	 32222.39014 	 6683.53096 	  969.15803 	 5273.37725 	 5076.67915 	 3853.81224 	 1368.69726 	 5128.49618 	 6588.59447 	 
5620.19832 	 5638.63439 	 11626.22606 	 36643.08672 	 8775.97812 	    0.00000 	 4729.63984 	 4369.84256 	 7509.92432 	 4369.06591 	 2400.24891 	 11903.27738 	 1675.56293 	 16627.96585 	 5577.46608 	 1665.26467 	 52141.79313 	 16962.59894 	 3234.05478 	 6271.28812 	 5256.75945 	 7978.95456 	 2496.62907 	 4927.78821 	 10247.73599 	 
13693.59354 	 3602.56010 	 5280.67202 	 17227.43890 	 2956.04725 	 6101.89300 	    0.00000 	 11594.34057 	 7610.52494 	 33041.90395 	 7409.19060 	 33557.53013 	 6495.91475 	 10023.40838 	 5804.17970 	 16878.47651 	 33459.16619 	 5758.40222 	 5430.87955 	 2647.98699 	 8323.92525 	 12325.55727 	 4840.66597 	 2112.24873 	 13769.20024 	 
1950.23332 	 3731.58196 	 6437.06151 	 30918.07105 	 1162.99697 	 4423.19618 	 11404.65161 	    0.00000 	 5679.60170 	 8147.48135 	 12842.19568 	 27376.74504 	 1782.34372 	 2675.72456 	 10259.48943 	 2380.17630 	 18626.67698 	 6308.31852 	 8544.38452 	 2411.82356 	 7641.72064 	 22419.64385 	 6143.62817 	 1228.13254 	 8433.34610 	 
11239.86347 	 6255.34310 	 20314.77336 	 58537.81578 	 5026.59208 	 11099.54601 	 8094.13335 	 6179.12606 	    0.00000 	 5079.74214 	 6332.10338 	 24729.49334 	 3822.25272 	 26008.68874 	 12562.45498 	 3147.29591 	 100418.77689 	 23752.23410 	 3635.17335 	 13100.01412 	 12506.97774 	 13384.57302 	 3121.26338 	 13064.37426 	 18972.30068 	 
6545.07802 	 4311.97057 	 4548.31209 	 17117.59210 	 1872.41395 	 2626.45828 	 28320.84550 	 5890.71719 	 4030.82858 	    0.00000 	 4088.87562 	 19085.99693 	 4252.14239 	 8031.66578 	 1983.87373 	 17035.11460 	 30535.22432 	 5501.44682 	 2640.54222 	 3543.48770 	 4983.47788 	 7531.72604 	 2053.21272 	 2894.45890 	 7103.70195 	 
2702.59798 	 1771.37724 	 2372.65506 	 31018.94050 	 1990.38408 	 3248.32236 	 10289.17039 	 13654.23673 	 6150.65720 	 4911.27432 	    0.00000 	 16240.37441 	 2911.41010 	 3350.37728 	 7512.84493 	 2399.27914 	 13073.17420 	 4813.64992 	 3226.18683 	 2661.09854 	 14285.84480 	 7757.12909 	 2554.51836 	 1452.10880 	 8644.40765 	 
7315.60594 	 8551.19428 	 27914.96934 	 75866.81486 	 7297.23510 	 18474.78838 	 27757.38928 	 26878.82265 	 22868.40760 	 21249.69942 	 13397.17881 	    0.00000 	 5345.49686 	 18066.41266 	 19818.90794 	 11874.29226 	 116275.82262 	 18680.01465 	 24159.34328 	 7836.67916 	 20645.62802 	 104366.93436 	 31135.53944 	 3944.94489 	 31330.97157 	 
10566.56862 	 1355.63609 	 1854.29606 	 15124.49387 	 2001.82132 	 2183.90517 	 5847.87448 	 1750.51470 	 3594.72252 	 4507.59469 	 3076.55347 	 4689.16054 	    0.00000 	 4029.01756 	 1194.49675 	 7410.52861 	 10612.15359 	 3871.76754 	  550.24171 	  972.60125 	 7299.79128 	 3148.51150 	 1313.04689 	 1881.01938 	 5838.98575 	 
17747.97224 	 5612.66069 	 29843.86220 	 42371.85422 	 8391.40951 	 12691.97756 	 7180.66890 	 2428.86537 	 20601.73660 	 7628.09345 	 5259.06962 	 17395.79257 	 2486.59112 	    0.00000 	 5513.27257 	 11150.78580 	 143617.94352 	 26058.10221 	 1200.46552 	 14959.76521 	 10142.66861 	 8579.95172 	 1300.23231 	 15891.97033 	 15039.47540 	 
2479.86294 	 1037.24804 	 4770.95112 	 43704.01916 	 1639.16632 	 6125.63994 	 4190.31731 	 7138.61300 	 11699.02568 	 1970.93562 	 7674.11551 	 18612.43085 	  902.12419 	 6116.09126 	    0.00000 	 1526.76935 	 29881.47554 	 8795.40213 	 4431.26957 	 3137.74731 	 6613.57021 	 14445.00093 	 6838.46907 	 3856.50269 	 9049.36181 	 
12686.92843 	 5888.74405 	 3953.49092 	 15814.03339 	 1511.25799 	 2235.91879 	 12645.99603 	 2761.03932 	 3704.48236 	 24626.85947 	 2568.03349 	 9790.01033 	 7546.05890 	 8582.92895 	 2282.74717 	    0.00000 	 24573.04851 	 3874.58127 	  989.50751 	 1964.93049 	 4388.05308 	 5108.06179 	 2588.65358 	 3591.47934 	 5248.86350 	 
53760.43767 	 26584.20034 	 247221.83880 	 138441.47417 	 31183.39798 	 51627.17131 	 37999.52083 	 21323.29961 	 70436.62077 	 21744.79371 	 16458.17081 	 122748.04655 	 8737.59397 	 132071.27522 	 31451.06455 	 22615.15667 	    0.00000 	 9670.82950 	 7987.37132 	 52145.70997 	 33129.11215 	 81811.14289 	 17248.14501 	 20210.56587 	 204215.28282 	 
13798.03760 	 5540.77614 	 42760.44869 	 39682.08448 	 7383.53021 	 12182.05188 	 7938.17759 	 4197.64846 	 22050.64889 	 4984.05170 	 4369.68847 	 19589.63063 	 2324.41092 	 23249.56474 	 8347.89110 	 3826.16057 	 7168.75371 	    0.00000 	 3528.81410 	 30482.90072 	 6022.89998 	 13035.19955 	 4534.18621 	 4549.39184 	 9135.43304 	 
1555.92289 	  682.35945 	 3280.05779 	 10834.09935 	 1071.89210 	 2386.37703 	 5580.99605 	 10170.56998 	 5356.98422 	 1668.14111 	 2295.06428 	 40337.37615 	  801.00965 	 1295.66948 	 4136.66642 	  923.07925 	 13097.79862 	 2048.47235 	    0.00000 	 1837.69159 	 4231.50813 	 8657.16774 	 3822.34755 	  612.04966 	 3593.78791 	 
4075.80563 	 9541.52462 	 14483.37404 	 28715.22234 	 4447.43409 	 4463.69090 	 4004.24324 	 2818.39335 	 10060.52154 	 3789.23162 	 2454.12129 	 9383.31336 	 1178.17511 	 17170.02242 	 2451.17276 	 2098.27648 	 79082.97101 	 28131.26270 	 2401.29898 	    0.00000 	 5078.83484 	 6496.41048 	 2235.91738 	 3805.75943 	 10902.85679 	 
7141.57273 	 4502.69118 	 7250.97426 	 32132.94833 	 6487.85999 	 7133.71166 	 8445.55809 	 6522.42448 	 15222.41618 	 7289.39567 	 15357.02487 	 17658.65856 	 4625.31436 	 8564.91698 	 7769.36193 	 4321.85489 	 30572.50749 	 8861.11120 	 4167.71288 	 3944.53413 	    0.00000 	 8137.25620 	 2297.55676 	 3650.02291 	 8590.40496 	 
7900.22113 	 6221.51661 	 16988.00995 	 32133.59661 	 2669.83957 	 8511.92858 	 16731.78979 	 12376.85921 	 12609.31311 	 6584.56283 	 7855.40700 	 109899.30662 	 2900.87004 	 9896.26173 	 15128.62744 	 6008.88259 	 91623.99662 	 15562.77517 	 12781.32236 	 5465.83913 	 7046.57361 	    0.00000 	 39777.30443 	 2091.89875 	 23901.49128 	 
2145.98243 	 3501.87563 	 5398.07474 	 13994.65827 	 1279.65151 	 1914.26512 	 4781.75429 	 10197.55598 	 4720.86634 	 3617.23677 	 2663.18508 	 40718.34569 	  816.13188 	 2373.87658 	 6886.28730 	 2038.67998 	 17676.53396 	 4417.85351 	 3555.78953 	 2267.37256 	 2543.91935 	 30713.83739 	    0.00000 	 1179.78846 	 4701.57187 	 
8627.93716 	 2037.00624 	 10464.29627 	 16575.91767 	 5607.87418 	 6001.15601 	 2784.24749 	 1429.86121 	 10914.94168 	 2021.22118 	 1521.42527 	 4839.16603 	 1787.38580 	 23105.12319 	 3170.82943 	 3710.47846 	 35501.54791 	 5224.78395 	  587.59349 	 5178.93176 	 2814.73633 	 1843.67817 	  685.91938 	    0.00000 	 6775.05656 	 
18179.84981 	  612.02463 	 49622.46336 	 36920.10472 	 7429.11632 	 11314.61119 	 9193.73285 	 6898.51707 	 18088.73871 	 6382.17592 	 5456.82793 	 30823.26777 	 4699.26636 	 26353.31600 	 9213.02074 	 5079.61240 	 180882.75072 	 9215.97210 	 4478.79594 	 11509.14257 	 11416.37843 	 17100.81047 	 4724.73375 	 5060.81980 	    0.00000 	 
   0.00000 	  708.81414 	  796.82550 	  752.01032 	  448.09496 	  533.74209 	  667.53113 	 1498.50679 	  777.45296 	  750.53513 	  773.62656 	 1872.14077 	  409.19165 	  748.06502 	  998.86511 	  552.55763 	  804.71878 	  766.91851 	 1300.47391 	  477.45118 	  544.65782 	 2102.23524 	 1852.89558 	  357.31786 	  388.29532 	 
 600.57696 	    0.00000 	  427.10213 	  551.56082 	  457.86692 	  371.95602 	  857.74546 	 1607.91807 	  341.45704 	 1063.29556 	  986.87078 	 2905.36553 	  986.79550 	  904.96953 	  887.82439 	  809.28558 	  220.51276 	   67.59025 	 1985.91503 	  149.14628 	  625.66861 	 1792.57835 	 2315.23797 	  879.73865 	   36.03142 	 
 678.57975 	  368.34885 	    0.00000 	  745.59194 	  931.99071 	  635.51267 	 1908.47051 	 2143.57711 	  438.42001 	 2042.49457 	  911.01015 	 2326.91954 	 1087.31430 	 1641.83592 	 1235.64538 	 1649.56584 	  175.97838 	  311.82813 	 1673.56855 	  371.47220 	  742.64831 	 2616.05633 	 2160.58830 	  926.19056 	  456.37298 	 
 444.51198 	  729.32467 	  945.60593 	    0.00000 	  287.34214 	  222.82781 	  609.96035 	 1150.40917 	  230.26808 	 1053.17978 	  296.04142 	 1981.75254 	  503.45559 	 1165.56726 	  370.51309 	  593.33279 	  657.58120 	  719.06765 	 1727.96732 	  400.27292 	  223.74487 	 1367.17558 	 2141.04021 	 1032.66350 	  757.44154 	 
 301.57513 	  466.85144 	  595.41819 	  223.57281 	    0.00000 	  225.66891 	  569.17883 	 1360.18122 	  254.30534 	  939.04179 	  385.00920 	 1575.68871 	  364.10637 	  755.01334 	  712.02419 	  787.36699 	  563.99979 	  594.50412 	 1378.53429 	  247.39092 	  305.04038 	 2343.01772 	 2411.12073 	  586.35643 	  371.72561 	 
 531.93834 	  330.34650 	  685.01521 	  225.92399 	  293.47510 	    0.00000 	  885.36507 	 1200.68032 	  109.69788 	 1017.27449 	  738.85876 	 1587.51772 	  570.65434 	  781.53366 	  673.45957 	 1185.33293 	  476.30507 	  451.57478 	 1792.53653 	  121.73852 	  619.53754 	 2084.10111 	 2065.95537 	 1051.72818 	  316.63529 	 
 706.35716 	 1384.15501 	 1133.35293 	  662.11784 	  620.26443 	  909.92756 	    0.00000 	  650.79315 	  889.14339 	  213.97193 	  372.25518 	 1551.90816 	  344.94162 	 1098.65765 	 1089.05693 	  527.78045 	 1530.49804 	 1271.13548 	  671.08148 	  973.77366 	  627.64813 	 1319.47829 	 1992.77015 	 1075.96710 	 1033.91437 	 
1357.66854 	 1349.46502 	 1747.64293 	  769.80968 	 1348.64648 	 1469.06995 	  552.42197 	    0.00000 	 1456.24568 	  833.93530 	  596.20399 	  692.18187 	 1088.18402 	 1668.79144 	  862.34094 	 1127.10849 	 1175.35816 	 2039.61749 	  504.51941 	 1635.64830 	  569.62231 	  678.98358 	  936.68625 	 1456.93512 	 1156.12873 	 
 463.40909 	  461.72785 	  762.30104 	  206.46405 	  267.18120 	   99.96561 	 1149.65435 	 1308.86105 	    0.00000 	 1186.71800 	  676.89485 	 1659.05974 	  575.81362 	 1442.47779 	  571.67724 	  680.36392 	  542.69693 	  396.51182 	 1494.04727 	  168.50627 	  425.08916 	 1489.22677 	 2274.69748 	  931.05294 	  407.59617 	 
 519.95045 	 1202.92851 	 1216.49182 	 1056.78792 	  757.79639 	  801.15975 	  209.17041 	  959.28085 	 1146.33404 	    0.00000 	  598.76203 	 1522.72376 	  439.52386 	  966.00717 	  800.96957 	  268.30272 	 1412.99635 	 1600.32668 	  923.22837 	  833.44741 	  844.34768 	 1157.05388 	 1808.69078 	 1008.56592 	 1201.20664 	 
 763.16595 	 1025.62022 	 1127.76792 	  289.55229 	  566.36237 	  579.93044 	  507.77230 	  536.33423 	  471.36848 	  603.19658 	    0.00000 	 1010.39784 	  404.29424 	 1412.15522 	  501.90055 	  512.62982 	 1379.13962 	  998.41489 	 1069.58975 	  898.03702 	  293.72607 	 1379.22594 	 1950.95766 	 1149.41407 	 1102.90318 	 
1383.06064 	 2978.53967 	 2495.75446 	 2019.42288 	 2016.86056 	 1916.28508 	  946.36180 	  991.97589 	 2226.46829 	 1114.25139 	 1700.37761 	    0.00000 	 1869.41683 	 2656.69035 	 1807.55226 	 1674.64303 	 1971.51651 	 2475.84751 	  287.77686 	 2141.74962 	 1524.53136 	  256.13738 	 1166.80904 	 2542.16593 	 1655.64499 	 
 413.16027 	  559.28012 	  843.03623 	  522.27297 	  478.24173 	  455.89440 	  359.44073 	  783.78283 	  735.33288 	  418.80203 	  359.64336 	 2002.22597 	    0.00000 	 1094.47056 	  884.16893 	  411.78536 	 1178.85200 	  922.65494 	 1048.10478 	  494.96426 	  239.14872 	 1392.74516 	 1576.01843 	  664.34925 	  931.20682 	 
 576.05884 	  761.10569 	 1156.75326 	  987.26585 	  688.91219 	  984.38826 	 1300.65704 	 2117.69460 	 1342.86075 	  810.58268 	  927.94675 	 2509.50895 	  999.35941 	    0.00000 	 1502.69683 	  876.04140 	 1271.56694 	 1141.79477 	 1555.19227 	 1222.88795 	 1197.00581 	 2042.75448 	 2727.83395 	  191.52837 	  969.79859 	 
 724.92850 	 1026.53567 	  902.98501 	  445.99243 	  704.34897 	  610.72428 	 1002.73255 	  833.77715 	  573.88420 	  866.15024 	  492.84044 	 1395.96293 	  643.42536 	 1281.13591 	    0.00000 	  964.29052 	 1288.50951 	  779.53561 	 1126.80599 	  695.21644 	  407.30764 	 1929.53344 	 1399.89453 	 1107.53963 	 1040.86872 	 
 513.35468 	 1132.17519 	 1673.71843 	  923.21194 	  703.54192 	  822.35311 	  461.09668 	  965.53927 	 1164.95401 	  347.88587 	  845.85628 	 1719.08446 	  374.15608 	  653.87755 	 1032.92251 	    0.00000 	 1268.53136 	 1218.34101 	 1612.09289 	  914.31770 	  448.67104 	 1946.93528 	 2297.09992 	  573.11283 	 1192.26553 	 
 908.17974 	  226.74092 	  196.93798 	  822.91837 	  428.19492 	  439.37711 	 1395.53586 	 1467.49809 	  431.65331 	 1696.69232 	  890.58545 	 3036.11600 	  921.46875 	 1344.25090 	 1143.17100 	  930.52328 	    0.00000 	   89.16894 	 2636.18965 	  417.61919 	  966.96633 	 2091.18606 	 2060.01867 	 1184.84758 	  205.52343 	 
 662.39609 	   99.55752 	  324.14519 	  850.32289 	  572.11012 	  391.24486 	 1278.67832 	 1794.87057 	  417.96415 	 1300.88968 	 1027.63068 	 2187.68126 	 1138.22509 	  929.18938 	  874.29876 	 1264.35721 	   89.21258 	    0.00000 	 1748.58513 	  246.61112 	 1058.79058 	 3159.93999 	 1869.97179 	 1195.67978 	  159.80019 	 
1699.42878 	 2541.32188 	 2030.93361 	 1689.70514 	 1338.29594 	 1960.64468 	  819.47511 	  603.04708 	 2183.60814 	 1211.72726 	  771.43185 	  360.60745 	 1597.67767 	 1537.30704 	 1217.94358 	  932.98272 	 2255.08832 	 2271.06404 	    0.00000 	 2067.28512 	 1121.45520 	  702.45333 	 1261.05423 	 2157.03241 	 2506.06442 	 
 527.97606 	  156.24956 	  539.12713 	  366.36801 	  246.43794 	  103.61768 	 1063.45783 	 1276.28597 	  169.98426 	 1125.41151 	  773.99358 	 2215.56752 	  826.19785 	  996.96696 	  511.99267 	  659.89904 	  315.79885 	  318.88924 	 1967.25830 	    0.00000 	  600.37507 	 2250.34184 	 1922.21408 	  630.34026 	  136.72667 	 
 365.42474 	  561.29475 	 1301.83074 	  245.18768 	  233.34832 	  437.80972 	  573.01479 	  987.84059 	  410.02035 	  493.29294 	  227.14707 	 1946.82224 	  256.03207 	  960.85954 	  499.93161 	  751.39411 	  681.25154 	  778.24258 	 1435.18513 	  701.33328 	    0.00000 	 1231.30934 	 1610.73432 	  985.42865 	  811.18510 	 
1825.72696 	 2821.85354 	 3475.95142 	 2149.27061 	 1997.41391 	 2730.60877 	 1698.18740 	 1209.27221 	 2204.34572 	 1174.95849 	 1733.18145 	  422.05701 	 2106.73548 	 2739.93427 	 1457.98105 	 1601.25895 	 1936.23661 	 2772.73723 	  648.12554 	 2716.40680 	 2146.61911 	    0.00000 	  744.68006 	 2356.98711 	 2042.56104 	 
2128.92727 	 2742.10362 	 1988.82941 	 1561.94148 	 1423.20493 	 2443.96540 	 1304.00757 	 1256.32173 	 1952.92207 	 2331.11591 	 1790.90875 	  791.44477 	 1401.17602 	 2113.10134 	 1479.17100 	 1675.14173 	 2135.60338 	 3062.13744 	 1226.43697 	 1715.97362 	 1253.72013 	  514.62012 	    0.00000 	 2089.01548 	 1787.45062 	 
 376.25712 	  762.95018 	 1514.92803 	  877.33311 	  867.81616 	 1085.21159 	  946.99001 	 1652.82712 	  936.69936 	  879.70662 	  836.30086 	 2634.75952 	  564.75751 	  193.69036 	 1590.80000 	  379.79402 	  727.17227 	 1076.25159 	 2040.97054 	  685.16331 	  851.81896 	 3036.93533 	 2768.07824 	    0.00000 	  816.60327 	 
 485.30132 	   26.08128 	  485.33388 	  577.44540 	  452.12311 	  235.03024 	 1020.89052 	 1235.09045 	  489.69068 	 1207.54769 	 1113.13303 	 2410.48742 	  967.69320 	 1038.88257 	 1177.27422 	 1143.14059 	  234.81445 	  167.47593 	 2514.27742 	  238.53972 	  715.53731 	 2065.09974 	 2411.90521 	  844.17419 	    0.00000 	 
   0.00000 	 5024.30410 	 7334.50591 	 18065.48302 	 5612.63032 	 4473.63993 	 10791.61087 	 1669.99248 	 8627.10517 	 6936.24566 	 4326.94891 	 10610.42924 	 7456.27833 	 22112.75979 	 3373.13384 	 8630.15369 	 33643.49237 	 9622.66595 	  984.12148 	 4824.45648 	 6677.17531 	 6361.22816 	 2048.52830 	 8581.44660 	 13611.40334 	 
8169.60384 	    0.00000 	 13811.27718 	 11120.28667 	 3069.96305 	 4018.70757 	 4946.19157 	 3153.32814 	 7411.64010 	 4950.17974 	 2074.91882 	 5797.08351 	  976.93473 	 8426.65060 	 1450.22087 	 5762.78554 	 24242.61188 	 8288.46109 	  630.42029 	 8027.19525 	 4728.05700 	 8495.11164 	 4111.36188 	 2595.51697 	  666.90577 	 
9033.12701 	 11717.84213 	    0.00000 	 34723.26720 	 6509.57989 	 11571.41736 	 7023.24823 	 6077.68138 	 12360.06652 	 3085.53785 	 3633.71028 	 25570.75413 	 1885.64646 	 17222.42187 	 7070.87537 	 3521.77398 	 151404.53056 	 32135.62454 	 3051.60998 	 14790.32578 	 7557.01354 	 16357.36417 	 4190.73488 	 5785.52594 	 66666.58673 	 
16831.86723 	 13578.57760 	 25785.55839 	    0.00000 	 16598.81645 	 37301.12978 	 17752.71941 	 34786.22941 	 65473.16234 	 18192.84832 	 23284.14176 	 47735.22674 	 15139.20015 	 36518.32736 	 51817.36001 	 13506.57935 	 157376.46953 	 39081.95738 	 15847.96269 	 33375.00138 	 30634.20239 	 29617.43393 	 16843.59080 	 20196.65011 	 49006.64141 	 
3366.94122 	 2989.51497 	 5522.05346 	 14585.88712 	    0.00000 	 7347.90883 	 3676.63144 	 1281.90294 	 6575.42447 	 2265.49797 	 2150.25345 	 4948.52748 	 2093.31339 	 5939.23978 	 2172.46923 	 1661.77269 	 30580.24885 	 6878.33094 	  837.37691 	 3698.84719 	 3915.95975 	 3758.19710 	  860.24571 	 4448.34950 	 6365.54564 	 
6901.33517 	 7171.86543 	 10271.98331 	 29164.57321 	 9197.32135 	    0.00000 	 3792.52895 	 4215.51887 	 12838.43282 	 3189.89018 	 1937.90404 	 13108.26883 	 2357.90122 	 16705.74947 	 3925.71139 	 1824.64671 	 48598.82482 	 14572.24018 	 3344.97960 	 5915.79363 	 7463.28803 	 6746.88537 	 2351.34326 	 7268.24141 	 16098.73319 	 
10719.47867 	 3934.99383 	 5464.43344 	 20076.35746 	 3932.65762 	 6147.32429 	    0.00000 	 12276.14607 	 5674.27363 	 35529.09039 	 9597.43119 	 25935.25393 	 6615.79721 	 7077.43656 	 3904.65572 	 13659.75282 	 34916.12612 	 5340.64564 	 6630.78555 	 2392.07940 	 9199.25881 	 13208.90792 	 6347.08319 	 2723.72807 	 10257.61436 	 
2772.46177 	 3272.89255 	 5634.78654 	 21771.31592 	 1725.81170 	 3471.15422 	 11368.41997 	    0.00000 	 4784.69932 	 6683.75777 	 8051.49152 	 25505.07239 	 1293.90725 	 3128.48935 	 9461.17892 	 2730.44503 	 17042.24381 	 6329.85476 	 9126.47698 	 2257.16088 	 6685.35105 	 21461.24225 	 5975.42420 	 1109.33271 	 8692.39098 	 
6242.38425 	 5488.35064 	 13870.95388 	 57048.16628 	 5788.57770 	 8312.62330 	 5336.26439 	 5435.92877 	    0.00000 	 3686.63344 	 4327.08406 	 23289.00165 	 4332.34192 	 28659.43878 	 7133.63820 	 3393.56383 	 101160.75852 	 24099.87572 	 5203.29039 	 9922.21405 	 12247.02206 	 14356.70054 	 3840.21920 	 12790.50052 	 22501.08257 	 
6088.56642 	 4070.01956 	 3665.02435 	 20239.16483 	 1729.65355 	 3942.55197 	 43513.97200 	 7803.48667 	 3458.03561 	    0.00000 	 3972.60321 	 12575.81829 	 4666.07891 	 10701.92540 	 2949.47818 	 20950.54434 	 20919.59615 	 5621.55671 	 2520.32125 	 3889.10096 	 5047.45072 	 5918.95122 	 3165.39803 	 2604.06250 	 5324.17358 	 
3724.89649 	 3032.50912 	 2496.85394 	 20095.14232 	 2009.38764 	 2528.99516 	 8332.81861 	 7981.50564 	 5587.20977 	 3121.02946 	    0.00000 	 15747.61441 	 3973.65242 	 4206.08096 	 9902.20259 	 3303.87502 	 21441.65814 	 5389.31469 	 4003.29632 	 2569.48972 	 18205.17319 	 8094.91886 	 2193.57584 	 2037.19085 	 8867.43669 	 
11932.77477 	 8752.68376 	 28766.60332 	 50549.12910 	 6880.12118 	 12789.74830 	 22930.80677 	 36385.56854 	 26678.32359 	 15667.13325 	 16551.59312 	    0.00000 	 4852.61206 	 19414.56801 	 13663.55135 	 12292.94455 	 112784.16682 	 19084.92403 	 26579.65399 	 8460.41450 	 17353.61196 	 66183.58682 	 33437.73753 	 4758.29912 	 30741.38700 	 
11073.35263 	 1025.99116 	 1718.60448 	 13965.52054 	 1426.38487 	 1485.05853 	 5487.42511 	 1765.07051 	 3449.10245 	 4738.45204 	 2791.74899 	 6800.21679 	    0.00000 	 2763.04213 	  987.07797 	 5506.50654 	 12665.79548 	 2381.34940 	  865.75264 	 1450.98183 	 5875.46241 	 3763.53689 	 1022.15054 	 1936.69833 	 3951.41586 	 
22436.72024 	 6794.35015 	 18072.73132 	 44075.49675 	 7191.63124 	 10951.71496 	 9366.22561 	 2625.69300 	 26851.10432 	 8981.35328 	 4966.39971 	 19055.20799 	 3803.97897 	    0.00000 	 3896.47036 	 7294.66578 	 187810.71185 	 24974.45040 	 1260.20764 	 14692.86126 	 6718.37574 	 9940.51062 	 1854.27150 	 16755.17168 	 25973.42698 	 
2870.98878 	  885.38013 	 5570.72160 	 66828.11032 	 1604.98894 	 3565.17830 	 4747.66929 	 11466.83857 	 12439.96156 	 2658.93692 	 9003.27102 	 14680.06034 	 1258.24452 	 5430.77241 	    0.00000 	 1992.86448 	 22540.48584 	 7535.94146 	 4649.52629 	 2965.68828 	 5849.38987 	 14087.33779 	 5767.37969 	 2452.32385 	 9074.74740 	 
8213.86829 	 4390.28804 	 3357.96275 	 13247.44732 	 1687.58032 	 1817.37927 	 13992.80851 	 2037.07580 	 3503.50037 	 20289.37642 	 2471.36228 	 11220.65084 	 4544.24950 	 11435.81412 	 2045.87261 	    0.00000 	 23089.14776 	 3207.16453 	  900.45172 	 2023.92650 	 6047.62859 	 7401.12539 	 2407.99624 	 3048.19824 	 4323.31106 	 
49273.80505 	 20757.91085 	 218654.82676 	 152555.84259 	 21493.18013 	 79395.22235 	 28029.43666 	 27468.50928 	 83044.31946 	 21152.10093 	 19091.98998 	 115483.55704 	 13099.54965 	 184441.58455 	 29101.07839 	 15748.94899 	    0.00000 	 7926.29615 	 12228.51799 	 75232.01907 	 26799.23944 	 49775.43493 	 12323.78772 	 22851.88310 	 175303.80215 	 
9151.77354 	 5896.02719 	 27996.72001 	 46643.77613 	 6463.50774 	 13447.57236 	 9687.51857 	 4833.42519 	 20270.93923 	 4431.47322 	 4366.41079 	 18089.07685 	 2825.39500 	 28167.72565 	 5878.78485 	 3237.23789 	 11005.02854 	    0.00000 	 2593.25141 	 25866.14643 	 8830.18117 	 13310.32106 	 4186.81946 	 7062.15958 	 14882.85811 	 
1669.51005 	  918.76416 	 2410.92208 	 14806.81194 	  736.44744 	 2860.40314 	 4464.33387 	 10807.49038 	 4409.76474 	 2293.39194 	 2548.66309 	 36761.70275 	  772.68582 	 1444.17853 	 3715.59519 	  932.46015 	 8226.26460 	 2310.83806 	    0.00000 	 1785.49323 	 3403.65952 	 10551.73527 	 3285.72020 	  457.64533 	 3331.87908 	 
5314.44985 	 9719.40280 	 14323.65361 	 32763.91895 	 2932.98713 	 5224.51441 	 3237.97876 	 2274.27811 	 11075.90443 	 3310.30944 	 2662.96192 	 11434.89977 	  912.03579 	 12254.99727 	 2273.17743 	 2182.46657 	 63111.97374 	 24285.12268 	 1517.32812 	    0.00000 	 6133.11968 	 8414.57015 	 2512.72040 	 6027.24412 	 11154.74383 	 
4288.92354 	 3620.09362 	 5048.67042 	 30717.46277 	 4607.54581 	 7108.15432 	 10014.03628 	 7650.17644 	 9699.33189 	 8668.84483 	 18302.81424 	 12530.86339 	 6590.27948 	 9493.96502 	 10195.78118 	 4765.76464 	 29708.74805 	 8894.35721 	 4664.64655 	 3828.78761 	    0.00000 	 11676.53020 	 3378.34753 	 2994.00093 	 12768.18586 	 
8199.67486 	 8746.06101 	 12742.76363 	 27458.76933 	 4157.70737 	 8509.28832 	 13450.75159 	 14403.00906 	 11257.76258 	 7150.72259 	 9511.44830 	 107792.79209 	 3333.06343 	 6907.19307 	 13301.00797 	 6705.94681 	 79817.31263 	 14321.01506 	 8121.36933 	 6294.12127 	 7112.27275 	    0.00000 	 44700.96282 	 2683.97785 	 20743.27317 	 
2277.38654 	 4461.96396 	 5316.38397 	 15454.57671 	  993.67162 	 2126.76551 	 3708.40655 	 9280.81614 	 4880.64156 	 3372.92437 	 3362.68509 	 35182.62688 	  781.83903 	 1725.62637 	 7163.40398 	 2244.60830 	 11714.21039 	 3309.63890 	 2755.19523 	 1683.51599 	 3474.55319 	 30363.02387 	    0.00000 	  960.92402 	 6325.76964 	 
13622.73347 	 2344.58955 	 7288.52436 	 20192.31487 	 5109.95678 	 6378.32673 	 3072.12897 	 1265.70166 	 12381.30112 	 2951.91644 	 1604.32440 	 2936.17435 	 1905.19172 	 21450.95260 	 2869.85956 	 4248.09575 	 30690.66616 	 7833.36119 	  635.64244 	 4704.06422 	 4038.42280 	 3188.37547 	 1128.62993 	    0.00000 	 7771.86332 	 
13440.31163 	  609.41182 	 54367.88071 	 44378.23919 	 5995.40636 	 10417.45802 	 10191.95697 	 6302.54398 	 24992.87704 	 4985.44804 	 7714.63279 	 23514.66170 	 3846.59512 	 23771.23697 	 14627.25974 	 4981.95705 	 184668.36011 	 10528.06925 	 2734.96088 	 10965.90552 	 14377.15278 	 17763.78372 	 6116.52435 	 6581.98598 	    0.00000 	 
