25
25
0.00000 	  557.37671 	  856.49151 	  588.79349 	  477.68775 	  660.32445 	  840.34560 	  941.19180 	  485.68683 	  708.99479 	  536.02145 	 1710.11860 	  233.37293 	  663.77036 	  765.92268 	  357.67882 	  568.65015 	  831.70673 	 1824.13823 	  601.91813 	  610.67346 	 1655.32288 	 2760.56121 	  448.11405 	  694.15689 	 
 574.92235 	    0.00000 	  380.30013 	  580.65521 	  340.52042 	  366.34372 	 1506.98643 	 1823.03814 	  512.37760 	 1193.26815 	  787.77452 	 2330.50333 	  617.49928 	  807.39084 	  929.42896 	  850.84138 	  134.31414 	   93.94874 	 2164.83789 	  271.51926 	  604.61992 	 3070.17131 	 2831.27279 	  606.93228 	   40.37244 	 
1175.99280 	  321.57875 	    0.00000 	  862.78356 	  896.35792 	  453.41379 	 1104.24017 	 1424.23393 	  793.41065 	 1592.97762 	 1254.36298 	 2244.65150 	 1431.76507 	 1446.33460 	  955.56364 	 1133.39180 	  151.56076 	  311.17480 	 2558.11051 	  590.33710 	 1229.00680 	 2908.91337 	 3104.41412 	  875.39462 	  337.15887 	 
 622.99308 	  613.52970 	  984.83108 	    0.00000 	  293.66203 	  378.67761 	  674.32335 	  751.76786 	  209.18412 	  795.78973 	  302.49384 	 1730.04371 	  589.63525 	 1427.33650 	  446.51457 	  865.24310 	  563.57325 	  638.05981 	 1633.99262 	  289.19109 	  225.16162 	 2290.61808 	 2067.65211 	  992.02268 	  542.84762 	 
 408.02264 	  369.66192 	  814.89453 	  249.37094 	    0.00000 	  193.71154 	  922.81406 	  941.83307 	  235.07580 	  995.88032 	  500.08016 	 1335.49852 	  465.70588 	  887.05904 	  646.85419 	  797.59415 	  496.23215 	  653.30159 	 1805.07490 	  202.21061 	  298.85615 	 2079.28803 	 1773.28640 	  907.31471 	  452.30790 	 
 693.57127 	  248.59225 	  429.71840 	  341.88607 	  278.98516 	    0.00000 	 1251.39435 	 1484.72950 	   67.28417 	  895.23064 	  763.12222 	 1501.48721 	  689.02414 	  947.07248 	  469.24486 	 1142.81757 	  455.18476 	  435.08300 	 2188.92973 	  102.95779 	  353.58674 	 2199.44311 	 1869.90202 	 1208.42771 	  234.50932 	 
 633.25122 	 1258.71931 	 1163.34644 	  862.63983 	  989.06843 	 1276.73791 	    0.00000 	  726.58214 	  881.00141 	  248.07406 	  376.17699 	  902.94805 	  310.02812 	 1146.29148 	  767.33186 	  398.66437 	 1348.02278 	 1400.40131 	  793.85840 	 1179.80303 	  561.69436 	 1053.69606 	 1834.49876 	 1025.15346 	 1476.01307 	 
 898.97630 	 1220.81695 	 1859.75253 	  940.39085 	 1357.07635 	 1140.38570 	  642.74007 	    0.00000 	 1070.93980 	  974.18153 	  442.84554 	  778.40047 	 1140.29933 	 1553.10459 	  657.88823 	  918.86089 	 1848.08898 	 1676.87807 	  458.67508 	 1220.26882 	  719.14790 	  798.38955 	 1043.08569 	 1657.47967 	 1245.73450 	 
 720.78746 	  342.82341 	  729.17568 	  280.80702 	  279.54798 	  118.36645 	  933.24330 	 1034.39245 	    0.00000 	  774.60356 	  659.58995 	 2556.70139 	  713.62151 	 1163.24933 	  676.19579 	  946.42897 	  509.27310 	  499.10306 	 1645.17829 	  154.89031 	  502.00425 	 2439.32873 	 2345.09831 	  817.19079 	  365.82812 	 
 845.07019 	 1061.92001 	 1766.16488 	  859.81588 	  859.20728 	 1195.16806 	  205.61583 	  960.17259 	 1052.58626 	    0.00000 	  531.19857 	 1468.73280 	  548.10995 	  732.78302 	 1075.31490 	  396.82928 	 1553.64228 	 1658.89423 	  841.33002 	  972.39250 	  647.37827 	 1460.15359 	 2201.72819 	  773.45079 	 1555.15036 	 
 823.10930 	 1201.91970 	 1156.17988 	  523.15837 	  406.77430 	  690.16926 	  377.89538 	  644.48856 	  801.31923 	  800.18618 	    0.00000 	 1288.48561 	  426.98938 	  886.91972 	  524.08991 	  846.22304 	 1237.35510 	 1335.35390 	  930.84348 	  973.97616 	  270.47657 	 1659.49371 	 1111.77761 	  765.68495 	 1009.62892 	 
2357.97827 	 2523.16563 	 2674.31158 	 1284.10241 	 2075.04004 	 1739.85070 	 1052.99649 	  998.02446 	 2299.20221 	 1114.23599 	 1469.36686 	    0.00000 	 1663.07005 	 2567.44178 	 1681.60234 	 1689.57241 	 2687.16185 	 2619.95649 	  278.78765 	 2021.39412 	 2038.87572 	  423.05352 	  904.97568 	 2495.57103 	 1883.30838 	 
 348.78619 	  607.84996 	  956.52101 	  467.33299 	  455.85441 	  644.56819 	  415.48457 	  983.18818 	  659.46372 	  517.66804 	  416.93036 	 1759.86734 	    0.00000 	  755.34347 	  896.21169 	  439.91381 	  967.57572 	  972.63466 	 1430.51072 	  824.20451 	  194.76345 	 2044.67983 	 1904.21823 	  743.02677 	  733.39567 	 
 647.85038 	 1170.79459 	 1062.63965 	  954.39885 	  938.38280 	 1347.30445 	 1412.70875 	 1550.70336 	 1379.70110 	 1207.47529 	  900.13247 	 2338.52109 	  879.89373 	    0.00000 	 1863.78763 	  746.51170 	 1258.27616 	 1133.27568 	 2262.48948 	 1094.00061 	 1351.44665 	 2654.81336 	 2824.07815 	  169.81156 	 1176.65087 	 
 924.23135 	 1201.70329 	 1354.93597 	  309.64112 	  453.21987 	  771.41568 	  846.20141 	  769.20767 	  379.92831 	  926.49590 	  508.68898 	 1743.84718 	  817.01272 	 1483.60512 	    0.00000 	 1262.51795 	 1297.71984 	 1249.69454 	 1543.59584 	  805.93324 	  366.51840 	 1918.77512 	 1417.09954 	  987.08993 	  770.75631 	 
 452.01670 	  964.42989 	 1613.12050 	  858.11095 	  749.15334 	 1078.37606 	  451.48859 	 1057.97042 	  920.35063 	  308.50841 	  808.18254 	 2104.89408 	  448.75685 	  711.61375 	 1085.75596 	    0.00000 	 1428.82013 	 1188.22575 	 1042.38075 	  873.74609 	  602.99445 	 2467.70497 	 1839.35279 	  541.68708 	 1204.56442 	 
 716.91445 	  227.61445 	  163.95336 	  575.50917 	  527.56271 	  343.07229 	 1531.42431 	 1833.50917 	  531.94377 	 1269.30614 	  960.00397 	 1742.46186 	  928.08629 	 1419.26974 	 1215.67850 	 1404.54906 	    0.00000 	   75.96308 	 1828.65989 	  352.33329 	 1031.80070 	 2417.50572 	 2850.11599 	  793.96648 	  241.34174 	 
 654.67982 	   84.90395 	  240.69639 	  732.83000 	  466.36339 	  424.88101 	  992.98329 	 1358.26087 	  418.41567 	 1459.40593 	 1283.55978 	 2202.34581 	  985.60751 	 1197.62391 	  969.81815 	 1088.73952 	   65.12073 	    0.00000 	 2452.24860 	  280.16574 	  843.09101 	 2107.77596 	 2081.53454 	 1007.81738 	  153.58301 	 
1755.06737 	 2098.64939 	 2493.02136 	 1363.90361 	 1317.20310 	 1334.58004 	  829.96164 	  487.05957 	 1524.17918 	  898.32928 	  827.84105 	  345.45741 	 1457.90670 	 1454.82172 	 1220.11813 	 1009.69910 	 1954.68725 	 1671.43063 	    0.00000 	 1272.35334 	 1636.88883 	  785.42449 	 1334.77572 	 2089.86439 	 2476.09075 	 
 485.59342 	  228.28928 	  361.38974 	  412.60350 	  293.52882 	  110.14615 	 1246.59772 	 1017.22055 	  230.71516 	 1312.22695 	  800.08711 	 2628.77647 	  785.99863 	 1116.95752 	  800.90002 	 1138.28068 	  393.81425 	  344.90582 	 2167.18815 	    0.00000 	  451.53577 	 2787.84418 	 2695.51615 	  893.75849 	  219.48203 	 
 545.29827 	  772.44666 	 1186.41092 	  202.90038 	  376.89492 	  517.74572 	  575.40465 	  831.75263 	  412.05342 	  755.83465 	  260.11426 	 1898.75741 	  239.41070 	 1033.60562 	  539.77589 	  449.10410 	  639.63170 	  846.94709 	 1560.12880 	  634.55972 	    0.00000 	 2004.38663 	 1699.38602 	 1006.23745 	  552.93729 	 
2358.95911 	 2291.56324 	 2614.78433 	 2067.54892 	 1457.73972 	 2497.82777 	 1249.89664 	 1207.35877 	 2156.32006 	 1770.20321 	 1550.99149 	  453.08713 	 1630.09842 	 2010.92223 	 1859.22368 	 1850.75257 	 2008.40015 	 2938.87720 	  713.79235 	 2795.57385 	 1939.80332 	    0.00000 	  581.95453 	 2509.37816 	 2664.36992 	 
1965.03222 	 2830.12507 	 2273.05871 	 1282.05049 	 2111.10285 	 1599.84481 	 1564.51038 	 1149.69299 	 1823.16285 	 2217.12094 	 1838.77424 	 1200.15847 	 2225.71571 	 2515.87138 	 1092.03117 	 2019.95157 	 2070.32079 	 2198.06751 	 1004.69178 	 2097.62146 	 1433.95283 	  739.26766 	    0.00000 	 3046.40835 	 2967.70331 	 
 492.71019 	  815.17278 	  947.59024 	  856.56647 	  926.20778 	  812.06843 	 1145.32673 	 1267.00088 	  861.68676 	  862.37261 	 1205.49615 	 2652.91981 	  757.94050 	  156.11092 	 1403.38848 	  414.93078 	 1253.51571 	  871.52245 	 1476.51350 	  702.05651 	  961.57084 	 2781.27664 	 3220.99448 	    0.00000 	  581.03056 	 
 445.70479 	   40.00100 	  401.19468 	  548.09616 	  489.91303 	  244.98165 	 1429.24541 	 1142.05069 	  351.57537 	 1303.27178 	  897.00278 	 2666.29901 	  528.60612 	 1098.33874 	  755.61627 	  778.73769 	  159.14004 	  167.86406 	 2062.50061 	  245.95700 	  551.11257 	 2497.08175 	 2626.02448 	  664.80514 	    0.00000 	 
   0.00000 	 6882.02849 	 7640.41561 	 16731.26946 	 3684.05390 	 7152.44815 	 11165.08759 	 1831.10231 	 10266.61310 	 8927.64863 	 3210.63015 	 7718.62056 	 9301.47990 	 23383.11957 	 3998.04082 	 9896.73571 	 49229.31719 	 8934.00369 	 1749.18908 	 5735.54502 	 7022.72258 	 7811.35307 	 2741.37611 	 10124.02662 	 15281.79356 	 
7423.09053 	    0.00000 	 15743.66439 	 13189.74899 	 3567.27598 	 5413.91955 	 3483.33954 	 3540.38462 	 6914.60370 	 4578.51225 	 2588.23693 	 9571.50452 	 1073.79286 	 6036.66319 	 1317.07086 	 6318.56592 	 18236.68099 	 7563.95558 	  581.39378 	 6953.01608 	 3766.92456 	 6684.59107 	 4806.67137 	 2058.53239 	  605.80839 	 
9291.84990 	 9772.55351 	    0.00000 	 32891.69558 	 6306.80036 	 18157.99999 	 7195.03424 	 5736.39166 	 17499.36942 	 5464.80189 	 2772.90945 	 22833.73331 	 1907.86769 	 19583.90987 	 4860.56771 	 2868.52362 	 180522.75505 	 46259.61348 	 2587.83817 	 12681.14976 	 5503.46518 	 20018.09938 	 4310.44366 	 7903.34827 	 49206.12082 	 
14126.73574 	 16841.41199 	 37574.00422 	    0.00000 	 16444.03849 	 41487.16478 	 17027.66186 	 19384.79962 	 55458.50953 	 19337.29862 	 36666.28274 	 56699.15095 	 10726.25778 	 35732.16449 	 45409.10645 	 12788.71256 	 155091.72288 	 44799.28315 	 18838.06731 	 32121.59212 	 45323.21285 	 45782.02999 	 16450.73646 	 20672.69685 	 50065.10227 	 
4921.73220 	 3991.93749 	 4586.67100 	 19433.51987 	    0.00000 	 7642.03354 	 2257.40184 	 1954.01802 	 5946.99123 	 1587.37148 	 2585.33392 	 6525.17711 	 1942.89797 	 6515.96696 	 2202.65166 	 1433.10465 	 18694.45889 	 7068.34695 	  787.60840 	 4132.88477 	 5354.68363 	 2626.54486 	 1249.28373 	 3501.09285 	 8520.20067 	 
5254.29056 	 4515.66859 	 11126.22131 	 30139.61601 	 5161.98500 	    0.00000 	 3631.52544 	 4517.10461 	 12060.52971 	 4348.78815 	 3456.95000 	 15216.35694 	 1821.45232 	 20253.78464 	 4483.48573 	 2464.98552 	 55641.33876 	 12037.70370 	 2434.19809 	 5749.46203 	 7147.35114 	 7810.35214 	 2081.17769 	 8389.03796 	 13177.29971 	 
12914.65099 	 4470.33879 	 7104.16132 	 16970.38827 	 2904.22759 	 5370.49475 	    0.00000 	 9288.14065 	 6884.68569 	 40103.10845 	 10232.99033 	 30691.94984 	 5952.95206 	 8073.38941 	 5155.08255 	 10621.29667 	 28558.68919 	 6039.04464 	 5694.66145 	 2650.96650 	 11995.89093 	 16044.44643 	 5362.82657 	 3209.91974 	 11349.40414 	 
2077.60773 	 3913.14452 	 5158.11786 	 24752.57635 	 1842.13132 	 2940.64757 	 14673.33730 	    0.00000 	 6012.50428 	 6268.49674 	 12238.80997 	 29503.17296 	 2145.98048 	 4336.33190 	 7104.16627 	 2861.59512 	 29733.96387 	 6411.53879 	 7032.01417 	 2199.79385 	 7972.85778 	 18102.80860 	 8889.87673 	 1115.25424 	 8530.81979 	 
7147.35443 	 7329.01825 	 15767.00841 	 66291.72083 	 6135.98147 	 12306.66620 	 7311.28115 	 5861.89572 	    0.00000 	 5346.11309 	 4935.10584 	 24277.56486 	 3627.74656 	 18996.70850 	 12592.11370 	 4590.24135 	 96447.11373 	 25720.63665 	 3189.42724 	 12234.96554 	 9199.46705 	 10785.98256 	 3837.67357 	 16620.27323 	 25026.70212 	 
6243.59516 	 4072.99831 	 3380.02033 	 17824.14094 	 1619.77685 	 2520.52659 	 42361.82233 	 8964.76897 	 3186.95186 	    0.00000 	 3980.27842 	 17898.70523 	 4954.70721 	 9257.49278 	 3496.93722 	 19546.23834 	 33511.68209 	 5811.57679 	 2049.10086 	 3838.11378 	 7100.57804 	 10953.99583 	 2187.37961 	 2184.94326 	 4541.03735 	 
3866.54603 	 2755.59875 	 2605.17093 	 27425.27928 	 2248.38909 	 2304.62211 	 8037.44196 	 11152.84270 	 5633.00085 	 5274.40212 	    0.00000 	 12612.52065 	 2962.09155 	 5038.74519 	 8359.54170 	 3165.26615 	 13257.62147 	 3925.78799 	 2419.46448 	 1853.30114 	 15062.54711 	 7637.20947 	 3120.06826 	 1349.42737 	 5159.77060 	 
10896.16005 	 7712.06010 	 20304.80741 	 84311.56861 	 4505.11114 	 13398.74482 	 34068.03752 	 38326.35131 	 20400.45525 	 17345.52157 	 10787.00280 	    0.00000 	 4165.87901 	 11081.74433 	 18084.57397 	 12814.96471 	 81178.44704 	 14689.30334 	 31952.08217 	 13815.29804 	 16075.70098 	 110218.18250 	 28644.15062 	 3212.18838 	 21896.59067 	 
12773.39127 	  951.46414 	 1712.85165 	 11970.73698 	 2408.75003 	 1929.49450 	 7117.80304 	 1666.24356 	 4182.37223 	 3740.27541 	 3598.87988 	 6425.00173 	    0.00000 	 3658.65004 	  987.18964 	 5407.10298 	 8432.48944 	 3883.01394 	  901.41575 	 1033.58781 	 4456.62495 	 2192.85929 	 1205.02851 	 1148.03288 	 4937.44455 	 
22288.31804 	 7513.50637 	 18880.18485 	 43755.92897 	 5426.15189 	 12745.29995 	 8529.64702 	 2422.12586 	 23426.61028 	 6032.46439 	 3322.61901 	 15114.08998 	 3239.35242 	    0.00000 	 6923.80997 	 10176.87343 	 149223.35319 	 26508.27581 	 1051.67010 	 17014.55001 	 8662.20199 	 6715.15045 	 2243.49353 	 22426.28349 	 21334.78045 	 
2463.08950 	 1462.26715 	 7544.99483 	 45036.79337 	 1695.25064 	 5068.44716 	 5456.27214 	 9042.66687 	 12665.26872 	 1953.17176 	 8748.93155 	 20289.96070 	 1297.55041 	 7015.55601 	    0.00000 	 1765.98508 	 24303.81813 	 8275.30064 	 3866.65372 	 2156.22724 	 8394.22559 	 9576.13409 	 7743.69205 	 3402.15444 	 11149.36308 	 
11353.36376 	 4317.87372 	 2648.83957 	 14862.41591 	 1157.58744 	 2146.49669 	 15309.17827 	 2211.64359 	 4863.15725 	 19021.02433 	 3525.81583 	 7710.21045 	 5434.57455 	 12167.70641 	 1775.96531 	    0.00000 	 22624.93394 	 4469.45649 	  716.48232 	 2074.98788 	 4602.65478 	 8248.20011 	 2562.59281 	 3310.18289 	 4089.13706 	 
49665.72559 	 31854.76789 	 265474.51703 	 215478.56134 	 21992.31440 	 57329.67296 	 23031.37500 	 28826.52706 	 89649.77506 	 27507.50294 	 15872.79863 	 112461.99493 	 11842.99274 	 119844.57240 	 33098.43715 	 15421.56673 	    0.00000 	 8698.62107 	 10728.04658 	 54543.48778 	 44194.42725 	 90809.53900 	 16793.29470 	 27617.85478 	 213372.27913 	 
11222.48832 	 7436.17140 	 36678.07933 	 44399.59431 	 6123.19947 	 17387.35824 	 8715.98258 	 6539.90596 	 20989.62816 	 6841.14360 	 5560.70930 	 20265.28673 	 3698.18737 	 31922.76344 	 5499.77026 	 5000.66921 	 6698.70138 	    0.00000 	 3001.72753 	 29879.61449 	 8662.32356 	 17855.10455 	 3579.93700 	 7432.52434 	 9893.08401 	 
1216.57938 	  607.52164 	 3178.13308 	 12273.78742 	  908.86049 	 2768.30340 	 4181.79166 	 7892.85668 	 3840.95030 	 2316.41512 	 2556.07943 	 35755.53132 	  584.71474 	 1514.98284 	 4543.67740 	  968.16329 	 9859.46627 	 2677.25315 	    0.00000 	 2258.97553 	 4656.59836 	 11779.16389 	 3372.42253 	  714.12241 	 4476.85499 	 
4035.88237 	 6592.33181 	 15824.61907 	 22932.92096 	 5125.11287 	 5361.91474 	 3018.61819 	 2932.42679 	 13028.54794 	 2691.45702 	 1966.29194 	 11076.61915 	 1274.41129 	 15194.77471 	 2629.78709 	 1691.26567 	 54750.97747 	 28304.96092 	 1749.42722 	    0.00000 	 6103.26463 	 7526.23929 	 2580.07244 	 4749.43576 	 10574.63112 	 
5645.46949 	 4245.64210 	 5082.47091 	 49885.42531 	 4917.26117 	 5959.91679 	 10314.76412 	 5136.24351 	 14818.68968 	 6435.43084 	 13535.59039 	 17721.96807 	 5626.91086 	 9769.60756 	 9696.09527 	 4366.32601 	 30972.50781 	 9955.81686 	 4811.42870 	 6394.77696 	    0.00000 	 8261.07243 	 2833.06846 	 4136.91638 	 13837.75635 	 
6805.72171 	 5620.37606 	 13935.60660 	 26763.32184 	 2599.82858 	 5198.91891 	 17553.45038 	 16631.83217 	 10897.52113 	 8896.14311 	 8955.16581 	 76977.85770 	 2944.75381 	 8057.23594 	 9608.41694 	 7065.17584 	 54886.48362 	 12504.34017 	 13909.53543 	 5676.97330 	 8896.02565 	    0.00000 	 40911.81036 	 2729.78701 	 24973.31090 	 
2624.64282 	 3866.46308 	 5212.48366 	 11261.22751 	  990.73872 	 1706.32024 	 5259.33483 	 8864.31815 	 5201.40186 	 3139.15219 	 2406.91335 	 39357.46567 	 1358.07000 	 1834.16963 	 5073.29653 	 1453.62655 	 15764.19241 	 4622.91875 	 3829.59690 	 1797.18143 	 4179.20752 	 39219.21409 	    0.00000 	  955.21661 	 5430.26720 	 
11879.67789 	 1587.35347 	 7259.45310 	 13343.76770 	 5264.82071 	 6286.92992 	 2209.81126 	 1140.37726 	 13841.33909 	 1809.83531 	 1542.94387 	 2900.12999 	 1702.18620 	 16973.05498 	 2510.79583 	 2852.37315 	 32575.94907 	 4799.45560 	  451.85541 	 5382.88106 	 4422.87352 	 2017.44432 	  697.34134 	    0.00000 	 4882.86924 	 
20370.22933 	  406.57031 	 44421.01225 	 32206.71628 	 7637.21535 	 16296.40412 	 9889.04721 	 7240.61644 	 18181.08472 	 3937.83620 	 9058.84759 	 20898.43191 	 3462.70218 	 20115.58755 	 9199.06784 	 5336.47330 	 168658.51897 	 12889.09755 	 2512.63681 	 17012.90290 	 8661.75484 	 19391.93883 	 6380.47030 	 5910.68201 	    0.00000 	 
   0.00000 	  494.88060 	  672.49453 	  429.99216 	  299.09681 	  429.46470 	  862.78519 	 1049.92041 	  660.54115 	  615.17068 	  816.10898 	 1448.58089 	  386.29895 	  680.55008 	 1035.76632 	  461.41425 	  877.14262 	  560.70076 	 1372.86847 	  376.50590 	  567.70129 	 2113.17603 	 2560.25871 	  441.54583 	  698.66017 	 
 597.81174 	    0.00000 	  373.38498 	  572.17317 	  322.22741 	  402.72250 	 1187.58095 	 1331.87144 	  431.03301 	 1084.16404 	  813.98320 	 2767.28437 	  773.06197 	 1157.32208 	  809.34165 	  809.13676 	  151.31248 	   92.25904 	 1832.57549 	  212.03416 	  731.62986 	 2115.39153 	 2651.62303 	  915.19343 	   46.16640 	 
 802.30471 	  338.19053 	    0.00000 	 1105.99948 	  551.72407 	  711.67996 	 1172.90642 	 1325.59434 	  563.41041 	 1967.14418 	 1022.04808 	 2778.89999 	  955.09740 	 1482.16470 	  803.19595 	 1547.07448 	  184.77411 	  324.76460 	 1727.26120 	  416.10180 	  786.91023 	 3513.96139 	 3037.81427 	 1024.45432 	  343.66343 	 
 753.76557 	  548.18251 	 1033.19600 	    0.00000 	  232.21100 	  252.03961 	  816.00818 	  816.67921 	  213.57157 	  764.30942 	  439.30315 	 1761.36181 	  457.00842 	 1030.71871 	  309.83168 	  646.97698 	  692.65639 	  722.29013 	 1514.19050 	  524.53732 	  307.62482 	 2111.25948 	 1603.90203 	 1149.18618 	  425.52035 	 
 468.70275 	  400.01695 	  932.34154 	  246.39925 	    0.00000 	  266.94495 	  914.53819 	  785.91127 	  280.20407 	  756.30229 	  623.58544 	 1722.61994 	  482.11918 	 1016.34850 	  589.32933 	  830.89872 	  626.70742 	  568.81158 	 1780.96650 	  270.25152 	  355.49012 	 1789.94373 	 2500.33687 	  896.87259 	  416.82448 	 
 708.75947 	  245.56803 	  473.56084 	  266.47427 	  180.77765 	    0.00000 	  745.33895 	 1359.23841 	   77.94181 	 1109.86547 	  794.70021 	 2501.96410 	  545.31783 	  905.23739 	  513.83608 	  684.11752 	  439.87667 	  436.91603 	 1811.21818 	  113.11072 	  470.99881 	 2664.69799 	 2110.07917 	  934.02532 	  248.17156 	 
 823.29614 	 1076.89519 	 1417.59541 	  553.69272 	  652.47546 	  816.80907 	    0.00000 	  688.49371 	 1195.46911 	  173.77328 	  571.36165 	 1239.57915 	  524.53740 	 1220.54471 	  870.18292 	  321.76269 	 1080.71475 	 1416.87464 	  991.27341 	 1201.08609 	  432.94105 	 1400.45667 	 1559.58626 	  645.51188 	 1371.18013 	 
1323.07743 	 1783.43192 	 1817.38411 	  957.68884 	 1146.32304 	 1511.66088 	  704.65751 	    0.00000 	 1282.06131 	  782.48944 	  627.13482 	  911.96155 	 1038.57916 	 1307.71479 	  724.23967 	  809.32337 	 1774.53293 	 1877.75497 	  697.73128 	  958.83111 	  771.13847 	  995.67301 	  832.36598 	 1435.51330 	 1377.36099 	 
 757.77573 	  316.20419 	  609.22342 	  221.03337 	  247.46881 	   84.72621 	 1028.29455 	  972.02164 	    0.00000 	 1192.98112 	  718.02146 	 1718.77903 	  726.35105 	  894.48749 	  496.87836 	  825.28760 	  533.92662 	  407.89196 	 1825.17324 	  247.78050 	  560.10804 	 2042.68712 	 1894.89953 	  905.94052 	  433.70766 	 
 768.09109 	  923.71859 	 1790.85566 	 1189.56607 	  964.12779 	  903.94285 	  186.91343 	  724.02521 	 1110.51294 	    0.00000 	  483.05831 	 1181.14892 	  608.13703 	  970.59697 	  949.51187 	  240.06068 	 1033.48867 	 1046.57827 	 1046.11198 	 1078.96735 	  529.79362 	 1275.93139 	 2208.34816 	  956.27898 	  865.94988 	 
 541.91303 	 1058.10155 	 1306.10572 	  418.49292 	  660.11031 	  765.68334 	  408.11428 	  588.52577 	  481.21900 	  683.60199 	    0.00000 	 1402.27889 	  297.67582 	 1350.50291 	  315.66987 	  796.28492 	 1077.47234 	 1217.15896 	  744.52128 	  912.13950 	  213.98520 	 1333.15454 	 1770.05783 	  833.53343 	  887.91852 	 
1929.04283 	 2364.28450 	 2697.55463 	 1891.97521 	 1830.34668 	 2086.53375 	 1579.67325 	  775.53047 	 1454.36567 	  971.22949 	 1363.00313 	    0.00000 	 1403.13342 	 2474.66815 	 1636.13424 	 1505.89750 	 2746.05172 	 2075.69358 	  410.04222 	 2061.76221 	 1746.91988 	  469.01685 	  755.50264 	 1974.81919 	 2793.79546 	 
 268.97965 	  565.55817 	 1419.88320 	  449.76379 	  496.93957 	  577.73535 	  347.99002 	  936.22008 	  723.10915 	  478.21188 	  375.37605 	 1916.46803 	    0.00000 	  790.28997 	  547.23107 	  292.26448 	 1073.29404 	  987.43861 	 1637.49754 	  764.32219 	  309.97880 	 2056.52210 	 1780.94494 	  738.18611 	  910.90563 	 
 693.08203 	 1108.88530 	 1597.48750 	 1437.19834 	 1204.33025 	  991.72591 	 1143.80463 	 1746.42960 	 1244.13654 	 1087.80681 	 1423.51797 	 1932.34809 	  977.31129 	    0.00000 	 1099.81626 	  600.63714 	  953.76231 	 1177.09568 	 1527.53791 	 1300.23185 	  937.95729 	 1858.33226 	 2893.67805 	  200.70752 	  892.94759 	 
 789.83200 	 1036.13950 	 1137.87919 	  328.36355 	  772.66241 	  796.31919 	  708.42925 	  657.94763 	  583.35830 	  921.10803 	  360.19618 	 1503.48872 	  796.12176 	 1094.75843 	    0.00000 	 1234.16704 	 1247.09685 	 1259.47060 	 1050.66554 	  714.05258 	  573.29725 	 1211.98008 	 1671.28170 	 1127.97885 	  711.24097 	 
 509.57039 	  764.06684 	 1404.41083 	  677.23669 	  868.06387 	  932.86912 	  315.18967 	  950.18278 	  899.16387 	  388.44750 	  515.12246 	 1182.62343 	  358.18452 	  559.30549 	 1027.38613 	    0.00000 	 1183.04005 	  888.79393 	 1342.16504 	  725.02280 	  604.12522 	 2114.32860 	 2105.67395 	  355.29757 	 1195.54493 	 
 653.37962 	  210.10749 	  216.24399 	  533.07481 	  719.03068 	  431.32382 	  959.48314 	 2016.81972 	  387.62854 	 1040.49337 	 1301.30724 	 2615.54185 	 1064.90652 	 1387.84568 	 1069.08976 	  945.43638 	    0.00000 	   86.44285 	 2022.85093 	  369.24553 	 1075.39224 	 1942.52911 	 2626.55269 	  734.84921 	  259.20478 	 
 687.28091 	  116.53682 	  224.00178 	  737.57257 	  607.27919 	  429.29672 	 1418.68486 	 1279.96843 	  489.08961 	 1254.59265 	 1075.82061 	 3059.31281 	 1127.71549 	  784.59494 	 1230.96691 	  945.87664 	   82.14845 	    0.00000 	 1624.05318 	  295.56744 	  718.22805 	 1839.32547 	 2659.17756 	  906.61625 	  172.18113 	 
1524.06998 	 2453.05018 	 2838.27091 	 1539.49038 	 1804.17304 	 1787.88115 	  644.33594 	  641.65951 	 1253.46451 	 1130.27896 	 1078.49533 	  362.81326 	  965.52365 	 1796.30756 	 1251.56727 	 1133.32796 	 1568.74953 	 1532.91022 	    0.00000 	 1295.98075 	 1386.65607 	  497.40042 	 1202.51540 	 1580.72833 	 2003.36935 	 
 426.01486 	  203.87590 	  449.13706 	  290.48808 	  217.81606 	   88.36818 	 1284.97457 	 1097.95339 	  241.74766 	 1440.08619 	  648.27712 	 2746.37627 	  619.42124 	  998.38078 	  567.33476 	 1187.66837 	  243.85893 	  310.57925 	 2024.28175 	    0.00000 	  496.75273 	 2302.95038 	 2746.43256 	  681.56600 	  226.49813 	 
 505.52748 	  761.66061 	  743.73412 	  291.11131 	  333.38471 	  395.80663 	  617.32563 	  764.91888 	  479.24328 	  728.55598 	  177.21309 	 1231.01316 	  215.62579 	 1254.84387 	  513.75796 	  727.13192 	 1079.65657 	  948.24561 	 1535.44577 	  437.08286 	    0.00000 	 1904.43252 	 1340.27011 	  791.91629 	  666.97304 	 
1868.49114 	 2965.92628 	 2061.79588 	 2169.37208 	 1877.17845 	 2573.83131 	 1103.76826 	  847.57961 	 2139.55853 	 1761.52504 	 1264.90686 	  253.30061 	 1442.04106 	 1879.40474 	 1160.99110 	 2160.69857 	 3318.87530 	 2068.17644 	  541.06167 	 2238.09366 	 1322.12489 	    0.00000 	  729.10063 	 1705.75050 	 2856.00798 	 
2067.58780 	 2911.89248 	 3065.35165 	 1252.39637 	 1761.09555 	 2268.21366 	 1330.75858 	 1236.81791 	 1808.35422 	 1401.95484 	 1560.18064 	  821.60440 	 1398.98652 	 1989.78860 	 1813.68590 	 2534.60553 	 2089.46808 	 2154.08984 	 1280.05041 	 2443.66701 	 1213.77378 	  759.73635 	    0.00000 	 3121.96468 	 2997.95031 	 
 330.39777 	  901.12022 	 1466.96573 	  778.33843 	  563.16215 	  688.50418 	 1083.13160 	 1382.20412 	  962.25584 	  623.89712 	 1198.90748 	 2226.24205 	  550.63590 	  158.12245 	 1590.83826 	  482.24485 	 1032.44702 	  879.38404 	 1592.16905 	  789.03965 	 1024.34942 	 3063.40223 	 2175.44438 	    0.00000 	  809.12886 	 
 621.13947 	   27.36626 	  295.48540 	  682.60799 	  517.07575 	  332.17158 	 1407.72324 	 1619.04322 	  452.14628 	 1348.00454 	  781.03349 	 2042.73801 	  835.48036 	  675.99946 	  650.81136 	 1003.60518 	  175.48326 	  170.19721 	 1818.38539 	  154.46079 	  655.71043 	 2431.70745 	 3009.83234 	  730.22702 	    0.00000 	 
   0.00000 	 6245.73926 	 8166.37017 	 22433.40426 	 5372.84706 	 6283.12003 	 10717.76173 	 2296.49024 	 10808.85972 	 9391.60326 	 4521.56394 	 10999.91582 	 11212.18541 	 16775.94492 	 2896.58893 	 9141.96646 	 54990.33875 	 12138.31853 	 1598.70211 	 3838.02718 	 4512.72697 	 6201.28901 	 1930.09418 	 14437.35689 	 16301.39279 	 
5669.52657 	    0.00000 	 10365.04772 	 16467.94515 	 3194.75830 	 5206.17122 	 4342.95219 	 3102.05421 	 4743.20431 	 4422.65386 	 3093.31460 	 7959.60647 	 1358.63418 	 7315.05290 	  991.32153 	 4172.30920 	 22783.97874 	 6433.97655 	  758.35235 	 8891.55903 	 4945.65859 	 8520.77378 	 3208.42415 	 1820.48187 	  634.94886 	 
7389.03853 	 9618.70816 	    0.00000 	 30003.76578 	 4780.80016 	 15222.47530 	 6650.56448 	 4580.26203 	 15914.77845 	 3494.05610 	 3605.47527 	 25595.90314 	 1945.08440 	 20136.70755 	 5706.84327 	 2575.61804 	 200832.03169 	 31353.18412 	 2336.51270 	 10542.48318 	 6895.63506 	 15759.08235 	 3947.16219 	 5686.49869 	 62012.30086 	 
16151.79292 	 17347.63771 	 32661.49144 	    0.00000 	 21556.75680 	 31340.68391 	 25604.10383 	 25772.70025 	 55717.54573 	 13871.16864 	 27193.64289 	 47783.45169 	 10842.12978 	 35101.23376 	 43069.60077 	 15825.79676 	 185369.77918 	 44771.72658 	 14468.28460 	 23833.12737 	 46382.47401 	 33002.01331 	 9571.15662 	 14520.80640 	 41930.09407 	 
5056.04966 	 2948.32312 	 6050.39459 	 24720.58363 	    0.00000 	 8629.82995 	 3633.51577 	 1410.93687 	 6587.51244 	 2090.88620 	 1956.33557 	 5017.15917 	 1500.11500 	 5271.41332 	 1637.24685 	 1297.61098 	 26346.67539 	 6719.88365 	  901.42456 	 3382.44606 	 6675.25260 	 3385.36018 	  942.80186 	 3798.33089 	 9148.53949 	 
7103.02470 	 4221.80768 	 12738.13020 	 40240.12992 	 6879.57702 	    0.00000 	 4516.83196 	 3857.39368 	 13466.85855 	 2764.64044 	 2628.92107 	 11113.02614 	 2625.78851 	 14247.58635 	 4062.41715 	 1764.86547 	 65630.99184 	 14027.66901 	 3826.91567 	 5444.24487 	 5337.70251 	 8047.53389 	 2373.37993 	 8449.24999 	 16859.58755 	 
9341.04304 	 4098.56162 	 6874.54976 	 17996.45276 	 2544.63303 	 6339.90679 	    0.00000 	 10712.71971 	 7384.31238 	 36544.05515 	 9160.13187 	 27905.59865 	 6758.25342 	 8376.07142 	 3947.90045 	 9590.01438 	 31961.42905 	 8148.15321 	 6618.67218 	 2256.38361 	 11561.47805 	 11887.04772 	 3882.51705 	 2355.49050 	 12642.02490 	 
2209.26513 	 4152.22167 	 4353.93069 	 33985.66388 	 1324.83954 	 3432.26236 	 12503.10852 	    0.00000 	 6342.56259 	 5368.31702 	 8908.25817 	 33094.81186 	 1321.61430 	 4123.60094 	 6516.48626 	 1775.85991 	 27106.08503 	 3799.78323 	 6436.44919 	 1966.51875 	 7754.59899 	 17282.30377 	 6333.15293 	 1442.46018 	 8566.33015 	 
7108.02541 	 7436.50914 	 20347.21206 	 54505.80751 	 9069.26693 	 12060.61813 	 8050.74772 	 4700.86866 	    0.00000 	 5182.44430 	 4143.50873 	 26351.95399 	 3379.58729 	 21879.18461 	 12422.97587 	 3906.28080 	 103165.39652 	 24959.91523 	 3393.67534 	 12716.63467 	 9313.81844 	 16206.81797 	 3395.59793 	 9058.00086 	 13857.45582 	 
7145.83754 	 2945.81922 	 4345.57831 	 17113.89531 	 1893.77565 	 3652.05175 	 30185.96109 	 8241.67116 	 5603.96550 	    0.00000 	 4428.13967 	 19651.42401 	 3013.37111 	 8457.46419 	 3483.80975 	 22900.51055 	 27018.14211 	 4379.95804 	 2747.62083 	 3656.25284 	 5511.04742 	 7213.30083 	 2406.98319 	 2173.76773 	 4779.64372 	 
2648.58500 	 2778.85931 	 3278.92944 	 35776.76040 	 2457.73857 	 3042.83505 	 10539.01902 	 9717.18949 	 3928.67356 	 4412.22766 	    0.00000 	 11388.72984 	 2718.74315 	 3439.66389 	 9402.78213 	 3158.29319 	 13132.64251 	 5785.27631 	 2996.71251 	 1649.82175 	 17439.48405 	 6203.46629 	 3143.15580 	 1267.31612 	 5087.78359 	 
11273.55877 	 10070.61923 	 22573.96028 	 76421.54367 	 6443.78317 	 16150.93608 	 29248.88551 	 28062.18981 	 26922.15713 	 21114.19677 	 17926.20265 	    0.00000 	 6615.93398 	 15167.91582 	 18868.53346 	 7183.44118 	 123305.31606 	 14998.72805 	 27317.12135 	 12368.33279 	 11983.23892 	 118104.92326 	 26335.49043 	 4870.59252 	 19863.69761 	 
8067.34176 	 1282.50052 	 1674.87430 	 16076.16468 	 1420.42086 	 2026.82694 	 7931.51946 	 1860.39741 	 3568.83463 	 3083.84545 	 3872.47425 	 4438.63225 	    0.00000 	 2714.47380 	  813.14165 	 6212.16619 	 11900.77731 	 2365.17054 	  569.24429 	 1402.63703 	 7311.26718 	 3420.42428 	 1101.86169 	 1702.10820 	 4880.74626 	 
18837.63904 	 6291.63464 	 23697.76435 	 40005.16163 	 7062.54915 	 15030.75968 	 10327.55942 	 3295.30729 	 18917.53151 	 9459.32704 	 4353.59142 	 11061.22989 	 3071.49502 	    0.00000 	 4155.20329 	 9661.71063 	 122418.71618 	 27973.62873 	  857.98193 	 10513.06872 	 8946.58673 	 5935.58028 	 1466.50983 	 23856.26753 	 21614.45492 	 
3891.17756 	 1293.63025 	 7558.50251 	 64500.34634 	 1428.37012 	 5836.24182 	 3634.79349 	 9610.95691 	 8824.21948 	 2464.20714 	 9178.39135 	 22533.50965 	 1259.85015 	 4016.21007 	    0.00000 	 1821.10571 	 22240.55183 	 5644.83950 	 6161.92204 	 2017.58967 	 9969.22431 	 11248.49871 	 6138.48374 	 3256.98087 	 8787.64279 	 
7706.64405 	 6004.05407 	 3994.59527 	 12882.11650 	 1286.36753 	 2402.95992 	 10211.62361 	 2070.44352 	 3707.87657 	 22405.57555 	 3028.46601 	 7365.08030 	 4283.69288 	 9371.15402 	 1919.29743 	    0.00000 	 26247.69985 	 5434.99084 	  919.07742 	 2021.74857 	 3587.57712 	 8167.35270 	 1491.13538 	 3542.53797 	 5004.40200 	 
34863.47143 	 18646.96333 	 254607.10111 	 157004.45006 	 19166.54089 	 68835.68020 	 31800.68634 	 28443.52607 	 94344.32614 	 33837.52207 	 17868.54761 	 132699.55322 	 9895.54133 	 137281.44552 	 33572.82180 	 27134.32561 	    0.00000 	 7616.31516 	 12253.46231 	 77769.69262 	 27194.00978 	 77747.12036 	 11836.50331 	 30526.50595 	 164249.44354 	 
10325.67356 	 6737.58391 	 41663.47943 	 41790.76994 	 5819.83779 	 16028.13697 	 9639.05796 	 3977.61844 	 20144.89546 	 6343.85958 	 4255.58634 	 24558.97919 	 2449.21207 	 30031.12375 	 5872.28394 	 4961.20359 	 11435.86030 	    0.00000 	 3486.17306 	 27867.21618 	 9056.82866 	 11794.04366 	 4371.67610 	 5444.39039 	 15812.47498 	 
1692.91863 	  909.82642 	 2448.07473 	 12793.50323 	  979.22441 	 2149.59192 	 4840.98947 	 11164.79346 	 4801.60665 	 2577.25382 	 3323.87442 	 24644.17346 	  599.05502 	 1154.23806 	 5255.44169 	  687.83537 	 11872.52481 	 3125.37099 	    0.00000 	 2375.82380 	 4513.61302 	 11883.08501 	 2725.76959 	  589.18342 	 4262.01387 	 
4211.79254 	 9442.44492 	 16724.51172 	 23092.00019 	 3832.68656 	 5771.16033 	 3405.53757 	 2618.17391 	 13537.04624 	 4428.10546 	 2804.32265 	 7835.21521 	 1463.89962 	 10365.53570 	 2491.97773 	 1230.92695 	 76755.75900 	 33903.76937 	 2279.61169 	    0.00000 	 6088.70326 	 5762.40296 	 2478.37177 	 6225.67595 	 10586.44605 	 
5154.64647 	 4140.00618 	 8987.38626 	 40789.18758 	 6605.12376 	 8172.30884 	 7272.19743 	 8579.71644 	 14813.77307 	 8633.89601 	 11301.69818 	 13839.04858 	 5656.66891 	 11061.18186 	 6846.31984 	 4831.99129 	 28506.24054 	 8161.62577 	 3833.00904 	 5319.80652 	    0.00000 	 7711.11898 	 2368.02152 	 2956.29453 	 9306.89257 	 
6820.01318 	 9494.37317 	 15586.43779 	 32287.94178 	 2841.80208 	 5587.53609 	 12116.67389 	 19917.12880 	 13652.32229 	 9627.85322 	 6642.48405 	 79409.90946 	 3863.93801 	 5797.58223 	 14935.84726 	 7573.41919 	 65428.44267 	 18937.48820 	 14707.68621 	 4967.82637 	 9553.77030 	    0.00000 	 41915.74412 	 1890.75683 	 24686.52530 	 
3136.00490 	 2799.89497 	 4712.25002 	 13624.89001 	 1062.87923 	 1546.82536 	 3512.73630 	 7904.24419 	 4727.80020 	 3501.06159 	 2870.31081 	 38003.92749 	 1107.09053 	 1601.73966 	 7560.84423 	 2189.24832 	 14763.84307 	 5826.76244 	 2763.52960 	 2472.32547 	 3077.46506 	 37924.59314 	    0.00000 	  709.19408 	 4161.67290 	 
12556.53095 	 1961.85828 	 7379.05409 	 22164.28211 	 3309.14642 	 7901.94868 	 2791.26998 	 1497.37178 	 9102.46703 	 1772.71546 	 2086.80159 	 3230.63108 	 1493.88233 	 19601.01399 	 2729.31247 	 4448.21833 	 27628.33911 	 7730.81536 	  684.08089 	 6785.18606 	 3875.23200 	 2060.63575 	  715.58958 	    0.00000 	 6672.03702 	 
18778.32704 	  492.41936 	 60869.97462 	 36690.02809 	 6141.36043 	 17106.37136 	 13762.78488 	 7103.67850 	 21444.11947 	 7156.18766 	 6544.81719 	 26050.89536 	 4907.44459 	 18568.09585 	 14347.69126 	 4843.26414 	 210965.82602 	 9254.50654 	 4324.25587 	 15794.06139 	 15161.01075 	 24775.99389 	 3941.52419 	 6022.11424 	    0.00000 	 
   0.00000 	  632.23212 	  886.86990 	  554.81446 	  347.36021 	  428.94096 	  824.70803 	 1535.33085 	  749.91176 	  804.12486 	  533.34652 	 1526.13757 	  275.68696 	  679.99970 	  725.55819 	  337.30653 	  565.81568 	  560.62315 	 1970.32879 	  439.72942 	  541.52187 	 1702.63569 	 1959.69185 	  394.35699 	  398.16294 	 
 588.63483 	    0.00000 	  452.32423 	  525.04018 	  324.51771 	  332.79888 	 1261.22510 	 1206.07496 	  519.01345 	 1016.72101 	  992.34068 	 2901.02012 	  558.85658 	  868.58837 	 1074.36674 	  827.35353 	  174.03626 	   77.39021 	 2037.99053 	  155.03186 	  676.69025 	 2901.63716 	 2159.59401 	  656.85062 	   37.99137 	 
1148.76492 	  388.83506 	    0.00000 	  825.61701 	  861.14602 	  510.14961 	 1646.67890 	 2010.30144 	  659.41433 	 1564.58832 	 1605.83157 	 3122.89959 	 1428.48566 	 1479.69835 	 1318.98586 	 1042.26360 	  244.10734 	  247.01925 	 2756.25438 	  572.30953 	  770.48394 	 3017.60255 	 2393.18316 	 1195.63672 	  416.45518 	 
 579.96325 	  668.66782 	 1031.97041 	    0.00000 	  297.33785 	  402.10748 	  796.96482 	  682.11465 	  303.10841 	  771.78085 	  491.07746 	 1447.51463 	  452.12396 	 1046.71349 	  352.22449 	  999.40518 	  650.29653 	  595.50628 	 1468.83331 	  443.71804 	  188.98990 	 1301.60543 	 1536.74964 	  953.02891 	  767.04216 	 
 469.82987 	  496.11681 	  917.32449 	  250.55151 	    0.00000 	  248.25150 	 1031.36034 	  937.09458 	  249.78856 	  935.17879 	  679.83943 	 2315.96166 	  350.56994 	 1006.43448 	  574.95834 	  888.43802 	  723.47540 	  428.45099 	 1648.43991 	  226.48578 	  310.63138 	 1513.73922 	 2253.49145 	  804.58148 	  515.53546 	 
 547.99535 	  393.54027 	  493.46355 	  260.28491 	  167.19602 	    0.00000 	 1101.47570 	 1572.51909 	   79.15311 	 1368.43265 	  656.55175 	 2649.39224 	  657.13386 	 1172.92795 	  554.38683 	  761.67322 	  510.66840 	  436.63346 	 1485.96458 	   99.29997 	  378.38699 	 2040.70870 	 1436.75918 	  789.12137 	  217.29010 	 
 828.20562 	  881.24716 	 1135.84468 	  901.47070 	  979.02088 	  810.77121 	    0.00000 	  741.02130 	 1061.28375 	  278.37487 	  404.95228 	 1376.83480 	  480.54729 	 1146.35359 	  629.97764 	  433.09482 	 1017.98727 	 1185.34532 	 1003.11026 	  844.78122 	  653.46842 	 1378.50101 	 1422.75069 	 1110.68454 	  989.38680 	 
1280.77587 	 1110.49323 	 1458.73991 	  980.68770 	  811.97351 	 1182.73165 	  688.84271 	    0.00000 	 1103.49870 	  849.93519 	  432.29356 	  977.98641 	  869.03636 	 1758.89846 	  565.98770 	  915.31341 	 1663.04774 	 1811.98170 	  486.14739 	 1192.29833 	  856.29669 	 1193.88314 	 1027.96500 	 1112.23567 	 1804.50800 	 
 596.46194 	  306.37180 	  444.25610 	  274.91472 	  213.55357 	   73.66884 	 1032.38702 	 1275.00051 	    0.00000 	  841.95537 	  453.49493 	 2063.17410 	  542.21040 	  834.17031 	  631.63987 	  926.02305 	  460.39159 	  444.68052 	 1906.53475 	  220.39545 	  539.77134 	 1651.85098 	 1525.31706 	 1065.70469 	  466.44173 	 
 788.97219 	 1105.08241 	 1859.08446 	 1134.78895 	 1048.80267 	  987.93763 	  259.00024 	 1026.01116 	 1278.83875 	    0.00000 	  809.61240 	 1560.74349 	  488.21538 	  949.11237 	 1002.83194 	  346.20174 	 1480.04976 	 1292.96687 	 1259.74446 	 1041.48693 	  628.92781 	 1882.35838 	 1549.00665 	  760.91689 	 1282.04555 	 
 512.88616 	  834.82534 	  992.28109 	  331.41584 	  468.47049 	  848.81359 	  553.75157 	  411.71223 	  740.54655 	  684.79319 	    0.00000 	 1653.69139 	  350.70639 	  903.19952 	  448.47294 	  833.38453 	 1126.37587 	 1162.54614 	  831.21010 	  668.60618 	  260.67111 	 1493.96685 	 1553.66066 	 1324.90796 	  719.78274 	 
1720.75981 	 2493.99144 	 2417.17848 	 1347.83743 	 1463.94172 	 1442.92704 	 1118.68834 	  658.39412 	 2041.15167 	 1567.77613 	 1626.39226 	    0.00000 	 1626.04790 	 1881.71305 	 1421.07549 	 1303.25087 	 2399.84095 	 2203.62350 	  307.72043 	 2110.16649 	 1636.23521 	  329.93790 	  881.82702 	 2395.37256 	 2683.49101 	 
 300.33933 	  874.05453 	  834.80885 	  467.02959 	  448.38979 	  777.21212 	  428.33285 	 1107.65070 	  692.12414 	  486.38490 	  368.45508 	 1943.04569 	    0.00000 	  678.32712 	  598.61889 	  338.73362 	  868.49520 	  965.69798 	 1048.80181 	  677.77067 	  191.38025 	 2050.53469 	 1371.82347 	  720.57941 	  883.01719 	 
 629.06007 	  750.86443 	  976.35879 	 1204.76281 	  944.41418 	  792.37811 	  812.56148 	 1853.80654 	 1320.39953 	  798.34199 	  946.49649 	 2631.78085 	 1029.05699 	    0.00000 	 1364.21641 	  569.55884 	 1405.84505 	  778.38066 	 1728.98741 	  985.96417 	  777.05932 	 2356.42781 	 3353.63127 	  147.91776 	  786.76230 	 
 694.00774 	  961.69531 	  958.54492 	  402.45193 	  537.33266 	  567.15096 	  841.60648 	  580.62810 	  507.69207 	  923.25301 	  521.07937 	 1237.85736 	  862.46577 	 1076.51000 	    0.00000 	  953.29680 	 1055.20393 	  992.01777 	 1351.63220 	  911.93832 	  542.98921 	 1738.16728 	 1293.84560 	 1425.59975 	 1065.41747 	 
 436.38160 	  753.13305 	 1592.95035 	 1042.78441 	  508.81035 	  793.85681 	  497.37350 	  972.02722 	 1008.33469 	  341.74790 	  622.29731 	 1392.80070 	  430.10385 	  719.01976 	 1310.82585 	    0.00000 	 1378.52261 	 1000.18808 	  962.75962 	  773.76109 	  762.80124 	 1547.70849 	 1963.73736 	  601.05920 	  854.55522 	 
 716.88748 	  166.34062 	  136.38108 	  519.46038 	  535.28819 	  454.61335 	 1308.02462 	 1773.76476 	  570.64745 	 1823.64484 	 1138.62299 	 3131.36013 	 1222.64507 	 1234.48104 	  835.06051 	  934.08028 	    0.00000 	   85.27360 	 1914.93451 	  269.82354 	  813.11000 	 1843.28286 	 2768.41404 	  813.96107 	  198.91666 	 
 575.78503 	   80.51557 	  209.34322 	  743.85510 	  629.93678 	  376.63408 	 1275.79534 	 1512.17163 	  535.79649 	 1087.05092 	  980.46186 	 2213.30597 	  900.64028 	 1207.87837 	 1170.73319 	 1064.80999 	   74.38566 	    0.00000 	 2451.98065 	  328.10525 	  895.51958 	 2779.55195 	 1945.63802 	 1192.78009 	  124.68768 	 
1345.10335 	 2595.44515 	 2340.00430 	 1442.37189 	 1177.79099 	 1800.75108 	 1008.72330 	  466.68240 	 1301.22572 	  861.44707 	  885.61306 	  434.17357 	 1405.53905 	 2152.58162 	 1386.39712 	 1637.83915 	 2112.56276 	 2151.75009 	    0.00000 	 1586.62943 	 1553.51615 	  535.76753 	  980.14138 	 2188.56666 	 1988.44359 	 
 398.66216 	  253.77094 	  507.77131 	  470.92767 	  247.91699 	   76.80235 	 1002.99834 	 1485.37237 	  159.74120 	 1319.58151 	  682.80566 	 2361.02570 	  567.88174 	 1259.65708 	  520.96044 	  733.26509 	  247.28385 	  337.47391 	 1869.45304 	    0.00000 	  647.73165 	 2494.52096 	 1954.48975 	  826.02948 	  245.39313 	 
 351.58005 	  785.61554 	 1090.00143 	  214.71307 	  370.58228 	  551.38872 	  517.81220 	  918.29021 	  563.78086 	  639.15333 	  246.75894 	 1845.91604 	  295.72676 	 1300.13694 	  568.07480 	  506.90454 	  952.75247 	  799.10384 	 1598.59873 	  706.08380 	    0.00000 	 1357.86204 	 2099.64602 	  852.53615 	  631.14560 	 
2330.12945 	 2400.54239 	 3000.69098 	 1401.67713 	 2178.53487 	 2424.16729 	 1477.49247 	  809.25035 	 1626.90624 	 1173.61611 	 1619.88404 	  329.77715 	 2197.33240 	 3033.64065 	 1314.71108 	 2242.18417 	 2968.02812 	 2795.81054 	  730.60644 	 2769.30717 	 1734.92489 	    0.00000 	  817.62517 	 2537.36178 	 2775.54087 	 
2767.83832 	 1798.37237 	 2609.77239 	 1244.91466 	 2358.11755 	 2551.62270 	 1800.62683 	  932.91726 	 1914.43527 	 2185.80671 	 1058.38461 	  846.36993 	 1958.26707 	 2000.50272 	 1775.65179 	 1728.49392 	 1968.45091 	 2271.70322 	 1374.59588 	 2370.75161 	 1507.53084 	  861.20977 	    0.00000 	 2243.77588 	 1738.97042 	 
 322.10759 	  691.00149 	  867.24533 	 1303.84401 	  952.25867 	  728.65609 	 1175.29482 	 1073.37414 	 1062.45774 	  887.08579 	 1056.35756 	 1912.67855 	  510.90349 	  146.44672 	 1260.27479 	  536.27032 	 1050.62743 	  745.31757 	 2072.57153 	  965.96030 	  685.98075 	 2372.72276 	 1774.16097 	    0.00000 	  774.61106 	 
 386.71701 	   36.98825 	  344.81300 	  611.03509 	  390.79327 	  336.86464 	 1184.76787 	 1765.21733 	  484.43015 	 1159.09003 	  825.50767 	 2627.90154 	  909.13399 	 1176.24940 	  999.86191 	  796.45293 	  188.83379 	  155.83173 	 1432.27232 	  224.37496 	  841.49230 	 2787.91884 	 2678.07156 	  911.68935 	    0.00000 	 
   0.00000 	 4837.73238 	 7890.35064 	 20115.10257 	 5331.74091 	 7860.49402 	 9373.69352 	 2183.42017 	 11099.05704 	 5440.56332 	 2610.00945 	 11805.80855 	 12202.76454 	 16716.67453 	 3568.81724 	 11363.70469 	 36848.87856 	 12410.97158 	 1039.58255 	 3915.70117 	 7291.38844 	 7687.54332 	 2960.66800 	 8939.04805 	 16743.10416 	 
5271.96567 	    0.00000 	 16216.58967 	 11512.78002 	 2730.60122 	 6814.30862 	 2963.51825 	 3635.87395 	 6060.18745 	 3208.12056 	 2469.11580 	 9010.14943 	 1380.43080 	 8491.42226 	 1124.85456 	 4767.10559 	 23284.00723 	 7580.98839 	 1022.48453 	 9688.17992 	 4165.98978 	 5537.13248 	 4413.00704 	 1544.12021 	  582.95173 	 
6750.77533 	 13397.24529 	    0.00000 	 33263.09112 	 5778.95763 	 17456.08363 	 6283.33503 	 6752.89587 	 16247.55212 	 3847.93338 	 3996.35113 	 21486.21929 	 1844.44436 	 16605.44568 	 6125.21771 	 3092.29799 	 219071.10999 	 42560.43272 	 2066.08987 	 13573.83192 	 7421.82652 	 20499.16879 	 3802.77987 	 8151.49508 	 41624.63030 	 
22607.01625 	 14679.19300 	 38556.07427 	    0.00000 	 21417.81048 	 42325.43096 	 17706.57314 	 26341.77090 	 53848.58047 	 17242.70286 	 28377.22079 	 69681.45563 	 10943.57061 	 31669.53668 	 57116.51951 	 18549.62919 	 152916.63567 	 32498.84530 	 11604.71557 	 27421.05242 	 54446.89019 	 27459.62473 	 14522.96568 	 13805.99316 	 45600.47106 	 
3349.19666 	 3388.99305 	 5478.71633 	 15136.39030 	    0.00000 	 7460.24463 	 2646.75047 	 1245.64300 	 5096.53978 	 1903.74524 	 2130.79121 	 6095.73016 	 2079.65575 	 9182.14235 	 2071.03838 	 1465.28331 	 30926.81345 	 5452.28817 	  995.57400 	 4420.75221 	 4933.02804 	 2499.71566 	 1103.34548 	 5788.68073 	 8463.66606 	 
7736.24936 	 4055.24145 	 16543.19176 	 39495.32046 	 8055.52237 	    0.00000 	 4829.18542 	 2511.59872 	 12340.81923 	 3910.43179 	 2120.30159 	 13489.93045 	 2206.38046 	 20278.72722 	 6462.86807 	 2466.26373 	 59440.75737 	 18764.06345 	 3052.67932 	 4200.94607 	 7529.79145 	 7110.26713 	 2193.73521 	 6081.52844 	 17772.29557 	 
9526.24649 	 4988.71627 	 4895.02362 	 24015.90875 	 2284.70752 	 3967.66736 	    0.00000 	 9072.92670 	 6266.59960 	 43182.79684 	 8140.07714 	 25990.31204 	 6861.07151 	 6621.95112 	 4527.69745 	 16355.78403 	 37357.79332 	 5791.59763 	 5650.53500 	 2442.09956 	 10657.56497 	 13726.72093 	 6149.07970 	 2304.34541 	 10482.70278 	 
2468.86629 	 3064.86287 	 4248.75174 	 26341.54217 	 1452.48438 	 3355.14264 	 8168.28328 	    0.00000 	 4643.70873 	 6453.81388 	 12669.89353 	 31279.43153 	 1573.61258 	 3538.59047 	 11140.99517 	 1844.76422 	 29149.28153 	 6101.80888 	 6729.47804 	 1863.75491 	 7352.05054 	 13785.80130 	 7670.61513 	 1122.11691 	 8815.36203 	 
6652.85423 	 5432.26145 	 14449.95585 	 48289.44464 	 6914.19230 	 13290.52427 	 7766.15720 	 6380.17506 	    0.00000 	 3928.28383 	 5521.64621 	 25983.98208 	 4258.23683 	 29281.09219 	 12198.67677 	 4368.51678 	 98212.31195 	 25994.81347 	 3758.40072 	 8700.64572 	 12582.59250 	 9982.41987 	 3642.47923 	 9934.89588 	 22893.72348 	 
7101.35713 	 3037.57263 	 3548.06767 	 16990.53853 	 1587.85365 	 4079.53857 	 40206.54063 	 8483.91864 	 4389.51838 	    0.00000 	 5550.57139 	 15636.69336 	 4774.80764 	 6026.76897 	 1990.07674 	 24302.45401 	 25080.70160 	 4779.80192 	 1809.98045 	 4420.79341 	 8737.76983 	 6893.02387 	 3282.37025 	 2206.41557 	 6974.91100 	 
3885.08435 	 2009.19428 	 4177.04787 	 36039.07795 	 1756.23246 	 2368.28963 	 11655.56085 	 12719.79299 	 5131.94146 	 4231.79420 	    0.00000 	 15553.14648 	 3968.60341 	 3935.75402 	 6343.21664 	 2662.34358 	 19739.27576 	 5181.59244 	 2928.60430 	 1623.14306 	 16019.58233 	 10632.68509 	 2310.79932 	 1399.36070 	 5391.41053 	 
10553.16211 	 9402.38952 	 18996.60482 	 71855.21451 	 7205.91420 	 10344.63398 	 24382.27387 	 29000.71768 	 19480.07279 	 15890.08049 	 14007.87983 	    0.00000 	 6550.75891 	 11492.52222 	 22146.57289 	 9771.88334 	 129628.42797 	 22157.99336 	 23519.06921 	 11363.83977 	 21306.37175 	 90072.35609 	 40472.92196 	 2743.46468 	 22437.66192 	 
11719.86249 	 1516.19261 	 1643.29794 	 13518.29295 	 2080.24054 	 2229.55131 	 7032.90563 	 1254.95037 	 5293.88369 	 3430.09565 	 2532.72515 	 6786.98363 	    0.00000 	 3544.39142 	 1257.11078 	 4549.39658 	 13115.90815 	 2570.18574 	  866.78837 	 1479.21401 	 6895.22995 	 3569.65092 	 1084.97394 	 1304.79125 	 4056.67513 	 
28276.52558 	 8129.99047 	 24032.06678 	 32041.41432 	 6851.43671 	 11977.85404 	 6133.29690 	 3334.23326 	 30363.53029 	 7716.87784 	 4857.85189 	 10522.56900 	 2800.57171 	    0.00000 	 5015.59644 	 10468.75309 	 183429.76279 	 19975.65763 	 1115.35070 	 15643.31351 	 7596.28510 	 10256.34802 	 1726.00216 	 15991.29521 	 19990.26171 	 
3951.85627 	  991.31832 	 7986.29062 	 53119.84288 	 2167.33216 	 3522.46500 	 5365.20572 	 10796.45744 	 9473.04549 	 2706.97705 	 9303.91990 	 23000.77096 	 1118.49683 	 4376.02535 	    0.00000 	 2662.50739 	 20846.22416 	 6703.61232 	 4045.81791 	 3097.85340 	 9924.55364 	 10095.64984 	 5385.01586 	 2648.17766 	 13295.23828 	 
7911.39597 	 6238.10676 	 2996.14705 	 14837.16785 	  980.62445 	 1883.91991 	 9662.53711 	 1890.89073 	 3913.95444 	 24993.99367 	 2895.11130 	 12886.38234 	 4822.62473 	 8611.41333 	 2270.67314 	    0.00000 	 21213.73536 	 4302.33072 	  680.36433 	 1815.17611 	 3908.89224 	 5628.25920 	 1755.77954 	 4050.55083 	 5566.22564 	 
34997.74952 	 20268.57035 	 157529.70602 	 188465.66785 	 27784.19754 	 63582.01985 	 27770.17630 	 24146.59038 	 58204.39155 	 33714.16621 	 14879.76669 	 119729.63539 	 8889.90119 	 204826.48193 	 19497.45746 	 26462.59722 	    0.00000 	 9776.80950 	 11052.64009 	 72840.72185 	 35250.92830 	 65510.32951 	 12066.62575 	 31745.47388 	 208397.20033 	 
13713.06275 	 7178.58523 	 30722.84128 	 39101.06967 	 7607.71519 	 16745.36125 	 7460.47661 	 4428.68096 	 16699.14081 	 4997.52467 	 3903.79933 	 23879.56329 	 3948.11884 	 27788.52650 	 7532.31206 	 3656.29212 	 11658.86145 	    0.00000 	 2564.20887 	 37294.32213 	 6509.59641 	 16407.99143 	 3968.75771 	 4383.42077 	 8984.83583 	 
1441.86553 	  900.14664 	 3599.74415 	 19152.76752 	  993.03610 	 2296.88842 	 6377.91261 	 9605.81297 	 4848.75152 	 1757.21609 	 3132.51472 	 26898.25268 	  805.79827 	 1148.04573 	 4142.24697 	  652.61768 	 10415.78756 	 2800.84396 	    0.00000 	 2367.78377 	 3594.46670 	 9023.12784 	 3689.24914 	  471.60059 	 3772.45965 	 
3872.11730 	 7111.00670 	 13918.85990 	 32038.54894 	 3537.64848 	 4689.15205 	 3889.68943 	 2477.84596 	 11410.67445 	 2808.59316 	 1936.22214 	 13820.60328 	 1230.96896 	 17379.20709 	 3028.31450 	 1579.88284 	 59732.81526 	 23822.03115 	 1337.64995 	    0.00000 	 3935.31989 	 6004.74648 	 2441.35037 	 5010.18673 	 10950.54851 	 
5951.86684 	 4178.33792 	 6840.12447 	 52987.32129 	 5199.86043 	 7805.45632 	 9022.01788 	 9246.89203 	 15328.21994 	 7870.09141 	 16715.87074 	 18083.46992 	 6626.19221 	 7291.85394 	 9879.87796 	 4094.81795 	 41120.90836 	 8853.11423 	 2754.48149 	 4593.86048 	    0.00000 	 9003.62090 	 3280.36674 	 2950.21846 	 10035.01356 	 
7089.29569 	 6708.41687 	 15353.71584 	 29702.75172 	 3749.03570 	 8306.22937 	 15501.29186 	 20068.13870 	 14617.22563 	 6575.27107 	 9935.56165 	 79625.46597 	 3135.71531 	 8416.55931 	 10713.47471 	 8143.85824 	 89616.04863 	 15511.30155 	 8075.31438 	 7498.83980 	 7637.27948 	    0.00000 	 34651.94503 	 2949.06069 	 23165.82218 	 
2393.81684 	 3133.52078 	 3374.88180 	 16965.66880 	 1319.94009 	 2358.15974 	 5315.50998 	 8195.74302 	 4227.71894 	 3334.59670 	 3511.32335 	 27683.39527 	 1167.74742 	 2167.50682 	 7349.85888 	 1815.08773 	 19178.05834 	 5003.78543 	 4406.75761 	 1884.50459 	 3308.48300 	 37603.89401 	    0.00000 	  668.29452 	 5500.79095 	 
11622.75173 	 2398.21546 	 9445.41918 	 14090.32107 	 3336.74187 	 5431.58108 	 3512.66240 	 1623.65952 	 12938.91727 	 2028.06301 	 1303.70045 	 4892.93569 	 1792.11450 	 26749.58813 	 3336.74843 	 3691.62712 	 30990.25582 	 6900.89555 	  494.40412 	 6575.66237 	 3953.08558 	 2975.16749 	  971.87766 	    0.00000 	 5758.69472 	 
18516.06906 	  457.88250 	 53593.60537 	 32611.01209 	 9040.61415 	 15970.07422 	 9972.78315 	 10629.70222 	 18964.66868 	 4723.90589 	 8984.97340 	 23942.44606 	 5814.39267 	 21946.45658 	 14757.17032 	 4373.20447 	 180329.48122 	 9964.91325 	 4108.35639 	 15978.35962 	 8616.37779 	 21231.80950 	 5471.05536 	 7686.14725 	    0.00000 	 
   0.00000 	  526.91169 	  722.47335 	  429.64971 	  276.33397 	  642.23339 	  710.07979 	  986.22599 	  606.30748 	  768.15406 	  798.07285 	 1399.18476 	  273.52422 	  616.42369 	 1125.91561 	  426.88620 	  934.70591 	  805.51841 	 1660.67213 	  597.08311 	  515.94489 	 2602.10324 	 1969.77589 	  398.69130 	  479.03640 	 
 678.34441 	    0.00000 	  260.83683 	  608.73678 	  550.13246 	  301.45743 	 1141.43457 	 1340.06186 	  387.27990 	 1437.83324 	  882.77938 	 2815.95061 	  728.22708 	  745.81422 	  810.51423 	  881.35268 	  128.55163 	   72.34920 	 2367.79255 	  153.94930 	  641.48434 	 1940.05849 	 2570.34652 	 1036.79965 	   47.03965 	 
 895.56527 	  435.53821 	    0.00000 	 1076.22337 	  768.86865 	  419.28177 	 1579.25391 	 1515.51589 	  774.80399 	 1601.46551 	 1428.04715 	 2476.55327 	 1312.65508 	  959.66696 	  987.74423 	 1560.26285 	  207.77854 	  239.92353 	 2200.21815 	  453.66526 	  835.26638 	 2726.32597 	 3202.06933 	 1071.36124 	  340.92903 	 
 514.26839 	  608.80948 	  986.09352 	    0.00000 	  235.75878 	  380.65341 	  780.97298 	 1134.33007 	  263.97524 	  674.58121 	  352.01407 	 2106.77001 	  407.22820 	 1266.31335 	  266.15389 	  919.62931 	  648.98568 	  652.66871 	 1674.51166 	  398.51384 	  237.15024 	 2389.08145 	 2235.64827 	 1068.95701 	  732.71320 	 
 301.48022 	  408.95670 	  908.01315 	  230.24766 	    0.00000 	  159.93974 	  691.73981 	 1384.55718 	  217.59096 	  894.79012 	  489.89247 	 1703.66783 	  384.36114 	  785.28185 	  764.29959 	  621.82894 	  746.50553 	  525.37888 	 1152.82772 	  331.59509 	  222.38529 	 1904.03718 	 2248.03871 	  594.33019 	  322.56039 	 
 548.01438 	  298.88716 	  681.13204 	  402.48583 	  262.69744 	    0.00000 	 1180.96833 	 1432.30334 	   88.43383 	 1060.85205 	  658.37839 	 1866.32585 	  683.34634 	 1235.69089 	  713.68018 	  778.89418 	  523.97921 	  292.38236 	 2223.40171 	  120.09388 	  486.05338 	 2275.14162 	 2012.50773 	  909.56609 	  334.92044 	 
 917.28816 	 1483.96240 	 1208.35787 	  983.38262 	  633.27020 	  979.76256 	    0.00000 	  840.44236 	  985.30464 	  186.51598 	  453.93730 	 1509.53433 	  295.52428 	 1222.60889 	 1002.06703 	  347.48452 	 1747.36517 	 1165.06968 	 1108.53313 	 1167.96022 	  409.94846 	 1252.34812 	 1512.47146 	  875.05266 	  910.13985 	 
1520.77169 	 1427.39448 	 1246.73272 	  668.12140 	  819.73233 	 1581.78610 	  635.42346 	    0.00000 	 1377.34689 	  615.90494 	  605.33084 	  857.34232 	  761.26473 	 1313.59002 	  665.74401 	  983.43281 	 1638.13472 	 1716.50538 	  471.94751 	 1359.20435 	  940.89623 	  808.25467 	  736.39908 	 1493.08258 	 1906.69945 	 
 547.38494 	  287.61597 	  633.78944 	  249.17396 	  244.69027 	  119.59818 	 1192.98597 	 1318.19982 	    0.00000 	 1103.02897 	  568.10852 	 1852.78665 	  435.58940 	 1096.14245 	  580.77077 	 1047.16486 	  606.44741 	  572.75651 	 1545.18222 	  223.07870 	  343.32193 	 1618.56831 	 1805.32684 	 1051.15771 	  357.37923 	 
 520.83436 	 1136.96597 	 1917.19984 	 1114.42771 	  804.14704 	 1317.92234 	  245.67704 	  623.39732 	 1087.39930 	    0.00000 	  538.45946 	 1676.41366 	  347.65157 	  920.97850 	 1124.64381 	  323.97303 	 1494.16156 	 1690.91999 	 1116.06151 	  808.74411 	  686.18525 	 1211.05025 	 2170.84340 	  927.57118 	 1181.40963 	 
 569.43813 	  934.09506 	 1597.99020 	  362.98434 	  387.45125 	  613.86529 	  481.44166 	  472.66998 	  824.06458 	  762.32166 	    0.00000 	 1470.00367 	  450.96642 	 1093.28876 	  449.96246 	  589.22236 	 1175.75802 	 1143.65251 	  759.90031 	  698.85055 	  275.80100 	 1195.62437 	 1463.96446 	 1067.77798 	 1045.62670 	 
1989.37678 	 2828.86716 	 2691.86398 	 1585.15909 	 2296.66990 	 2451.78144 	 1240.45921 	  958.07596 	 2067.06279 	 1368.35151 	 1006.91605 	    0.00000 	 2038.25167 	 1924.27705 	 1969.40620 	 1938.80373 	 2475.80968 	 2700.68278 	  452.69268 	 2669.32037 	 1909.24769 	  454.70228 	  851.40259 	 2081.96381 	 2911.88753 	 
 355.89475 	  824.36536 	  916.96844 	  630.81075 	  442.98956 	  611.30136 	  441.11904 	 1142.62817 	  509.92580 	  417.80148 	  336.08470 	 1273.18837 	    0.00000 	  830.45508 	  641.44686 	  452.46500 	  790.49583 	 1014.67562 	 1091.99450 	  812.20914 	  268.91057 	 2057.97531 	 1739.78023 	  514.46950 	  737.64484 	 
 536.90502 	  804.58927 	  989.89247 	 1103.95723 	  711.88124 	 1101.92476 	 1419.52266 	 2156.21346 	 1153.61563 	  918.39408 	 1403.91848 	 2954.74219 	  752.29877 	    0.00000 	 1833.75166 	  763.34333 	  855.83820 	  787.04185 	 2406.27354 	 1269.49744 	 1177.67221 	 2192.57991 	 2446.90806 	  195.14899 	 1026.78978 	 
1135.07899 	  846.13656 	  920.84799 	  396.88959 	  538.40449 	  559.02345 	  813.00945 	  543.65046 	  577.88563 	  870.07281 	  308.85055 	 1582.69413 	  692.69791 	 1632.32986 	    0.00000 	 1191.72976 	  903.11415 	  758.24941 	 1489.39442 	  888.55307 	  351.26031 	 1869.64125 	 1089.08957 	 1012.62193 	  775.75978 	 
 367.38319 	 1111.71952 	 1251.20076 	  856.52060 	  573.06115 	  916.62640 	  362.56362 	  802.69820 	 1197.03388 	  293.18900 	  678.81803 	 1900.26085 	  441.26062 	  644.59395 	  823.33596 	    0.00000 	  927.16232 	 1390.18162 	  931.42399 	  678.88542 	  564.33058 	 1470.04317 	 1675.77792 	  611.32133 	  971.85295 	 
 747.70970 	  157.43793 	  160.53330 	  842.86265 	  547.91795 	  467.08961 	 1569.74373 	 1689.68761 	  559.47423 	 1716.54620 	 1387.54972 	 2369.15375 	 1059.54389 	 1142.04772 	 1084.12560 	 1013.01490 	    0.00000 	   91.63573 	 2547.27981 	  324.28556 	  682.50788 	 3118.45598 	 2822.70662 	 1193.31543 	  218.96062 	 
 543.59971 	  108.20483 	  287.60678 	  779.83367 	  407.02274 	  346.72443 	  911.59369 	 1973.18876 	  363.00808 	 1715.73634 	 1314.37275 	 1985.95858 	  917.40600 	  968.49783 	 1144.85521 	  814.21516 	  106.58454 	    0.00000 	 1787.64934 	  294.33109 	  786.06211 	 2444.93368 	 2074.82153 	 1116.80727 	  146.61290 	 
1258.45262 	 2296.56631 	 2686.87223 	 1261.19199 	 1767.20447 	 1637.35466 	  824.49442 	  536.05048 	 1271.32445 	  885.02439 	 1007.16914 	  427.54416 	 1374.22312 	 2016.37548 	  983.06962 	 1067.29607 	 2514.48326 	 2444.23694 	    0.00000 	 1950.34933 	 1508.62113 	  507.50127 	 1330.78907 	 2261.35864 	 2426.34700 	 
 396.24091 	  157.93169 	  346.13578 	  466.12040 	  273.31364 	  101.02458 	 1046.81958 	 1554.17116 	  187.93093 	 1291.29730 	  694.41467 	 2394.34498 	  772.12216 	 1022.94606 	  857.21854 	  692.90536 	  389.64130 	  305.16572 	 1306.50872 	    0.00000 	  505.68283 	 2011.72393 	 2058.47139 	  653.67797 	  139.93767 	 
 368.39507 	  712.77042 	 1098.14173 	  327.59053 	  349.86310 	  511.86789 	  694.33045 	  920.13659 	  359.43120 	  742.57247 	  195.00037 	 1283.97120 	  294.56218 	  972.92163 	  568.82078 	  464.21884 	  691.24278 	  668.05990 	 1055.52555 	  606.39809 	    0.00000 	 1977.19290 	 2142.29587 	  774.72209 	  861.15119 	 
2355.40730 	 1782.05631 	 2535.08770 	 1755.01993 	 2179.12025 	 2051.29363 	 1850.12065 	  853.43595 	 2696.59505 	 1630.12887 	 1733.63550 	  371.82949 	 1513.41476 	 2266.81099 	 1228.39704 	 2335.11011 	 2534.80203 	 3016.55717 	  857.26750 	 2144.35681 	 2175.20728 	    0.00000 	  711.57362 	 2281.97449 	 3064.83457 	 
2496.09966 	 1656.37377 	 2502.60377 	 2087.58469 	 1943.74194 	 2445.06650 	 2025.93875 	  981.36835 	 2446.08335 	 1611.67260 	 1297.01105 	  960.91148 	 1974.56455 	 2709.72107 	 1581.23638 	 2525.29672 	 2560.81723 	 2925.11128 	 1361.10029 	 1630.43046 	 1882.24868 	  720.85910 	    0.00000 	 1947.42954 	 2060.23474 	 
 361.11804 	  603.68920 	 1396.58053 	  791.87720 	  627.58782 	  821.00076 	 1003.01976 	 1764.43538 	  903.08649 	  808.88513 	  965.29346 	 1688.95482 	  640.83820 	  255.93638 	 1365.52325 	  612.58755 	  838.27829 	 1126.39695 	 1984.90028 	  978.85804 	 1079.06107 	 2623.24371 	 2496.42001 	    0.00000 	 1040.84081 	 
 649.16042 	   32.30107 	  351.94429 	  631.40237 	  305.43750 	  267.58987 	  853.57002 	 1679.03717 	  310.98230 	 1191.30285 	  898.15997 	 2791.82187 	  668.40056 	  815.20814 	  742.09705 	  728.72929 	  213.75456 	  163.09889 	 1881.26902 	  147.75971 	  719.29039 	 3144.28366 	 2082.87509 	  868.06026 	    0.00000 	 
   0.00000 	 5303.48483 	 9848.54260 	 14959.03464 	 5036.33818 	 5090.12006 	 9441.39762 	 1702.37143 	 9667.99395 	 5562.01702 	 4481.16721 	 7528.48675 	 10982.97916 	 18698.38203 	 3937.71847 	 12793.53371 	 35317.84728 	 8580.58405 	 1285.04452 	 5026.51763 	 7046.51086 	 5085.84964 	 2956.30932 	 14227.33183 	 14106.49198 	 
7562.72700 	    0.00000 	 11458.04972 	 11471.09210 	 2621.73048 	 6017.64886 	 4735.68570 	 3725.68561 	 5854.07528 	 5349.64514 	 2107.02022 	 8508.64937 	 1391.86864 	 5960.26311 	 1257.40362 	 4147.23074 	 23377.59636 	 8066.20194 	  920.36263 	 6628.94140 	 3985.01202 	 8223.32629 	 3882.76284 	 2327.96439 	  466.31901 	 
9399.27673 	 10422.57636 	    0.00000 	 39662.43538 	 6630.04437 	 18018.06460 	 6675.38492 	 5022.30678 	 16673.57590 	 3239.06542 	 3463.05844 	 15711.15841 	 1500.86330 	 20179.21105 	 7582.55008 	 3745.60004 	 190049.90244 	 41862.01513 	 3157.13511 	 16142.98943 	 7056.24414 	 14716.12995 	 5314.95029 	 5777.81052 	 53025.06740 	 
14905.94807 	 10377.36704 	 28441.30027 	    0.00000 	 14795.90318 	 26235.70578 	 19088.36101 	 31139.33853 	 58430.48296 	 20032.74666 	 31902.54401 	 61495.69435 	 16538.81601 	 51984.01449 	 39322.22596 	 11285.17748 	 141563.16555 	 48398.03952 	 12286.67330 	 29881.03566 	 53266.37880 	 32335.01368 	 14915.02603 	 20904.63332 	 46397.59965 	 
4986.89530 	 3409.44756 	 6387.97695 	 16676.76659 	    0.00000 	 5171.43566 	 3845.34437 	 1908.62361 	 8188.08085 	 2248.81020 	 2256.57540 	 5930.04418 	 1955.81263 	 5161.43391 	 1553.53432 	 1380.00872 	 19280.99437 	 4896.21615 	 1342.34515 	 3362.42727 	 3924.26074 	 4297.99478 	  875.78914 	 4162.96660 	 6718.86159 	 
7439.18443 	 6623.68723 	 17575.63067 	 39948.10231 	 6877.67773 	    0.00000 	 6263.62018 	 2765.51789 	 9913.17441 	 3852.98426 	 2725.64857 	 10401.39179 	 1843.74488 	 17166.49305 	 4232.88716 	 2011.44028 	 68901.41750 	 13174.19775 	 3438.19209 	 5624.96596 	 6273.92945 	 5730.19403 	 2614.33873 	 6994.79916 	 16194.59406 	 
12539.24997 	 3425.13327 	 4900.39800 	 16269.58289 	 2718.09906 	 5795.00562 	    0.00000 	 11214.87446 	 5847.29054 	 28134.01346 	 12190.45220 	 29406.94379 	 5549.72387 	 6991.99632 	 4307.13723 	 10815.30520 	 38417.08811 	 8934.08643 	 4690.68884 	 2967.55446 	 7015.46539 	 16816.53460 	 5737.93144 	 3433.57503 	 8316.04882 	 
1702.49715 	 3072.57002 	 6914.12410 	 32856.40433 	 1881.32654 	 3278.20146 	 13098.37908 	    0.00000 	 7021.16886 	 6968.17326 	 11691.94274 	 36656.45098 	 1252.15686 	 3238.64796 	 9177.59182 	 2872.85798 	 29079.43952 	 4606.56407 	 9915.88638 	 1872.92230 	 9173.73984 	 22662.91510 	 6086.30958 	 1347.04802 	 7153.88748 	 
7644.61023 	 6242.01989 	 12395.92527 	 52267.04567 	 6246.07733 	 10060.79342 	 7538.73239 	 6451.86492 	    0.00000 	 4311.48187 	 6252.49383 	 21512.64320 	 6216.33972 	 27728.78735 	 7378.69428 	 4777.00358 	 101635.80685 	 23038.60271 	 4198.57751 	 8206.05821 	 11391.98404 	 12769.08961 	 5074.00072 	 11284.41739 	 16308.04766 	 
5498.97389 	 5050.67645 	 4542.64934 	 18816.67072 	 1349.69602 	 2644.41417 	 25260.79118 	 5446.41528 	 3691.54582 	    0.00000 	 5225.15251 	 17037.45486 	 4047.04187 	 6474.23719 	 3398.22985 	 17347.12560 	 21795.19034 	 5083.06120 	 1868.42511 	 3557.88800 	 6840.57155 	 8651.57351 	 3052.19690 	 1675.44205 	 6900.03991 	 
3426.95966 	 3164.83489 	 3912.84808 	 26437.42524 	 2798.88764 	 2355.92699 	 11991.69617 	 13920.64083 	 3615.36532 	 4608.22649 	    0.00000 	 11032.25478 	 3505.87679 	 4552.30692 	 7819.76984 	 2819.04016 	 12978.84858 	 4355.13939 	 2327.89683 	 2975.74519 	 18967.72194 	 7546.47621 	 3870.07756 	 1404.83038 	 6456.17712 	 
11869.06458 	 7316.51756 	 19091.97086 	 56939.68959 	 6068.13681 	 10688.90330 	 19750.78718 	 36897.16818 	 25832.70683 	 18675.61592 	 18589.68718 	    0.00000 	 5367.11727 	 15837.43022 	 20310.10744 	 8398.07737 	 109211.80139 	 26008.42139 	 41271.02081 	 8420.31394 	 15196.01719 	 95126.60390 	 31866.61998 	 2842.23685 	 27249.77047 	 
12995.94989 	  984.18964 	 1974.84663 	 15179.83649 	 2301.31640 	 1877.64753 	 8979.73286 	 1453.26198 	 4879.84028 	 4179.32371 	 2322.32158 	 5398.66481 	    0.00000 	 3001.02719 	  965.59163 	 7423.69766 	 10497.86367 	 2902.10438 	  937.13573 	 1082.03598 	 7026.29286 	 2316.28238 	 1122.06076 	 1767.66644 	 5158.10506 	 
28418.67179 	 6226.56436 	 19327.06764 	 38029.33272 	 5581.67266 	 15568.73137 	 5812.68706 	 4439.31153 	 20717.43143 	 8014.83667 	 4746.13519 	 11124.37972 	 4223.96406 	    0.00000 	 5270.38126 	 6705.39665 	 133799.21220 	 19251.50937 	 1157.53858 	 12712.95154 	 7289.12775 	 9320.13440 	 1586.74067 	 24893.18173 	 17301.90484 	 
3480.06573 	 1276.71084 	 7762.14481 	 38092.91359 	 1779.20234 	 3563.19281 	 4945.66645 	 7607.99602 	 12571.22146 	 2791.51993 	 5989.23075 	 19551.26440 	 1109.42705 	 5260.92245 	    0.00000 	 1901.49805 	 25404.08245 	 7028.63201 	 4017.68882 	 3398.89023 	 7433.22720 	 12962.94805 	 5375.22383 	 3245.39857 	 8479.16968 	 
8338.23211 	 5730.08575 	 3841.98172 	 15038.85883 	 1021.44495 	 2411.95639 	 12831.84875 	 2180.31776 	 4792.33891 	 20485.76258 	 3205.83847 	 10142.60421 	 4157.08531 	 9877.04708 	 2430.34668 	    0.00000 	 23560.94484 	 5723.57947 	  952.68325 	 2068.65254 	 3828.61083 	 8045.88603 	 2563.12558 	 3787.86035 	 3893.87571 	 
43326.36984 	 19009.68515 	 249783.70939 	 221772.62669 	 18618.15514 	 48467.80377 	 26986.38472 	 18723.66569 	 70020.89885 	 32098.03949 	 16677.01050 	 110574.00788 	 11891.06775 	 182026.22177 	 20378.74458 	 23558.18250 	    0.00000 	 11284.62735 	 11526.37882 	 64748.73426 	 24431.75145 	 62542.28845 	 14739.99223 	 34116.63725 	 146751.73643 	 
10883.40613 	 6902.32085 	 37949.74069 	 46006.21114 	 6109.36853 	 11276.89076 	 6542.67960 	 6402.80763 	 23693.55935 	 4572.53150 	 4064.36249 	 24115.05618 	 3627.91779 	 27662.14593 	 5319.86759 	 4069.46122 	 7559.15445 	    0.00000 	 3016.88424 	 36276.96819 	 5591.68001 	 12695.66678 	 4643.33960 	 6617.81719 	 9937.12470 	 
1106.12465 	  969.02299 	 2587.37014 	 17315.77207 	  840.69489 	 3574.15300 	 4083.51485 	 10234.92803 	 5561.50138 	 2241.62514 	 3646.48734 	 33361.71815 	  853.59118 	 1333.19206 	 5759.62551 	  704.86672 	 11071.63487 	 2408.90662 	    0.00000 	 1844.60057 	 4067.92203 	 13597.09357 	 3567.26664 	  724.01701 	 3027.97615 	 
6405.41312 	 5786.54807 	 10825.10375 	 19836.58992 	 4047.46265 	 5500.31958 	 3019.77656 	 1950.95797 	 7423.83762 	 4002.52175 	 2132.54946 	 13932.73304 	 1245.39302 	 12752.28364 	 2092.57201 	 1923.31939 	 69611.11343 	 39075.55282 	 1679.48709 	    0.00000 	 4005.48441 	 7112.70932 	 1873.69027 	 4361.13809 	 14596.68599 	 
6055.56845 	 4107.40581 	 6458.24007 	 48200.84737 	 5613.89598 	 5569.74292 	 11971.89524 	 8875.31599 	 12933.14898 	 7009.63777 	 14973.64599 	 14103.32406 	 7225.38194 	 7238.26380 	 10320.78387 	 5601.29090 	 35147.15865 	 10135.23501 	 4538.28773 	 4966.17457 	    0.00000 	 9919.93962 	 4090.59977 	 3835.51702 	 12875.68874 	 
7049.91007 	 5425.15613 	 12168.99751 	 38135.70333 	 2877.92150 	 4845.95880 	 17129.27863 	 21717.41977 	 10067.97888 	 9199.87797 	 10109.10720 	 102892.47331 	 2218.78672 	 6807.31694 	 10998.91460 	 6419.43415 	 85442.85022 	 14094.26267 	 8583.39140 	 4768.77711 	 9343.12727 	    0.00000 	 27713.70928 	 2692.92246 	 14460.82736 	 
3261.57419 	 3729.94692 	 5277.42282 	 15214.98246 	  998.86439 	 2246.55592 	 3730.14476 	 10078.39376 	 4397.35933 	 2076.53260 	 2607.10386 	 24395.65635 	 1014.40199 	 1731.48367 	 5260.07996 	 2086.30188 	 12756.44686 	 4798.96903 	 3020.54644 	 1836.58324 	 3406.58290 	 38499.98192 	    0.00000 	 1000.57270 	 5944.19977 	 
14310.57091 	 2148.50478 	 10151.23987 	 22061.39819 	 4038.50331 	 6811.61191 	 3280.36762 	 1075.54117 	 14914.29532 	 2375.74118 	 1238.48478 	 3576.88863 	 1601.11203 	 16982.05832 	 3411.10572 	 2730.17630 	 36539.35809 	 6937.88855 	  545.11561 	 5446.14481 	 3007.50763 	 3109.82646 	  863.73019 	    0.00000 	 7685.01535 	 
12080.84080 	  621.99289 	 60118.18943 	 31472.87781 	 4995.75477 	 12721.60267 	 8874.52483 	 9672.80678 	 23446.30565 	 3933.90163 	 6198.93853 	 21767.70636 	 3818.76120 	 21815.97754 	 10522.93512 	 4399.48952 	 160942.22628 	 9048.65647 	 4045.05742 	 15500.06851 	 11441.59474 	 17208.63931 	 4988.67255 	 6630.73593 	    0.00000 	 
   0.00000 	  633.17606 	 1034.91136 	  552.65472 	  411.36433 	  580.22545 	  880.36705 	  885.77266 	  530.44012 	  701.19409 	  768.53881 	 1929.19707 	  392.37709 	  435.77936 	  937.75855 	  553.13011 	  566.04810 	  726.87248 	 1259.33254 	  531.79005 	  361.53600 	 1686.57214 	 2274.32350 	  321.55928 	  671.12039 	 
 661.92960 	    0.00000 	  469.25792 	  675.21542 	  428.53270 	  282.11105 	 1230.60342 	 1704.43131 	  414.15908 	 1314.85457 	  748.32069 	 2578.88605 	  714.53862 	  715.98942 	 1066.78972 	 1233.15779 	  174.89919 	  105.65965 	 2135.92228 	  231.86071 	  856.84848 	 1963.76359 	 2404.14325 	 1061.44019 	   45.14877 	 
1198.50439 	  346.09056 	    0.00000 	  681.07781 	  780.46787 	  678.96797 	 1259.73681 	 1586.27511 	  737.50004 	 1479.46660 	 1203.70695 	 2310.53965 	 1182.08805 	 1471.37022 	 1184.88885 	 1528.99486 	  242.62359 	  195.46059 	 2768.56736 	  535.79769 	  898.43067 	 2764.90458 	 3061.15255 	  930.45001 	  492.41807 	 
 454.58472 	  433.99018 	  613.32792 	    0.00000 	  186.61430 	  269.17684 	  988.71317 	  946.94141 	  290.07418 	  901.36087 	  457.11833 	 1672.59479 	  476.48923 	 1080.95211 	  311.55101 	 1076.37487 	  775.17661 	  700.06882 	 1380.64293 	  386.25104 	  254.09575 	 1388.58675 	 1259.02075 	 1233.37965 	  666.47647 	 
 325.60791 	  351.65759 	  963.39627 	  249.11344 	    0.00000 	  210.60012 	  695.40791 	  897.47219 	  289.06148 	 1043.28888 	  637.18070 	 1549.72015 	  318.11137 	  896.13302 	  746.64796 	  874.63468 	  438.65953 	  597.85936 	 1363.90854 	  320.71669 	  338.12813 	 1541.33530 	 1421.88201 	  935.16829 	  515.40620 	 
 678.13664 	  278.62143 	  494.43731 	  255.29062 	  158.64970 	    0.00000 	  851.96382 	 1463.62665 	   89.21756 	  904.32077 	  687.21560 	 2233.12453 	  636.65877 	 1209.26787 	  633.64350 	 1129.37963 	  367.48308 	  464.72181 	 1443.29808 	   85.06276 	  612.96489 	 2562.97139 	 1470.42463 	  728.33356 	  210.74084 	 
 544.84785 	 1108.91194 	 1462.09637 	  631.51467 	  845.98037 	 1066.30533 	    0.00000 	  478.08129 	  925.22749 	  218.17137 	  494.09476 	 1237.00499 	  502.57620 	 1072.50333 	  648.67489 	  550.80839 	 1421.82805 	 1265.50484 	  703.67624 	 1325.68273 	  675.29596 	 1611.48009 	 2139.14180 	  928.94937 	 1409.73004 	 
1105.53475 	 1703.24965 	 1866.80865 	  765.48621 	 1356.69246 	 1432.79737 	  585.76843 	    0.00000 	 1016.36626 	  784.98376 	  526.15661 	  591.26624 	  950.34768 	 1536.15847 	  492.20084 	 1037.58794 	 1943.26416 	 1247.37254 	  590.47635 	 1541.70345 	  547.68375 	  743.59870 	  806.78495 	 1960.47292 	 1880.01535 	 
 452.65031 	  414.05009 	  678.74669 	  287.69094 	  257.05209 	   79.12301 	  976.43131 	  975.05339 	    0.00000 	 1182.49465 	  653.36894 	 2184.30087 	  577.84377 	 1284.54867 	  582.78314 	  909.73514 	  620.98075 	  557.97242 	 2064.04648 	  250.49899 	  374.19598 	 1535.63029 	 1880.08319 	 1073.10039 	  413.10862 	 
 832.25870 	 1611.82970 	 1348.17001 	  857.29400 	  893.60143 	 1172.55100 	  273.34677 	 1046.16467 	  872.20126 	    0.00000 	  787.55178 	 1781.07615 	  479.42369 	  705.83454 	  843.59510 	  296.87461 	 1394.56820 	 1046.09687 	  864.09651 	  791.35013 	  813.79733 	 1952.80156 	 1421.25445 	  711.96334 	  846.17274 	 
 762.24266 	 1037.52622 	  904.35867 	  416.85805 	  502.64128 	  558.50118 	  319.97231 	  426.81571 	  802.68879 	  721.71717 	    0.00000 	 1628.91274 	  438.05327 	 1471.43506 	  524.16744 	  648.02179 	 1112.84191 	  862.40618 	 1005.61269 	  706.67525 	  269.44095 	 1909.26112 	 1763.77248 	 1233.07572 	  760.62652 	 
1582.24003 	 1647.07510 	 2648.42928 	 1889.55291 	 1887.72536 	 1738.90381 	 1477.85963 	  661.17558 	 2358.79898 	 1696.63963 	 1000.95674 	    0.00000 	 1484.09773 	 2997.89515 	 1598.60766 	 1279.03176 	 2433.42627 	 2781.02054 	  397.41806 	 1656.56148 	 1282.69492 	  265.13609 	  993.10665 	 1782.73630 	 2311.22731 	 
 370.71041 	  796.24664 	 1399.96875 	  448.94880 	  396.85175 	  610.94876 	  436.71074 	 1140.68841 	  681.17085 	  500.82977 	  481.64261 	 1461.00557 	    0.00000 	  635.64394 	  697.30154 	  437.02274 	 1064.03770 	 1102.57087 	 1008.24602 	  671.42374 	  231.53807 	 2093.67823 	 1640.49147 	  613.86419 	  894.71875 	 
 597.93909 	  723.60012 	 1155.79066 	 1055.77026 	 1030.83356 	 1242.40684 	  866.26997 	 1216.05073 	  892.87662 	  741.65466 	 1291.23581 	 2019.46908 	  620.79652 	    0.00000 	 1473.85229 	  877.76930 	  953.19665 	 1199.49503 	 2005.10598 	 1306.38838 	  787.97399 	 3286.68344 	 2525.79011 	  186.38873 	 1072.46327 	 
 741.22923 	 1087.83917 	 1239.07916 	  346.27872 	  596.75164 	  484.28507 	  672.79815 	  577.24428 	  412.51823 	 1253.51862 	  458.58889 	 1432.44491 	  892.39894 	 1227.50397 	    0.00000 	  808.48649 	 1276.23138 	 1056.46084 	 1620.69599 	  866.12867 	  422.80935 	 1655.89323 	 1344.69092 	  961.86352 	  947.93364 	 
 423.64490 	 1231.42341 	 1534.26947 	  913.40696 	  506.83126 	  992.51904 	  388.84502 	 1242.83212 	  888.05913 	  393.58493 	  827.60148 	 1588.46143 	  342.15382 	  641.12735 	  847.81759 	    0.00000 	 1186.51449 	  807.07347 	 1496.98664 	 1121.71021 	  473.22232 	 1780.42337 	 2224.95953 	  469.22010 	  813.06610 	 
 776.98312 	  138.93937 	  203.47125 	  665.14142 	  483.15048 	  525.74041 	 1170.93003 	 1908.96287 	  476.61017 	 1725.00268 	 1191.83815 	 2843.67809 	  780.99572 	 1131.68476 	  800.42761 	 1162.01504 	    0.00000 	   94.97950 	 2623.84656 	  363.35983 	  930.82523 	 3067.80703 	 2800.10562 	  942.76225 	  163.73445 	 
 527.11186 	  105.81514 	  243.28373 	  826.52236 	  644.20611 	  370.61395 	 1505.21429 	 1398.87637 	  424.46342 	 1282.78017 	  876.45664 	 2096.60007 	 1033.01873 	  847.14408 	  777.47709 	 1024.44427 	   60.35929 	    0.00000 	 1800.89681 	  214.23740 	  698.97599 	 2514.73134 	 1949.38542 	  744.86844 	  110.85473 	 
1931.11243 	 1996.67512 	 1866.07934 	 1711.47111 	 1252.97268 	 1845.97407 	 1124.67298 	  733.40588 	 1865.66048 	  715.85649 	  951.45087 	  274.34334 	 1305.33472 	 2005.48579 	 1628.53996 	 1174.90371 	 2609.29661 	 1637.69096 	    0.00000 	 1480.72417 	 1568.87864 	  806.67955 	  883.96652 	 1334.25596 	 2273.90395 	 
 494.12595 	  226.11772 	  579.57476 	  303.73736 	  239.41431 	  104.97325 	 1208.89789 	 1312.50948 	  249.42532 	 1310.39590 	  889.74858 	 1591.40680 	  753.40106 	 1246.58917 	  745.93571 	  757.81087 	  319.77387 	  246.70192 	 1790.71730 	    0.00000 	  518.54095 	 2371.70710 	 1800.26031 	  723.92896 	  217.36208 	 
 562.43295 	  521.28629 	  950.26644 	  182.32741 	  349.68977 	  457.25962 	  518.75764 	  609.59455 	  431.45238 	  652.94464 	  168.05060 	 1555.06187 	  330.10816 	 1218.75648 	  534.59300 	  526.43389 	  697.59359 	  587.31899 	 1164.54809 	  474.58329 	    0.00000 	 1552.23767 	 1277.13567 	  759.13743 	  671.27072 	 
2581.31824 	 2397.10185 	 2113.44619 	 1446.08692 	 2002.88493 	 1779.21418 	 1373.58183 	  958.34532 	 2336.83997 	 1970.00166 	 1657.97566 	  334.01116 	 1928.82027 	 1840.45744 	 1495.29432 	 1343.45011 	 3314.38393 	 2202.77883 	  618.47505 	 2307.52840 	 1733.26356 	    0.00000 	  506.28465 	 2082.29919 	 1789.96159 	 
1690.84611 	 1709.43373 	 2538.76660 	 1835.51763 	 1413.73970 	 1943.41751 	 1315.33844 	  889.60757 	 2400.91883 	 2257.62630 	 1918.66505 	  802.12919 	 1616.66782 	 3482.50209 	 1116.48974 	 1851.93220 	 2610.68069 	 3095.57432 	 1423.39900 	 2141.79531 	 2106.47471 	  834.43730 	    0.00000 	 2604.23956 	 2102.74805 	 
 494.33070 	  711.61193 	 1350.12422 	 1267.58660 	  921.22767 	 1034.38471 	  690.84796 	 1751.12150 	 1171.10874 	  728.79447 	 1258.11375 	 2067.68128 	  634.51840 	  229.68628 	 1662.65217 	  373.85868 	 1122.23892 	  840.23655 	 2049.00693 	  909.34627 	  826.91347 	 2630.97292 	 1944.90471 	    0.00000 	  963.53665 	 
 555.17517 	   35.84698 	  445.06059 	  435.88454 	  349.71377 	  231.66067 	 1003.00579 	 1911.03573 	  486.43727 	 1535.02886 	  663.39202 	 2915.36710 	  865.96239 	  971.19763 	  902.43024 	 1173.31215 	  279.59031 	   98.94507 	 2276.44733 	  177.06205 	  885.42179 	 2017.26042 	 2984.55494 	  970.88380 	    0.00000 	 
   0.00000 	 5086.42839 	 6527.87158 	 24210.84253 	 3436.80091 	 6308.23021 	 11050.12486 	 1610.94103 	 6872.26694 	 7285.89555 	 2523.08942 	 7161.98664 	 12638.74214 	 23045.47843 	 3797.30430 	 11615.66983 	 38625.69544 	 10835.29146 	 1394.23996 	 5604.46538 	 5798.44680 	 7498.00029 	 3169.41112 	 12250.35570 	 20703.87077 	 
6519.15951 	    0.00000 	 14980.83368 	 10482.50803 	 4239.76714 	 5292.59186 	 2718.04983 	 2337.20424 	 7374.22634 	 3183.46731 	 2978.75474 	 10070.33141 	 1516.93695 	 8907.84011 	 1260.77740 	 5124.89652 	 25036.35976 	 6470.03484 	  590.37040 	 6264.05206 	 4686.28363 	 7360.11012 	 4416.47871 	 1807.49666 	  481.74882 	 
8002.62818 	 14520.57690 	    0.00000 	 30930.34498 	 6609.84543 	 18262.16783 	 6061.49550 	 4583.60040 	 13526.76080 	 5495.11283 	 2412.30372 	 18209.59267 	 2329.57452 	 18405.35105 	 5810.12396 	 3261.47639 	 219523.43686 	 32209.85482 	 3654.71057 	 16081.35865 	 5616.24737 	 15842.30818 	 5236.58777 	 9493.40651 	 66121.70041 	 
15115.78489 	 16535.59021 	 43992.42213 	    0.00000 	 20664.88079 	 41184.22220 	 19268.19968 	 28032.47117 	 42910.26006 	 19474.79006 	 23120.79830 	 73773.47072 	 10956.15395 	 45805.43246 	 58459.79097 	 16238.85271 	 218451.44314 	 38987.79087 	 11959.69971 	 22987.16949 	 53774.54196 	 24747.18818 	 15644.70287 	 17504.96602 	 35845.19451 	 
5367.79396 	 3676.56282 	 4819.86955 	 19022.54792 	    0.00000 	 8388.31188 	 2913.71808 	 1289.36348 	 7067.56035 	 1578.08844 	 2812.68490 	 4711.69005 	 2225.41560 	 5899.31758 	 2174.56178 	 1704.26007 	 20922.17938 	 6136.53999 	 1342.88095 	 3641.77797 	 4316.25256 	 3446.46630 	  783.36207 	 3926.51781 	 5393.87415 	 
6263.41934 	 4792.06376 	 17956.09294 	 37100.57005 	 5606.40053 	    0.00000 	 3764.79091 	 2822.83071 	 10289.04474 	 4417.65019 	 2171.02604 	 10946.20278 	 2262.60809 	 19480.33583 	 4771.01121 	 1591.57453 	 77084.50271 	 17261.93357 	 2810.05935 	 5866.85713 	 5447.04160 	 7717.58012 	 1894.20075 	 6300.48123 	 14003.58667 	 
8331.46972 	 4772.43732 	 5725.62860 	 22563.55442 	 2532.49686 	 5021.94016 	    0.00000 	 9839.36440 	 6126.07613 	 35774.04308 	 10685.40991 	 19489.57374 	 6810.06193 	 9911.71250 	 5042.76625 	 17013.96747 	 38317.58721 	 8987.83845 	 4704.62465 	 2474.57971 	 12297.72345 	 15419.05706 	 5662.33693 	 2632.94695 	 10976.00688 	 
2858.76221 	 2926.53091 	 5430.37426 	 23572.93280 	 1128.04278 	 3610.79704 	 9525.50704 	    0.00000 	 5065.44406 	 7902.15828 	 12610.02586 	 27335.51427 	 2236.55745 	 3056.06392 	 6974.08110 	 3208.12432 	 24837.08956 	 5464.07493 	 6759.55449 	 3073.11762 	 8507.00359 	 22354.70977 	 7451.25875 	 1660.01914 	 7664.12233 	 
10199.44496 	 7790.02039 	 20796.50433 	 55730.50070 	 7253.69015 	 9458.93699 	 8344.47962 	 4533.04707 	    0.00000 	 3914.18323 	 4908.62896 	 26984.69542 	 5185.10503 	 27368.94273 	 9257.21970 	 3788.12756 	 59941.27072 	 23642.53705 	 4082.49610 	 12655.40166 	 9885.66204 	 15001.25787 	 4410.58266 	 9429.96277 	 21334.66256 	 
8846.41059 	 4753.22169 	 4156.70319 	 14074.77352 	 2356.73206 	 4178.30187 	 42259.56964 	 8426.28720 	 5338.78951 	    0.00000 	 3566.18267 	 17153.85899 	 5014.22501 	 10937.38364 	 3319.00163 	 22666.12425 	 33382.33276 	 5896.67116 	 2261.10726 	 3069.49314 	 7432.93554 	 10434.78921 	 2364.02868 	 1827.06732 	 7026.79319 	 
3628.86615 	 2771.53867 	 3514.00149 	 25779.74298 	 1879.59516 	 3501.92396 	 9855.18015 	 11714.02622 	 6069.97621 	 3344.32324 	    0.00000 	 14228.40208 	 2820.52507 	 3394.17028 	 5448.01659 	 2205.88484 	 20614.29807 	 3744.06904 	 3277.21878 	 2070.81103 	 14826.19410 	 6304.98543 	 3759.60588 	 1703.34151 	 8995.47036 	 
7159.99557 	 8817.58492 	 19408.17439 	 51841.64502 	 5653.87610 	 17038.46119 	 29797.59909 	 34780.39378 	 21983.17456 	 21842.92734 	 15182.25801 	    0.00000 	 5532.43412 	 14955.29411 	 16654.15953 	 9027.94650 	 88778.24643 	 23510.42050 	 24802.13854 	 8992.16411 	 14818.75474 	 108935.30551 	 34872.81604 	 2814.15737 	 18069.88933 	 
10848.30484 	 1153.45408 	 1957.89893 	 14744.56743 	 1549.89650 	 2452.34178 	 6914.34695 	 2313.22599 	 5333.17406 	 2911.65919 	 3716.22568 	 6775.50052 	    0.00000 	 2364.01511 	 1460.60208 	 4578.61184 	 10073.35907 	 2457.93308 	  655.83532 	 1456.60749 	 7201.94415 	 2970.21262 	 1166.35983 	 1954.70192 	 4297.34804 	 
19956.68257 	 8924.11400 	 22336.95638 	 33594.30192 	 8371.95776 	 18250.21990 	 8912.23114 	 3822.96075 	 30643.40136 	 7129.75697 	 4682.84074 	 14340.77543 	 2699.65937 	    0.00000 	 5503.41275 	 9353.67973 	 158931.41709 	 27381.20360 	 1181.89269 	 13435.97925 	 9037.67289 	 6624.89593 	 1928.57898 	 20212.82514 	 17870.95996 	 
4053.57558 	 1448.85713 	 5883.21791 	 41197.28942 	 2456.38962 	 5613.14111 	 3902.65571 	 11198.40977 	 7247.22985 	 2799.75244 	 9654.01527 	 16941.67178 	 1264.42023 	 4984.51440 	    0.00000 	 1597.82011 	 31003.52259 	 7190.43811 	 3663.85194 	 2061.97353 	 7983.42806 	 16017.24035 	 6751.19237 	 2981.61482 	 13043.58102 	 
10376.22046 	 4863.02636 	 3974.72415 	 17870.63425 	 1190.96011 	 1960.18927 	 9495.81211 	 1948.30246 	 5220.88283 	 23559.69491 	 2755.89795 	 12215.33728 	 5906.72236 	 10748.61946 	 2343.17034 	    0.00000 	 15754.22338 	 3558.44887 	 1053.99796 	 1236.58174 	 3637.26131 	 4703.56807 	 2489.80851 	 4419.22286 	 5164.27497 	 
45313.94901 	 22892.22137 	 167951.93258 	 167751.66466 	 25333.54407 	 45128.83555 	 35536.46798 	 26926.82078 	 89794.85811 	 26359.30850 	 20942.30294 	 115285.74692 	 8900.24244 	 158071.11597 	 22417.62845 	 24686.86970 	    0.00000 	 10861.31502 	 12519.83239 	 59396.76826 	 30629.90923 	 55991.63542 	 18501.37461 	 23946.56510 	 160459.24515 	 
13918.77422 	 5202.97148 	 34931.79660 	 26820.74841 	 7145.43661 	 15365.14523 	 9772.07990 	 6045.74750 	 24275.26559 	 5905.75142 	 3727.29135 	 14305.77528 	 3571.01281 	 31936.77683 	 6837.27752 	 5666.73348 	 6458.56664 	    0.00000 	 2399.87184 	 22382.58264 	 7947.99662 	 11889.20335 	 3749.51832 	 6409.25963 	 10527.64397 	 
1236.21621 	 1006.73912 	 2771.07195 	 11544.26111 	  823.01709 	 3495.57913 	 5883.66039 	 7510.63298 	 4701.97684 	 2673.85809 	 2893.94395 	 26841.81802 	  533.11991 	 1446.93911 	 4883.31146 	  983.86665 	 12498.69918 	 3108.76529 	    0.00000 	 2394.27965 	 3858.53279 	 9302.36833 	 4536.31813 	  511.01502 	 2535.12038 	 
4651.82177 	 7634.91909 	 16849.73612 	 30622.94383 	 5013.35185 	 6194.97628 	 3430.69704 	 3014.10732 	 13419.79906 	 2874.56349 	 2904.19551 	 9924.67692 	 1411.88286 	 11882.02028 	 3457.73600 	 1254.48732 	 53227.76178 	 30852.97726 	 1877.79824 	    0.00000 	 4622.97519 	 6185.11221 	 1878.61268 	 5197.36959 	 11989.34143 	 
6035.73124 	 3605.99001 	 5345.65439 	 46375.56741 	 5178.87714 	 5254.06802 	 9526.46545 	 5831.59091 	 10480.37095 	 8547.13698 	 15006.24838 	 14688.95310 	 7665.98688 	 7286.70986 	 8037.66922 	 3858.65603 	 37477.68259 	 6591.03153 	 2604.35136 	 3574.39040 	    0.00000 	 10633.52069 	 2741.50034 	 2855.26913 	 14830.12200 	 
6413.53182 	 6804.17714 	 13202.67463 	 41333.10829 	 3678.53507 	 7003.79397 	 17606.90273 	 14261.98712 	 14482.56307 	 6449.45361 	 7958.58507 	 75118.33059 	 2319.12182 	 9091.89446 	 10671.64560 	 5085.17324 	 83522.15190 	 11967.10816 	 11745.61187 	 5779.99491 	 10364.97189 	    0.00000 	 25856.43622 	 2470.32156 	 19148.89788 	 
1991.33074 	 3762.37379 	 3968.47120 	 15551.51317 	 1272.54924 	 2296.51131 	 3846.86143 	 7846.14110 	 3028.03097 	 3437.94973 	 3865.62179 	 28892.93726 	 1218.60643 	 2270.36858 	 7927.57837 	 1563.01869 	 19010.08087 	 4028.90256 	 3317.95073 	 1871.27303 	 2314.86986 	 30037.39989 	    0.00000 	  779.37643 	 6302.94099 	 
14144.25117 	 1779.56147 	 5965.41715 	 15655.89925 	 3539.35861 	 5788.12720 	 2266.88055 	 1490.53633 	 9145.43670 	 2416.79626 	 1729.64895 	 4671.13161 	 1822.36416 	 23101.25419 	 3538.59698 	 2485.34851 	 31598.06086 	 4620.93448 	  616.98612 	 6767.85757 	 3587.52253 	 2286.57440 	  669.46611 	    0.00000 	 6271.15605 	 
13119.03448 	  657.23309 	 66698.72178 	 34320.69574 	 5719.63555 	 12884.38565 	 10870.45402 	 6003.20750 	 24377.67199 	 6428.26662 	 5595.87183 	 28638.87280 	 3700.07661 	 22785.53914 	 11297.89776 	 4001.88742 	 187687.00990 	 15041.33396 	 3804.63912 	 14179.07966 	 9187.40000 	 19105.13949 	 4489.13438 	 5102.62732 	    0.00000 	 
   0.00000 	  433.01716 	 1055.58971 	  488.30414 	  404.09651 	  656.04715 	  572.80505 	  990.60709 	  725.95416 	  859.09915 	  574.64178 	 2170.25188 	  350.96891 	  734.83068 	 1127.26287 	  526.65796 	  714.87970 	  661.58423 	 1728.57509 	  577.04794 	  526.50312 	 2478.46175 	 2500.40610 	  458.37698 	  483.14420 	 
 639.63108 	    0.00000 	  349.86146 	  629.54195 	  545.35060 	  403.24583 	 1452.89678 	 1403.88776 	  368.04291 	 1557.99035 	  964.82238 	 1736.72559 	  783.89995 	  808.69440 	  903.11292 	 1007.59650 	  158.71105 	   74.06585 	 1875.49877 	  176.09013 	  709.07019 	 2679.74514 	 2001.91445 	  601.04894 	   31.23029 	 
 786.46090 	  475.29886 	    0.00000 	  664.86560 	  591.93387 	  694.82776 	 1750.81570 	 1291.54754 	  626.17365 	 1554.03961 	 1273.26965 	 2832.21138 	  937.56483 	 1396.99791 	 1018.98474 	 1438.04495 	  234.86363 	  289.01370 	 2741.52581 	  577.90633 	 1027.12331 	 2626.34423 	 2757.34968 	 1325.75255 	  414.37955 	 
 603.54771 	  731.74424 	 1064.50036 	    0.00000 	  210.60933 	  371.78393 	  598.45931 	  714.50920 	  202.33203 	  706.62592 	  397.98399 	 1580.94917 	  430.57388 	 1538.04535 	  279.58841 	  853.50144 	  846.23150 	  666.12129 	 1198.64919 	  486.94509 	  187.11667 	 1677.49177 	 1628.11506 	 1298.67983 	  441.95927 	 
 312.77808 	  504.73784 	  604.96736 	  300.17017 	    0.00000 	  243.13387 	  832.31121 	 1189.57213 	  217.30453 	  653.98032 	  470.88254 	 1866.15091 	  460.20033 	  741.40173 	  445.74679 	  602.24305 	  414.81017 	  612.50953 	 1417.37409 	  320.14799 	  264.69853 	 1991.41218 	 1504.32834 	  703.68122 	  474.22099 	 
 408.36431 	  268.31228 	  508.04554 	  327.18643 	  175.89326 	    0.00000 	  973.37786 	 1335.55054 	   70.63587 	 1093.10653 	  864.92568 	 1510.48525 	  491.81702 	 1097.19289 	  469.11264 	 1028.27744 	  505.75268 	  271.17109 	 1770.42986 	   96.31064 	  524.68403 	 1533.47300 	 2599.51981 	  698.16347 	  289.00568 	 
 715.26114 	 1554.54041 	 1704.70292 	  560.83509 	  668.92055 	 1269.94004 	    0.00000 	  496.35566 	 1269.75275 	  183.90898 	  442.95474 	  949.61482 	  334.85744 	  801.07945 	 1071.27006 	  315.81259 	 1280.32555 	 1585.70300 	 1049.33865 	  754.37755 	  485.44462 	 1121.26189 	 1740.75765 	  834.01425 	  940.44093 	 
1267.92862 	 1632.67649 	 1837.51520 	 1131.26713 	  781.05373 	  985.23389 	  825.34242 	    0.00000 	 1026.98251 	  924.75012 	  664.63029 	  852.40889 	 1140.75714 	 1441.82499 	  536.48070 	  853.87252 	 1501.20151 	 1561.04296 	  606.86034 	 1081.82889 	  851.81496 	  766.25909 	  991.65341 	 1481.78657 	 1435.81810 	 
 557.59479 	  300.71162 	  543.67105 	  180.27151 	  194.62594 	  116.51988 	 1084.65028 	 1012.34480 	    0.00000 	 1216.43314 	  658.37274 	 1779.20558 	  573.06418 	  856.20662 	  523.68264 	 1111.98547 	  385.42461 	  514.38389 	 2074.81830 	  170.29643 	  403.31880 	 2101.06550 	 2391.31343 	  942.90361 	  436.71843 	 
 696.08275 	  929.99044 	 1978.42791 	 1021.68309 	  681.62766 	 1325.88387 	  216.95657 	  901.25229 	  879.14478 	    0.00000 	  763.39790 	 1581.48155 	  425.03013 	 1167.98912 	 1336.41694 	  280.16714 	 1215.72952 	 1603.94583 	  726.83948 	 1235.97501 	  798.79252 	 1241.38395 	 1719.63848 	  663.34200 	 1387.77174 	 
 740.78195 	 1185.13886 	 1215.10931 	  519.79500 	  385.42109 	  657.15892 	  492.65391 	  510.70287 	  677.50017 	  698.45720 	    0.00000 	 1719.15003 	  480.86034 	 1530.41599 	  306.42165 	  771.52768 	  793.67586 	  964.50472 	 1277.96431 	  707.96007 	  239.03932 	 1320.31105 	 1212.28766 	 1297.59662 	  681.88615 	 
1495.00963 	 1734.63378 	 2074.60383 	 1541.85041 	 1967.41522 	 1964.03298 	 1174.74754 	 1049.94739 	 2044.02177 	 1092.51673 	 1401.31463 	    0.00000 	 1313.10079 	 2491.35586 	 1985.10827 	 1847.74727 	 2531.41230 	 1914.98412 	  384.97652 	 1845.23043 	 1755.77371 	  468.50893 	  874.06376 	 1699.81551 	 2200.80902 	 
 368.53239 	  681.59651 	 1042.36019 	  419.64901 	  331.88012 	  511.64420 	  473.71539 	  705.60258 	  726.99303 	  603.10580 	  370.30980 	 1757.81606 	    0.00000 	  678.56257 	  790.03601 	  423.06665 	 1200.08578 	 1007.12438 	 1245.19108 	  839.20429 	  242.78881 	 1561.40513 	 2376.94808 	  491.34175 	  894.45568 	 
 763.43534 	 1226.96519 	 1613.93560 	  867.01405 	  761.70146 	 1042.76100 	 1101.61705 	 1302.76277 	 1146.85598 	 1147.35851 	  992.00408 	 2265.28216 	  864.21260 	    0.00000 	 1481.48002 	  709.95693 	 1214.16620 	 1249.07881 	 2150.22668 	 1033.68387 	  898.68584 	 2810.34628 	 2800.10326 	  232.61559 	 1002.41144 	 
1145.24513 	  824.59589 	 1223.35060 	  268.49543 	  691.31237 	  467.07827 	  755.31606 	  901.48280 	  496.69987 	  974.75605 	  415.69382 	 1868.42471 	  803.36355 	 1648.05447 	    0.00000 	 1092.94273 	 1081.04333 	  822.57090 	 1038.22796 	  796.46476 	  515.20694 	 1183.06280 	 1344.86615 	 1448.29967 	  724.00144 	 
 381.06231 	 1197.46456 	 1074.05915 	  956.20026 	  773.37581 	 1117.04242 	  483.17255 	 1251.19684 	  782.18272 	  362.95923 	  562.22786 	 1874.64683 	  289.34397 	  712.90631 	  939.82865 	    0.00000 	 1527.21651 	 1087.41375 	 1067.73143 	  759.71023 	  472.19050 	 2250.36574 	 1753.36226 	  579.30616 	  980.35349 	 
 601.86941 	  216.67005 	  135.26717 	  529.09852 	  632.71151 	  355.02997 	 1474.72812 	 1593.56476 	  518.45129 	 1773.16156 	 1204.52517 	 1853.73407 	 1159.41492 	 1181.58041 	  747.14737 	 1135.55079 	    0.00000 	   94.78487 	 2207.74988 	  258.03355 	 1136.08410 	 3206.60893 	 1875.25475 	  725.49280 	  268.84626 	 
 844.38168 	  104.84043 	  301.74281 	  737.05655 	  517.40598 	  301.12530 	 1442.36655 	 1143.41090 	  396.75037 	 1073.42860 	 1080.93630 	 2258.19208 	 1003.36846 	 1262.76892 	 1018.64135 	 1351.65100 	  102.94740 	    0.00000 	 1574.53360 	  206.86639 	  724.29398 	 1835.40679 	 2340.13912 	  760.22175 	  168.22465 	 
1782.40331 	 1801.15987 	 2631.44758 	 1262.55857 	 1668.32974 	 1512.34975 	 1097.55844 	  431.24024 	 1835.34152 	 1230.74270 	  867.06089 	  453.46765 	 1536.03881 	 2312.56001 	 1042.46470 	 1302.36080 	 2448.05368 	 1784.44448 	    0.00000 	 1639.37815 	 1616.20527 	  804.09529 	 1426.80998 	 1897.85084 	 1443.25490 	 
 653.95713 	  220.09608 	  377.03585 	  318.95057 	  317.89629 	   89.46537 	 1128.30136 	 1505.40421 	  206.15683 	  890.45309 	  967.57606 	 2572.32259 	  726.52218 	 1057.42468 	  865.35191 	 1016.58566 	  419.47094 	  200.49963 	 1611.24742 	    0.00000 	  583.37206 	 2762.03073 	 2281.22159 	 1075.82783 	  182.21304 	 
 555.83430 	  531.39346 	 1127.81659 	  296.94889 	  388.58234 	  377.30753 	  438.87371 	  814.12927 	  579.28855 	  526.74305 	  240.56446 	 1371.02159 	  242.80833 	 1092.93686 	  356.24348 	  723.22313 	  742.28337 	  966.22546 	 1319.59399 	  480.35601 	    0.00000 	 1730.17850 	 1535.69209 	  617.80187 	  804.05857 	 
2301.26742 	 1720.81809 	 2330.07147 	 1446.30829 	 2235.45568 	 1748.71493 	 1813.58257 	 1026.90599 	 1876.61413 	 1703.31902 	 1232.47660 	  347.36762 	 1567.46750 	 2141.90885 	 1342.57559 	 1348.23890 	 2247.33331 	 2059.19145 	  650.31161 	 1578.07611 	 1856.15877 	    0.00000 	  841.66277 	 2927.30700 	 2812.21176 	 
1893.33010 	 3011.71801 	 2292.76692 	 2162.77777 	 2550.04212 	 1807.98350 	 1277.62193 	  908.66682 	 1697.44128 	 1712.34997 	 1270.45085 	 1246.29299 	 2012.44323 	 2015.20518 	 1183.42790 	 1774.45252 	 2963.01739 	 2930.45040 	 1036.08132 	 1552.68655 	 1360.34842 	  592.84833 	    0.00000 	 2197.84871 	 2701.15805 	 
 461.39851 	 1094.99346 	  838.53388 	  976.06990 	  903.34396 	  899.74147 	 1177.88774 	 1290.20233 	 1249.25450 	  850.75057 	 1125.40806 	 2760.20409 	  501.68459 	  140.12448 	 1562.06836 	  456.23178 	  991.19714 	 1152.51258 	 2061.40061 	  874.34477 	  690.62469 	 2999.08224 	 2753.60824 	    0.00000 	  679.25450 	 
 526.64152 	   45.50974 	  400.92563 	  428.49069 	  473.01447 	  245.36642 	 1468.59864 	 1880.17810 	  386.49261 	 1318.44175 	  909.94685 	 1785.89277 	  760.73534 	 1011.64578 	 1163.70522 	  874.10866 	  267.05760 	  141.89517 	 2149.50559 	  167.25635 	  749.54366 	 2756.52630 	 2880.73038 	  943.78133 	    0.00000 	 
   0.00000 	 7132.35913 	 9493.05518 	 15986.57508 	 4695.25146 	 4542.05490 	 9332.65392 	 2357.27630 	 8045.51405 	 6205.81674 	 3517.70596 	 10824.35891 	 12569.24545 	 20758.74592 	 3762.98802 	 11527.29695 	 57320.96825 	 8265.50457 	 1002.50177 	 4953.37553 	 7459.15892 	 8629.57198 	 3343.14580 	 9228.35855 	 19713.96589 	 
5377.17594 	    0.00000 	 10869.74454 	 13806.82200 	 3625.87659 	 7094.15977 	 4266.62273 	 2584.64363 	 8485.52598 	 5144.32031 	 3006.50059 	 7756.37655 	 1435.58497 	 8460.26624 	 1066.81506 	 5030.28283 	 21658.00227 	 7437.62312 	  815.83000 	 10546.20792 	 4780.33510 	 6222.99052 	 4775.41302 	 2464.02030 	  676.82262 	 
9105.48981 	 9553.09719 	    0.00000 	 42444.38002 	 5696.37090 	 10364.39079 	 5460.13075 	 5159.87411 	 13767.84214 	 5128.88215 	 2458.68656 	 21371.86572 	 2363.08166 	 25352.75011 	 5803.06293 	 2659.38069 	 168913.01543 	 28980.88617 	 3699.77417 	 10288.71618 	 6755.26401 	 17038.57632 	 5504.29400 	 6992.80849 	 45688.21590 	 
18878.75824 	 14320.68069 	 30145.66797 	    0.00000 	 19207.83119 	 43427.65265 	 20018.06271 	 28515.23456 	 50533.09891 	 19444.76192 	 21902.07753 	 53513.93438 	 15141.34027 	 50686.98950 	 50492.67770 	 18592.25565 	 131761.88214 	 39364.55306 	 13712.57878 	 20023.25566 	 32801.32481 	 30065.19163 	 15358.66297 	 20458.83071 	 40528.40329 	 
4900.73957 	 2620.90409 	 4987.72749 	 22504.15399 	    0.00000 	 7943.90244 	 2677.32862 	 1928.38688 	 5295.44053 	 1387.39154 	 2534.25347 	 6169.55002 	 1704.51403 	 8217.81978 	 1760.62961 	 1541.04170 	 19666.52683 	 5880.67214 	  945.73111 	 3471.25147 	 4053.37384 	 3531.24197 	 1375.18011 	 5287.38823 	 6129.36518 	 
7135.45743 	 6304.38118 	 17822.12191 	 42976.60414 	 8949.84249 	    0.00000 	 4915.71144 	 2746.78659 	 8948.47796 	 4214.25860 	 2474.32487 	 17829.21082 	 1962.85313 	 19906.57868 	 5771.34104 	 2589.46447 	 49936.11863 	 11707.18416 	 2089.64701 	 3780.32617 	 7163.52786 	 8322.95405 	 1977.29130 	 6385.02616 	 15547.18881 	 
13867.40512 	 4274.53264 	 5280.90740 	 16693.25555 	 3533.50602 	 3852.62776 	    0.00000 	 14210.83034 	 8288.73926 	 27357.71641 	 8312.37967 	 21578.06240 	 8031.27172 	 5727.65089 	 3396.47929 	 16379.41772 	 29909.71734 	 8068.29165 	 5071.85129 	 2769.74856 	 7566.77451 	 12145.77050 	 6033.63918 	 2337.78901 	 13482.86956 	 
2849.48301 	 3535.53965 	 5657.45682 	 28566.02312 	 1684.47879 	 2923.83945 	 14442.69958 	    0.00000 	 5807.90458 	 7136.77715 	 8974.51830 	 21701.84368 	 1951.28848 	 4248.34338 	 8670.60606 	 2075.00293 	 19123.21287 	 5906.75657 	 10752.47853 	 3041.17544 	 7442.24690 	 13119.60358 	 5748.98090 	 1144.12622 	 7448.40682 	 
11297.82401 	 7115.76507 	 19926.10079 	 66379.47883 	 5812.50938 	 11107.78404 	 4914.08572 	 6730.76049 	    0.00000 	 3552.89639 	 5092.87641 	 18819.36948 	 5506.03178 	 21913.90591 	 7517.16132 	 3936.42134 	 67472.01849 	 21637.25145 	 4628.91229 	 7870.89202 	 8397.50896 	 14166.51715 	 3111.93537 	 16417.51513 	 17235.04540 	 
6866.46600 	 3034.37610 	 4502.09266 	 18236.10827 	 2130.84398 	 3724.40220 	 35867.09990 	 6300.02048 	 3560.26498 	    0.00000 	 5307.25852 	 19557.82822 	 3839.73517 	 9347.77150 	 3547.69032 	 20072.07576 	 34552.29642 	 6063.53064 	 2714.60419 	 3290.82306 	 5294.20962 	 10567.64210 	 2235.35643 	 1984.43418 	 5876.48535 	 
3723.07119 	 2498.03333 	 3288.19194 	 23343.80316 	 2721.53433 	 2949.55700 	 8688.05702 	 8151.41128 	 4704.70909 	 3682.44495 	    0.00000 	 17689.32826 	 3251.83230 	 3549.72263 	 8453.24854 	 3227.40937 	 22018.27787 	 3372.85467 	 3072.56537 	 2599.24012 	 18330.77289 	 9082.15897 	 2302.41803 	 1523.68924 	 8183.57959 	 
7852.26677 	 7310.92940 	 17980.84136 	 50054.43325 	 4306.83548 	 12131.49434 	 27749.43331 	 25278.01410 	 22673.58419 	 13251.43250 	 15721.40639 	    0.00000 	 5824.31606 	 15851.80694 	 15091.76459 	 12161.07069 	 80256.41284 	 15498.08099 	 34166.83116 	 11521.53504 	 19588.75518 	 80134.15889 	 32013.64575 	 2741.56691 	 25560.59555 	 
7405.95136 	 1395.05868 	 2363.90669 	 16039.08847 	 2357.18603 	 1744.75325 	 6712.84282 	 2093.82092 	 6036.28994 	 4942.63888 	 2524.78037 	 6640.66906 	    0.00000 	 4163.17153 	  789.49423 	 7179.35706 	 11140.45113 	 3816.13302 	  833.46905 	  897.70843 	 7957.76206 	 3386.57573 	 1016.26182 	 1403.94791 	 5378.11836 	 
20493.06428 	 6148.69323 	 27792.25371 	 45137.12480 	 6132.32100 	 19558.30814 	 7300.67924 	 3369.65031 	 27662.40730 	 9299.37754 	 4280.77561 	 12601.62596 	 3433.74602 	    0.00000 	 5035.40865 	 7556.79880 	 211743.71437 	 27823.21249 	 1007.75553 	 9992.02827 	 10015.65974 	 9153.97195 	 1571.63950 	 19860.39054 	 25387.17498 	 
3568.00306 	 1096.54534 	 5491.58888 	 59745.78919 	 2419.02082 	 4110.33009 	 5854.52753 	 7287.78454 	 7815.94264 	 2594.71067 	 5408.61793 	 21259.69914 	 1323.98796 	 5233.96366 	    0.00000 	 1510.04337 	 32050.07372 	 5952.74121 	 3883.63403 	 2416.13756 	 9854.92801 	 10332.43597 	 7383.67470 	 3741.21000 	 14075.96973 	 
8834.63609 	 6375.31573 	 3893.10445 	 12081.86951 	 1543.00102 	 2508.53530 	 16903.57156 	 1935.78567 	 4036.37056 	 24030.75612 	 2489.12056 	 8380.90046 	 6142.03885 	 10580.18841 	 1681.39604 	    0.00000 	 25146.69642 	 4178.49656 	 1082.59303 	 1252.75319 	 5040.12682 	 5768.31275 	 2566.49370 	 3394.58360 	 5144.52070 	 
48505.67721 	 31029.13971 	 188779.46506 	 206255.18357 	 23455.66895 	 72403.14491 	 29311.85352 	 26843.06870 	 86017.59025 	 30577.02286 	 17071.55960 	 102580.07342 	 9404.46866 	 179323.84106 	 27159.80747 	 15868.98042 	    0.00000 	 8717.62436 	 11289.64858 	 55861.92059 	 36274.75274 	 72184.87847 	 14574.09903 	 23546.06478 	 193607.46880 	 
11454.08045 	 7823.06099 	 42427.56426 	 35714.02601 	 5637.29797 	 18871.06482 	 8617.25318 	 5579.55621 	 25579.32022 	 5478.79094 	 5012.06550 	 24517.54114 	 3119.13496 	 21046.20687 	 8585.59057 	 4951.92560 	 6753.59733 	    0.00000 	 2015.82807 	 32831.93532 	 5728.60850 	 17710.27864 	 4390.16737 	 4919.28142 	 11858.14242 	 
1273.58552 	  635.98755 	 3234.14820 	 16251.07224 	 1270.62539 	 2337.01162 	 4854.84794 	 8687.17246 	 3751.15936 	 1894.22135 	 2487.29820 	 22265.50531 	  815.95020 	  966.51894 	 4087.81938 	  696.32939 	 10643.76482 	 2227.54137 	    0.00000 	 2407.88091 	 3500.88969 	 11346.22701 	 2660.08577 	  523.70960 	 2722.53066 	 
6179.88563 	 7935.25832 	 14495.80377 	 24230.16412 	 4958.96314 	 4132.13836 	 3119.39072 	 2571.15403 	 11682.21502 	 4455.65452 	 2150.97137 	 10676.33180 	 1185.43318 	 17502.81436 	 1983.09049 	 1818.93525 	 80514.44545 	 25089.71290 	 1840.63495 	    0.00000 	 3799.84574 	 7684.28155 	 1644.41327 	 6356.19309 	 17383.23687 	 
6556.17285 	 3013.56561 	 5750.77802 	 49068.86063 	 5434.55198 	 8801.65034 	 9735.64242 	 6574.06277 	 10036.48080 	 7538.95717 	 13163.46480 	 17357.30967 	 4552.36084 	 6039.51067 	 7766.20136 	 3443.52405 	 27272.95670 	 8873.61328 	 2960.00247 	 3600.23638 	    0.00000 	 10007.00541 	 3513.10826 	 3025.39929 	 11789.77073 	 
7585.77349 	 6681.88386 	 18835.12275 	 40063.92483 	 3010.15699 	 6666.02319 	 15874.70749 	 14720.95922 	 9191.74666 	 6801.17107 	 6984.65836 	 112064.37542 	 2193.56760 	 10475.53088 	 12991.26365 	 6869.30045 	 84860.77097 	 11937.66641 	 13139.77224 	 5890.95901 	 12168.94064 	    0.00000 	 37600.17242 	 1903.91687 	 23189.72895 	 
3027.82979 	 4416.38645 	 3485.76840 	 10636.92552 	  821.76932 	 1641.21645 	 3943.23256 	 9154.56588 	 3162.44566 	 3080.65562 	 2319.56788 	 26768.15643 	 1256.39575 	 2020.20603 	 4494.82316 	 2258.13209 	 17439.49264 	 5216.57662 	 3531.68663 	 2346.44208 	 3998.24927 	 28762.59535 	    0.00000 	  930.92810 	 3923.62730 	 
14513.36691 	 2431.31480 	 9586.19648 	 15706.09314 	 3513.84874 	 7590.16113 	 2415.34395 	 1057.73650 	 14518.61081 	 2542.84020 	 1995.08348 	 2723.10105 	 1069.63799 	 17773.46970 	 2799.87986 	 3269.09293 	 32287.18104 	 6503.62799 	  418.71079 	 5531.19702 	 4961.36267 	 2887.03894 	  838.11405 	    0.00000 	 5718.24439 	 
13807.30465 	  536.72053 	 54505.96726 	 34016.03398 	 6490.37818 	 17756.00674 	 11205.21026 	 8660.42568 	 20526.21922 	 6877.72441 	 7481.99645 	 28637.85060 	 3768.19819 	 24865.29384 	 12727.99876 	 3594.34304 	 164763.06646 	 13594.07306 	 2894.18233 	 14150.85836 	 11947.99425 	 18592.81903 	 4524.22459 	 7606.91428 	    0.00000 	 
   0.00000 	  448.49145 	  947.32216 	  713.40701 	  409.52633 	  576.06960 	  843.55650 	 1000.57746 	  464.53470 	  511.83737 	  532.74531 	 2397.82853 	  327.52346 	  521.74833 	 1064.54370 	  525.78715 	  961.11327 	  474.53325 	 1670.98375 	  642.75163 	  353.27980 	 2782.37954 	 2376.32488 	  493.56849 	  573.84472 	 
 499.53458 	    0.00000 	  334.63269 	  706.48962 	  311.85921 	  350.50623 	 1143.39473 	 1892.23316 	  483.21267 	 1215.10851 	 1011.00052 	 2598.68669 	  859.68252 	 1217.38764 	  927.44971 	 1067.66594 	  178.09101 	   87.11603 	 2382.85143 	  151.73516 	  916.77395 	 2346.52336 	 2047.40920 	  696.28410 	   46.50368 	 
 864.86656 	  367.96590 	    0.00000 	 1095.42957 	  842.70448 	  682.99587 	 1128.74870 	 2099.65562 	  722.59382 	 1199.47077 	 1053.94355 	 3164.90166 	  864.61815 	  997.11002 	 1348.75879 	 1737.72630 	  138.24793 	  303.76342 	 2654.46116 	  470.64031 	 1229.05562 	 2198.41349 	 3145.64920 	 1244.61405 	  315.12757 	 
 545.66516 	  520.79478 	 1105.18076 	    0.00000 	  216.90133 	  280.19965 	  777.55781 	 1029.31805 	  172.88631 	  723.66272 	  320.19952 	 2173.34273 	  451.55708 	  989.43989 	  296.47762 	  694.00052 	  526.92088 	  803.34974 	 1025.48242 	  522.65651 	  183.30924 	 2100.79166 	 1620.82618 	 1078.25683 	  472.87590 	 
 339.35832 	  367.05649 	  972.50532 	  245.45814 	    0.00000 	  167.31234 	  985.79722 	 1350.04942 	  303.27618 	  868.31363 	  448.17249 	 1516.81745 	  451.32909 	  772.27847 	  490.04312 	  666.06544 	  554.85866 	  388.73925 	 1909.56517 	  203.45984 	  306.19458 	 1985.59672 	 2436.95714 	  665.47214 	  496.23784 	 
 630.85962 	  240.61749 	  482.25626 	  228.33804 	  254.42256 	    0.00000 	  927.42446 	 1371.23801 	   80.68310 	 1337.55984 	  737.19475 	 2602.81769 	  712.25835 	 1299.81120 	  472.01426 	 1099.94757 	  307.13319 	  404.58415 	 2071.01593 	   99.81523 	  616.23164 	 1841.65536 	 1581.34059 	 1049.88383 	  363.96540 	 
 510.45569 	 1191.18380 	 1142.24054 	 1008.80647 	  805.23289 	  870.10200 	    0.00000 	  772.41804 	 1106.54981 	  259.60066 	  398.25816 	 1198.24609 	  460.34367 	  879.25887 	  663.48012 	  352.54185 	 1267.98570 	 1615.72774 	  874.34903 	 1289.12072 	  477.97837 	 1162.75254 	 1906.73091 	 1095.49767 	 1221.19720 	 
1131.56218 	 1540.08167 	 2213.60926 	  805.62283 	 1141.83626 	 1566.89300 	  857.53895 	    0.00000 	 1105.45034 	  614.33707 	  547.12708 	  838.88021 	 1069.94074 	 1890.97484 	  823.78990 	 1119.38136 	 1403.03911 	 1572.69965 	  697.83070 	  914.55727 	  729.70047 	  715.99173 	 1108.08216 	 1250.29230 	 1787.06147 	 
 579.94465 	  358.04331 	  725.31523 	  238.91751 	  224.60424 	   82.99782 	  791.58630 	  929.53594 	    0.00000 	  987.61311 	  748.74937 	 1530.36527 	  762.19905 	  924.81159 	  537.46199 	 1189.77100 	  512.20927 	  510.46473 	 1198.94367 	  210.31781 	  414.01971 	 1977.74412 	 1812.36134 	 1156.90186 	  323.00229 	 
 707.00580 	 1312.19866 	 1683.44648 	  705.78837 	  968.86968 	 1148.80683 	  191.08475 	  663.05347 	  808.14187 	    0.00000 	  569.48286 	 1320.74120 	  391.52310 	  676.50388 	  939.02136 	  376.61120 	 1418.17044 	 1537.09744 	  720.80686 	  884.45508 	  659.15913 	 1592.25081 	 1894.83873 	  973.41152 	 1348.09887 	 
 667.03520 	  761.94484 	 1135.52236 	  350.29681 	  487.33037 	  498.62326 	  459.69488 	  509.86751 	  737.21623 	  490.00475 	    0.00000 	 1645.28882 	  446.15062 	 1141.03895 	  314.48658 	  697.70122 	 1256.29874 	  883.18827 	  769.39448 	  915.15853 	  234.20523 	 1590.54396 	 1481.76740 	  937.21431 	  885.77372 	 
1510.34786 	 1754.90238 	 2339.16826 	 1376.08608 	 2424.30314 	 2563.92606 	  880.84778 	  878.90753 	 2286.01952 	 1576.49081 	 1197.50327 	    0.00000 	 2009.50768 	 2482.76196 	 1445.93549 	 1707.42084 	 3037.01119 	 1876.43500 	  330.48998 	 1722.87269 	 1944.51400 	  414.32382 	  739.41610 	 1945.53299 	 2214.64284 	 
 371.10704 	  898.18478 	 1000.36052 	  627.70235 	  519.09022 	  578.36140 	  297.19722 	  768.96613 	  491.63953 	  482.50826 	  421.43227 	 1964.02143 	    0.00000 	  839.69153 	  788.02157 	  398.18719 	 1214.82474 	  693.52653 	 1494.13561 	  682.85959 	  276.93580 	 2120.46986 	 1497.37214 	  741.65825 	  856.55805 	 
 460.99306 	 1020.54460 	  927.35323 	  975.30332 	 1120.63376 	 1034.31365 	 1260.93209 	 1265.22758 	 1129.43701 	 1191.65197 	 1519.08298 	 2517.82474 	  948.81748 	    0.00000 	 1356.01072 	  866.08090 	  840.06970 	 1164.63738 	 1844.74999 	 1156.73780 	 1052.41128 	 3291.14642 	 3375.36300 	  234.78678 	  856.19797 	 
1008.48437 	  943.16834 	 1241.29460 	  352.00663 	  593.64774 	  737.04363 	 1041.34022 	  689.15210 	  442.49152 	  889.43048 	  341.06167 	 1683.33309 	  524.36581 	 1276.20005 	    0.00000 	  836.06434 	 1209.73827 	  911.39349 	 1282.04919 	  925.01406 	  420.36808 	 2052.02969 	 1341.17800 	 1492.52112 	 1011.97401 	 
 314.25552 	 1179.90797 	 1403.77111 	  943.88152 	  889.42046 	 1153.27847 	  455.63023 	  771.27513 	 1132.11447 	  393.13647 	  486.57638 	 1605.84572 	  253.52933 	  779.80758 	  972.93080 	    0.00000 	  845.59915 	 1057.90099 	 1450.76775 	 1172.86333 	  481.45546 	 2341.97383 	 2405.65846 	  548.10767 	  961.97830 	 
 767.28717 	  151.55218 	  142.15353 	  639.77184 	  744.59807 	  428.96879 	 1704.32810 	 1760.49230 	  595.82999 	 1742.08460 	 1041.68039 	 2344.04410 	 1204.11828 	  907.22636 	  988.82644 	  893.03489 	    0.00000 	   62.13149 	 1933.60082 	  354.51424 	 1064.39057 	 3036.58102 	 2309.77958 	 1179.22930 	  210.07903 	 
 601.83669 	  119.17603 	  200.06939 	  821.03644 	  637.84348 	  448.12357 	 1150.64642 	 1154.29108 	  487.71750 	 1404.82494 	  932.04774 	 2743.92545 	  830.79313 	  868.41192 	  807.66403 	  861.49325 	  107.40211 	    0.00000 	 1892.70695 	  271.88643 	  591.91109 	 2467.66536 	 2957.51423 	  921.27397 	  102.63191 	 
1858.53845 	 1455.03558 	 2236.55985 	 1043.77653 	 1986.64350 	 2215.52602 	  861.81335 	  727.67559 	 1401.65031 	 1289.50760 	  987.16319 	  273.71241 	 1474.88870 	 2182.41236 	 1208.70935 	 1208.64455 	 1740.65154 	 2385.72520 	    0.00000 	 1977.59231 	  958.89632 	  697.98117 	 1195.43880 	 1276.91640 	 1650.67745 	 
 674.38418 	  188.49587 	  536.21326 	  311.50302 	  266.54126 	  105.61618 	  919.72567 	 1246.92486 	  255.74387 	  903.95680 	  931.67244 	 2623.36083 	  726.55777 	  779.18438 	  599.61676 	  893.74977 	  294.51952 	  274.12933 	 1853.99327 	    0.00000 	  639.11340 	 1967.17489 	 2559.49525 	  637.91507 	  166.63803 	 
 371.54941 	  768.97834 	  894.05203 	  235.32007 	  395.02849 	  357.39351 	  641.73961 	  666.46273 	  453.70675 	  766.04492 	  184.45666 	 1877.01844 	  214.58598 	 1176.61708 	  449.50976 	  430.96366 	  621.41710 	  659.38134 	 1026.38690 	  667.30392 	    0.00000 	 1990.57682 	 1996.04687 	  811.96096 	  638.76992 	 
2633.78222 	 2969.96155 	 2980.30412 	 1486.36043 	 2424.07665 	 2004.24451 	 1690.67562 	 1059.75784 	 2413.20225 	 2144.25562 	 1793.79203 	  459.24017 	 2222.07450 	 2576.78956 	 1407.89036 	 1824.99232 	 1934.20212 	 3280.63028 	  480.88864 	 2434.99256 	 1555.64352 	    0.00000 	  548.77057 	 2618.32003 	 2881.47938 	 
1931.78134 	 1638.47021 	 2703.22339 	 2191.40919 	 1721.26275 	 2207.27124 	 1984.72544 	  987.29734 	 1804.54218 	 1616.84973 	 1718.44483 	 1225.39364 	 1390.45793 	 3332.98109 	 1521.76752 	 2046.84394 	 3006.71577 	 3077.45479 	 1368.69460 	 2119.94209 	 1673.57615 	  773.64398 	    0.00000 	 2962.12027 	 1882.83795 	 
 473.86552 	  826.42791 	  974.69896 	  801.04287 	  938.37047 	  667.18384 	  694.74140 	 1830.88548 	  990.69819 	  654.51121 	  783.07786 	 2650.23356 	  587.65408 	  167.80573 	  974.70416 	  451.88399 	  724.45309 	 1176.42764 	 1430.04145 	  791.46742 	  853.43011 	 2546.41444 	 1901.21166 	    0.00000 	  822.61029 	 
 424.62256 	   30.01979 	  374.78726 	  743.13185 	  405.42416 	  222.29911 	  902.30221 	 1152.25826 	  465.05895 	 1407.80328 	  904.04692 	 2645.26528 	  912.04302 	 1071.75131 	 1123.82487 	  938.42577 	  191.69457 	  146.01299 	 1925.48203 	  236.27065 	  865.24071 	 2307.32890 	 1898.13308 	  596.79130 	    0.00000 	 
   0.00000 	 8215.98745 	 9867.63287 	 14653.27001 	 3357.82492 	 6735.30061 	 14095.75343 	 2768.62654 	 10669.88469 	 9113.34363 	 4024.78174 	 8808.86241 	 9549.26227 	 26517.04252 	 3591.60286 	 11511.29030 	 56095.85832 	 8301.05176 	 1541.81555 	 4141.93960 	 6543.45182 	 5065.64316 	 2186.59280 	 12530.60822 	 16514.10081 	 
6298.13936 	    0.00000 	 9862.72390 	 15078.15517 	 3196.58996 	 6698.30097 	 3911.45392 	 2990.62921 	 6892.54193 	 4587.25243 	 1779.32820 	 7231.77999 	 1119.06948 	 7676.89937 	 1387.41470 	 6289.14604 	 31824.50777 	 6475.56158 	  936.21042 	 7839.81103 	 4326.32408 	 5335.08271 	 4722.69803 	 1542.05720 	  446.38870 	 
8580.22617 	 14548.16764 	    0.00000 	 45017.80881 	 5703.26826 	 14496.18786 	 6390.58617 	 6647.50101 	 14392.69355 	 3274.74503 	 2557.92807 	 22659.62021 	 2047.55145 	 19706.52717 	 4653.59945 	 2738.40675 	 228510.29814 	 35310.06948 	 3441.73672 	 13265.83988 	 5990.11964 	 18611.06167 	 4057.57844 	 10300.14743 	 61662.66371 	 
18341.12783 	 10240.90284 	 36578.43214 	    0.00000 	 15521.41272 	 40736.31511 	 25276.46702 	 20905.55703 	 45695.83785 	 18399.10430 	 29457.93214 	 78969.63096 	 11331.80743 	 52923.13286 	 61403.52841 	 15491.55148 	 184390.76088 	 42097.62611 	 11806.32725 	 31145.98538 	 48178.01112 	 42771.94356 	 11425.97005 	 14760.25512 	 34009.86606 	 
4136.29831 	 3608.71761 	 5991.10172 	 18956.50622 	    0.00000 	 7471.01288 	 3510.52012 	 2006.03512 	 6984.74298 	 1790.51159 	 2913.70618 	 5105.33932 	 1824.39952 	 5942.08562 	 1590.57234 	 1116.59438 	 22813.21275 	 6397.19937 	  805.37960 	 5020.88122 	 6854.40750 	 3216.26562 	 1332.49090 	 4761.64524 	 8104.90633 	 
4665.57530 	 6827.83993 	 10262.97846 	 39072.05150 	 9363.75106 	    0.00000 	 6327.15174 	 3950.96181 	 10783.40301 	 2572.05681 	 2064.18838 	 16281.93326 	 1643.10868 	 16622.47155 	 3755.01384 	 1717.66560 	 52458.44225 	 18693.55087 	 2820.92288 	 6302.22260 	 7559.73030 	 8264.66201 	 2077.16131 	 6361.75310 	 17433.22365 	 
8646.35748 	 3940.65312 	 4758.61207 	 16155.87847 	 3258.30561 	 5648.38592 	    0.00000 	 13007.73604 	 5688.78511 	 41030.30548 	 12382.38364 	 30815.33847 	 6854.95738 	 5759.32017 	 5491.11371 	 12360.16927 	 23997.15933 	 9261.63136 	 4950.87043 	 4012.02399 	 12523.47955 	 10179.96560 	 4452.61966 	 2857.37009 	 14033.23401 	 
2434.30369 	 2786.90483 	 5119.49265 	 27775.32957 	 1890.47255 	 4198.66007 	 12038.44357 	    0.00000 	 5668.65476 	 7405.31389 	 8811.93618 	 25020.03643 	 1474.52533 	 3966.36350 	 7569.77128 	 1925.08267 	 18242.63876 	 5151.26143 	 9163.99099 	 2892.85125 	 8094.56220 	 20481.01932 	 7116.56475 	 1475.97898 	 9154.20155 	 
9876.02538 	 5173.16076 	 17853.30235 	 52127.64788 	 5888.71132 	 8184.08126 	 5064.48779 	 7242.18406 	    0.00000 	 4086.70224 	 4466.72387 	 17488.87690 	 4252.94454 	 20063.07823 	 8687.95689 	 4771.62309 	 99323.07169 	 17071.22029 	 5571.75985 	 10754.50207 	 8555.33497 	 9703.81436 	 3977.70374 	 10065.17582 	 13946.56747 	 
6683.52840 	 3373.36563 	 3158.56531 	 15225.22200 	 2221.37204 	 3460.14705 	 33690.27325 	 5929.28166 	 4932.63270 	    0.00000 	 4332.14547 	 17744.98896 	 2997.77459 	 6190.57862 	 2134.13504 	 15145.18864 	 33409.92367 	 4872.34573 	 2215.89955 	 4522.70985 	 8704.17573 	 10856.96947 	 3156.66078 	 3011.50291 	 4630.33082 	 
3673.38227 	 2246.54455 	 3343.42579 	 27909.17655 	 2276.91739 	 2547.13161 	 13018.02421 	 8456.08128 	 5557.53106 	 4456.49245 	    0.00000 	 18700.80979 	 3915.81057 	 3238.16730 	 7342.24863 	 3230.14869 	 18811.37556 	 3308.77042 	 2339.90176 	 2066.21486 	 18405.95463 	 9826.46714 	 3743.70542 	 1282.11298 	 8366.92823 	 
11528.59358 	 8459.80892 	 17500.56627 	 65395.88028 	 4414.60301 	 12982.58050 	 24309.21312 	 38039.68835 	 25002.79212 	 12303.32878 	 10736.48144 	    0.00000 	 6967.90762 	 19241.87581 	 20667.02223 	 13000.98929 	 85757.42183 	 18284.78102 	 26468.86701 	 9909.30903 	 14230.90227 	 94323.25429 	 29406.35331 	 2794.45239 	 24002.95035 	 
12842.52178 	 1374.79909 	 2004.49545 	 12839.17598 	 1546.89279 	 2123.79995 	 8086.52630 	 1268.08718 	 5585.78545 	 4080.05387 	 3212.63533 	 7080.21085 	    0.00000 	 2942.97186 	  953.53719 	 6775.83435 	 7558.59148 	 2729.39433 	  770.32933 	  943.46613 	 4372.44292 	 2413.40474 	  942.98179 	 1310.35839 	 5622.72995 	 
28912.22710 	 7533.65824 	 30618.22387 	 50804.66858 	 6514.05584 	 12717.23380 	 7857.39774 	 3271.42080 	 23000.41951 	 9331.14714 	 4350.38132 	 12073.04071 	 3189.58822 	    0.00000 	 5281.24232 	 11388.81316 	 119667.42302 	 24391.76942 	  904.40509 	 14535.77621 	 9860.92678 	 7147.89850 	 2007.88856 	 25228.57439 	 16568.79164 	 
2696.54707 	 1149.75641 	 6410.71712 	 38602.65464 	 2588.75722 	 4883.99959 	 4678.92493 	 6523.18836 	 7847.84939 	 2677.86084 	 9667.82290 	 19521.99449 	 1244.47102 	 6503.33534 	    0.00000 	 2435.14726 	 19398.50890 	 7324.63381 	 6086.71017 	 2726.21675 	 7882.13939 	 15417.26964 	 5526.66237 	 3714.93649 	 11100.19139 	 
10479.62433 	 4418.08154 	 4460.72986 	 16447.99109 	 1709.81960 	 1855.04902 	 12789.85876 	 2069.32620 	 3310.50157 	 21074.18962 	 2601.20892 	 11830.33088 	 6553.22134 	 9804.27657 	 2066.31066 	    0.00000 	 19236.42298 	 5519.23920 	  844.39079 	 2024.40612 	 5624.84238 	 5669.57262 	 1628.84724 	 3270.30331 	 5206.47910 	 
59435.81270 	 27544.84710 	 196343.65044 	 191112.70173 	 22513.02530 	 66350.15050 	 30382.83967 	 29886.89668 	 94267.05962 	 26708.51500 	 12817.61050 	 118261.00957 	 11938.28697 	 124751.72297 	 25330.96305 	 15978.70226 	    0.00000 	 9559.71191 	 13920.72559 	 78074.11495 	 42882.48020 	 79236.43764 	 11060.59438 	 36016.09173 	 159456.05330 	 
11986.45598 	 4888.19036 	 32677.89520 	 35474.25758 	 5095.85092 	 14340.76224 	 5438.90434 	 4288.07365 	 18623.38998 	 4767.32441 	 3386.08307 	 22177.77649 	 2299.97721 	 17799.30450 	 7176.72827 	 4956.17328 	 9826.25637 	    0.00000 	 2850.64830 	 33954.07495 	 8478.42882 	 16638.69487 	 5172.37057 	 4752.64305 	 14912.55396 	 
1111.75341 	  610.34457 	 2245.89044 	 16382.92072 	 1211.41564 	 3338.70090 	 6390.87979 	 8020.82191 	 5245.81154 	 2389.47301 	 3121.59595 	 37365.87057 	  897.46629 	 1048.47442 	 5828.22830 	 1093.10148 	 11657.19638 	 2741.31790 	    0.00000 	 1474.05179 	 2666.78039 	 13250.33390 	 3589.98467 	  523.37832 	 3513.69729 	 
6469.04241 	 9235.27554 	 13817.17103 	 24993.06110 	 4251.21497 	 5832.58282 	 2403.31104 	 2417.37373 	 12328.21804 	 2877.90825 	 2568.25453 	 10102.42112 	 1219.65872 	 15801.93953 	 2191.94552 	 1996.72829 	 54334.07750 	 27109.37819 	 1603.61809 	    0.00000 	 6015.75271 	 7885.21107 	 2176.11987 	 5616.08201 	 10380.99319 	 
7247.11370 	 4497.98084 	 6962.21464 	 45060.84067 	 6752.26201 	 6660.66708 	 9552.07530 	 8793.51823 	 12950.45241 	 8352.73132 	 19561.25925 	 12400.83409 	 7403.54516 	 10613.20653 	 6195.49443 	 6082.00271 	 40567.44882 	 8321.53048 	 2819.63172 	 3540.77945 	    0.00000 	 12791.52925 	 2706.92018 	 4369.99309 	 14189.49875 	 
8513.93531 	 8174.15409 	 12250.80063 	 35374.01027 	 3122.91028 	 6717.44666 	 16483.31906 	 14894.04200 	 11716.58114 	 8154.21630 	 7676.91812 	 106179.63282 	 3045.96842 	 7205.14217 	 15633.93746 	 6690.95268 	 84193.55264 	 13622.95924 	 12870.82803 	 6206.32211 	 10031.77981 	    0.00000 	 39146.20790 	 2091.91955 	 21609.13207 	 
2359.23335 	 4330.34047 	 4040.86612 	 10716.20189 	 1199.31964 	 2552.06037 	 5852.40389 	 9260.82864 	 4941.11901 	 3500.26914 	 2479.92898 	 31031.72531 	  969.75061 	 1336.00195 	 5675.07799 	 1545.46580 	 14498.42690 	 5302.91375 	 3060.80314 	 2606.31213 	 3677.79753 	 26962.68605 	    0.00000 	 1007.46151 	 3965.13693 	 
14845.04008 	 1814.92955 	 9071.83291 	 15697.06301 	 3620.18190 	 6479.02843 	 2547.46593 	 1397.70648 	 9179.02657 	 2542.02757 	 2084.93432 	 3785.65549 	 1176.62440 	 20809.63688 	 3005.03061 	 3467.09898 	 35323.78710 	 7601.78592 	  467.74773 	 6839.46304 	 4312.38892 	 1865.04003 	 1208.75415 	    0.00000 	 6616.60893 	 
13777.79075 	  657.24401 	 46431.06673 	 48145.89639 	 7607.45428 	 12788.67384 	 10165.22750 	 9564.49903 	 23440.46262 	 6764.70628 	 8455.94113 	 31726.36001 	 4712.34498 	 23289.66177 	 10493.80141 	 3788.66547 	 141296.64762 	 11217.66954 	 3794.66022 	 11811.53475 	 9871.75335 	 19473.24643 	 5133.15821 	 7453.74600 	    0.00000 	 
   0.00000 	  575.50746 	  787.51183 	  500.87067 	  371.66932 	  617.10849 	  823.55268 	 1554.83305 	  741.32220 	  865.09703 	  880.74019 	 2195.18698 	  333.97343 	  653.94477 	  770.69554 	  420.44536 	  750.25047 	  821.85875 	 1310.62417 	  669.90186 	  473.47174 	 1715.81436 	 1656.68063 	  457.81353 	  530.83997 	 
 718.95316 	    0.00000 	  367.70249 	  758.23246 	  485.53701 	  311.92372 	 1130.23581 	 1601.29936 	  382.03222 	 1406.40342 	 1049.66297 	 2249.62846 	  558.82499 	  802.47372 	  753.01208 	  986.82966 	  151.00194 	  119.77305 	 1921.05987 	  244.51615 	  816.69659 	 2272.39475 	 2920.06832 	  733.65297 	   41.60938 	 
1184.09438 	  416.87597 	    0.00000 	  836.50877 	  827.90042 	  553.22752 	 1390.20973 	 2257.56815 	  748.29635 	 1539.33229 	 1268.95993 	 2364.15823 	 1322.36798 	 1323.80827 	 1109.28230 	 1507.06346 	  167.53136 	  206.96584 	 2089.50836 	  361.68816 	 1325.54654 	 2908.04411 	 2724.01840 	 1392.81928 	  453.70777 	 
 457.08293 	  508.26212 	  913.72471 	    0.00000 	  293.25810 	  245.06778 	  995.50691 	  740.04592 	  223.01305 	 1143.33220 	  378.74655 	 1758.18653 	  424.51838 	 1036.10325 	  328.80668 	  772.02598 	  545.04472 	  637.21758 	 1180.17402 	  347.71754 	  220.14599 	 2212.09040 	 1784.85613 	  776.87720 	  593.99212 	 
 300.70118 	  521.61315 	  946.57231 	  319.66059 	    0.00000 	  168.22062 	  813.35731 	 1210.11076 	  208.74248 	  843.63846 	  382.49842 	 1535.23663 	  474.77370 	  979.09353 	  724.73914 	  898.25037 	  594.31247 	  451.88955 	 1125.45488 	  222.81716 	  362.13867 	 2455.77462 	 1527.80343 	  877.81502 	  423.52460 	 
 522.04967 	  395.84664 	  507.67004 	  393.86084 	  171.76280 	    0.00000 	  793.17568 	 1217.90202 	   99.86183 	 1224.43232 	  674.41889 	 2642.27744 	  772.39671 	  882.28016 	  733.23645 	  790.54409 	  493.96072 	  272.36975 	 1317.22983 	   92.69028 	  590.41915 	 2203.32087 	 2594.48862 	  982.65203 	  302.15025 	 
 824.09545 	 1263.87579 	 1100.50340 	  998.26701 	  689.76671 	 1177.13323 	    0.00000 	  695.62255 	 1045.53800 	  183.10998 	  385.44387 	 1381.11232 	  330.24622 	 1426.10693 	  959.32099 	  497.11183 	 1347.40150 	 1622.31003 	  779.80897 	  879.61239 	  687.47354 	 1196.47342 	 1569.14212 	  701.86165 	 1365.37906 	 
1552.09690 	 1764.81774 	 2098.61675 	  972.46047 	 1334.75495 	 1168.26095 	  497.99011 	    0.00000 	 1356.65947 	  725.85525 	  555.67969 	 1049.11082 	  733.76459 	 2122.34715 	  767.50009 	 1278.84728 	 1194.44873 	 1105.29410 	  629.04704 	 1327.30425 	  981.91401 	  817.72916 	  894.49331 	 1173.80918 	 1403.63970 	 
 467.14083 	  388.82941 	  755.83036 	  246.47642 	  275.39889 	   76.37394 	 1249.49147 	 1370.64400 	    0.00000 	 1350.28879 	  517.58343 	 2240.57708 	  787.55402 	 1362.47544 	  620.30586 	  847.01015 	  626.85111 	  474.53345 	 1835.48524 	  176.02684 	  473.17552 	 1632.22298 	 1356.88139 	  953.93328 	  465.24310 	 
 501.92110 	 1105.04749 	 1578.16104 	 1062.88528 	  725.16214 	 1416.93905 	  260.15885 	  676.30974 	 1087.90540 	    0.00000 	  652.50251 	 1045.91120 	  517.39936 	 1130.52822 	 1296.15783 	  248.46958 	 1109.14512 	 1284.05884 	 1228.93978 	  833.45994 	  687.23732 	 2015.84786 	 2147.04121 	  733.61437 	  915.63233 	 
 684.60286 	 1147.06440 	 1258.34461 	  504.94161 	  526.67040 	  739.41756 	  426.26569 	  467.69039 	  688.74465 	  818.00584 	    0.00000 	 1318.42955 	  296.43929 	  901.59556 	  356.45815 	  846.81872 	 1281.71537 	 1184.80468 	 1194.88090 	  716.63924 	  169.59565 	 1852.01724 	 1613.67405 	  785.90991 	 1089.08045 	 
2504.09323 	 1995.51364 	 2062.31640 	 1683.81330 	 1563.56029 	 2323.90148 	 1119.09132 	  707.84532 	 2211.92027 	 1767.10653 	 1608.70550 	    0.00000 	 1921.88922 	 1645.88986 	 1857.62414 	 1971.71282 	 1932.41758 	 2289.90271 	  284.29386 	 2168.60075 	 1618.50230 	  267.35228 	  924.66210 	 2609.82547 	 2333.92702 	 
 356.59388 	  865.11801 	  959.32851 	  485.88203 	  414.11264 	  469.64028 	  421.26336 	  692.35261 	  554.31560 	  382.06321 	  329.03857 	 1589.64667 	    0.00000 	  999.84695 	  751.91574 	  283.61434 	  937.92811 	  709.65963 	 1543.89696 	  700.47755 	  298.28710 	 1282.10505 	 1713.89801 	  715.74331 	  696.84229 	 
 744.46807 	 1120.91474 	 1056.71428 	  993.76232 	 1082.74823 	  873.11919 	  894.43744 	 1672.58257 	 1130.76883 	  771.47131 	 1088.84889 	 2340.18549 	  896.17893 	    0.00000 	 1061.17516 	  862.83526 	 1299.26610 	  716.26388 	 2366.51186 	 1003.88346 	  817.90795 	 3343.59336 	 2988.07597 	  203.40812 	  899.15600 	 
 705.17096 	  788.52148 	 1404.15081 	  381.45974 	  686.14126 	  587.75836 	  998.77820 	  630.33541 	  647.55166 	 1051.32274 	  344.97973 	 1871.61241 	  725.51448 	 1675.72371 	    0.00000 	  820.65042 	  966.72050 	  927.81913 	 1035.09735 	  900.41370 	  316.01158 	 1297.23718 	 1262.12299 	 1014.58113 	  687.45137 	 
 299.60002 	  814.34373 	 1435.56852 	  716.14414 	  767.94505 	  965.04355 	  381.14252 	  980.87812 	 1128.21761 	  322.23628 	  655.82624 	 1972.94743 	  441.11170 	  614.91199 	 1263.45197 	    0.00000 	 1370.06587 	 1243.23463 	 1206.58034 	  691.94045 	  657.61908 	 2023.85858 	 2023.37579 	  548.44138 	 1116.84464 	 
 586.92906 	  190.16247 	  174.85007 	  875.43090 	  618.07033 	  293.08135 	 1466.63541 	 2050.25910 	  354.81424 	 1019.81309 	 1034.89181 	 1800.87937 	 1166.22405 	  842.54632 	 1297.50428 	 1082.67825 	    0.00000 	  103.93183 	 2168.95885 	  289.31297 	  945.11398 	 2090.39147 	 2059.04482 	 1250.79213 	  191.27907 	 
 782.10346 	   79.91794 	  212.41185 	  639.56477 	  407.25893 	  402.70814 	 1132.53344 	 1412.24337 	  506.80532 	 1223.62323 	  876.61151 	 2528.26698 	 1116.88425 	 1072.13285 	 1100.33413 	 1366.42187 	   86.51563 	    0.00000 	 1542.03390 	  236.12245 	  727.29092 	 2799.54143 	 2576.22731 	 1133.14381 	  123.01905 	 
1260.74372 	 2267.69591 	 2590.70223 	 1863.28842 	 1781.79835 	 1511.81414 	 1045.15607 	  451.62252 	 1906.28996 	  766.45247 	 1312.72120 	  303.71380 	 1621.43777 	 1974.70257 	 1377.68118 	 1397.76304 	 2308.29118 	 1902.63184 	    0.00000 	 2143.64125 	 1542.37030 	  652.59946 	  936.17510 	 1574.88220 	 1705.35847 	 
 488.36083 	  231.32524 	  385.47585 	  523.62645 	  313.58230 	  132.26011 	  934.38075 	 1204.62296 	  200.94613 	  913.54161 	  950.79095 	 1532.47757 	  502.91638 	 1069.24590 	  713.89622 	  735.49364 	  418.46810 	  325.73969 	 1597.58110 	    0.00000 	  524.72615 	 1670.50051 	 1900.35593 	  823.35411 	  196.38254 	 
 526.63004 	  575.59858 	  908.30402 	  301.51023 	  361.66191 	  545.41977 	  647.15914 	  797.37298 	  453.80498 	  779.05006 	  288.32222 	 1241.41783 	  190.62559 	 1033.20220 	  452.16978 	  773.47255 	  657.25870 	  693.89457 	 1437.67365 	  578.62053 	    0.00000 	 2045.56115 	 2137.10999 	 1006.73552 	  847.48647 	 
2550.79586 	 2408.78292 	 2193.46220 	 1544.48268 	 2370.96412 	 1592.44722 	 1628.70584 	  845.53801 	 1652.29430 	 1237.83130 	 1688.42794 	  378.82312 	 1376.25457 	 2184.15997 	 1828.73018 	 1603.64168 	 2811.61750 	 2114.84183 	  756.21611 	 2678.12952 	 1604.60645 	    0.00000 	  617.71885 	 2986.29363 	 2648.93473 	 
2666.16680 	 2271.37161 	 3202.71691 	 1987.81530 	 2399.91422 	 2278.56622 	 1663.81604 	  794.79681 	 2381.63212 	 1946.31408 	 1396.47257 	 1069.39708 	 1512.88908 	 1993.30321 	 1270.99220 	 2218.92929 	 1907.49859 	 3065.22502 	 1135.33147 	 1614.26768 	 1482.76902 	  587.74482 	    0.00000 	 2242.86611 	 2956.97936 	 
 389.51467 	  776.72049 	 1099.73925 	  712.49767 	  912.16824 	 1108.67406 	 1046.81408 	 1362.24143 	  952.50465 	  684.35562 	  751.63770 	 1962.20787 	  736.43985 	  157.40176 	 1560.51009 	  502.35216 	  906.48108 	  800.59982 	 1759.45527 	  959.94664 	  772.14442 	 2548.55438 	 3125.95240 	    0.00000 	  842.01493 	 
 536.18960 	   35.48306 	  346.46398 	  551.42516 	  333.24244 	  316.28988 	  823.65093 	 1350.51500 	  328.25785 	 1450.35204 	  764.62637 	 1763.96762 	  874.43795 	 1018.82375 	  809.15037 	 1220.03984 	  156.51143 	  111.10449 	 2408.47396 	  201.78854 	  561.17509 	 2409.86233 	 1940.92910 	  875.13695 	    0.00000 	 
   0.00000 	 5039.57372 	 8611.96534 	 21265.86885 	 5454.36076 	 5915.80051 	 8493.74592 	 2042.22968 	 10931.25404 	 8778.27406 	 3171.87072 	 8041.27780 	 12331.78990 	 19411.70062 	 2813.84649 	 10124.59641 	 46184.11173 	 12213.94580 	 1005.46466 	 5124.51742 	 4686.51548 	 7553.31493 	 2879.57802 	 13606.70198 	 17756.37628 	 
5902.87330 	    0.00000 	 9135.84204 	 17751.41892 	 3988.74756 	 4258.69552 	 4593.61334 	 4125.26147 	 5532.66575 	 4072.47945 	 2010.66507 	 9463.82131 	 1470.63512 	 5441.68821 	 1435.76850 	 4194.55613 	 29294.33958 	 5134.20026 	  646.06001 	 7246.35393 	 3219.00058 	 6890.00179 	 4652.23448 	 2129.94882 	  569.64956 	 
9477.67912 	 11599.24795 	    0.00000 	 34270.64487 	 7017.74041 	 15025.66546 	 5530.34266 	 5254.01095 	 13198.48350 	 3810.98060 	 4055.69170 	 22765.71934 	 2049.34280 	 18680.02076 	 8397.76591 	 3294.29868 	 175872.17001 	 27627.64171 	 3181.83155 	 12480.18369 	 8322.79836 	 16996.61391 	 3841.92482 	 10451.04308 	 55518.38213 	 
15035.05109 	 15694.96664 	 35355.97601 	    0.00000 	 24789.73827 	 30090.16846 	 16856.95069 	 22353.91373 	 44269.62755 	 19565.46077 	 36331.96566 	 64406.95605 	 13528.33302 	 46442.24208 	 37437.75295 	 16837.38137 	 129585.03094 	 32006.93927 	 15323.86559 	 32902.11793 	 52448.50694 	 29559.69855 	 10188.57138 	 15824.63284 	 31288.70273 	 
5400.92682 	 2594.48249 	 4935.50350 	 22826.84663 	    0.00000 	 9356.62094 	 3460.10167 	 1094.24274 	 6263.82257 	 1746.13999 	 2713.60803 	 7575.14992 	 1955.74528 	 7647.16246 	 1539.65185 	  952.28415 	 21022.14843 	 5456.08006 	 1000.92629 	 4168.74633 	 5507.57926 	 3080.30798 	 1362.96803 	 4895.66405 	 7047.13763 	 
4933.76286 	 6036.44434 	 15308.87760 	 34443.36846 	 5193.35328 	    0.00000 	 4984.26372 	 3132.20080 	 9499.55895 	 4520.91957 	 2505.16497 	 11153.59376 	 1539.70134 	 11883.05569 	 5513.85578 	 1555.56759 	 67064.03443 	 12825.30789 	 2271.24439 	 5703.00917 	 6360.37214 	 8740.06241 	 2336.66721 	 7500.83024 	 12272.42645 	 
13823.17957 	 4753.87102 	 5997.24459 	 21169.00756 	 3903.18695 	 6473.21312 	    0.00000 	 9442.71968 	 7434.50277 	 25469.29764 	 11408.99990 	 27625.80290 	 8146.33729 	 6363.46957 	 3892.88232 	 16442.54067 	 22670.76907 	 8639.84554 	 4370.95703 	 3352.61017 	 9757.60307 	 10606.54483 	 5732.54369 	 2923.75326 	 12755.62642 	 
2411.10966 	 3841.03537 	 5287.96856 	 35030.53074 	 1320.20819 	 3172.47166 	 9008.87587 	    0.00000 	 4655.12351 	 8724.29560 	 11357.76120 	 38498.73650 	 2297.52046 	 3292.08786 	 7333.55567 	 2293.49220 	 18538.02724 	 5415.61308 	 9218.16175 	 2483.64883 	 5835.04223 	 13171.44147 	 7764.18026 	 1406.52393 	 9923.93753 	 
7919.44788 	 6942.04305 	 13618.76526 	 64898.92435 	 7120.67539 	 8305.44842 	 6686.41018 	 4733.88613 	    0.00000 	 4517.51281 	 6455.32406 	 19679.11400 	 3637.27810 	 23846.74318 	 7654.03301 	 4763.35840 	 64552.26088 	 23843.19652 	 4626.95352 	 12157.39476 	 10098.70142 	 12349.31643 	 5257.76645 	 13851.51944 	 23301.49730 	 
9045.49825 	 3601.01162 	 5349.27047 	 19491.60148 	 2466.47236 	 3082.09378 	 38501.75097 	 8919.61888 	 3118.28193 	    0.00000 	 4123.55417 	 19800.10837 	 5065.62226 	 9430.94959 	 2396.38652 	 15467.20014 	 26317.38676 	 6441.04507 	 2047.74445 	 4119.14611 	 6487.10540 	 10187.33388 	 3294.05571 	 2466.51664 	 5867.03391 	 
4087.87915 	 2383.75904 	 3130.01787 	 23016.78113 	 1856.68146 	 2236.84295 	 7793.95590 	 12721.77036 	 3607.85363 	 4567.02338 	    0.00000 	 17459.51828 	 2184.16448 	 4094.20066 	 5681.58192 	 3146.37994 	 20539.14585 	 4480.38648 	 3992.68883 	 2610.63851 	 19081.48549 	 6720.23356 	 3221.21873 	 1783.34724 	 5129.39603 	 
7824.21478 	 9138.78707 	 15805.40715 	 80550.59868 	 6892.56922 	 12628.79592 	 23777.89283 	 28420.46574 	 22585.68329 	 21835.63208 	 14452.33922 	    0.00000 	 6316.85763 	 16352.08504 	 12714.44048 	 12291.92592 	 101669.25210 	 20770.67854 	 37206.81418 	 10036.42012 	 16210.61147 	 77100.18079 	 26365.52306 	 3196.54604 	 24486.76412 	 
7101.89778 	 1098.55234 	 1343.38639 	 14986.97831 	 1557.42404 	 1656.76196 	 6734.18311 	 1905.15662 	 3977.65035 	 2876.80315 	 2671.11297 	 5194.69538 	    0.00000 	 2944.92422 	 1132.51509 	 7675.93910 	 9190.62436 	 3331.22275 	  760.87094 	 1209.50388 	 4440.40322 	 2762.26865 	 1357.54711 	 1545.88914 	 5368.79083 	 
27368.45767 	 9391.63468 	 19793.89805 	 46379.04014 	 6657.89055 	 19032.74438 	 7582.30791 	 3828.16394 	 21465.87743 	 9831.36607 	 3049.30221 	 12877.12812 	 4079.65603 	    0.00000 	 7028.63984 	 12004.19203 	 195280.72298 	 22995.22611 	  861.42604 	 16377.90269 	 10885.02336 	 6481.92252 	 1635.73362 	 21270.74116 	 20846.02319 	 
3075.29016 	 1274.26395 	 5784.81945 	 59282.07441 	 2451.94546 	 6513.95000 	 4065.48120 	 10948.11928 	 11125.53332 	 2171.55540 	 6772.86644 	 15689.44739 	 1169.53714 	 5299.57697 	    0.00000 	 2635.47947 	 26788.34424 	 7209.96412 	 5887.78392 	 2887.68758 	 9280.89314 	 16374.48476 	 7159.05683 	 2956.29421 	 11215.33833 	 
12835.72653 	 3725.55084 	 2815.01348 	 15078.51085 	 1372.49783 	 1895.17987 	 14926.30293 	 2135.88857 	 4528.13140 	 14350.97143 	 2999.95430 	 8973.31330 	 6350.27815 	 9009.08691 	 1969.78809 	    0.00000 	 20814.12836 	 4612.06349 	  979.15536 	 2246.91037 	 3486.17866 	 6945.62499 	 1706.50493 	 3301.97286 	 6142.36659 	 
33426.90665 	 18144.68185 	 231085.95747 	 176676.08701 	 28244.29434 	 78887.62466 	 23855.31768 	 27131.44447 	 69997.13414 	 32836.36544 	 22291.84672 	 131106.51087 	 10751.02250 	 197370.53811 	 26575.14903 	 22248.44410 	    0.00000 	 11270.34113 	 11473.91898 	 67368.44182 	 43223.08972 	 63476.50022 	 16395.21241 	 30521.30703 	 215331.90874 	 
14772.38344 	 6739.95668 	 33807.30581 	 26481.87800 	 7663.45660 	 17900.90083 	 5727.22938 	 6119.45186 	 25193.62919 	 5137.41686 	 4141.02772 	 17956.62380 	 3493.98427 	 25297.30997 	 7363.13594 	 5227.20662 	 9735.68756 	    0.00000 	 2668.92909 	 34594.76259 	 6879.86688 	 15362.30541 	 4021.80969 	 7729.81747 	 11039.78064 	 
1261.01735 	  802.59931 	 2719.94364 	 19459.83356 	 1258.16165 	 3705.12944 	 6686.71449 	 9391.22558 	 3517.53109 	 2147.89815 	 2926.79384 	 31510.26254 	  737.50696 	 1219.53721 	 5123.66830 	  638.42585 	 10737.33531 	 2616.28658 	    0.00000 	 2260.59017 	 4404.69684 	 8716.41358 	 3498.72003 	  703.95753 	 4056.10818 	 
5532.95235 	 7422.73167 	 12313.24638 	 28138.61101 	 3526.80117 	 3834.72681 	 2334.27422 	 3277.36476 	 9881.68663 	 2967.26187 	 1740.85432 	 13927.43541 	 1338.30053 	 17187.33186 	 2910.24934 	 1691.44502 	 63459.90942 	 28535.46833 	 1374.86902 	    0.00000 	 4460.36061 	 6101.44281 	 2721.04898 	 4696.50601 	 10728.36646 	 
5195.98777 	 3169.30553 	 5463.29351 	 32818.64151 	 6062.75194 	 6787.60031 	 12205.76992 	 9082.12741 	 10974.72426 	 8414.31097 	 15325.94442 	 20801.44283 	 6424.31658 	 6487.40530 	 5796.31015 	 3514.82196 	 24691.24251 	 7105.44546 	 4080.15534 	 6070.97853 	    0.00000 	 12427.70639 	 3975.94823 	 4294.13419 	 9421.98513 	 
8614.36584 	 5239.78306 	 19885.92818 	 45866.25631 	 4119.28665 	 6989.10550 	 16518.09710 	 19982.38801 	 9340.70537 	 5925.81117 	 10326.68423 	 94281.61936 	 2853.29389 	 6255.59263 	 13266.72584 	 7446.07287 	 57707.70543 	 10644.96026 	 9385.91130 	 7625.26834 	 8575.38487 	    0.00000 	 32565.85237 	 1866.32231 	 20685.16628 	 
2476.34630 	 3994.72960 	 4359.55034 	 11939.94910 	  883.86931 	 2521.09892 	 3498.55980 	 7218.50966 	 4193.99534 	 2350.92058 	 3192.67068 	 23461.81562 	  992.25955 	 1335.85946 	 4657.19030 	 1486.77488 	 12116.13379 	 3345.52935 	 3638.13147 	 1991.83794 	 2310.71216 	 33291.47046 	    0.00000 	  756.44735 	 5326.55367 	 
9884.32876 	 1438.36372 	 8067.52918 	 22339.31217 	 5189.64921 	 8281.52417 	 2315.84569 	 1473.24242 	 13006.49056 	 3026.50746 	 1251.53078 	 4587.57452 	 1596.91226 	 20715.58910 	 3653.62933 	 3150.99708 	 28871.13673 	 5505.67991 	  726.73726 	 3939.52085 	 3172.44515 	 1968.39454 	  689.02454 	    0.00000 	 7459.64523 	 
20278.75937 	  419.47636 	 58335.48447 	 45579.50316 	 6723.19963 	 16561.30193 	 8977.34974 	 10891.07319 	 18383.19259 	 5188.07108 	 6942.13551 	 18577.56939 	 4243.17901 	 17701.22664 	 12923.95422 	 3585.21539 	 124929.60349 	 12162.93196 	 2980.45235 	 14632.08330 	 8924.15188 	 22178.47513 	 4838.58822 	 6416.20909 	    0.00000 	 
   0.00000 	  604.27046 	 1171.34031 	  708.20393 	  435.01566 	  399.85072 	  704.89515 	 1387.06839 	  592.91099 	  704.57351 	  552.63669 	 1478.82755 	  415.03603 	  557.98975 	  684.58087 	  467.51094 	  763.37074 	  525.54355 	 1959.16986 	  640.69692 	  479.96381 	 2532.89717 	 2359.35775 	  490.75916 	  665.02584 	 
 660.83120 	    0.00000 	  357.50365 	  520.92134 	  334.74372 	  384.84965 	 1432.23214 	 1561.63434 	  304.78391 	  897.09393 	 1119.11456 	 2995.81506 	  986.93932 	 1139.04133 	 1190.67008 	 1276.56832 	  191.64539 	   75.72164 	 2318.45484 	  234.24488 	  687.75063 	 2674.94410 	 2699.16194 	 1075.13144 	   25.79646 	 
 868.96770 	  313.26669 	    0.00000 	  730.11965 	  725.57550 	  437.96925 	 1898.51200 	 2052.71913 	  672.61292 	 1333.53907 	 1461.16036 	 3328.24501 	 1283.70074 	  993.66029 	  976.58628 	 1168.34223 	  213.09192 	  205.78661 	 2909.36543 	  467.60694 	 1053.08950 	 2885.38736 	 2699.06641 	 1268.96739 	  499.64213 	 
 653.08892 	  780.71004 	  776.13265 	    0.00000 	  290.95612 	  334.81395 	  681.84885 	  751.20876 	  302.72980 	 1111.07175 	  520.19832 	 1510.23124 	  407.47575 	  854.74604 	  402.05981 	  826.81661 	  728.57909 	  836.99649 	 1319.91248 	  490.97060 	  181.47283 	 2211.41290 	 1740.16344 	 1240.68845 	  660.45131 	 
 326.22912 	  345.02133 	  754.36669 	  275.19724 	    0.00000 	  255.70704 	  587.03367 	  902.87143 	  170.12140 	  978.53442 	  438.14872 	 1564.85130 	  292.35601 	  710.55278 	  623.10082 	  862.93425 	  682.05138 	  611.69072 	 1486.84148 	  325.53382 	  238.91790 	 2306.04881 	 2404.09627 	  728.02212 	  459.60435 	 
 526.40378 	  330.22834 	  616.76006 	  237.61985 	  204.65646 	    0.00000 	  926.42438 	 1042.14919 	   72.08879 	  940.21174 	  809.93009 	 1936.70862 	  462.55685 	 1035.28704 	  689.87229 	 1151.65726 	  425.95850 	  446.64911 	 1695.01643 	  125.18379 	  585.17749 	 2068.74596 	 2012.42923 	 1197.88185 	  295.66093 	 
 518.13539 	 1357.04578 	 1901.62444 	  728.86981 	  769.68887 	 1266.03152 	    0.00000 	  672.70197 	 1255.49045 	  274.65420 	  547.57854 	 1614.24550 	  412.30471 	 1211.02911 	  814.21782 	  430.73157 	 1703.83745 	 1542.53923 	 1005.14384 	  915.08097 	  525.44987 	 1649.41621 	 1996.57870 	 1051.97067 	  961.08049 	 
1509.30794 	 1754.20380 	 1681.89403 	  811.56634 	 1001.26945 	  903.22096 	  659.21749 	    0.00000 	  999.75977 	  863.74583 	  487.75748 	  676.57521 	  789.80742 	 2150.05989 	  612.91651 	 1376.17151 	 1331.12586 	 1676.33584 	  724.43364 	  946.67704 	  849.34741 	  695.56257 	 1130.13527 	 1694.49246 	 1828.76002 	 
 764.73191 	  330.38158 	  577.43695 	  286.69517 	  231.23282 	  115.85882 	 1273.53508 	 1429.15456 	    0.00000 	  877.13388 	  535.22460 	 1580.98638 	  774.01720 	 1329.04560 	  598.94006 	  656.96595 	  567.60581 	  461.85592 	 2120.14085 	  160.74452 	  397.53432 	 2333.98441 	 1988.02452 	 1004.70176 	  316.54917 	 
 623.38896 	 1493.72810 	 1158.43376 	 1135.16622 	  760.11910 	 1072.41606 	  173.07112 	  867.24637 	 1313.23932 	    0.00000 	  753.21690 	 1533.92950 	  596.78605 	 1206.25119 	 1094.91538 	  281.79363 	 1229.90735 	 1249.02673 	 1285.99573 	 1116.10332 	  512.81431 	 1660.26395 	 2311.72673 	  778.74728 	 1308.04800 	 
 856.02914 	  684.90466 	 1209.96399 	  496.78771 	  398.88161 	  504.30111 	  454.25242 	  559.53348 	  593.62143 	  637.13377 	    0.00000 	 1607.66117 	  355.38016 	 1500.65851 	  370.15342 	  643.48475 	  993.84282 	  744.30464 	  778.26525 	  661.01305 	  265.79696 	 1196.54741 	 1516.71152 	  770.52163 	  939.10796 	 
2244.66460 	 1667.19534 	 1925.00892 	 1910.35385 	 2348.68661 	 1979.67778 	  937.12760 	  760.91451 	 1550.03840 	 1750.20164 	 1167.17292 	    0.00000 	 1312.00548 	 2559.87031 	 1168.62407 	 1525.27846 	 2388.98980 	 2259.03059 	  287.04590 	 2576.17260 	 1243.31251 	  264.37952 	 1066.19950 	 2784.48480 	 2925.14307 	 
 339.57860 	  618.83045 	 1150.93680 	  595.95036 	  422.68361 	  472.46409 	  325.22453 	  838.04396 	  454.70509 	  524.67062 	  390.83519 	 1698.13289 	    0.00000 	  987.01554 	  633.69810 	  365.41422 	 1131.60345 	  686.95667 	  894.40309 	  786.14684 	  230.25159 	 1812.71446 	 2373.31975 	  844.66217 	  941.01147 	 
 671.88488 	  755.41852 	 1066.96506 	 1478.97456 	 1223.61156 	  898.68198 	  984.09624 	 1259.52829 	 1103.10340 	 1191.93353 	 1100.32031 	 3010.67666 	  797.29344 	    0.00000 	 1259.95553 	  589.85912 	  879.00449 	  922.99969 	 2470.36478 	 1282.10646 	  796.66061 	 2686.77038 	 2119.84294 	  157.15923 	  872.02881 	 
 764.03461 	  815.77106 	 1451.10173 	  403.72738 	  730.34598 	  754.17421 	  937.34049 	  753.80253 	  669.90596 	 1011.39561 	  500.28926 	 1984.15010 	  520.30440 	 1754.00372 	    0.00000 	 1216.30347 	  933.51272 	 1111.89537 	 1481.54160 	  785.94969 	  348.40793 	 2024.87660 	 1100.28633 	 1635.86123 	 1033.94824 	 
 414.03319 	 1085.68235 	 1326.61631 	  731.73805 	  665.28944 	  791.65767 	  353.74181 	 1160.26046 	 1071.91766 	  290.74729 	  505.62518 	 1785.72427 	  428.21489 	  504.31249 	  785.11886 	    0.00000 	  958.14729 	 1023.63298 	 1191.68308 	 1131.43521 	  743.00450 	 1790.83240 	 1631.43106 	  454.06203 	  931.52933 	 
 850.69210 	  223.46333 	  183.05513 	  662.57508 	  519.06620 	  384.16908 	  980.21582 	 1808.78177 	  480.76832 	 1620.68282 	 1263.24753 	 1961.48207 	  720.70756 	 1029.47972 	 1152.45836 	 1022.07914 	    0.00000 	   64.62978 	 1893.26304 	  236.26021 	  719.11946 	 2687.50935 	 2487.62949 	  860.68778 	  196.78185 	 
 657.00275 	   80.68161 	  232.53019 	  494.62617 	  449.58438 	  310.05752 	  932.57266 	 1509.50542 	  361.94926 	  949.92808 	  736.64638 	 1877.93014 	  827.39792 	  800.76960 	  935.19287 	 1044.15777 	  107.88356 	    0.00000 	 2040.15091 	  275.67024 	 1024.37647 	 1878.22417 	 2284.25476 	 1010.00524 	  161.53085 	 
1173.73301 	 1480.28244 	 1627.69325 	 1874.48272 	 1505.82255 	 2187.99516 	 1124.49122 	  433.73729 	 1640.75981 	 1007.41930 	 1069.40493 	  271.33250 	 1172.65636 	 1632.00034 	 1063.26522 	 1177.69756 	 1883.77147 	 2054.09720 	    0.00000 	 1277.90447 	 1244.12470 	  505.70269 	 1219.51769 	 2251.84624 	 1892.78233 	 
 426.42473 	  170.56696 	  453.11591 	  336.05502 	  228.71562 	  106.77873 	 1121.65543 	 1448.33924 	  243.26892 	 1295.71827 	  550.09200 	 2007.95490 	  720.86358 	 1198.07771 	  720.44810 	 1112.19143 	  409.47664 	  284.43074 	 2237.20118 	    0.00000 	  529.21400 	 1791.27996 	 1677.63841 	  700.50836 	  208.13944 	 
 528.45120 	  946.00095 	  732.72468 	  294.23571 	  282.10606 	  543.60680 	  625.70891 	  585.48052 	  433.75603 	  489.39216 	  177.46587 	 1933.39483 	  220.83996 	  849.69133 	  422.09484 	  715.80084 	  851.04374 	  852.58828 	 1125.64925 	  619.97796 	    0.00000 	 2185.01026 	 1528.80911 	  728.15956 	  541.47808 	 
1598.01125 	 2270.42839 	 2090.57581 	 2047.98106 	 2474.92225 	 1699.02305 	 1320.44845 	  880.60507 	 1637.98815 	 1421.54061 	 1185.42990 	  316.14400 	 2248.16245 	 2361.25493 	 1206.07655 	 1391.70391 	 2842.65737 	 2347.77621 	  548.67201 	 1830.45671 	 2071.78393 	    0.00000 	  854.75904 	 1864.78843 	 2256.69920 	 
1899.75910 	 1667.71491 	 2570.79888 	 1642.39101 	 2117.08344 	 2326.54774 	 1407.89717 	  885.48098 	 1479.31039 	 1721.19619 	 1564.17511 	  737.94307 	 1414.45877 	 2759.02913 	 1580.90280 	 2453.00160 	 2973.97877 	 2911.64994 	 1251.53616 	 1693.06292 	 1758.32670 	  768.03705 	    0.00000 	 2793.53006 	 2533.93439 	 
 339.37188 	 1028.99797 	 1266.69980 	 1098.22052 	  689.94512 	  920.26903 	  921.04887 	 1802.58631 	 1142.55788 	  737.54773 	 1100.58011 	 2208.96266 	  511.09953 	  207.27457 	 1066.83346 	  599.38034 	 1116.53176 	  842.47353 	 1626.21409 	  956.40573 	 1123.38024 	 1947.78552 	 2578.36098 	    0.00000 	  804.75748 	 
 498.43961 	   46.09726 	  333.74334 	  433.17289 	  468.39953 	  284.06680 	  853.87465 	 1601.89719 	  455.16503 	 1480.78799 	  992.40946 	 1692.15906 	  570.40755 	 1024.86679 	  817.31193 	  688.37872 	  227.07743 	  170.64601 	 2357.21332 	  189.04135 	  524.10092 	 2034.63760 	 2511.11657 	  914.24360 	    0.00000 	 
   0.00000 	 5778.71814 	 8649.79242 	 14679.10185 	 5519.36845 	 6952.62848 	 10354.15012 	 2642.77742 	 7954.02972 	 9165.00891 	 3179.32931 	 7995.39236 	 10065.30845 	 17802.01282 	 3057.65817 	 11582.31418 	 51887.97560 	 9036.24324 	 1254.54973 	 4432.21016 	 4707.12072 	 5230.17263 	 2869.45979 	 10737.18732 	 19646.75432 	 
5132.27531 	    0.00000 	 9716.79202 	 12103.92329 	 3213.69290 	 5787.71595 	 3159.82978 	 2949.91846 	 7004.94498 	 4650.27096 	 1861.99467 	 8175.28013 	 1258.44070 	 8563.68687 	  851.04425 	 6596.92506 	 31199.76941 	 5300.57467 	  571.32935 	 5802.86163 	 4568.47125 	 6515.43189 	 4803.57779 	 1582.13734 	  521.42581 	 
9612.52849 	 10973.79130 	    0.00000 	 32150.65524 	 7199.60467 	 15956.57239 	 7311.09886 	 6724.78738 	 17243.93044 	 4028.25660 	 3898.27159 	 20638.52612 	 2375.65133 	 19040.52830 	 5548.63037 	 3875.76293 	 158146.12867 	 48453.77683 	 2751.55348 	 10783.56226 	 6695.99303 	 20060.91041 	 4492.48133 	 9452.49222 	 45834.85580 	 
24792.54107 	 11323.07172 	 29052.66451 	    0.00000 	 19769.98316 	 27827.67939 	 24986.82638 	 21295.21611 	 62761.37875 	 11736.54559 	 30794.68503 	 66034.94252 	 16154.45359 	 31915.03253 	 45936.29279 	 10328.80233 	 186910.22039 	 26640.74528 	 17268.45393 	 28816.67296 	 46805.98674 	 36378.70070 	 14145.98137 	 20973.01131 	 50910.24115 	 
5692.71866 	 3858.04008 	 4378.07920 	 14874.56684 	    0.00000 	 7377.36551 	 3323.99417 	 1979.89251 	 8861.51854 	 1530.27185 	 2580.54860 	 5379.68929 	 1783.84557 	 6826.21894 	 2377.27340 	  954.57249 	 30307.16822 	 7517.78944 	  905.74180 	 3317.65288 	 6050.55784 	 3882.93033 	  748.90342 	 3624.64684 	 6562.67338 	 
5204.48393 	 4048.89833 	 11373.13997 	 31068.22619 	 6353.43478 	    0.00000 	 5894.99125 	 4352.03009 	 11761.96713 	 4493.04106 	 3339.90549 	 17037.22954 	 2395.88571 	 19559.39412 	 6512.82785 	 2616.57820 	 55068.79267 	 11541.60313 	 2312.25219 	 4007.75433 	 9016.10652 	 6702.58270 	 1597.71663 	 7724.61095 	 18262.73450 	 
8906.10732 	 2916.38555 	 5391.67357 	 21722.86253 	 3910.63890 	 4536.04285 	    0.00000 	 14574.88400 	 8141.31651 	 27301.61292 	 12249.12262 	 34573.74752 	 7134.19498 	 8187.26636 	 5052.69025 	 11510.70998 	 33278.92308 	 7826.68711 	 6687.59637 	 2707.22999 	 8545.71239 	 16019.37579 	 6077.74100 	 2251.47540 	 12672.70241 	 
1772.25226 	 3529.60374 	 4974.27249 	 28967.44084 	 1384.90292 	 3484.57806 	 8779.16563 	    0.00000 	 6327.96464 	 5376.80194 	 7634.05113 	 28224.32971 	 2086.52358 	 2435.79615 	 10256.17150 	 3203.75101 	 20938.49606 	 5011.10733 	 8502.31840 	 2232.37658 	 6406.83715 	 14728.15759 	 8728.14810 	 1028.51093 	 6112.44208 	 
11307.55038 	 8468.87500 	 14319.43307 	 48816.72968 	 7210.26753 	 10283.07034 	 5107.67024 	 4541.67584 	    0.00000 	 3603.91503 	 4222.20267 	 19564.66055 	 4936.12572 	 26383.52769 	 9756.97263 	 4360.32680 	 56711.55691 	 14901.02700 	 3514.66679 	 10854.70767 	 13542.49740 	 16795.72769 	 4634.84942 	 11438.83829 	 15216.23365 	 
7658.62926 	 4645.16773 	 3053.60225 	 12005.28768 	 1533.28344 	 2604.97939 	 32848.05989 	 6008.46607 	 4674.67860 	    0.00000 	 5150.21211 	 18170.14832 	 2901.31240 	 8806.13322 	 3495.78675 	 14579.25807 	 24523.68872 	 6111.28542 	 2331.51495 	 4651.88611 	 8127.23673 	 6842.77303 	 3641.99628 	 2668.85550 	 6658.47564 	 
3748.56509 	 2052.13296 	 2433.07238 	 36975.69887 	 2576.00859 	 2748.37955 	 8091.10064 	 10412.81918 	 4315.35244 	 5590.52996 	    0.00000 	 12501.98429 	 2643.36731 	 5057.86252 	 7591.48602 	 3127.58662 	 17216.88308 	 5027.64060 	 4035.08100 	 2518.39003 	 20392.21175 	 6667.26508 	 3178.30019 	 1960.01039 	 8911.10727 	 
7854.66155 	 7877.61532 	 17430.92208 	 46140.83367 	 6019.46584 	 10459.50009 	 19845.80525 	 39041.59954 	 21931.24787 	 22177.24218 	 15990.41163 	    0.00000 	 4142.75104 	 15294.81903 	 18812.17100 	 8755.75518 	 91778.85667 	 25040.17782 	 24253.19181 	 11897.12054 	 16715.17224 	 95503.96501 	 36263.16951 	 3256.94298 	 22990.40130 	 
8983.92015 	 1253.45817 	 2348.78129 	 9336.53745 	 1635.00528 	 1891.06363 	 5564.20818 	 1262.56435 	 4710.69920 	 3089.47694 	 3848.35096 	 5015.12253 	    0.00000 	 2566.30854 	  962.02796 	 6998.71720 	 10380.42402 	 3263.37820 	  891.12091 	 1188.66175 	 6963.08394 	 2251.19458 	 1359.69057 	 1124.70450 	 4801.97023 	 
23472.87940 	 6232.34785 	 17017.11308 	 49692.07089 	 8910.38822 	 14353.79281 	 6213.89928 	 4213.59567 	 17913.28825 	 8038.58260 	 3678.96777 	 12278.70413 	 3266.12805 	    0.00000 	 4734.97484 	 10723.48397 	 211679.81193 	 22781.92723 	 1003.87352 	 10003.22753 	 8703.91765 	 10423.95344 	 1520.14183 	 16341.11137 	 25264.31979 	 
3346.85827 	 1046.18487 	 6167.69441 	 36421.58271 	 1707.69303 	 4922.95850 	 3614.34273 	 10399.78588 	 11817.15798 	 2849.43017 	 7099.46409 	 13310.78595 	  930.91135 	 5740.35222 	    0.00000 	 2009.41122 	 22812.84771 	 8814.78866 	 5700.37220 	 3040.59206 	 9616.13251 	 14534.62204 	 4923.66035 	 2987.62484 	 14425.52033 	 
8958.67134 	 5182.74220 	 2583.74419 	 17446.37277 	 1136.52924 	 2255.05748 	 15775.47683 	 3168.56661 	 5117.91395 	 25982.65130 	 3457.32159 	 9592.60813 	 4422.43244 	 11938.13957 	 1930.02251 	    0.00000 	 18306.59517 	 3920.31011 	 1081.20922 	 1866.86759 	 4218.47811 	 5517.49141 	 2036.19283 	 3364.50957 	 6026.52711 	 
51688.51834 	 23704.78771 	 250883.36782 	 182567.70604 	 24818.16254 	 52330.53125 	 25772.60776 	 26739.90416 	 68842.21413 	 32714.50667 	 19832.06779 	 83617.97232 	 8614.04346 	 205588.87579 	 28869.25492 	 25232.81114 	    0.00000 	 6957.15651 	 12386.49185 	 62280.89167 	 42789.94939 	 51686.94449 	 15896.06509 	 28133.74068 	 157524.15656 	 
13203.45959 	 6625.72633 	 27208.11916 	 42085.47470 	 4292.07167 	 12299.63132 	 9473.89381 	 5764.07429 	 18140.74029 	 7325.33052 	 4683.99679 	 24730.73658 	 3428.77750 	 20006.63424 	 8655.52867 	 5401.13997 	 9995.87188 	    0.00000 	 3136.50699 	 25216.91916 	 10163.77566 	 11282.93311 	 4780.71576 	 6829.90099 	 13677.81071 	 
1675.49853 	  959.92105 	 2276.82748 	 19691.94653 	  875.65349 	 2968.52498 	 7079.32522 	 6450.90166 	 3101.50276 	 1810.06281 	 4192.52855 	 32662.67402 	  856.90791 	 1228.16139 	 4588.50147 	 1138.09546 	 9202.34597 	 2333.31018 	    0.00000 	 2369.57935 	 4122.64947 	 9656.41860 	 4189.79582 	  454.96945 	 2893.94617 	 
5440.73074 	 7178.01676 	 11207.40843 	 21219.05045 	 3781.83560 	 3782.78208 	 3765.19467 	 3053.96739 	 8651.51317 	 3044.76296 	 1954.18898 	 11227.09076 	 1176.89765 	 10334.37398 	 2626.66117 	 1982.54103 	 60675.97856 	 25287.43597 	 1485.02280 	    0.00000 	 4930.24624 	 6521.95264 	 2501.05273 	 3940.97907 	 17030.34942 	 
4305.74501 	 3017.33592 	 6166.08951 	 31732.90445 	 5648.06278 	 5312.63021 	 12778.28138 	 5790.32453 	 8512.69236 	 4917.93921 	 12679.32655 	 20644.80162 	 6065.42991 	 6783.34184 	 8091.11472 	 3928.14093 	 34330.00078 	 7897.94826 	 2943.15707 	 5712.61339 	    0.00000 	 7707.32975 	 2320.39754 	 3045.22330 	 10713.15830 	 
5645.68743 	 9283.82920 	 15227.23756 	 25259.56108 	 2501.23539 	 4936.26719 	 15846.09085 	 21785.69031 	 14736.10625 	 9664.44211 	 7743.58080 	 79630.13949 	 2624.77604 	 10080.42850 	 12997.64738 	 6581.73406 	 59370.31225 	 19029.29285 	 9277.90704 	 4649.42732 	 9135.74116 	    0.00000 	 43859.83119 	 2538.53355 	 25152.91371 	 
3089.06246 	 3306.80566 	 3307.03194 	 16962.51079 	  865.61251 	 1626.05355 	 5718.49466 	 10249.96677 	 3019.17835 	 2843.92182 	 2539.62806 	 35444.11259 	 1307.97856 	 1875.67890 	 4413.36230 	 2052.31958 	 19066.73782 	 4984.52848 	 2957.97995 	 2515.40134 	 2599.02548 	 31671.21847 	    0.00000 	 1099.46024 	 4387.47079 	 
14774.70614 	 1569.14164 	 5824.59331 	 19803.36353 	 4741.37444 	 5295.35093 	 3429.38128 	 1400.89067 	 15453.38284 	 2515.49334 	 2256.39006 	 3406.45393 	 1610.81720 	 15368.60161 	 2785.90501 	 4128.38554 	 34602.51700 	 6153.53138 	  693.50374 	 6659.33725 	 3790.82116 	 2903.39908 	  945.49716 	    0.00000 	 7410.86184 	 
14519.11571 	  595.20113 	 67230.90347 	 41545.62363 	 5107.03840 	 17550.26657 	 13690.92061 	 8282.52415 	 20577.51612 	 6033.65155 	 6567.32410 	 21405.33997 	 5031.66815 	 20395.33165 	 10630.50514 	 5307.35040 	 161458.36891 	 13983.37154 	 2660.99260 	 14097.11474 	 10338.89504 	 14780.86055 	 6304.23974 	 6906.78805 	    0.00000 	 
   0.00000 	  546.41580 	 1177.88270 	  537.57446 	  344.48154 	  429.69592 	  679.38179 	 1171.95443 	  588.10732 	  557.53312 	  772.62556 	 2425.32951 	  403.65966 	  505.50523 	  941.05154 	  461.38525 	  781.30755 	  497.82073 	 1717.49915 	  503.63811 	  413.32953 	 2003.93318 	 2645.10382 	  425.66978 	  410.52655 	 
 555.03852 	    0.00000 	  306.29965 	  733.34204 	  308.86861 	  309.70907 	 1371.69072 	 1107.80293 	  360.34299 	 1420.66647 	  996.88810 	 2331.43266 	  621.69331 	  971.13690 	  704.53458 	  778.33271 	  209.03786 	   74.77026 	 1851.30254 	  260.05009 	  631.56074 	 2004.20033 	 2299.26721 	 1066.93793 	   34.57654 	 
 791.44746 	  461.77715 	    0.00000 	  737.49542 	  716.02740 	  427.53379 	 1481.41708 	 1934.42078 	  711.35099 	 1671.18098 	 1311.14470 	 2126.89950 	 1422.66702 	 1437.67753 	  877.06114 	 1670.66818 	  219.77939 	  219.93198 	 2733.23771 	  491.74969 	  827.13029 	 3390.16041 	 2730.71796 	  917.81050 	  316.59078 	 
 636.78584 	  555.79123 	  833.12850 	    0.00000 	  246.87410 	  284.28177 	  883.04917 	 1116.09463 	  182.46676 	 1018.65966 	  474.38707 	 2123.25737 	  611.64933 	 1149.51387 	  349.74765 	  767.86654 	  916.30954 	  701.87660 	 1484.61581 	  358.04868 	  220.49553 	 1308.84695 	 1862.55005 	 1202.30537 	  453.14802 	 
 318.39616 	  424.88072 	  653.77036 	  205.37748 	    0.00000 	  270.39915 	  845.04314 	 1263.00994 	  288.49404 	 1010.56299 	  620.61058 	 1364.64467 	  351.79497 	  874.59596 	  605.81168 	  635.72279 	  747.45462 	  363.42726 	 1619.00790 	  279.45749 	  390.27290 	 2627.00681 	 1495.92096 	  968.65979 	  295.97408 	 
 494.42487 	  293.33129 	  639.78481 	  331.14459 	  293.57799 	    0.00000 	  811.11450 	 1284.73486 	   89.44147 	 1090.91429 	  585.39424 	 2243.78228 	  765.65648 	 1048.80186 	  643.19115 	  846.89257 	  515.59420 	  333.71834 	 2100.65568 	   88.26787 	  601.67316 	 2651.23442 	 1468.21748 	  684.29756 	  337.25376 	 
 792.96178 	 1347.14218 	 1443.41378 	  935.34829 	  667.59896 	 1062.56185 	    0.00000 	  781.96303 	  904.93762 	  255.63398 	  543.53638 	 1186.65178 	  443.03574 	 1105.29599 	  838.31224 	  427.36987 	 1469.95850 	 1434.47845 	  964.82560 	  831.18505 	  596.92652 	 1676.87926 	 1884.52867 	 1123.62954 	 1232.76622 	 
 931.91522 	 1462.70723 	 1896.51290 	  679.02128 	 1319.29303 	 1034.81536 	  691.93670 	    0.00000 	 1439.76520 	  777.11354 	  486.68823 	  845.66754 	  739.21235 	 1366.33464 	  833.09075 	  778.69659 	 1331.00055 	 1829.25374 	  552.79092 	 1572.00420 	  790.13932 	  847.63228 	 1123.11919 	 1439.01296 	 1443.37048 	 
 718.52057 	  450.52600 	  619.43080 	  208.19992 	  253.74195 	  110.11940 	 1130.81340 	  940.76262 	    0.00000 	 1113.79483 	  714.34111 	 1421.47400 	  459.28808 	 1384.83282 	  447.14035 	  795.98627 	  607.27034 	  419.22629 	 1596.11442 	  196.69291 	  341.77119 	 2388.04924 	 1901.25608 	  900.56638 	  480.41704 	 
 596.04389 	 1562.22617 	 1826.90920 	  726.52270 	 1061.13254 	 1067.24151 	  270.04566 	  983.04097 	 1137.50597 	    0.00000 	  723.35584 	 1230.22154 	  382.17008 	  724.99884 	  843.44410 	  315.64122 	 1522.75922 	 1576.67837 	 1047.77255 	  980.46185 	  577.66022 	 1300.03848 	 1888.75893 	  945.25891 	 1007.21928 	 
 675.90271 	  887.59958 	 1084.11450 	  469.96901 	  664.01601 	  498.38758 	  536.84140 	  465.61784 	  496.97805 	  510.40179 	    0.00000 	 1536.27350 	  454.31555 	 1429.25687 	  424.69155 	  741.25836 	 1115.44896 	  829.22981 	 1347.00253 	  540.30711 	  261.31963 	 1180.38762 	 1598.90562 	 1231.14766 	  716.30138 	 
1807.81758 	 1812.22235 	 2558.47688 	 2135.47358 	 1434.37094 	 1773.18105 	 1055.82400 	  764.29095 	 1466.60318 	 1470.89363 	 1703.36009 	    0.00000 	 1816.69861 	 2771.29775 	 1455.19438 	 1857.61100 	 1917.23905 	 2014.91441 	  376.31413 	 1522.88797 	 1472.93255 	  424.10366 	  975.68757 	 1609.24193 	 2933.75072 	 
 261.14367 	  605.73292 	 1438.49564 	  499.76425 	  453.73388 	  536.49538 	  416.23596 	  690.06293 	  470.31028 	  455.53699 	  438.56386 	 1817.60156 	    0.00000 	  878.10541 	  642.58870 	  436.52085 	 1089.98687 	  716.93698 	 1137.72835 	  799.17236 	  209.60395 	 2288.39582 	 2368.05001 	  764.22301 	  843.88192 	 
 762.56009 	  939.59984 	  993.21948 	  979.18981 	  799.04211 	 1251.41910 	 1339.82681 	 1703.00887 	 1157.26516 	  698.96968 	 1198.16770 	 1798.24582 	  931.36821 	    0.00000 	 1219.29930 	  855.19205 	  893.72445 	  976.15870 	 1649.89143 	  956.76628 	  827.02158 	 3313.53414 	 1932.87019 	  211.40603 	 1185.46040 	 
1171.67594 	  986.96202 	  901.97026 	  354.35959 	  628.91344 	  661.14731 	  985.80643 	  887.06945 	  536.75749 	 1035.42988 	  459.58325 	 1445.40930 	  699.35271 	 1377.96814 	    0.00000 	 1014.17717 	 1170.76767 	 1039.42529 	 1146.73013 	  543.99180 	  426.15453 	 1832.34542 	 1512.66059 	 1041.54812 	  949.42977 	 
 434.14962 	 1138.58266 	 1380.54854 	  679.79646 	  770.94582 	 1055.20053 	  405.39003 	  861.68922 	 1199.24712 	  301.57132 	  753.97704 	 1425.00323 	  349.66101 	  504.78261 	 1062.14713 	    0.00000 	 1308.37754 	 1421.79307 	 1663.98152 	  776.00349 	  667.59805 	 1552.94658 	 2353.86713 	  540.85931 	 1180.06745 	 
 663.37150 	  207.21271 	  172.30401 	  636.43562 	  457.06872 	  488.17563 	 1257.30242 	 1869.76568 	  581.78706 	 1751.33850 	 1032.66327 	 2986.54719 	  807.61316 	  917.64869 	 1057.14893 	  947.11290 	    0.00000 	   78.33237 	 2744.59767 	  299.59676 	  953.61512 	 2577.76930 	 2766.40484 	 1200.25077 	  233.51333 	 
 658.39891 	  107.64658 	  263.93225 	  506.14599 	  367.90949 	  343.79467 	 1020.25783 	 1203.73706 	  349.56272 	 1200.40989 	 1217.32917 	 2000.24150 	  633.05313 	 1127.27539 	 1091.39681 	 1362.68612 	   78.31723 	    0.00000 	 2395.82737 	  348.90877 	  643.68052 	 2109.22458 	 2237.69418 	 1029.57694 	  143.80363 	 
1617.21366 	 1839.39619 	 2760.47908 	 1632.20141 	 1350.68628 	 1384.89729 	  858.30033 	  570.18702 	 1326.11411 	 1085.35388 	 1102.16401 	  352.39863 	 1392.74789 	 2214.70956 	 1597.08554 	  966.22257 	 2595.00464 	 2248.49422 	    0.00000 	 2157.44827 	 1219.21258 	  779.75719 	 1299.51387 	 2178.80643 	 2542.89028 	 
 455.80495 	  183.43065 	  446.28665 	  451.61652 	  314.45481 	   94.87767 	  873.24160 	 1126.54404 	  208.13892 	  795.38866 	  986.80459 	 2247.41926 	  786.14846 	 1252.61148 	  512.92185 	  657.48764 	  282.46887 	  290.18715 	 1493.24649 	    0.00000 	  629.21296 	 2924.50374 	 2754.24244 	  617.18950 	  229.19452 	 
 613.92565 	  646.10467 	  850.03020 	  220.24135 	  390.64246 	  611.91581 	  681.80273 	  806.95014 	  406.68294 	  830.62372 	  211.52678 	 1693.24471 	  187.82259 	  816.97227 	  374.99022 	  504.10314 	 1092.50083 	  693.38304 	 1047.89547 	  552.23064 	    0.00000 	 1384.40980 	 2026.17778 	  776.14142 	  619.76168 	 
2275.75842 	 2459.95555 	 2612.97957 	 1433.27742 	 1783.74830 	 2491.97021 	 1446.25611 	 1077.54796 	 1503.18497 	 1475.48593 	 1597.61372 	  418.02109 	 1465.20287 	 2534.40128 	 1656.96094 	 1455.88483 	 3108.28382 	 2961.59678 	  786.47403 	 2552.12742 	 1661.96247 	    0.00000 	  526.22363 	 2121.70557 	 2510.59819 	 
1890.55284 	 2084.12784 	 3161.47695 	 1227.99029 	 1993.47046 	 1821.93289 	 1888.35900 	  764.37602 	 1476.01758 	 1928.77671 	 1322.84222 	  781.96312 	 1663.79112 	 3431.22658 	 1251.20555 	 1860.38824 	 2251.52397 	 2433.37508 	 1359.06796 	 2730.41068 	 1261.46372 	  530.81528 	    0.00000 	 2827.63051 	 2068.25681 	 
 310.43504 	  990.48468 	  995.19834 	 1292.20057 	  753.19300 	 1097.32184 	 1093.58134 	 1120.39830 	 1055.81623 	  704.62050 	 1250.09176 	 1599.51582 	  668.55317 	  145.82134 	 1067.62643 	  616.01247 	  874.40616 	 1178.81006 	 1968.04352 	  936.89925 	  942.65734 	 2458.43633 	 2383.82060 	    0.00000 	  914.85769 	 
 416.05595 	   38.10276 	  453.54094 	  721.20003 	  441.97877 	  338.88111 	  907.85931 	 1297.72540 	  384.48924 	 1368.82285 	  720.24776 	 2627.28263 	  720.93203 	 1190.05593 	  915.67505 	 1161.11288 	  169.83508 	   98.38119 	 1584.37628 	  241.41009 	  653.65134 	 2116.02086 	 1972.38626 	  874.08830 	    0.00000 	 
   0.00000 	 6312.19586 	 7418.23745 	 23269.36612 	 3330.74532 	 5234.62107 	 12007.91877 	 1651.59196 	 6625.06719 	 7772.16061 	 2910.22338 	 7126.96446 	 12365.12719 	 28947.31991 	 3588.92267 	 10455.68121 	 57914.86180 	 14256.82411 	 1280.08026 	 3967.61845 	 6587.37160 	 5080.37754 	 2928.69846 	 13955.55931 	 15332.42722 	 
6114.31388 	    0.00000 	 10699.29568 	 13877.25217 	 4067.89620 	 7206.14039 	 4401.56503 	 3108.41541 	 5532.95322 	 5112.73883 	 2885.35202 	 10128.81253 	 1477.09035 	 5674.90241 	  816.92442 	 5904.60246 	 21023.32625 	 6358.82039 	  639.78336 	 6003.12386 	 2985.46304 	 7387.85103 	 4584.17223 	 2582.04719 	  657.65656 	 
8714.67092 	 12575.97351 	    0.00000 	 38972.24271 	 6913.04571 	 13430.91939 	 6191.53454 	 7249.87299 	 13519.87640 	 3237.91419 	 3113.43466 	 15954.94361 	 1432.83391 	 23379.65299 	 5188.93613 	 3626.72564 	 204805.27424 	 38875.63172 	 3175.77252 	 15854.20063 	 7381.98888 	 12739.73609 	 5339.68965 	 10460.50144 	 40726.12162 	 
18396.84550 	 12697.96007 	 44534.18803 	    0.00000 	 20884.55281 	 39582.42397 	 23836.78618 	 29079.98120 	 60195.05805 	 13222.93248 	 29522.58496 	 61492.47505 	 16082.02961 	 50489.62803 	 56091.16663 	 13884.77219 	 188200.00725 	 29460.82299 	 13437.09706 	 27888.44509 	 49498.07235 	 29250.73548 	 10253.71832 	 19212.19885 	 43032.25210 	 
3808.61475 	 4056.00286 	 7670.57844 	 18148.77117 	    0.00000 	 7648.05300 	 3066.41123 	 1545.73906 	 5904.64206 	 2367.65415 	 2406.83356 	 7573.04996 	 2292.75509 	 7289.97139 	 2388.35853 	  954.38675 	 26872.82217 	 6067.65412 	  998.48466 	 4976.35841 	 5141.94675 	 2715.38042 	 1230.88429 	 5812.14523 	 9046.15357 	 
6358.95304 	 6703.30570 	 13868.03576 	 37557.46686 	 9062.20423 	    0.00000 	 6096.62356 	 3484.56115 	 7319.18606 	 3744.90456 	 2427.24785 	 15397.34496 	 1650.21040 	 16075.56617 	 4954.43077 	 2588.87519 	 65214.47024 	 17750.87548 	 3764.29750 	 3603.77069 	 6788.14712 	 7983.82372 	 1638.06869 	 4653.32297 	 13851.27584 	 
9177.76875 	 4505.17404 	 6284.63982 	 18827.79489 	 2320.03608 	 4608.01408 	    0.00000 	 14643.71918 	 7318.55254 	 28920.12732 	 7414.48169 	 29890.25758 	 5565.79030 	 9505.21375 	 4814.44220 	 12787.64454 	 33025.76570 	 9761.74318 	 6932.27067 	 3649.09624 	 7583.84702 	 13047.84091 	 4495.08400 	 2238.00697 	 12011.19007 	 
1614.99920 	 2433.05272 	 4525.52490 	 20428.96236 	 1356.58659 	 2573.53286 	 14580.50946 	    0.00000 	 4144.91084 	 5026.24332 	 7712.77327 	 27165.76462 	 2287.35152 	 3795.01345 	 11273.02022 	 2966.62371 	 18361.44739 	 5543.62298 	 10184.28188 	 2416.90612 	 7357.89957 	 19564.27707 	 9385.19548 	 1167.54012 	 10684.59490 	 
10321.84233 	 6075.85352 	 15908.76174 	 53802.71042 	 8150.90124 	 9963.99669 	 8397.21607 	 4954.78055 	    0.00000 	 5002.69970 	 4467.21010 	 25014.84404 	 5603.61783 	 21309.81930 	 8623.87938 	 3092.67744 	 96656.75390 	 18825.49779 	 4421.59743 	 12265.76998 	 13886.86475 	 16220.11030 	 4815.29312 	 10600.76834 	 17363.56054 	 
7027.74686 	 5066.83536 	 5402.67699 	 19263.73975 	 1706.01674 	 3635.27394 	 38057.80336 	 6705.72808 	 4247.39166 	    0.00000 	 5303.98555 	 15679.66540 	 4189.57561 	 10560.41192 	 1973.08095 	 24595.02388 	 20649.08846 	 5542.83762 	 2623.64565 	 2778.38691 	 7871.70282 	 8087.75936 	 3157.30385 	 2684.26441 	 6087.55024 	 
3294.33066 	 2179.58166 	 3919.30017 	 20424.48204 	 2665.52754 	 3380.07408 	 12581.59359 	 9545.92738 	 4239.44770 	 4049.21765 	    0.00000 	 14320.42881 	 3629.06082 	 3880.86388 	 7044.43708 	 2725.54349 	 20293.10444 	 3899.00816 	 2756.85323 	 2875.18093 	 11495.42575 	 9684.04222 	 3073.56449 	 1320.97583 	 7495.76025 	 
10342.18074 	 7685.57715 	 27422.00649 	 49558.43501 	 6768.98828 	 16551.44534 	 25844.10475 	 31346.69442 	 17021.08262 	 20756.00531 	 19596.74394 	    0.00000 	 4437.16732 	 18680.25905 	 19703.37084 	 7255.56762 	 86166.25672 	 24880.70124 	 28958.11085 	 9355.79400 	 16260.00784 	 85191.59939 	 33837.12836 	 4029.50472 	 29817.94378 	 
7626.05680 	 1242.18559 	 1910.66207 	 9614.87795 	 1465.80020 	 1598.34114 	 7944.17279 	 1378.43643 	 4423.38883 	 2862.69804 	 3116.58815 	 4113.71788 	    0.00000 	 2423.27945 	 1225.17544 	 7659.20556 	 9690.97325 	 2895.59784 	  668.67575 	  884.04573 	 7578.98586 	 3434.32466 	 1025.60085 	 1661.09333 	 3413.25348 	 
24412.18706 	 8406.75759 	 22385.37329 	 52455.75484 	 8185.17278 	 13773.82717 	 9747.87353 	 3803.39656 	 22623.74459 	 6579.96725 	 4061.98775 	 13756.16130 	 2939.67976 	    0.00000 	 6503.79515 	 8787.73985 	 188974.06995 	 26097.42013 	 1064.27221 	 11521.52586 	 7323.25718 	 7346.90149 	 2039.27490 	 25900.80349 	 15937.40293 	 
3473.47735 	  934.26159 	 8077.39661 	 61971.17774 	 2449.93161 	 4957.56523 	 5739.15753 	 8286.93387 	 9238.64674 	 2812.67673 	 9358.75849 	 14117.46645 	 1276.65236 	 5404.47670 	    0.00000 	 2306.03987 	 21803.49403 	 6951.07960 	 6023.25556 	 2869.36931 	 10220.21572 	 12542.62573 	 7739.93336 	 2567.49170 	 10788.77044 	 
11349.30646 	 6316.03601 	 3827.81079 	 11923.76368 	 1297.92489 	 2578.01535 	 9788.55833 	 3180.95663 	 4649.48915 	 20606.94165 	 2053.60947 	 10216.83664 	 6229.18863 	 8996.19039 	 1741.40070 	    0.00000 	 24517.69340 	 4263.56671 	  975.71680 	 2066.18564 	 4128.31823 	 5336.59226 	 2298.41272 	 4208.58412 	 4081.48979 	 
57496.56246 	 21787.45747 	 215239.19476 	 143957.64928 	 22582.29281 	 43623.77810 	 27004.07245 	 22272.45637 	 82400.64175 	 30011.61408 	 16996.45669 	 90245.99603 	 10744.03743 	 216032.57023 	 18944.08003 	 18749.09609 	    0.00000 	 6702.71770 	 12677.75882 	 53061.62694 	 28899.62890 	 77285.08857 	 10635.16432 	 26241.01480 	 167252.45712 	 
14105.13446 	 7195.22832 	 37591.80275 	 41128.91634 	 5002.32487 	 11387.88046 	 5755.68979 	 6281.37499 	 25167.75121 	 6046.17267 	 5099.43669 	 25951.90546 	 3239.95132 	 18364.98803 	 5438.03155 	 5777.60566 	 10461.36027 	    0.00000 	 3044.87465 	 27969.24679 	 9599.09028 	 16811.72836 	 4171.32574 	 6343.44569 	 11186.62927 	 
1745.83527 	  610.77722 	 2228.61535 	 19673.93517 	 1259.83077 	 2720.59141 	 6448.82713 	 9289.58121 	 3102.30451 	 2204.37498 	 3860.03744 	 28712.85471 	  587.33780 	 1101.29783 	 3662.68516 	  911.77364 	 12794.81613 	 2225.68915 	    0.00000 	 2297.41057 	 3074.61041 	 12276.87912 	 3133.55952 	  519.56124 	 3850.60978 	 
6169.67170 	 7260.55714 	 15730.29128 	 21210.02059 	 5083.52110 	 3823.88236 	 3813.32623 	 2270.91640 	 8265.49383 	 3981.68164 	 2851.00681 	 13420.11334 	 1482.27992 	 18009.85530 	 2992.68202 	 1812.67084 	 51146.36015 	 33467.38145 	 1703.09542 	    0.00000 	 4446.41089 	 7409.58572 	 1720.44836 	 6910.81755 	 12941.35882 	 
7549.24102 	 4751.21850 	 8593.35945 	 45144.07968 	 5462.95559 	 8400.61504 	 9476.62685 	 6719.44176 	 8617.67913 	 8055.45185 	 11691.37395 	 21058.47932 	 4743.82878 	 9150.09265 	 8643.36194 	 4117.61223 	 27056.05913 	 8621.36879 	 3138.79226 	 5374.50454 	    0.00000 	 9261.34073 	 2964.33931 	 3937.77146 	 12375.37346 	 
6208.31577 	 7725.97877 	 14351.70617 	 26031.13430 	 2432.51003 	 6596.52367 	 13238.58794 	 13903.83778 	 15402.02937 	 10060.63092 	 5906.52798 	 72072.07725 	 2243.27437 	 9078.02324 	 14976.01972 	 6936.29958 	 81771.71732 	 15206.67929 	 8088.49356 	 4972.11964 	 11164.53196 	    0.00000 	 26671.78879 	 2500.69637 	 19763.31602 	 
2409.44269 	 4784.67073 	 3913.76422 	 11085.81458 	  772.81562 	 2367.82841 	 6053.66861 	 7732.11705 	 3769.48501 	 2629.31755 	 3323.27743 	 35354.64894 	  937.74482 	 2065.51709 	 4607.24069 	 2035.12539 	 12465.00268 	 3369.74598 	 4117.85187 	 2755.31145 	 2446.35493 	 38304.67857 	    0.00000 	  786.85152 	 3909.58436 	 
11952.93798 	 2320.54903 	 7348.43259 	 18456.46166 	 4377.85949 	 5433.85428 	 2224.99776 	 1270.89505 	 10914.56299 	 2559.23274 	 1783.65189 	 3426.33137 	 1680.61490 	 26411.26736 	 3739.77209 	 4335.64113 	 31217.60017 	 7609.54518 	  661.58283 	 6304.56435 	 4619.65756 	 2553.67048 	 1053.65674 	    0.00000 	 5575.49638 	 
17880.98205 	  570.03705 	 59094.38273 	 51342.61316 	 5458.86123 	 14346.48148 	 10676.63235 	 6945.60015 	 23482.26837 	 4172.03229 	 6360.26162 	 27232.78586 	 4636.08321 	 16453.58744 	 13184.48767 	 6511.26039 	 145091.21798 	 9213.03628 	 2467.25795 	 17197.04990 	 15302.10859 	 15747.63174 	 6370.27395 	 6808.70180 	    0.00000 	 
   0.00000 	  623.20133 	 1165.48346 	  529.41008 	  341.72640 	  442.24454 	  628.87403 	 1105.46438 	  496.92216 	  534.94812 	  763.51301 	 1924.03050 	  238.81257 	  466.22906 	  695.10672 	  547.36152 	  594.58911 	  831.53553 	 1699.80881 	  481.71500 	  403.74717 	 1540.12059 	 1932.10179 	  333.99155 	  431.82323 	 
 648.99386 	    0.00000 	  361.30507 	  708.56429 	  556.81872 	  287.35536 	  838.46426 	 1775.05097 	  418.30720 	 1346.71095 	 1037.19245 	 2843.61349 	  842.37381 	 1157.40810 	 1160.74414 	 1137.54304 	  211.33431 	  118.04729 	 2095.52019 	  257.13671 	  585.36950 	 1982.37228 	 2197.64247 	  923.73666 	   44.85911 	 
1115.07669 	  432.00291 	    0.00000 	  663.36587 	  914.68953 	  612.20523 	 1337.44694 	 1895.58413 	  435.85223 	 1745.50045 	 1284.09824 	 2079.32967 	 1132.08032 	 1324.09147 	 1184.91334 	 1437.84228 	  245.34400 	  333.03824 	 2023.70733 	  356.83998 	 1222.46526 	 1926.03249 	 2725.99158 	 1329.07764 	  511.02076 	 
 694.94377 	  594.30372 	  715.38493 	    0.00000 	  313.12529 	  265.64393 	  867.46003 	 1150.94228 	  294.95115 	 1049.98541 	  457.69483 	 1257.47486 	  475.67525 	 1314.93570 	  307.20876 	  734.73184 	  558.59669 	  576.36337 	 1253.96223 	  289.58250 	  316.86102 	 1883.28606 	 1307.39995 	  924.49900 	  562.87368 	 
 286.98535 	  503.59609 	  738.07127 	  207.21237 	    0.00000 	  275.19404 	  876.61742 	 1375.20634 	  242.14840 	  888.70084 	  598.41448 	 2212.96657 	  392.64353 	 1008.44826 	  546.36418 	  556.69544 	  562.65952 	  590.84935 	 1639.00325 	  246.00061 	  386.29554 	 1906.63825 	 2305.66134 	  823.22499 	  513.30184 	 
 544.00431 	  313.58485 	  658.08777 	  250.19914 	  233.69312 	    0.00000 	  887.56509 	 1456.05459 	   85.69043 	 1275.29462 	  847.68403 	 1720.59353 	  759.91508 	 1039.04180 	  626.67060 	  717.24223 	  300.02151 	  412.33961 	 1226.34397 	   94.01434 	  615.03211 	 2581.49318 	 1930.20788 	  665.76416 	  278.14303 	 
 719.87181 	 1093.68850 	 1426.77010 	  965.16658 	  789.50014 	  714.80589 	    0.00000 	  844.00697 	  900.00214 	  200.99878 	  338.37765 	 1507.62815 	  490.29934 	  806.49393 	 1041.68068 	  317.88929 	 1437.21310 	  990.47988 	 1005.76299 	  960.79219 	  548.00211 	 1190.10578 	 1398.07732 	  729.00943 	  818.48640 	 
1420.18633 	 1598.91049 	 1309.93862 	  814.13097 	 1274.33857 	 1024.88782 	  801.88531 	    0.00000 	 1110.17068 	 1127.59284 	  557.70080 	 1074.73157 	 1082.60892 	 1401.89073 	  851.83038 	 1076.94510 	 2103.41387 	 1233.43721 	  571.87032 	 1124.97021 	  917.03429 	 1072.07510 	 1243.15925 	 1691.60606 	 1805.64136 	 
 483.52793 	  450.43699 	  793.81700 	  243.79721 	  234.97543 	  110.37143 	 1191.02479 	 1147.29826 	    0.00000 	 1412.83670 	  825.96674 	 1562.68807 	  771.08180 	 1271.14819 	  590.18587 	  940.48439 	  577.03249 	  479.98558 	 2166.52128 	  249.73103 	  426.24526 	 1729.17911 	 2264.53122 	  762.51425 	  476.93591 	 
 860.96029 	 1243.95503 	 1856.28399 	  715.92237 	  888.58014 	  914.40953 	  200.74812 	  994.93034 	 1164.81999 	    0.00000 	  582.62798 	 1642.71225 	  601.17527 	  986.77663 	 1223.53041 	  276.15688 	 1573.78530 	 1656.58046 	  836.60447 	  935.82685 	  771.67804 	 1296.98750 	 2435.13138 	  693.77761 	  848.16064 	 
 779.09801 	  928.76662 	 1076.62149 	  331.67231 	  396.53356 	  846.93664 	  419.15989 	  642.65039 	  737.15348 	  596.60753 	    0.00000 	  983.74789 	  322.11821 	 1066.37987 	  333.70602 	  747.87046 	 1396.37011 	 1266.37389 	  949.88603 	  768.42244 	  270.86036 	 1739.33519 	 1172.30225 	 1213.44493 	 1122.04727 	 
2066.52360 	 2269.82767 	 2537.72443 	 1505.82138 	 2382.55639 	 1715.00766 	 1206.66850 	  614.54758 	 1605.78574 	 1241.98410 	 1638.30874 	    0.00000 	 1645.66355 	 1844.41853 	 1584.01751 	 1965.31987 	 1891.89338 	 2119.67861 	  310.80420 	 2221.06153 	 1403.80417 	  466.89711 	  807.41361 	 1764.14284 	 2535.31977 	 
 425.32619 	  921.56173 	 1343.13722 	  599.34600 	  481.91756 	  756.59977 	  341.25420 	  619.74017 	  706.07815 	  417.56314 	  302.66639 	 1200.42202 	    0.00000 	  844.00159 	  828.15485 	  357.77442 	 1033.69246 	  916.83753 	 1178.46939 	  734.42215 	  273.95951 	 1377.89892 	 2266.65254 	  706.95853 	  907.96841 	 
 592.71064 	  735.19431 	 1173.22593 	 1329.72058 	  891.01752 	 1394.27367 	 1193.18693 	 1283.60230 	 1192.21495 	  855.00762 	 1211.67637 	 2039.43159 	 1064.30611 	    0.00000 	 1495.17997 	  477.88101 	 1361.80983 	  988.18973 	 1487.21701 	  768.87697 	  764.36316 	 2288.54458 	 3054.86101 	  199.80356 	  732.66779 	 
 837.19265 	  966.93806 	 1398.82264 	  281.66740 	  419.24764 	  474.24237 	  795.01724 	  692.12718 	  664.60229 	  936.79110 	  431.79091 	 1260.27955 	  610.06014 	 1213.22851 	    0.00000 	  942.34106 	 1276.93505 	 1259.81843 	  935.07558 	  690.91394 	  377.52415 	 1859.54092 	 1285.77392 	 1615.97858 	 1069.22521 	 
 306.26433 	  887.26935 	 1053.73979 	  966.22187 	  772.90477 	  744.20072 	  484.26852 	  812.93624 	 1032.94387 	  233.90133 	  829.22526 	 1222.36109 	  451.21026 	  520.04911 	  797.81378 	    0.00000 	  959.48609 	  829.49090 	 1009.49575 	  703.98253 	  623.40624 	 1846.83402 	 1851.36385 	  432.32520 	 1199.52666 	 
 637.30842 	  214.87294 	  154.43514 	  778.70286 	  628.54003 	  422.39798 	 1062.55799 	 1675.48420 	  596.55303 	 1453.55992 	  779.12123 	 2329.77021 	  784.97977 	  974.96291 	 1307.38765 	 1414.34165 	    0.00000 	   73.88457 	 1633.33255 	  353.91995 	 1115.09750 	 2493.82486 	 2918.23954 	 1169.95824 	  248.86761 	 
 692.11698 	  104.53429 	  249.96772 	  685.38066 	  640.30029 	  416.75372 	 1293.93338 	 1331.51704 	  412.31112 	  985.55113 	 1152.18440 	 2361.22044 	  631.76221 	  739.70261 	 1090.42376 	 1019.15551 	   72.82342 	    0.00000 	 2472.84530 	  280.54306 	  813.60753 	 2629.87204 	 2904.73519 	  802.02468 	  126.39440 	 
1546.44057 	 1736.12226 	 1850.03562 	 1818.71551 	 1430.20185 	 1640.36314 	 1050.11602 	  668.52959 	 1298.62331 	 1175.85226 	 1027.73754 	  257.98344 	 1060.68684 	 1977.83056 	 1664.53382 	 1655.93883 	 2354.03977 	 2524.94937 	    0.00000 	 1658.44203 	 1378.51721 	  490.23849 	 1271.26134 	 2118.09072 	 1651.38071 	 
 494.42781 	  235.16727 	  495.81817 	  378.95146 	  312.33823 	  101.05915 	  801.20501 	 1340.05702 	  172.99064 	  935.43126 	  685.00795 	 2727.34029 	  761.07047 	  734.28641 	  580.79706 	  837.41059 	  346.58847 	  315.37241 	 1491.70269 	    0.00000 	  429.62717 	 1586.81124 	 2375.69677 	 1026.52807 	  175.21713 	 
 347.11252 	  612.77620 	 1345.23101 	  213.76795 	  219.08362 	  446.41631 	  454.67905 	  565.73749 	  525.58944 	  846.00436 	  258.90966 	 1372.67466 	  319.56344 	  898.84127 	  324.15720 	  732.96165 	  865.55668 	  822.74679 	 1511.07062 	  529.79529 	    0.00000 	 1685.37118 	 2215.49416 	  751.81564 	  746.55714 	 
2122.44541 	 2092.68988 	 3445.41174 	 1412.69909 	 1584.58405 	 2636.98476 	 1134.89286 	  671.11379 	 1476.36817 	 2024.09706 	 1252.76365 	  462.33480 	 2265.01132 	 2330.16483 	 1862.84446 	 1345.43103 	 2715.65934 	 2775.75386 	  650.63500 	 1645.31385 	 1279.78667 	    0.00000 	  505.81503 	 3085.51580 	 2632.02726 	 
1986.89484 	 2856.58610 	 1761.29175 	 1747.52531 	 1992.95850 	 1687.71229 	 1267.66961 	 1106.61587 	 1545.77660 	 1929.83957 	 1225.02557 	  819.07669 	 2036.68564 	 3523.80531 	 1394.38069 	 2464.63425 	 2506.95369 	 2305.63458 	 1186.27899 	 2715.61914 	 1509.87386 	  727.42024 	    0.00000 	 2462.27461 	 2327.39439 	 
 424.52922 	  815.43952 	 1008.80816 	 1260.01294 	  959.05268 	  746.76804 	 1129.91697 	 1457.74353 	 1101.75256 	  725.83101 	  786.83610 	 2329.78810 	  646.12095 	  179.64861 	 1376.50137 	  524.35815 	 1276.62034 	  768.06648 	 1791.66051 	 1121.45682 	  706.34755 	 2844.15303 	 1990.76272 	    0.00000 	  610.83747 	 
 465.36247 	   32.30393 	  467.97710 	  442.49131 	  291.69875 	  319.74813 	  874.48041 	 1267.39120 	  381.20389 	  894.36894 	 1201.04746 	 2799.67949 	  557.38510 	 1052.62062 	  750.47661 	 1111.19712 	  157.10817 	  113.69085 	 1578.09718 	  216.23350 	  597.68712 	 2449.17104 	 2851.35733 	  670.39199 	    0.00000 	 
   0.00000 	 6265.14787 	 5538.88894 	 18719.78030 	 6044.70968 	 5743.96449 	 9442.43587 	 1942.57417 	 11184.46378 	 5735.05497 	 3897.91930 	 11275.53474 	 8310.70001 	 22701.66727 	 3971.88614 	 12814.97902 	 36487.09324 	 8554.24090 	 1226.33512 	 6134.11514 	 4550.23852 	 6664.07169 	 2022.18561 	 13170.45271 	 18026.54986 	 
7478.66439 	    0.00000 	 16168.13969 	 13695.51583 	 2956.72515 	 4402.65067 	 3690.03812 	 4048.37798 	 6933.99145 	 4174.50824 	 1786.52970 	 8336.21753 	 1257.39873 	 9427.40398 	 1042.50767 	 4685.77346 	 18798.95249 	 4904.05814 	  823.45787 	 9877.76076 	 4375.59860 	 9225.47536 	 3811.71822 	 1866.47082 	  603.14277 	 
9858.42922 	 15074.41031 	    0.00000 	 25945.45508 	 5497.75609 	 11014.15050 	 6704.31632 	 4249.36890 	 12133.33863 	 3771.05249 	 3158.64093 	 23882.85508 	 2101.86924 	 20321.86939 	 4599.11132 	 3149.48606 	 227695.50215 	 32076.35780 	 2024.15588 	 11082.25289 	 8211.54323 	 14893.47300 	 5282.24557 	 7324.52200 	 59445.93604 	 
25745.90721 	 16273.62478 	 32408.52687 	    0.00000 	 16664.87369 	 40333.73370 	 18253.93919 	 23224.14128 	 37536.49285 	 15525.28123 	 30030.82651 	 67963.20681 	 10317.91439 	 39399.19392 	 38663.64281 	 11386.02875 	 198845.28094 	 37836.80793 	 13232.83662 	 24467.40090 	 43967.17068 	 40742.97859 	 11263.96506 	 20301.83414 	 47262.96432 	 
3390.28306 	 3928.51894 	 5772.23419 	 14123.10286 	    0.00000 	 7693.65002 	 4023.20349 	 1997.88512 	 5571.12604 	 2442.26697 	 1708.00858 	 7536.56537 	 1344.63767 	 6985.71885 	 2152.30878 	 1045.34967 	 23482.08577 	 7684.52379 	  937.92121 	 3392.54880 	 4022.38887 	 2368.79326 	  867.16802 	 3841.94565 	 8082.58908 	 
6828.74231 	 4636.35898 	 16716.29950 	 37487.24935 	 6886.71340 	    0.00000 	 4599.71992 	 2955.13973 	 9934.05024 	 4566.10903 	 2559.80117 	 16278.81608 	 2340.94344 	 14730.58300 	 6423.45003 	 2328.84360 	 50858.91859 	 15506.63088 	 2557.08494 	 5674.07387 	 8021.84497 	 8246.28419 	 2133.72126 	 5143.56562 	 17358.30817 	 
14805.59062 	 4654.18651 	 7514.96951 	 26277.26594 	 3099.86549 	 4247.24577 	    0.00000 	 8117.43573 	 5652.81959 	 43732.73512 	 12458.00084 	 28151.17479 	 5701.54412 	 10051.62294 	 3872.90818 	 14337.05645 	 24499.54154 	 9057.60945 	 4565.98936 	 3881.70277 	 9572.98657 	 16911.72693 	 5050.24368 	 2571.05451 	 9410.61439 	 
2282.14634 	 2611.23597 	 4131.01190 	 28261.83343 	 1696.54562 	 4159.94017 	 13830.08626 	    0.00000 	 5120.44902 	 7235.97597 	 12814.32223 	 27410.40957 	 2269.29810 	 3228.66661 	 9729.74287 	 2775.19839 	 26427.15205 	 5694.65278 	 10357.19455 	 3146.97659 	 5592.84560 	 21340.34288 	 8982.92711 	 1629.88763 	 10774.44409 	 
10352.07596 	 4865.41203 	 13444.18990 	 64546.32974 	 5196.62006 	 11133.94038 	 6926.01467 	 5460.26185 	    0.00000 	 4427.07425 	 4207.06799 	 18762.22363 	 3497.56972 	 28577.29424 	 10286.18481 	 3849.97024 	 65830.15624 	 16558.52055 	 3150.02819 	 13121.81220 	 12455.30995 	 14976.55287 	 4568.32509 	 15330.93181 	 16169.97632 	 
8704.36186 	 4522.33254 	 3111.94385 	 15049.13875 	 1381.66858 	 3679.48507 	 31205.54753 	 6359.35120 	 4747.43029 	    0.00000 	 5437.60831 	 14689.74789 	 4575.27608 	 6214.33216 	 2310.34482 	 20949.44695 	 33899.33042 	 6364.08047 	 1835.08713 	 2645.17240 	 7102.81220 	 10916.83507 	 3435.64720 	 2152.58291 	 7220.12866 	 
4549.58424 	 2066.77189 	 4014.80016 	 29178.68213 	 2681.95355 	 2227.61833 	 11941.31984 	 10710.84698 	 4079.68020 	 5071.16183 	    0.00000 	 13210.07717 	 2359.44655 	 3815.40420 	 6130.75071 	 2621.89989 	 13230.82964 	 5431.63189 	 3114.28368 	 2029.23702 	 16064.94252 	 6911.59930 	 2724.83883 	 1390.97253 	 6612.06941 	 
6859.11215 	 6835.76823 	 21094.78349 	 82034.55107 	 5076.71471 	 13399.10477 	 19326.39925 	 28158.23093 	 20150.36745 	 16272.01026 	 13931.28186 	    0.00000 	 6060.94435 	 12708.49701 	 16857.97454 	 7070.96103 	 76315.35472 	 21653.52839 	 27305.82635 	 11367.89746 	 18136.33967 	 83783.07021 	 38237.03268 	 5011.45197 	 23212.09471 	 
9698.41180 	  990.22805 	 2293.21703 	 10912.35276 	 1418.69030 	 1496.27020 	 6360.52277 	 2141.82567 	 4788.93498 	 3494.71628 	 3925.10761 	 4489.00399 	    0.00000 	 4223.47281 	 1383.89605 	 4596.99981 	 9515.91454 	 2226.96796 	  706.48348 	 1548.08465 	 5337.10715 	 3586.96689 	 1240.42628 	 1183.24572 	 5632.87150 	 
26176.02723 	 9521.95553 	 16853.21531 	 43572.30947 	 8574.04860 	 19206.03070 	 8996.96568 	 2535.51825 	 31130.30677 	 8509.99296 	 3432.93515 	 18056.59725 	 2558.62021 	    0.00000 	 7173.35108 	 9467.38854 	 171786.95300 	 22653.22942 	 1097.24970 	 14967.36540 	 8911.40569 	 6686.41795 	 1348.72663 	 17821.35964 	 19863.72538 	 
3084.45338 	 1471.19740 	 5879.79322 	 49078.74838 	 1837.86199 	 4995.95501 	 5701.33414 	 10732.86559 	 11581.49932 	 3044.42320 	 8199.19623 	 19708.62592 	  806.08137 	 6083.85230 	    0.00000 	 1718.15585 	 26327.83780 	 5652.88097 	 4038.18194 	 2087.80298 	 7820.70446 	 12169.44050 	 6627.18596 	 2392.85929 	 13250.02607 	 
10861.07995 	 3589.60604 	 2610.50091 	 16903.66899 	 1094.18453 	 1463.25922 	 14769.57737 	 3109.52108 	 4227.54185 	 24740.51931 	 3471.69804 	 8832.01564 	 6918.65048 	 9493.02346 	 2317.80937 	    0.00000 	 22474.91157 	 3670.85579 	  830.27735 	 1978.43695 	 5987.77988 	 4675.99157 	 2274.45765 	 3269.01793 	 5802.16341 	 
57994.56504 	 28625.28524 	 179609.36967 	 176781.51836 	 25828.01529 	 60333.70764 	 22790.19657 	 27067.61660 	 86566.96820 	 21666.33917 	 17815.83583 	 123313.36694 	 12351.12687 	 214141.59955 	 20737.87018 	 24410.89249 	    0.00000 	 6769.23792 	 14235.91341 	 45664.07071 	 23902.41521 	 71385.02588 	 15776.47569 	 36488.76347 	 205384.85291 	 
9676.69420 	 5412.72665 	 46375.19321 	 30064.20854 	 7600.12410 	 12118.75914 	 8802.14146 	 4504.50763 	 22805.74617 	 6686.70506 	 4306.09295 	 24117.85125 	 2277.22766 	 18169.59764 	 8619.93839 	 4914.55047 	 9002.13280 	    0.00000 	 2478.86872 	 26652.46897 	 9196.71786 	 10724.41292 	 4953.79311 	 4707.67021 	 13430.00163 	 
1070.10154 	  631.88929 	 2734.09372 	 15403.05771 	  974.11773 	 2958.74491 	 6258.49965 	 9931.33608 	 5204.70754 	 2462.32446 	 2922.74025 	 30446.56867 	  671.42723 	 1520.38981 	 4456.39151 	 1101.68492 	 11978.25440 	 3301.48037 	    0.00000 	 1382.77378 	 4212.35112 	 9671.68924 	 3565.97362 	  474.07816 	 3598.53270 	 
4634.46999 	 7372.72198 	 9959.03327 	 29390.26167 	 5329.19367 	 4996.29608 	 2782.84425 	 1948.25793 	 13026.46345 	 2901.52957 	 2017.58337 	 8230.39959 	 1294.54472 	 10752.87356 	 2468.01858 	 1284.67234 	 54847.08414 	 38497.08534 	 1470.68586 	    0.00000 	 4165.22168 	 5990.35251 	 2000.78164 	 5648.99926 	 15712.65780 	 
6570.18878 	 4423.08036 	 8800.49080 	 46880.00851 	 5593.36449 	 8797.46135 	 11268.21691 	 9001.73704 	 9466.16236 	 6966.54552 	 14328.84259 	 18281.17655 	 5440.35803 	 10942.47843 	 5945.21679 	 5997.73177 	 33106.24598 	 9803.42593 	 3464.62842 	 4072.43954 	    0.00000 	 11717.30348 	 3733.50423 	 3043.74837 	 12302.82026 	 
8740.04740 	 8587.40351 	 12797.38958 	 39135.19888 	 3113.93462 	 6717.83865 	 12649.60084 	 15535.14259 	 9310.64950 	 6209.28676 	 10817.69302 	 75198.66271 	 3251.11718 	 6421.16631 	 14145.21621 	 7694.34328 	 73576.35624 	 15869.56796 	 13478.38214 	 5516.93919 	 10421.47213 	    0.00000 	 45851.69998 	 3271.08216 	 19230.41168 	 
2428.79002 	 2961.38340 	 4063.60844 	 14732.90318 	  915.31515 	 2796.13159 	 5849.81291 	 7249.88445 	 3165.99637 	 2506.28770 	 2195.98548 	 30878.04144 	  804.24386 	 1761.90879 	 6811.83168 	 2578.08280 	 16464.69951 	 3988.07211 	 3273.67815 	 1816.28381 	 3807.28605 	 38569.83078 	    0.00000 	  769.20373 	 5702.73778 	 
12483.80947 	 2148.18141 	 7139.06305 	 17547.78226 	 5804.80905 	 6066.48276 	 2282.90919 	 1388.25553 	 9766.85861 	 1646.03820 	 1694.36648 	 3772.81255 	 1228.03398 	 16650.70887 	 3403.38644 	 2650.82178 	 31398.50963 	 5397.41664 	  512.64303 	 6302.85617 	 3242.51443 	 1815.99748 	  849.53080 	    0.00000 	 4482.87087 	 
12042.78966 	  500.26303 	 46708.89519 	 35080.87178 	 5594.25688 	 14832.38232 	 8846.74195 	 9997.92614 	 21782.63729 	 4374.05189 	 7653.66036 	 24705.06044 	 5347.05449 	 19098.76636 	 12287.39446 	 4334.00472 	 173634.83417 	 12804.19581 	 4535.06659 	 11971.94498 	 9206.21794 	 20383.82975 	 4361.43467 	 4967.09751 	    0.00000 	 
   0.00000 	  596.69542 	  808.27412 	  625.97195 	  295.82252 	  668.61597 	  759.15018 	  942.04088 	  712.69718 	  892.11363 	  719.87404 	 1600.41203 	  397.80281 	  463.82366 	 1024.77798 	  390.90268 	  975.53665 	  865.24828 	 1682.90454 	  607.54391 	  404.24732 	 2257.14577 	 2155.24706 	  498.81811 	  572.61163 	 
 615.10958 	    0.00000 	  310.53017 	  632.25380 	  319.64163 	  342.02768 	  935.50048 	 1399.99397 	  337.29430 	 1517.51781 	  710.77108 	 1905.93270 	 1018.03579 	 1116.10198 	  785.03606 	  967.05916 	  167.92230 	  112.79284 	 2461.00686 	  223.84125 	  530.90874 	 2148.11385 	 2833.45570 	  695.23952 	   28.32100 	 
 686.66441 	  437.79286 	    0.00000 	 1056.85291 	  974.43063 	  395.42744 	 1891.75881 	 1999.69302 	  661.16652 	 1484.14062 	 1052.02179 	 2729.88278 	 1415.34208 	 1101.58372 	 1159.89446 	 1537.28166 	  170.80509 	  267.82124 	 2327.94338 	  493.36203 	  928.91766 	 3242.01346 	 3066.03854 	 1495.14406 	  436.41343 	 
 552.28280 	  459.33735 	 1037.30734 	    0.00000 	  316.95567 	  290.99000 	  898.25118 	 1131.62948 	  277.67371 	 1088.71550 	  387.81396 	 2251.75112 	  533.16595 	 1243.43281 	  300.09424 	  776.65857 	  523.62845 	  667.18702 	 1081.86429 	  301.05275 	  305.10255 	 2385.50919 	 1963.31653 	 1215.81293 	  538.11033 	 
 319.70462 	  396.96293 	  741.11595 	  312.88006 	    0.00000 	  259.69859 	  871.38696 	  785.59543 	  170.74874 	  944.24229 	  501.53324 	 2100.68341 	  341.41889 	  836.37982 	  490.40579 	  526.37542 	  619.70972 	  563.62415 	 1598.83894 	  217.73444 	  283.78343 	 2355.54298 	 2439.70225 	  948.24401 	  368.13536 	 
 619.68447 	  275.66827 	  680.08253 	  377.35218 	  176.00423 	    0.00000 	  846.42430 	  873.72739 	   77.19679 	 1414.34054 	  678.52509 	 1876.29854 	  451.60474 	 1014.91325 	  652.31677 	 1030.23701 	  438.05697 	  381.55286 	 1892.78829 	   91.51278 	  510.70947 	 2087.37529 	 2388.62231 	  726.00540 	  319.35886 	 
 916.40494 	 1500.57820 	 1368.18904 	  561.05834 	  916.60502 	 1144.23469 	    0.00000 	  577.94954 	 1151.50305 	  190.18004 	  383.80740 	 1114.50629 	  492.75480 	 1320.67236 	  605.98718 	  345.31954 	 1028.23869 	  950.36726 	  937.95875 	 1181.13237 	  508.43119 	 1419.12842 	 1885.47307 	 1136.05115 	  890.30140 	 
1096.08674 	 1690.14123 	 1398.96757 	 1059.80272 	 1079.91311 	 1111.84167 	  672.64037 	    0.00000 	 1466.29452 	  978.32376 	  631.66946 	  881.35518 	 1088.77108 	 1759.13757 	  485.98595 	 1207.93690 	 1742.61888 	 2029.03158 	  535.52076 	 1214.96779 	  603.90859 	  987.63282 	 1319.11265 	 1233.59587 	 1380.31548 	 
 696.83106 	  449.45169 	  736.58174 	  289.51498 	  179.31932 	   74.71128 	  986.55552 	 1304.76416 	    0.00000 	  908.41225 	  511.50429 	 1717.22975 	  462.85387 	 1272.96494 	  398.07601 	 1073.81503 	  461.90401 	  513.48559 	 1581.28511 	  242.43156 	  419.10314 	 1506.35969 	 2258.50977 	  798.57373 	  366.22562 	 
 506.74721 	 1531.51896 	 1928.46967 	  720.39861 	  633.06279 	 1070.69098 	  241.26543 	  852.00299 	  817.05576 	    0.00000 	  697.54882 	 1164.18671 	  359.36736 	  776.12588 	 1012.70718 	  235.26909 	 1461.17441 	 1481.93276 	 1159.63521 	  882.33561 	  864.35967 	 1924.14213 	 1713.91948 	  682.19811 	 1395.12108 	 
 584.06356 	 1110.53026 	 1492.36417 	  337.41298 	  680.51221 	  872.17524 	  412.97742 	  697.40236 	  782.66426 	  615.82411 	    0.00000 	 1708.47064 	  396.22100 	 1455.87340 	  524.61264 	  622.99381 	 1220.79448 	  930.35754 	 1073.69453 	  841.76592 	  224.92947 	 1885.20937 	 1509.15724 	 1320.91876 	  825.79735 	 
2129.61957 	 1737.46314 	 3229.24661 	 2156.13288 	 2052.67395 	 1617.78643 	 1082.70810 	  932.16243 	 2258.85978 	 1387.61670 	 1141.22065 	    0.00000 	 1398.67580 	 2738.80035 	 1529.38299 	 1391.52650 	 2267.75376 	 2610.82169 	  290.20836 	 2034.53109 	 1437.45099 	  430.23549 	  695.89538 	 2183.88269 	 1622.10656 	 
 351.71105 	  715.05507 	 1064.44602 	  356.70922 	  286.10028 	  507.25546 	  406.47380 	  650.56438 	  446.44764 	  388.21765 	  406.50697 	 1701.45733 	    0.00000 	  851.11494 	  637.72359 	  329.26485 	 1082.27707 	  781.17816 	 1038.93165 	  842.35505 	  206.46967 	 1288.73745 	 2189.33554 	  563.26400 	  784.50920 	 
 598.30251 	 1127.69032 	 1422.41504 	 1245.27451 	  742.96379 	 1115.11089 	  890.91190 	 2124.27987 	 1324.83836 	  756.11139 	 1198.78836 	 2137.09292 	  815.61252 	    0.00000 	 1315.64149 	  711.48632 	 1182.98263 	 1131.98710 	 2521.88944 	  758.15011 	  929.96283 	 2040.02031 	 2771.70608 	  153.84550 	  979.25492 	 
1149.70305 	 1184.10101 	 1150.76574 	  412.55915 	  756.69683 	  736.11579 	  907.71743 	  498.53575 	  603.55322 	  969.88138 	  431.15653 	 1250.22078 	  634.89971 	 1132.36397 	    0.00000 	 1348.35480 	  963.31783 	  745.19431 	 1171.19039 	  618.55105 	  322.84066 	 1323.77046 	 1027.55725 	 1388.97930 	  919.92047 	 
 330.34625 	 1282.36229 	 1574.25020 	  645.39340 	  778.27904 	  946.55381 	  345.74698 	 1124.84281 	  846.01594 	  341.25379 	  613.49405 	 2142.06435 	  380.98911 	  578.36285 	 1006.82860 	    0.00000 	 1101.07884 	 1175.57249 	 1413.30138 	  941.36065 	  650.17789 	 2115.94165 	 1806.67598 	  439.90769 	  755.45542 	 
 956.91817 	  129.05955 	  145.25798 	  699.76679 	  543.12560 	  462.04858 	 1115.23278 	 1974.14548 	  581.05471 	 1242.81473 	 1373.06459 	 3146.84894 	  909.59212 	 1225.57443 	 1274.31767 	 1311.29818 	    0.00000 	  103.00179 	 2763.33883 	  329.94295 	  845.59902 	 3085.38748 	 2174.56119 	 1258.33725 	  165.44795 	 
 656.97211 	  101.27185 	  227.18940 	  542.96500 	  588.94944 	  332.10464 	 1107.21077 	 1276.68980 	  406.64561 	 1517.99223 	 1081.19903 	 2303.21641 	 1035.91902 	 1179.78206 	  822.74742 	 1097.75978 	   73.65028 	    0.00000 	 1497.90522 	  245.31111 	 1058.95520 	 2978.95796 	 2236.22267 	  762.01378 	  109.18940 	 
1127.84591 	 2483.58061 	 1873.70317 	 1596.12335 	 1153.29834 	 1802.34831 	  916.52824 	  537.59961 	 1236.33221 	 1050.74338 	 1265.18736 	  465.28305 	 1069.10145 	 1679.33173 	 1365.13345 	 1665.02898 	 1754.29167 	 1804.96562 	    0.00000 	 1592.78428 	 1185.95274 	  602.18015 	  971.28644 	 1984.29805 	 2028.08154 	 
 417.39810 	  233.86243 	  403.42199 	  489.26413 	  214.85016 	  108.49227 	 1114.56798 	 1445.60142 	  170.23459 	 1313.96610 	  562.30287 	 2070.49071 	  580.27195 	 1279.87183 	  724.62164 	 1189.29143 	  241.03495 	  279.48942 	 2310.33229 	    0.00000 	  664.15639 	 2582.49406 	 2522.55146 	  780.75879 	  201.43741 	 
 441.98508 	  687.57641 	 1016.43865 	  227.48580 	  354.27730 	  400.32967 	  605.18615 	  820.07934 	  482.67070 	  714.83989 	  215.51788 	 1373.42965 	  300.85462 	  983.71811 	  471.71778 	  539.90041 	  988.52929 	  843.73425 	 1390.56334 	  532.68944 	    0.00000 	 1914.52454 	 1593.59626 	  823.25207 	  519.79160 	 
1964.30151 	 2762.95468 	 1996.88229 	 2040.26783 	 2040.02952 	 2309.02137 	 1273.02539 	  735.31613 	 1935.79887 	 1562.91710 	 1112.14110 	  285.44883 	 1460.31075 	 2762.85063 	 1445.48282 	 1831.75595 	 2181.96760 	 1819.65761 	  757.26585 	 2181.43871 	 1343.47847 	    0.00000 	  873.05456 	 2020.05321 	 1902.15544 	 
2508.10612 	 1927.35188 	 2592.14575 	 1422.17295 	 1858.85007 	 2221.15354 	 2011.73004 	  906.81716 	 1613.63887 	 1714.81812 	 1584.97038 	 1005.33577 	 1428.18080 	 3406.03560 	 1267.95342 	 2679.66247 	 2229.98083 	 1716.39603 	 1426.47007 	 1983.85713 	 1948.92831 	  846.04805 	    0.00000 	 3140.30584 	 2213.05907 	 
 394.13949 	  951.67113 	 1132.14924 	 1124.26050 	  916.02140 	 1131.71987 	 1068.58123 	 1799.78437 	  826.12527 	  763.49209 	 1027.79110 	 1915.36013 	  763.42340 	  246.43594 	 1585.01552 	  477.25312 	  895.88612 	 1129.39149 	 1960.47123 	  889.26516 	  699.63882 	 2456.41320 	 2726.31941 	    0.00000 	  666.62631 	 
 697.44668 	   47.40003 	  299.33129 	  747.17427 	  285.78223 	  357.81027 	  978.10889 	 1309.54847 	  353.39621 	 1025.39372 	  994.59592 	 2935.12137 	  713.17958 	  919.09961 	 1159.84171 	  766.74981 	  226.17524 	  149.55963 	 2000.97130 	  251.50551 	  505.70925 	 2439.60754 	 2148.54701 	  611.76599 	    0.00000 	 
   0.00000 	 7818.58175 	 9053.58913 	 14254.34358 	 3739.50045 	 8046.94827 	 9571.44738 	 2213.95203 	 8472.06999 	 5906.08734 	 3820.59863 	 8521.74603 	 9262.53976 	 18089.68204 	 2686.47628 	 10902.50961 	 47070.62494 	 12879.83819 	 1512.91764 	 6531.41140 	 7199.19744 	 7016.27570 	 2185.33588 	 14966.29639 	 16436.67257 	 
8040.47454 	    0.00000 	 13605.47094 	 13122.96701 	 3437.27520 	 5233.94762 	 4298.53173 	 2953.71100 	 8241.48765 	 3552.76482 	 1720.95932 	 7101.71534 	 1368.83057 	 6457.64562 	 1420.04537 	 5209.02003 	 31114.33146 	 5240.69270 	  660.52763 	 8340.36853 	 3070.37052 	 7067.67837 	 4389.75553 	 1624.30384 	  566.41024 	 
9786.95306 	 9139.35638 	    0.00000 	 27660.32072 	 6267.15192 	 13799.46727 	 6861.54122 	 4386.12161 	 11665.52191 	 3266.93195 	 3734.44314 	 22558.13283 	 2074.64362 	 24020.53716 	 8452.49798 	 2709.73631 	 244997.49930 	 33319.78791 	 3247.29175 	 10965.74298 	 6276.15791 	 20836.27762 	 3823.78944 	 6688.82807 	 40267.98085 	 
24188.04419 	 16795.58595 	 25552.07287 	    0.00000 	 22722.93235 	 42407.07935 	 27523.97618 	 26956.18023 	 57824.63239 	 17603.99593 	 22584.37204 	 75227.24496 	 15414.46631 	 52619.63995 	 48282.30066 	 12649.51954 	 180137.53331 	 40362.61640 	 15521.39146 	 29576.89091 	 44752.27283 	 45657.42860 	 10106.56424 	 22309.65858 	 51865.47983 	 
4450.00109 	 4090.79313 	 5480.47668 	 17175.25427 	    0.00000 	 7291.38402 	 3622.65179 	 1692.74437 	 7214.48951 	 1475.19832 	 2607.81624 	 6917.70908 	 1476.27077 	 7866.15970 	 2334.15031 	 1682.96269 	 19971.95353 	 4954.83874 	  900.58295 	 3591.48288 	 3830.09827 	 3076.65674 	 1117.93170 	 4299.12449 	 6081.49663 	 
6003.11011 	 6054.31228 	 11608.28573 	 43870.58447 	 6678.84450 	    0.00000 	 4382.37801 	 4045.82972 	 12621.76538 	 4512.34420 	 3350.65094 	 18096.26541 	 2637.41337 	 13051.11634 	 6299.13630 	 2181.57942 	 58048.88700 	 15393.59160 	 2483.64658 	 4568.23667 	 6507.69938 	 5406.39506 	 2128.32015 	 6306.75409 	 15034.17965 	 
8631.26715 	 4915.42704 	 7098.48990 	 25900.24883 	 2289.90189 	 5630.19611 	    0.00000 	 9312.53317 	 4642.41251 	 36657.37118 	 8629.65603 	 30595.93752 	 5414.79830 	 6775.25096 	 5382.09443 	 11139.91843 	 33974.08107 	 7334.49592 	 5433.70499 	 3696.19978 	 8595.37737 	 13717.65254 	 4370.28783 	 3049.58830 	 8096.36337 	 
2590.31625 	 2418.82353 	 7117.51518 	 22394.71797 	 1845.57020 	 2471.24235 	 10358.40552 	    0.00000 	 5811.05757 	 6315.36124 	 10882.29986 	 39093.45602 	 1493.16416 	 4165.38013 	 8776.50058 	 1763.58044 	 23236.31010 	 5796.24399 	 6593.23879 	 2284.77005 	 5186.89868 	 20175.38745 	 7256.19930 	 1442.73207 	 6446.18224 	 
9350.24549 	 8386.14393 	 14347.98289 	 40609.18786 	 8682.99607 	 9719.38107 	 7848.85943 	 4521.50975 	    0.00000 	 3191.13140 	 5911.53917 	 26653.48843 	 4807.52328 	 29078.03647 	 11254.50970 	 3036.08796 	 95331.55021 	 15082.85232 	 3255.95500 	 10722.81966 	 13115.30240 	 13910.76924 	 4109.92506 	 12476.36906 	 23425.70149 	 
6261.05522 	 3352.45727 	 3586.90280 	 15569.14516 	 1635.51888 	 2885.83706 	 24739.87321 	 7317.07094 	 4514.09366 	    0.00000 	 3102.43855 	 12514.87532 	 2831.63496 	 6675.74801 	 2361.85722 	 17610.66133 	 33181.05007 	 4188.12144 	 1518.95791 	 4252.78030 	 8299.31590 	 6713.07458 	 2870.08269 	 1732.70757 	 4642.15850 	 
3890.96975 	 2728.44365 	 3735.58449 	 24359.72106 	 1763.20636 	 3239.15450 	 8423.29205 	 12518.20536 	 5228.26836 	 3177.18116 	    0.00000 	 19171.42853 	 3140.98227 	 3634.79520 	 7818.04649 	 3370.29010 	 15705.36679 	 3755.53952 	 3500.60815 	 1672.59180 	 16032.99126 	 9301.97163 	 2463.45565 	 1462.32735 	 6303.80610 	 
9193.00559 	 6866.55498 	 15934.06955 	 70567.65582 	 7506.96718 	 16222.48614 	 23534.94639 	 22492.60375 	 25693.87457 	 18280.53494 	 17926.99667 	    0.00000 	 4798.73634 	 11037.46413 	 22066.82970 	 11983.92333 	 128407.24532 	 17128.63722 	 28607.66695 	 13049.60308 	 16470.98288 	 109215.99057 	 26705.79635 	 3991.42234 	 27481.42808 	 
9949.09110 	  854.20878 	 1536.49647 	 16404.82739 	 2146.35007 	 1662.45028 	 9001.45394 	 1392.19587 	 4421.17247 	 3802.49857 	 3015.41284 	 5270.49449 	    0.00000 	 3998.35013 	 1356.58683 	 6725.11829 	 12773.84614 	 3422.20682 	  820.05526 	 1563.87427 	 5344.57828 	 2741.43416 	 1157.46504 	 1947.32826 	 4102.11343 	 
18054.83998 	 9163.60623 	 17962.97248 	 43346.05734 	 5542.12876 	 13824.18032 	 9472.61416 	 4463.80865 	 27832.21574 	 6088.22699 	 3859.41349 	 19367.40253 	 2964.09811 	    0.00000 	 5878.16283 	 10579.79221 	 157244.24606 	 29885.08819 	 1380.27410 	 11715.39325 	 8189.80968 	 8193.66589 	 1634.16452 	 21931.48768 	 17717.57032 	 
3501.18275 	 1065.02949 	 7238.71970 	 45040.61567 	 2223.69362 	 4883.11643 	 5690.24797 	 10791.99265 	 10001.81971 	 2403.51045 	 9908.92103 	 18246.34590 	 1362.07884 	 6251.43164 	    0.00000 	 2752.60760 	 28170.56668 	 7198.07457 	 4529.33216 	 2084.70791 	 7192.88081 	 11816.51986 	 5325.67231 	 2163.37626 	 14314.40410 	 
7337.96471 	 4690.92534 	 3791.48876 	 14317.01344 	  949.74891 	 2280.84640 	 11786.82833 	 2250.21386 	 5210.57711 	 26005.56088 	 3359.30979 	 11648.49658 	 6996.42091 	 6849.91365 	 1624.00701 	    0.00000 	 25870.07529 	 4453.39427 	  928.06929 	 1995.71249 	 3503.79972 	 5226.04847 	 2092.97898 	 2580.31960 	 4390.09509 	 
54687.43364 	 26672.29674 	 147945.92315 	 169302.69434 	 29380.57021 	 77236.59503 	 26226.28904 	 24593.20676 	 88262.79509 	 33730.26195 	 17623.52974 	 84059.81227 	 12606.89679 	 121378.44001 	 21370.57326 	 28137.42736 	    0.00000 	 8877.73577 	 12446.06781 	 74343.57814 	 32113.47535 	 56058.00593 	 14500.64073 	 34426.05138 	 117836.81092 	 
12359.40154 	 7827.16234 	 44020.82255 	 48160.87474 	 4352.58974 	 14343.94043 	 7458.22164 	 6365.78046 	 16301.66175 	 4322.64157 	 4267.72191 	 23078.12194 	 3016.16619 	 20626.80348 	 6070.33655 	 4445.82013 	 10814.88292 	    0.00000 	 2273.02783 	 35407.93824 	 9830.05034 	 13334.84185 	 3688.52293 	 5284.51819 	 15609.93617 	 
1511.14324 	  586.70013 	 2452.21809 	 18484.19541 	  952.24697 	 2636.20579 	 5443.68885 	 10479.13539 	 4114.48026 	 1661.53125 	 3176.72492 	 39830.57691 	  920.63122 	 1253.70647 	 3922.17233 	  901.82480 	 13863.21394 	 2690.56902 	    0.00000 	 1639.61758 	 3519.91465 	 9931.37931 	 2724.97140 	  581.51600 	 4095.35369 	 
4144.22352 	 6792.95671 	 11984.29463 	 28531.74942 	 3453.05358 	 6458.36913 	 2842.90514 	 2044.39509 	 8813.36073 	 2557.62944 	 2915.59333 	 11869.79681 	 1186.87504 	 13655.13249 	 2497.82307 	 1488.83049 	 77081.17701 	 29231.50231 	 1664.66271 	    0.00000 	 6219.34842 	 6486.93158 	 2528.52113 	 6819.01010 	 13440.61834 	 
5838.76987 	 5038.38838 	 7450.58017 	 53552.85845 	 6330.67290 	 9099.62391 	 12852.67479 	 8056.57550 	 13961.36421 	 4884.98006 	 20087.85430 	 13290.96723 	 6273.62356 	 6630.85886 	 8626.11780 	 5269.79754 	 43131.54505 	 6434.58928 	 2813.71973 	 4362.96380 	    0.00000 	 7861.05063 	 3538.49544 	 4754.02033 	 10081.15926 	 
8569.87505 	 6076.46438 	 12775.18683 	 34151.07089 	 2736.15184 	 7956.20516 	 18105.45873 	 12439.67740 	 12641.72228 	 8596.20376 	 10238.45444 	 88329.04116 	 2779.06506 	 7643.35568 	 14603.28186 	 6266.25557 	 64385.66104 	 17634.75403 	 13230.80290 	 7675.60479 	 7372.92333 	    0.00000 	 37157.74315 	 2151.87047 	 25662.25122 	 
2675.71329 	 2946.23322 	 4302.62472 	 17182.45973 	 1217.20649 	 2791.79395 	 5097.85089 	 8909.92692 	 3577.38645 	 2432.90533 	 2643.96888 	 39254.82759 	 1312.19947 	 1977.81963 	 5962.64198 	 2397.64827 	 17156.62460 	 4046.91446 	 3135.51194 	 2348.30388 	 3393.91506 	 34253.02766 	    0.00000 	  707.28845 	 4405.45496 	 
8657.92289 	 1584.65667 	 8846.77840 	 18635.15073 	 4636.83662 	 6170.73886 	 2862.93390 	 1395.13630 	 15639.84879 	 2502.01943 	 1668.15512 	 3228.32101 	 1411.23327 	 19820.25696 	 3351.17622 	 4144.15623 	 35437.21976 	 8065.73314 	  561.86515 	 4514.40294 	 4890.74102 	 2615.83446 	  705.97615 	    0.00000 	 7571.88642 	 
20667.30765 	  474.40247 	 53611.54425 	 33787.86215 	 5601.07630 	 14003.83831 	 13538.48915 	 10795.10154 	 18289.86732 	 5709.49526 	 6210.87159 	 27283.60736 	 3588.44735 	 17482.14283 	 10284.17634 	 4549.01068 	 215125.01532 	 11436.62248 	 2824.54470 	 14997.45946 	 10818.27244 	 18690.21390 	 5954.59002 	 4709.05349 	    0.00000 	 
   0.00000 	  735.57533 	 1029.40365 	  738.19690 	  397.06507 	  547.85237 	  596.80106 	 1045.72991 	  738.28306 	  549.25263 	  760.58625 	 1527.25077 	  422.72120 	  762.80179 	  865.04427 	  412.37435 	  833.99453 	  552.32051 	 1869.17001 	  484.85346 	  628.25311 	 2716.53650 	 2735.85822 	  467.42525 	  598.73790 	 
 736.72179 	    0.00000 	  441.73400 	  511.38591 	  545.78249 	  225.57333 	 1511.03758 	 1086.19546 	  399.59208 	 1589.67923 	  839.20314 	 1910.53506 	  904.60528 	  955.10630 	 1096.17202 	  768.40167 	  193.05297 	   99.47965 	 2199.82326 	  214.89459 	  717.59928 	 1740.14081 	 2958.54767 	  833.07202 	   28.31209 	 
 725.10652 	  370.83223 	    0.00000 	 1106.24194 	  566.14793 	  514.20453 	 1159.64622 	 1969.04374 	  442.01973 	 1916.16702 	 1321.40784 	 2876.85476 	  991.88014 	 1640.58948 	 1142.74064 	 1256.39140 	  226.42536 	  258.74281 	 2286.05294 	  375.45569 	  951.00276 	 2805.40515 	 2198.46133 	 1380.67169 	  361.71822 	 
 621.70439 	  622.45932 	  857.69347 	    0.00000 	  201.38953 	  226.06156 	  740.02734 	  736.38401 	  238.19805 	  961.99261 	  383.84262 	 1554.26872 	  612.19159 	 1277.03562 	  248.09103 	  813.08964 	  928.20799 	  550.56868 	 1549.63030 	  400.95959 	  216.08138 	 1412.68170 	 1240.12385 	  939.81405 	  736.05163 	 
 321.47122 	  360.52574 	  553.60529 	  305.75776 	    0.00000 	  191.78925 	 1001.97666 	 1347.74070 	  180.40630 	  902.18810 	  635.78582 	 2221.58434 	  522.47732 	 1158.96232 	  455.24355 	  677.50865 	  609.38936 	  486.35882 	 1213.86835 	  223.19702 	  297.91714 	 1972.78051 	 1975.05916 	  654.71324 	  413.25844 	 
 532.71689 	  301.12792 	  582.73115 	  263.14122 	  260.07519 	    0.00000 	  752.70723 	  964.68131 	   76.12520 	  932.69557 	  768.69575 	 2647.93260 	  651.80282 	  959.23035 	  624.31509 	 1054.57201 	  507.91867 	  397.30959 	 1696.50238 	   97.11209 	  442.35148 	 2386.80033 	 1772.90394 	  824.28235 	  331.98495 	 
 808.52109 	 1511.01829 	 1913.67178 	  866.50241 	  800.04173 	  841.03857 	    0.00000 	  551.32507 	 1020.05593 	  165.96654 	  331.21385 	 1096.85655 	  406.26112 	  863.87652 	 1071.42004 	  362.89012 	 1708.01677 	 1204.94162 	  908.16116 	  905.10011 	  437.30205 	 1905.56847 	 1923.07814 	 1014.49219 	 1401.80384 	 
 933.08516 	 1549.56679 	 2263.17398 	  649.16813 	 1007.28020 	  951.14574 	  846.62510 	    0.00000 	 1284.68342 	  869.62271 	  418.81553 	  890.86176 	  850.82927 	 2076.96610 	  599.81703 	 1245.25614 	 1575.29197 	 1803.96961 	  697.54283 	 1135.34528 	  810.47737 	 1084.20612 	 1046.06315 	 1694.43455 	 1253.74529 	 
 611.52259 	  386.67459 	  453.95799 	  299.13152 	  211.61964 	  100.07198 	  785.21198 	 1153.52255 	    0.00000 	  907.99952 	  641.52974 	 1424.57862 	  669.80436 	 1217.13649 	  676.98521 	  687.39168 	  631.19207 	  531.64945 	 1185.70466 	  139.72443 	  432.98230 	 2575.67922 	 1607.80355 	  879.05169 	  429.06828 	 
 753.37615 	 1050.69527 	 1612.98295 	  752.10221 	  840.34664 	 1310.86677 	  258.02167 	  620.61644 	  946.16134 	    0.00000 	  592.13193 	 1705.49246 	  549.29117 	 1083.78146 	 1355.52576 	  368.68552 	 1771.45623 	  970.65940 	 1294.16869 	 1248.89226 	  682.08603 	 1667.44482 	 2324.79549 	  949.43642 	 1055.90305 	 
 660.26169 	 1190.55595 	 1587.59616 	  390.55380 	  621.76044 	  841.80746 	  579.69439 	  576.11299 	  505.56590 	  772.98297 	    0.00000 	 1346.82916 	  271.95654 	 1342.04496 	  486.75773 	  733.94704 	 1221.79781 	 1289.73291 	 1296.80562 	  709.70613 	  231.61482 	 1185.65278 	 1344.86376 	  727.48032 	 1068.53232 	 
2037.80600 	 2375.00930 	 1856.09881 	 2129.32264 	 1460.22322 	 2485.51532 	 1217.50360 	  931.02277 	 1501.72754 	 1573.14719 	 1114.20312 	    0.00000 	 1847.50660 	 2207.42913 	 1820.00679 	 1754.68815 	 2113.41693 	 2190.54756 	  297.03992 	 2387.45080 	 1614.66278 	  273.81753 	 1115.52205 	 2096.12696 	 2354.82634 	 
 355.46184 	  746.91459 	  932.63300 	  485.46825 	  325.12767 	  592.86680 	  295.36064 	  974.62608 	  714.16352 	  504.20589 	  287.71660 	 1846.64461 	    0.00000 	  850.48282 	  892.88010 	  299.99231 	 1137.14681 	 1100.63947 	 1451.88114 	  721.32445 	  221.41818 	 2109.33457 	 2181.45435 	  547.69381 	  867.99135 	 
 423.74410 	 1013.11292 	 1284.77424 	  843.36007 	  809.93343 	 1284.62220 	  993.23464 	 1710.10819 	 1062.71377 	 1117.21303 	 1225.22139 	 2938.09064 	  992.23428 	    0.00000 	 1637.43647 	  793.21024 	 1277.68794 	 1322.49169 	 2339.46122 	 1177.31365 	  894.68732 	 1877.07010 	 2947.62227 	  213.65144 	  861.78020 	 
1146.37469 	 1057.18315 	  803.80247 	  314.48041 	  593.98234 	  477.98532 	 1018.02180 	  814.48249 	  377.51494 	  912.69821 	  398.49944 	 1684.78761 	  589.72713 	 1571.86109 	    0.00000 	 1269.23344 	 1197.53366 	  961.06478 	 1287.97944 	  606.34278 	  405.18841 	 1714.04697 	 1730.04746 	 1453.16142 	 1103.42385 	 
 326.95150 	 1004.47627 	 1254.48542 	  928.18828 	  870.67428 	 1056.69556 	  464.38349 	  816.17535 	  732.72094 	  214.46958 	  709.62414 	 1815.63898 	  411.27638 	  523.20737 	 1014.26488 	    0.00000 	 1361.97238 	 1213.37619 	 1085.00862 	  675.38169 	  678.00680 	 1436.37664 	 1607.58940 	  612.25380 	 1147.64138 	 
 582.84410 	  130.97869 	  142.99115 	  910.15333 	  598.49890 	  425.10399 	 1756.49469 	 1403.62012 	  478.58320 	 1490.95409 	 1307.44701 	 2774.37787 	  677.47178 	  782.41465 	 1238.45716 	  879.75029 	    0.00000 	   89.64536 	 2226.98460 	  303.25387 	  681.77676 	 2612.59779 	 2462.78576 	  799.48604 	  251.29612 	 
 542.32705 	   93.14082 	  301.41645 	  780.44769 	  655.32659 	  428.81728 	  903.15099 	 1584.41103 	  452.48331 	 1023.12160 	  878.01512 	 2644.30716 	  639.91839 	 1311.47688 	 1238.90138 	 1328.22119 	   99.44135 	    0.00000 	 1752.48212 	  311.12126 	 1007.72509 	 2037.83037 	 3061.78777 	  877.73172 	  117.63320 	 
1527.40329 	 2354.80505 	 2849.92606 	 1781.63391 	 1410.94131 	 1319.87261 	 1009.98589 	  566.57649 	 2140.00059 	  860.08646 	  780.62185 	  293.54297 	 1597.30166 	 2401.23940 	  925.25750 	  974.16253 	 2668.79991 	 1891.60725 	    0.00000 	 2157.67009 	 1632.42884 	  637.67299 	 1017.93611 	 1466.80525 	 1989.76307 	 
 639.44610 	  165.79426 	  559.23622 	  382.70910 	  226.26851 	   85.61461 	 1130.14041 	 1127.70549 	  166.87388 	 1174.10246 	  761.20920 	 2081.35903 	  624.56266 	 1300.15155 	  553.63903 	  649.67028 	  231.01894 	  267.50049 	 2076.24456 	    0.00000 	  676.13601 	 2842.86277 	 1639.70899 	  688.58398 	  206.91419 	 
 625.63103 	  777.57242 	 1344.81256 	  284.81588 	  297.31899 	  595.85152 	  463.73466 	  555.81653 	  384.73934 	  602.08172 	  199.23987 	 2033.69847 	  225.52134 	  780.83590 	  443.74168 	  632.92889 	  814.50241 	  595.62661 	 1209.38128 	  559.18021 	    0.00000 	 1990.25411 	 1448.58110 	 1055.62285 	  546.85384 	 
2259.92015 	 1767.14988 	 3036.44745 	 1453.76894 	 2549.34180 	 1803.53772 	 1836.80725 	  898.71277 	 2502.23378 	 1404.05446 	 1638.09534 	  389.58198 	 2250.23178 	 2593.25223 	 1941.24944 	 2213.99619 	 2214.62764 	 2319.80972 	  811.14928 	 2044.66162 	 2170.24487 	    0.00000 	  627.67127 	 2712.11626 	 3059.74799 	 
1780.54579 	 2519.82065 	 2382.96557 	 2013.29538 	 1824.97581 	 2558.48296 	 1278.18245 	 1267.81772 	 1384.91384 	 2339.48027 	 1884.67462 	  817.69936 	 1941.20717 	 2788.63199 	 1424.19400 	 2458.97646 	 1740.49764 	 2757.72814 	 1417.93572 	 2652.64923 	 2137.34570 	  885.01068 	    0.00000 	 1951.19797 	 1708.46630 	 
 374.48670 	  947.23762 	  976.23789 	 1007.05900 	  670.09541 	  935.27502 	  897.98541 	 1925.65828 	  905.25312 	  877.55134 	  921.02104 	 2361.95920 	  617.68050 	  183.80164 	 1586.82292 	  555.38618 	  881.72747 	  768.00612 	 1322.43497 	  965.39548 	  634.91865 	 2797.57043 	 3259.21265 	    0.00000 	  854.92991 	 
 580.00312 	   37.40747 	  465.64348 	  515.88126 	  297.47590 	  240.02800 	 1431.84046 	 1817.68229 	  314.78234 	 1398.70483 	  737.79106 	 1896.38125 	  538.75228 	  964.01526 	  647.69602 	  730.62008 	  240.93684 	  106.74871 	 2432.68717 	  175.82185 	  735.26268 	 2374.23705 	 2543.44936 	  852.64872 	    0.00000 	 
   0.00000 	 4895.19822 	 6881.90258 	 25592.51550 	 4923.76616 	 4747.33667 	 9965.98300 	 2034.90780 	 9663.10108 	 5384.40923 	 3220.31721 	 8672.84381 	 8010.45801 	 24357.07076 	 4103.11212 	 7409.64464 	 51626.25500 	 9534.17505 	 1592.24031 	 6745.59380 	 5517.37843 	 8482.01010 	 3277.15488 	 15752.41622 	 17371.03820 	 
5353.83056 	    0.00000 	 11045.56031 	 9870.28646 	 3725.95221 	 7193.81746 	 3522.61175 	 3077.11183 	 8340.00594 	 4504.24426 	 2720.49035 	 7202.94584 	 1116.89562 	 8523.31431 	 1317.03904 	 6270.54209 	 18164.06344 	 6305.72457 	  936.77541 	 9322.53422 	 2924.39886 	 6165.16309 	 2732.98276 	 1540.52989 	  691.08583 	 
9891.04580 	 14403.81653 	    0.00000 	 27957.39592 	 6783.67236 	 16909.80472 	 6423.55168 	 4482.84191 	 17430.41890 	 4589.92128 	 3359.36637 	 22875.32734 	 1757.43172 	 27073.54872 	 7052.56611 	 3328.50690 	 183657.35048 	 44943.61185 	 3125.98827 	 15850.68114 	 6870.82164 	 16453.84387 	 4587.50317 	 5687.42716 	 42022.49212 	 
15832.63081 	 15203.02154 	 33040.07498 	    0.00000 	 22455.63347 	 28497.03829 	 27245.36997 	 29019.99182 	 63074.08052 	 14763.40133 	 36727.96213 	 72742.59701 	 11979.88393 	 49795.33232 	 38389.27746 	 16888.61283 	 174309.77840 	 41079.33708 	 16543.37052 	 24490.66992 	 32561.37433 	 29198.58100 	 12073.37722 	 19559.51567 	 37693.51137 	 
5636.13332 	 3652.73262 	 7611.92692 	 20593.85176 	    0.00000 	 7445.75380 	 4003.41367 	 1359.06009 	 6596.95598 	 2387.77046 	 2921.74196 	 7410.23924 	 1564.74796 	 8543.00098 	 2460.16600 	  987.22192 	 23751.38351 	 7837.51562 	 1348.56965 	 4218.34020 	 4070.81720 	 3536.51088 	  852.38884 	 3871.93898 	 6451.45889 	 
4336.41890 	 5609.07471 	 15555.03276 	 44216.54628 	 8119.39016 	    0.00000 	 5369.57824 	 2491.53458 	 11215.59496 	 4128.43341 	 2547.07017 	 13733.35979 	 2510.22919 	 17545.53110 	 6115.16851 	 2014.80963 	 59837.50457 	 15574.90930 	 3087.39143 	 5742.26500 	 7241.99868 	 8576.71829 	 2529.68481 	 4979.35805 	 18295.86345 	 
10366.20906 	 3868.55872 	 6408.14506 	 20677.22778 	 3278.13823 	 4020.07927 	    0.00000 	 14647.72246 	 5512.36494 	 24178.15916 	 9226.54435 	 29412.84177 	 7060.46583 	 7333.33421 	 3887.58792 	 12740.76672 	 23948.87198 	 9476.19510 	 6668.42709 	 2220.48897 	 10026.99832 	 10093.64140 	 3624.63002 	 1908.51738 	 9741.06730 	 
1839.13248 	 3740.25783 	 5369.79372 	 30550.63674 	 1157.26338 	 4167.46673 	 13588.69179 	    0.00000 	 4208.91525 	 5803.98533 	 8987.81194 	 31513.42297 	 2202.74267 	 4344.26217 	 11322.63634 	 2046.03185 	 27404.85536 	 5496.50430 	 8735.22081 	 2309.38596 	 5866.31708 	 16695.11547 	 8929.30168 	 1569.57476 	 8009.61585 	 
8593.67067 	 8575.12401 	 18837.47295 	 46460.97941 	 7643.66467 	 10060.11069 	 7924.43904 	 6461.63613 	    0.00000 	 3807.36680 	 6151.87145 	 23805.76319 	 4664.72084 	 27800.39565 	 8411.18069 	 5142.46354 	 82096.02697 	 19295.38143 	 4766.38462 	 7681.08884 	 11758.21440 	 14884.18508 	 4816.55748 	 14511.88781 	 19001.75386 	 
6136.88315 	 4835.12118 	 5436.49892 	 19869.74871 	 2337.54135 	 3022.06497 	 32083.57209 	 7984.35639 	 3603.73376 	    0.00000 	 4630.34482 	 20207.63269 	 4880.68757 	 10448.52406 	 2767.54954 	 19234.16002 	 22900.06130 	 6599.03947 	 1649.09078 	 3657.81277 	 4795.64700 	 7088.55920 	 2921.93073 	 2370.25280 	 6792.00067 	 
4318.04384 	 2944.94120 	 3907.45451 	 23729.05367 	 2176.17074 	 3120.93345 	 10122.21358 	 13239.70939 	 6343.07185 	 3070.29241 	    0.00000 	 16238.11440 	 2804.98657 	 3487.51013 	 9057.48833 	 2735.58533 	 12504.74219 	 3830.34063 	 3838.77426 	 1652.93498 	 17502.35999 	 7910.67874 	 3302.00569 	 1815.96229 	 9181.23234 	 
7511.53849 	 10075.17064 	 18420.75407 	 82388.04375 	 4304.85395 	 17665.68791 	 21308.72172 	 31231.51632 	 16051.62835 	 22088.84549 	 14964.36064 	    0.00000 	 6273.80277 	 15807.30155 	 16138.75836 	 10576.81002 	 114578.69966 	 18706.91113 	 25134.27493 	 13554.51861 	 15148.51426 	 100261.48184 	 32062.30395 	 2967.99171 	 26868.64145 	 
12281.28938 	  846.89556 	 1673.93896 	 13074.76063 	 2003.57498 	 2571.27078 	 8261.19861 	 1500.84265 	 5158.09388 	 3131.32989 	 3984.59047 	 5766.66165 	    0.00000 	 2444.15654 	  945.15701 	 6667.94000 	 13808.25801 	 2986.37469 	  801.12278 	 1360.06674 	 7557.12747 	 2885.82808 	 1023.02214 	 1387.81278 	 4004.19768 	 
26449.45750 	 5613.98971 	 29693.41682 	 55538.18346 	 6437.28506 	 19516.03846 	 5607.79343 	 3927.42213 	 24588.47051 	 8707.88513 	 5312.71763 	 19473.13903 	 3591.34587 	    0.00000 	 7070.30520 	 11149.89185 	 145021.02756 	 21129.38077 	  986.67511 	 17659.88297 	 6392.90518 	 8346.18919 	 1312.37626 	 19989.10712 	 23964.50122 	 
4001.24112 	 1225.20406 	 6989.39634 	 65597.33102 	 2360.77069 	 4253.17662 	 4064.35063 	 8891.79320 	 12274.32804 	 3217.87020 	 8155.06132 	 16480.04874 	  987.31609 	 4758.49875 	    0.00000 	 2103.02278 	 34786.46483 	 5834.71178 	 4941.09991 	 3009.03832 	 7434.45286 	 15886.57532 	 6471.26622 	 3934.09287 	 9672.35753 	 
10390.99645 	 4572.57744 	 3485.06830 	 14518.82603 	 1184.63350 	 1766.74517 	 12487.97862 	 3166.57704 	 4351.42830 	 20875.05454 	 3027.21572 	 9263.24686 	 6316.49274 	 8315.08956 	 1668.83259 	    0.00000 	 22097.18856 	 4969.11849 	  853.77354 	 2095.30786 	 3769.87335 	 7025.61581 	 1934.80056 	 4524.29600 	 4878.95211 	 
57897.14686 	 26809.28153 	 145904.28400 	 150994.73589 	 24956.64633 	 58856.14214 	 33655.67409 	 22006.21354 	 97594.87989 	 23646.94209 	 21326.29672 	 97366.98682 	 13338.07526 	 217655.06557 	 22083.58211 	 15592.00079 	    0.00000 	 9669.09921 	 11324.53081 	 60809.74710 	 34219.33628 	 77348.09046 	 11828.18310 	 35340.31980 	 148486.36329 	 
13978.96362 	 6493.49889 	 31751.01025 	 33467.95054 	 7070.06614 	 12131.79900 	 8026.85144 	 5137.97516 	 17474.60514 	 6659.31992 	 3638.25196 	 16583.88746 	 2782.90794 	 27025.28667 	 8692.24576 	 4230.23146 	 7638.48871 	    0.00000 	 2855.54920 	 32915.35464 	 6966.87585 	 14623.19241 	 3359.87034 	 6394.54083 	 10492.47471 	 
1165.04169 	  899.30904 	 2912.39203 	 12144.85848 	 1012.51715 	 3802.01067 	 4995.69445 	 6553.55512 	 4320.07253 	 1785.44929 	 3472.04460 	 36974.93695 	  758.12770 	 1165.17569 	 3518.42248 	  742.62414 	 9346.50549 	 3069.07880 	    0.00000 	 2007.69622 	 4659.13674 	 14378.88701 	 4197.14042 	  431.22984 	 2624.90549 	 
4390.69742 	 9610.27417 	 10594.53289 	 25560.20039 	 3472.23793 	 4273.94270 	 3067.51896 	 2933.97727 	 10987.21258 	 3165.11391 	 1702.35616 	 11789.45391 	 1294.19804 	 13075.54703 	 3198.54132 	 1960.87163 	 58340.51528 	 24402.19734 	 2278.17102 	    0.00000 	 5041.87758 	 7957.88496 	 2324.99576 	 4680.89633 	 12981.53694 	 
6110.34157 	 4796.31852 	 7566.15913 	 50264.61928 	 6306.08925 	 6097.97347 	 7726.86264 	 5846.94407 	 14275.33695 	 7768.18433 	 18021.57704 	 19000.35719 	 6320.21371 	 8259.60395 	 9553.23360 	 3409.26519 	 38039.14783 	 7640.00353 	 4431.94916 	 3992.98766 	    0.00000 	 11760.43748 	 2354.00957 	 3901.27803 	 12388.85774 	 
5330.92304 	 8897.92494 	 12942.67339 	 38499.56413 	 3023.19106 	 6575.53234 	 14656.26958 	 20997.54324 	 11830.92348 	 8773.47308 	 10749.97010 	 113196.70175 	 3591.24180 	 10412.54797 	 10950.80390 	 6979.59089 	 88337.89565 	 13561.92332 	 10507.90538 	 7198.87422 	 12107.26380 	    0.00000 	 43894.12875 	 2018.20142 	 17952.30500 	 
2509.77075 	 4323.31479 	 3189.77518 	 14014.42487 	  801.29207 	 2014.81216 	 3490.29822 	 7703.63425 	 4803.12212 	 2098.53185 	 3650.20089 	 38421.58012 	  917.36635 	 1817.40137 	 7521.35220 	 2232.71877 	 13221.92037 	 5090.33411 	 3747.45600 	 2765.94060 	 3326.73049 	 34453.82837 	    0.00000 	  895.82131 	 4191.18490 	 
10382.60865 	 1493.51663 	 6974.17747 	 18035.78729 	 3646.30241 	 7576.92620 	 3097.98749 	 1096.92461 	 16065.36629 	 2938.32011 	 1843.00455 	 5002.86172 	 1295.88908 	 25935.83349 	 2147.30347 	 3759.96771 	 28193.28274 	 7674.44558 	  469.43287 	 4114.11688 	 3524.74717 	 3036.52731 	 1194.57670 	    0.00000 	 6882.67040 	 
20355.43355 	  679.67023 	 45398.72678 	 52379.91266 	 8592.01126 	 13593.50929 	 8573.20069 	 6992.57867 	 20680.79833 	 6807.53736 	 7942.13059 	 28983.73210 	 3279.99181 	 16627.44110 	 12058.41448 	 3928.32492 	 191942.00922 	 14765.45302 	 3464.33748 	 14357.74274 	 11787.55231 	 21892.44404 	 5616.75994 	 6848.26596 	    0.00000 	 
   0.00000 	  598.32612 	  668.35693 	  719.46233 	  446.22763 	  649.34402 	  793.71107 	 1067.47176 	  627.38160 	  664.78187 	  685.09089 	 2417.12925 	  357.55544 	  614.10714 	  776.70008 	  369.88611 	  973.79553 	  716.09193 	 1536.62578 	  581.24589 	  518.19813 	 2656.55984 	 2802.31796 	  471.62634 	  458.46541 	 
 559.46685 	    0.00000 	  319.26510 	  747.00153 	  465.66805 	  301.28330 	 1439.81930 	 1216.66373 	  488.99737 	 1560.46344 	  850.54723 	 2804.36593 	 1006.81727 	 1126.40074 	  785.83001 	 1265.73344 	  137.61698 	   90.94030 	 1482.49074 	  242.75346 	  811.89421 	 2354.22860 	 2537.95429 	  990.39996 	   27.92120 	 
1019.85450 	  270.82229 	    0.00000 	  861.05294 	  898.59447 	  635.49800 	 1503.33686 	 1912.38990 	  610.70045 	 1290.98651 	 1461.98398 	 2574.52552 	 1155.17743 	 1466.68151 	 1161.18624 	 1543.08903 	  174.85136 	  315.36988 	 2828.24095 	  583.33068 	  818.55386 	 2571.36530 	 2126.43758 	  872.61760 	  502.25400 	 
 725.09782 	  780.78676 	  681.52184 	    0.00000 	  239.58686 	  343.01799 	  965.35108 	  802.85638 	  197.29430 	 1198.60946 	  401.38625 	 1964.09036 	  478.22846 	 1366.12439 	  346.21490 	  615.71218 	  577.25190 	  796.92771 	 1780.46556 	  410.92257 	  262.87372 	 1632.41486 	 1868.34948 	 1152.23803 	  422.70791 	 
 291.09179 	  373.55198 	  621.43139 	  306.57475 	    0.00000 	  184.38036 	  855.09492 	  951.83667 	  167.88355 	 1064.86374 	  425.29713 	 1985.03096 	  492.83088 	 1158.74752 	  421.68609 	  777.18517 	  664.85283 	  472.80464 	 1529.95893 	  325.63011 	  220.25771 	 1571.32399 	 2353.25005 	  686.45182 	  292.27303 	 
 663.93488 	  268.86645 	  407.53492 	  390.57173 	  264.14682 	    0.00000 	 1017.53965 	 1109.17028 	  105.33415 	 1313.95756 	  580.56320 	 2621.45543 	  729.86032 	  999.40121 	  689.15132 	  834.96584 	  291.48856 	  414.53213 	 1522.13861 	   90.97018 	  634.55319 	 2159.91645 	 1519.54979 	 1033.04371 	  292.31334 	 
 671.75201 	 1163.36407 	 1540.42695 	  896.78428 	  980.51208 	 1081.09259 	    0.00000 	  469.52013 	 1192.66633 	  249.20185 	  480.34741 	 1150.73905 	  472.14120 	 1012.40716 	  763.44350 	  462.45620 	 1555.41216 	 1051.40405 	 1150.26766 	 1081.35929 	  468.12066 	 1245.27439 	 1509.83282 	 1002.65476 	 1231.92730 	 
1240.72965 	 1722.87506 	 1540.98756 	  906.57010 	 1063.19996 	 1181.75264 	  471.82058 	    0.00000 	  903.50525 	  833.06930 	  638.39325 	  921.73358 	  995.10836 	 2053.53463 	  614.27833 	 1223.02604 	 1340.80648 	 1643.39963 	  569.92631 	 1397.22596 	  683.38878 	 1143.01546 	  938.64080 	 1838.52736 	 1150.77402 	 
 485.84229 	  443.65379 	  536.49562 	  215.49062 	  237.68738 	  122.51513 	  894.44394 	  806.17273 	    0.00000 	 1214.56834 	  713.74620 	 2312.50466 	  782.91516 	 1279.58861 	  618.09743 	 1006.33383 	  442.18572 	  423.07585 	 1374.89483 	  201.21205 	  575.39657 	 2332.68286 	 1920.88201 	 1150.08519 	  435.04006 	 
 851.35972 	 1158.80079 	 1249.81418 	  679.52002 	  869.05337 	 1024.67225 	  162.24406 	  957.66773 	 1149.37931 	    0.00000 	  833.97918 	 1600.04251 	  416.43388 	 1034.88755 	  943.55259 	  271.43228 	 1602.42449 	 1068.91268 	 1241.52966 	 1119.31760 	  616.02725 	 1207.35691 	 1622.21897 	  720.73830 	 1083.91869 	 
 647.42915 	  835.85217 	 1164.08843 	  401.01735 	  645.08814 	  772.21749 	  326.23996 	  672.82557 	  501.01792 	  554.39458 	    0.00000 	 1312.59196 	  461.54387 	 1456.74994 	  402.09430 	  854.15115 	 1071.30715 	 1281.49705 	 1247.21972 	  629.84631 	  160.74995 	 1111.59797 	 1070.88762 	  972.01948 	 1082.88356 	 
2208.94001 	 2188.04877 	 1967.19054 	 1687.85212 	 1808.63959 	 1997.55208 	  874.91146 	  727.78816 	 2443.95769 	 1133.02210 	 1222.20023 	    0.00000 	 1561.19007 	 1853.16746 	 1945.51320 	 1286.86008 	 3019.63056 	 2701.76145 	  383.77042 	 1938.94026 	 1428.95821 	  360.57193 	 1103.50027 	 2756.26060 	 2275.16292 	 
 291.97273 	  558.96344 	  951.98257 	  547.56699 	  298.43777 	  607.41353 	  346.87997 	  725.33165 	  704.67261 	  499.91507 	  446.05450 	 2021.16672 	    0.00000 	  918.56554 	  610.08768 	  365.92329 	 1044.26118 	  776.62464 	 1158.23014 	  560.09110 	  309.14739 	 2221.74741 	 2315.51462 	  539.22426 	  767.11711 	 
 598.30292 	 1167.69254 	 1241.54035 	 1457.12424 	  751.25395 	  980.64971 	 1270.50831 	 1768.84628 	 1067.15559 	 1139.03040 	  952.99458 	 2815.49155 	  692.09382 	    0.00000 	 1713.77293 	  832.82661 	 1039.02623 	 1051.45518 	 1588.87242 	 1025.07911 	 1247.01721 	 2830.56962 	 3164.68377 	  162.06955 	 1082.30844 	 
 965.09265 	  885.01157 	 1095.25881 	  242.62128 	  441.88345 	  474.12431 	 1039.52329 	  767.72096 	  401.87275 	 1185.46235 	  416.00882 	 1632.27422 	  574.37956 	 1674.63265 	    0.00000 	  891.35935 	 1212.16237 	  757.89745 	 1660.20131 	  741.48143 	  519.79067 	 1177.26321 	 1311.36706 	 1462.73503 	  713.81191 	 
 479.57551 	 1026.28746 	 1195.31726 	  798.24935 	  779.44403 	  824.53180 	  390.87916 	 1133.51926 	 1205.78494 	  317.50241 	  655.76734 	 1608.12977 	  260.70034 	  703.62728 	 1232.87950 	    0.00000 	 1235.41755 	  937.87563 	 1674.83281 	 1089.66879 	  721.01644 	 1806.09895 	 2324.02473 	  424.53250 	 1118.81661 	 
 548.82794 	  180.14781 	  164.89046 	  518.29871 	  561.45957 	  451.97176 	 1675.22733 	 1326.55156 	  393.57564 	 1149.96184 	  798.86038 	 2513.05985 	 1077.28215 	 1287.45862 	 1265.18426 	  867.60330 	    0.00000 	   87.26061 	 2177.57215 	  345.73351 	  756.67682 	 2198.54379 	 2448.31507 	  911.74146 	  259.13946 	 
 475.19635 	  108.04762 	  251.73790 	  561.05068 	  518.87182 	  457.15564 	 1189.98215 	 1671.60655 	  373.61612 	  973.50917 	 1032.37752 	 2426.59652 	  904.88311 	  905.62527 	  952.55115 	 1222.19712 	   81.11694 	    0.00000 	 2040.60215 	  292.48369 	  943.79798 	 2904.63341 	 2175.61804 	  693.87178 	  139.56625 	 
1209.77245 	 2008.29842 	 2825.74618 	 1060.95024 	 1581.04194 	 1621.13028 	 1008.36609 	  650.08370 	 2116.58219 	 1234.27268 	  838.79950 	  457.97326 	 1338.94273 	 2139.86547 	 1038.36410 	 1505.93851 	 2687.46968 	 2642.01052 	    0.00000 	 1453.26879 	 1612.74657 	  725.78930 	 1397.85367 	 1323.56462 	 2202.58235 	 
 662.22003 	  206.14799 	  634.19126 	  440.52218 	  256.55327 	   93.03049 	  835.54534 	 1241.61760 	  184.14102 	 1321.43305 	  621.09798 	 1839.20358 	  478.73242 	  738.73457 	  533.44590 	  903.99057 	  366.93636 	  211.46471 	 1639.79115 	    0.00000 	  683.17219 	 2463.36368 	 1584.19999 	  827.16025 	  176.90520 	 
 619.96219 	  731.07972 	 1291.11871 	  308.48509 	  302.70983 	  528.62201 	  530.79300 	  759.25660 	  555.86139 	  811.16869 	  227.04720 	 1621.55382 	  286.92305 	 1231.62836 	  468.34965 	  558.94298 	  840.23482 	  607.74701 	 1435.12112 	  523.26526 	    0.00000 	 1611.85668 	 1770.32785 	  918.39428 	  845.68614 	 
2449.95725 	 2960.14454 	 2249.98432 	 2280.52608 	 2315.53217 	 2743.60506 	 1500.58848 	  710.23835 	 2390.22661 	 1469.05774 	 1140.32885 	  362.84583 	 2316.66186 	 2500.13043 	 1749.12977 	 1901.85121 	 2741.08494 	 1870.52598 	  469.72004 	 2174.44968 	 1650.02534 	    0.00000 	  830.82431 	 1827.96821 	 2809.10516 	 
1851.83481 	 1637.86033 	 1880.66161 	 1869.66936 	 1722.80238 	 1914.38778 	 1566.70569 	 1184.33313 	 2128.79669 	 2005.40089 	 1540.37333 	  927.66294 	 1740.79492 	 2891.60858 	 1617.11895 	 1951.28970 	 1823.24604 	 2988.62504 	 1181.61926 	 1600.25994 	 1949.83265 	  765.71943 	    0.00000 	 2914.50792 	 2727.29796 	 
 505.34640 	  706.48941 	  937.30554 	  956.63804 	  780.33310 	 1010.83160 	  731.37219 	 1456.59713 	  868.17999 	  750.36527 	 1167.83929 	 1669.48813 	  775.06192 	  160.57743 	 1269.38972 	  383.14557 	 1119.42901 	  987.22248 	 1377.50711 	 1063.76796 	  848.84441 	 2628.70206 	 2161.49203 	    0.00000 	  660.49231 	 
 573.12214 	   27.08966 	  307.35408 	  414.67856 	  496.35144 	  296.17923 	 1019.49982 	 1819.64151 	  492.04546 	 1509.74606 	  870.72957 	 1787.23919 	  593.92578 	 1022.03867 	  709.36676 	 1234.88546 	  255.16102 	  121.69935 	 2115.80390 	  145.52759 	  697.81149 	 2553.47876 	 1923.97663 	  789.05525 	    0.00000 	 
   0.00000 	 4975.71683 	 7966.78544 	 16052.78156 	 4311.40586 	 7454.40440 	 9187.93284 	 2092.28384 	 6284.66380 	 6078.97366 	 2547.50984 	 8013.13017 	 9290.71353 	 17572.21982 	 4199.66317 	 12737.95605 	 44849.73978 	 13146.15167 	 1494.07532 	 5679.60968 	 7593.63540 	 8240.54584 	 2742.29670 	 13724.13826 	 13946.23031 	 
6750.39247 	    0.00000 	 15878.76667 	 11479.61102 	 3960.85340 	 5003.17882 	 4672.81197 	 3235.01718 	 5021.41229 	 4363.37618 	 2899.79614 	 6547.34289 	 1532.82073 	 6415.83563 	  858.63034 	 6151.18155 	 20919.93128 	 6555.29636 	  894.50570 	 8110.47810 	 5043.94283 	 6659.38403 	 4631.47092 	 1649.22410 	  517.79351 	 
7903.91314 	 11561.84900 	    0.00000 	 43098.19993 	 5698.72521 	 11833.93201 	 4477.56653 	 7280.19334 	 14705.80292 	 3746.32964 	 4141.30973 	 17436.72026 	 2181.89993 	 26447.24267 	 8034.99432 	 3735.19088 	 216364.03488 	 28472.55508 	 2329.10376 	 15338.23144 	 6734.51680 	 21987.45912 	 4795.70111 	 8405.02946 	 55478.87523 	 
20718.18328 	 13584.62490 	 41059.79022 	    0.00000 	 14523.35354 	 29209.93744 	 15671.28927 	 23036.66083 	 58651.11918 	 18887.06296 	 30052.28582 	 77318.50764 	 12357.66249 	 54066.91348 	 58237.72987 	 13428.22788 	 205268.20977 	 28342.51083 	 18312.76530 	 28878.13186 	 35746.21566 	 42445.68560 	 14948.78010 	 21346.26136 	 42241.07589 	 
3783.08509 	 2700.59066 	 7637.62367 	 13534.35340 	    0.00000 	 5870.57751 	 3111.77874 	 1551.72920 	 6373.90873 	 1620.02065 	 2241.87401 	 4646.94391 	 1844.25038 	 5230.42233 	 1411.99260 	 1460.77399 	 18768.34731 	 6780.85207 	 1230.45629 	 3968.47175 	 3873.67947 	 2522.36559 	 1089.57686 	 4090.03547 	 7625.28234 	 
5481.24318 	 5957.14480 	 13842.82524 	 36356.60337 	 7925.39315 	    0.00000 	 5911.79187 	 3625.74119 	 9030.41080 	 4008.17046 	 3514.23061 	 14789.65384 	 1569.16661 	 11902.29212 	 4027.58789 	 2036.43482 	 63180.94069 	 18186.64122 	 3720.94208 	 3665.23498 	 9042.53921 	 4922.91577 	 2065.00761 	 5123.62200 	 13502.96886 	 
12194.45965 	 4629.04927 	 4257.61249 	 16403.32792 	 2915.37038 	 5257.52831 	    0.00000 	 9695.56421 	 6263.57331 	 44467.02602 	 11108.34303 	 23987.16274 	 6890.68632 	 9795.30544 	 3511.64528 	 13644.17308 	 25539.65036 	 5635.21293 	 5373.41927 	 3062.15171 	 7670.33043 	 17117.25329 	 3592.64087 	 2147.64907 	 11231.70879 	 
2861.35481 	 2604.16463 	 6188.20287 	 33983.64558 	 1305.39142 	 2469.14270 	 8936.88981 	    0.00000 	 3988.42806 	 7329.87569 	 13052.66500 	 39141.50405 	 1836.56861 	 4278.14090 	 8058.91738 	 2072.32799 	 21750.92699 	 4596.39736 	 7114.55093 	 2189.47584 	 5980.31352 	 13618.58200 	 7908.32267 	 1643.67715 	 7980.52146 	 
8289.55151 	 4800.15508 	 14863.96940 	 64855.88770 	 9065.47687 	 11086.40095 	 4652.99688 	 4398.17534 	    0.00000 	 4015.07319 	 5859.73042 	 26775.05569 	 4882.22625 	 27357.46155 	 7451.53647 	 5191.30066 	 85904.35991 	 18197.53373 	 4419.06895 	 7594.15675 	 9736.76832 	 11629.55313 	 5221.36788 	 13022.41673 	 18259.15269 	 
7761.03395 	 4011.47890 	 3750.72388 	 13580.21443 	 1424.46309 	 2970.21235 	 36126.12585 	 5099.11570 	 4745.17128 	    0.00000 	 3886.75377 	 16935.61903 	 3782.90826 	 6677.49132 	 3084.09676 	 14895.27855 	 31695.14058 	 6490.86789 	 2365.10390 	 3410.40171 	 7863.74122 	 6102.14010 	 2564.05514 	 2512.27042 	 4150.90294 	 
2665.82180 	 2459.93189 	 2464.53883 	 33599.34201 	 1847.91319 	 2155.92900 	 12930.39556 	 9787.55856 	 4680.91959 	 5080.42838 	    0.00000 	 12273.09069 	 3782.79133 	 4085.89597 	 8182.86239 	 3618.65171 	 21601.04383 	 5316.56649 	 4052.95994 	 2688.95182 	 14037.06022 	 6332.15445 	 3431.43542 	 1540.72210 	 6087.58728 	 
8545.94972 	 9470.74268 	 23013.30732 	 62667.61219 	 5225.57966 	 13467.56364 	 22844.63660 	 32774.98872 	 19670.70532 	 15958.48442 	 16810.18206 	    0.00000 	 3958.03655 	 16087.34081 	 19839.27882 	 10090.33866 	 114808.35303 	 15012.55844 	 27954.32175 	 12552.06429 	 20088.23069 	 104147.24736 	 26889.27941 	 4162.55995 	 19749.24958 	 
9537.36729 	 1263.53410 	 1564.22137 	 9627.03676 	 2407.59986 	 2347.50103 	 7709.43160 	 2135.64312 	 3436.38892 	 4513.80173 	 2555.15136 	 6827.24285 	    0.00000 	 2553.32377 	 1443.69323 	 5218.72512 	 12999.16152 	 3117.67981 	  829.64899 	 1497.68471 	 6352.25227 	 2452.62270 	  941.61958 	 1289.84570 	 3619.15229 	 
20491.74059 	 8375.88321 	 22260.69333 	 57160.76829 	 8356.25906 	 20129.98135 	 8884.52569 	 2665.06872 	 25293.62460 	 9416.70275 	 3695.07703 	 13883.69842 	 2502.86598 	    0.00000 	 3996.80356 	 12264.43057 	 163169.76166 	 25334.94541 	 1412.69030 	 13741.62508 	 9544.51528 	 6450.12906 	 2076.17751 	 16828.41853 	 19053.02341 	 
2590.93808 	 1043.83807 	 5264.33821 	 63555.39576 	 1615.41116 	 4021.51962 	 4169.00941 	 8064.44285 	 12516.87801 	 2081.69324 	 6649.14503 	 18009.30123 	  804.07203 	 4989.99945 	    0.00000 	 2712.05228 	 21269.08541 	 5973.29296 	 4805.50479 	 2396.64259 	 10205.03340 	 10956.97202 	 5991.59931 	 2662.70870 	 10175.38524 	 
8041.93883 	 4326.21974 	 3236.81058 	 16462.60896 	 1370.94933 	 2198.31560 	 12701.45402 	 2233.58313 	 4736.64760 	 23400.25972 	 2617.67773 	 12375.64655 	 7556.92303 	 11644.32855 	 1604.68537 	    0.00000 	 19578.89813 	 5531.94208 	  744.45950 	 1610.49455 	 5891.83738 	 7167.15023 	 1759.37559 	 4038.81901 	 5024.61774 	 
35791.47649 	 22726.80612 	 198595.38383 	 187837.24381 	 32510.13459 	 49781.15160 	 32097.48991 	 18860.50832 	 80899.55600 	 21403.79204 	 21606.96973 	 92912.81535 	 13708.18418 	 177914.06633 	 19049.47028 	 25537.59082 	    0.00000 	 10333.45330 	 9011.94116 	 53270.21052 	 43473.60661 	 90551.20186 	 11722.92667 	 23332.22358 	 123021.68986 	 
12535.03218 	 4637.77800 	 26423.06130 	 36445.13487 	 6780.70118 	 17370.62809 	 6394.98072 	 4207.77492 	 25732.25066 	 6798.70340 	 5562.79923 	 14437.13079 	 2164.66470 	 31912.08620 	 8862.86346 	 4370.54000 	 7464.11673 	    0.00000 	 3076.96797 	 36265.40047 	 6132.40487 	 15355.43397 	 5075.71953 	 6119.30563 	 10238.47116 	 
1162.45488 	  778.00601 	 2960.08895 	 16314.50219 	  903.14633 	 2397.93394 	 6894.58390 	 9954.61131 	 4572.67911 	 2257.00625 	 2903.15682 	 22305.35631 	  773.53917 	  968.53009 	 5402.02627 	 1112.51620 	 14355.69513 	 2798.46803 	    0.00000 	 1715.26367 	 4104.44122 	 10865.10300 	 2799.48912 	  683.44103 	 4073.46220 	 
4085.00923 	 8633.27912 	 15968.19381 	 27806.02419 	 3827.62962 	 5536.36964 	 2702.93366 	 2453.01235 	 8133.40537 	 4249.10283 	 1636.75421 	 9990.14197 	 1233.57363 	 14993.45761 	 3027.48345 	 1543.11016 	 74076.40625 	 21651.34662 	 2188.03169 	    0.00000 	 6131.29739 	 5997.83269 	 1964.65411 	 4858.78651 	 9580.02444 	 
4663.24474 	 4735.53033 	 6177.73575 	 43539.76541 	 6859.23770 	 5870.59393 	 12715.24022 	 5670.39910 	 10248.23448 	 5927.29378 	 12558.33637 	 11527.11042 	 5395.10270 	 9047.99741 	 9678.56039 	 4810.16611 	 40698.64123 	 6834.67362 	 2878.82900 	 5260.21115 	    0.00000 	 9077.67531 	 3703.23980 	 3229.92988 	 15322.33702 	 
7050.76480 	 5876.80051 	 15255.81527 	 25402.46960 	 3254.81376 	 7993.60580 	 18175.28687 	 14884.77416 	 12810.29905 	 10493.41755 	 7079.72201 	 77903.93212 	 3004.22799 	 6515.37975 	 10486.05197 	 5170.52640 	 81009.74727 	 15665.44139 	 8548.47301 	 7771.42035 	 7554.98614 	    0.00000 	 42360.85993 	 2072.79774 	 23940.69731 	 
2747.66881 	 2830.58081 	 5517.61044 	 15274.06169 	 1275.02016 	 1808.46489 	 3848.19290 	 9646.22428 	 3325.92252 	 2546.03597 	 2724.95631 	 32796.31115 	  784.92143 	 2210.53411 	 7233.40290 	 2001.85264 	 17827.11352 	 3971.89423 	 3295.29013 	 1687.93923 	 2994.46357 	 34908.23073 	    0.00000 	  714.92645 	 5153.53726 	 
11870.01206 	 2392.15617 	 6634.19847 	 13569.23803 	 4908.24924 	 5965.23868 	 2767.10112 	 1621.38051 	 11145.54329 	 2359.73823 	 1381.75753 	 3456.38291 	 1358.06476 	 23803.14123 	 2371.43118 	 3171.48277 	 29775.65916 	 7033.97001 	  701.13908 	 3891.36017 	 2797.47246 	 2616.59825 	  812.76328 	    0.00000 	 4805.84640 	 
15496.88270 	  549.74584 	 58531.56097 	 44833.76048 	 7246.78141 	 16166.06089 	 9474.30588 	 7548.51059 	 21626.44273 	 5807.22020 	 9164.74404 	 24094.80551 	 5674.90756 	 21554.30829 	 8794.91487 	 5100.52721 	 214353.56416 	 8795.43130 	 3436.86970 	 16547.82899 	 9672.17543 	 23621.78623 	 5642.38424 	 4501.05801 	    0.00000 	 
   0.00000 	  492.77447 	  721.46658 	  485.14042 	  320.20391 	  639.04594 	  669.50681 	 1290.43569 	  721.23239 	  714.72825 	  838.67086 	 1670.71044 	  421.81198 	  441.79654 	  930.15264 	  447.73274 	  679.89007 	  666.45570 	 1363.03449 	  487.53651 	  536.69046 	 2030.42135 	 2176.48558 	  291.55347 	  553.15349 	 
 462.00012 	    0.00000 	  474.28243 	  479.63577 	  389.71646 	  297.37637 	  974.19849 	 1416.11476 	  313.78028 	 1126.69992 	  865.22887 	 2326.51245 	  731.53997 	 1111.86775 	 1025.51068 	  882.44323 	  187.34921 	  115.35818 	 1904.50586 	  153.09467 	  903.03479 	 1767.77791 	 1961.08602 	 1092.70246 	   40.33402 	 
1126.37719 	  386.35604 	    0.00000 	 1097.08133 	  790.44150 	  621.66225 	 1961.07314 	 2057.38107 	  777.52808 	 1592.34109 	 1600.50280 	 2885.93961 	  855.29130 	 1568.80450 	 1146.18343 	 1016.56907 	  179.09585 	  334.42646 	 1903.46129 	  513.75247 	 1127.47899 	 2101.83674 	 2326.63334 	 1067.75082 	  464.17896 	 
 517.02779 	  442.87379 	  723.81822 	    0.00000 	  273.61362 	  378.70876 	  614.86177 	  942.04005 	  264.07355 	 1049.73288 	  353.41132 	 1688.80083 	  578.49773 	 1237.21216 	  363.87620 	  869.58500 	  587.57281 	  823.90645 	 1312.23279 	  390.21781 	  252.70422 	 1511.51003 	 1448.47600 	  815.67659 	  646.84848 	 
 348.50134 	  377.80295 	  631.90876 	  317.45679 	    0.00000 	  290.96742 	  639.40931 	 1034.39161 	  228.73007 	 1142.12377 	  498.48696 	 2381.29278 	  309.51248 	  754.88347 	  599.07523 	  664.42725 	  662.65557 	  525.19286 	 1970.81468 	  329.36062 	  226.50912 	 1593.90533 	 2218.94746 	  587.67974 	  400.85010 	 
 613.90434 	  253.21399 	  404.21926 	  320.85201 	  240.08590 	    0.00000 	  873.37537 	  980.10973 	   90.86795 	 1414.47030 	  540.90560 	 2306.31613 	  636.85673 	  832.85785 	  550.51695 	  819.59777 	  289.41899 	  473.11907 	 1429.83016 	  103.98976 	  527.54153 	 2642.55384 	 2470.42418 	 1007.66576 	  250.11186 	 
 582.41309 	 1003.92249 	 1440.90508 	  748.40823 	  934.88942 	  943.79134 	    0.00000 	  743.59101 	 1157.00836 	  276.77939 	  361.24778 	 1401.66523 	  399.84872 	 1070.62156 	  605.92329 	  478.29201 	 1296.70119 	 1040.27185 	  981.31573 	 1266.72296 	  382.28103 	 1333.40109 	 1971.04570 	 1146.55587 	 1236.80313 	 
1270.96131 	 1279.55901 	 1799.57902 	  755.66709 	  811.42719 	 1454.66754 	  628.81573 	    0.00000 	 1391.43679 	  761.91081 	  685.39878 	  690.50666 	  793.97810 	 1766.86640 	  587.26254 	  964.30581 	 1434.70230 	 1990.30253 	  506.99543 	 1006.71102 	  934.38259 	  945.21491 	 1280.80333 	 1556.91187 	 1624.03838 	 
 538.96115 	  486.94672 	  682.80367 	  247.57662 	  294.60397 	   72.38282 	  785.89281 	 1027.83349 	    0.00000 	 1350.30313 	  448.87125 	 1647.94188 	  690.15586 	 1082.99103 	  374.85234 	  979.11432 	  359.79403 	  475.05379 	 1653.68044 	  240.84359 	  461.97269 	 2463.75639 	 1784.73612 	  720.10647 	  436.38706 	 
 895.82120 	 1460.96904 	 1299.50593 	  790.51347 	  803.46294 	  922.25734 	  232.84306 	  908.70517 	 1204.28791 	    0.00000 	  701.41836 	 1211.34784 	  498.94961 	  737.72287 	  799.56577 	  346.50033 	 1127.18347 	 1214.22053 	 1082.32648 	 1419.39538 	  710.62139 	 1726.81543 	 1808.56498 	  869.33542 	 1455.25217 	 
 604.57231 	 1057.87975 	 1114.20842 	  347.63947 	  449.11255 	  846.95033 	  449.06381 	  656.48112 	  480.01054 	  800.51481 	    0.00000 	 1066.34515 	  477.23603 	 1307.70521 	  510.47890 	  792.09521 	 1235.75726 	 1064.04085 	 1213.30374 	  698.30277 	  161.39058 	 1550.91835 	 1676.48623 	  917.56430 	  694.89994 	 
1678.61799 	 2731.59940 	 2392.07688 	 1276.49681 	 1912.59342 	 2412.03265 	  989.44161 	  923.63471 	 1988.07228 	 1006.52808 	 1058.72678 	    0.00000 	 1803.72868 	 1700.70364 	 1428.90160 	 1804.84936 	 2842.80113 	 1748.93076 	  401.00416 	 1771.80817 	 1431.87950 	  290.75833 	  756.12707 	 2002.55696 	 2634.95971 	 
 294.15017 	 1008.91146 	 1119.78073 	  375.50482 	  304.97450 	  463.56153 	  324.44742 	 1064.87525 	  642.06879 	  396.97331 	  431.37777 	 1609.48609 	    0.00000 	  722.96421 	  819.62815 	  327.47406 	  739.03047 	 1041.74989 	  940.70363 	  806.44506 	  233.29418 	 1808.07544 	 2071.26848 	  856.66956 	  670.58952 	 
 722.98641 	  827.28830 	 1285.17272 	  928.86443 	 1194.30987 	  902.89008 	  877.49096 	 1563.69609 	 1158.53617 	  869.66699 	 1605.11042 	 2385.36109 	  740.92974 	    0.00000 	 1775.02519 	  558.14429 	 1381.12911 	 1016.69556 	 2001.55188 	  928.62365 	 1246.76722 	 2917.82784 	 2634.32465 	  215.76775 	  779.33168 	 
1052.86512 	 1213.82831 	 1142.97479 	  242.39354 	  556.36811 	  712.13122 	  624.48036 	  873.22339 	  375.07407 	  958.31169 	  372.97730 	 1155.99271 	  639.94816 	 1924.62039 	    0.00000 	 1069.07592 	  782.16484 	  995.40434 	 1072.76569 	  769.12812 	  492.40793 	 1747.60838 	 1696.04166 	 1300.36736 	 1125.18876 	 
 405.66747 	 1046.67690 	 1086.71894 	 1038.47769 	  777.61225 	  902.20930 	  375.30383 	 1096.19344 	 1027.79238 	  219.50381 	  704.88418 	 1345.09684 	  367.34810 	  489.10989 	 1030.19252 	    0.00000 	 1320.93748 	  892.10317 	  974.60763 	  670.63529 	  485.71786 	 2468.26731 	 2619.16096 	  623.55435 	 1142.58119 	 
 807.29791 	  149.56728 	  136.93770 	  700.44827 	  747.93736 	  476.97879 	  962.10000 	 2106.23412 	  490.87453 	 1820.66504 	 1340.81897 	 2277.97452 	 1047.87551 	  859.92172 	 1245.49479 	 1223.62781 	    0.00000 	   65.36866 	 1549.26664 	  294.37811 	  901.99836 	 2501.15356 	 2510.38354 	  839.03603 	  229.04876 	 
 485.64096 	   81.10363 	  264.04216 	  758.25855 	  412.13427 	  396.34425 	 1457.51853 	 1313.67952 	  487.38298 	 1324.11969 	  967.09464 	 2923.61934 	 1115.46595 	  930.62898 	  763.33766 	 1072.06963 	  100.94839 	    0.00000 	 2181.24243 	  207.51096 	  902.33833 	 2392.14167 	 2258.75298 	  907.71905 	   99.83368 	 
1332.43947 	 2286.39985 	 2962.35944 	 1113.63801 	 1333.14963 	 2051.07185 	  963.40688 	  695.33348 	 1823.66970 	  802.94998 	  997.95176 	  260.54305 	 1132.61784 	 1397.25591 	 1320.95311 	 1128.29423 	 2231.25681 	 2630.86197 	    0.00000 	 1509.79902 	 1143.54782 	  766.82813 	 1428.45736 	 1706.61592 	 2188.70599 	 
 679.06948 	  194.35741 	  471.04598 	  451.73270 	  248.34302 	   97.72038 	 1263.66124 	 1039.41350 	  176.08824 	 1190.18425 	  889.67533 	 2335.22656 	  600.91061 	  901.01628 	  674.60542 	  837.40519 	  379.32359 	  330.03654 	 2248.49191 	    0.00000 	  709.36893 	 2602.90558 	 2290.23307 	  796.06573 	  168.75612 	 
 473.41203 	  846.55088 	 1127.40452 	  258.54730 	  224.34771 	  534.25540 	  631.73324 	  557.80944 	  482.11926 	  731.82228 	  194.79161 	 1361.64229 	  183.93873 	 1331.41502 	  351.79099 	  614.68679 	  684.69001 	  713.52347 	 1285.80824 	  494.96791 	    0.00000 	 1963.91686 	 2001.84331 	  737.49479 	  893.26888 	 
2466.92026 	 2250.43894 	 3285.31185 	 2022.76095 	 1455.91018 	 1979.98325 	 1456.57482 	 1242.28758 	 1906.01209 	 2104.20015 	 1557.62142 	  323.83645 	 1924.80522 	 2816.95164 	 1643.79637 	 1342.92813 	 1951.67425 	 3242.62324 	  822.07778 	 2048.45995 	 1953.63001 	    0.00000 	  704.83802 	 2451.50492 	 3099.20408 	 
2695.80051 	 2308.87374 	 2010.46272 	 2248.53773 	 1585.02305 	 1638.80667 	 1540.24815 	 1172.50411 	 2457.74513 	 2071.20940 	 1571.40403 	  871.66199 	 1327.74290 	 2013.64349 	 1611.07920 	 2528.23690 	 2642.37720 	 3024.51732 	 1366.56542 	 1756.06520 	 2048.97533 	  550.75240 	    0.00000 	 2515.07603 	 2359.35011 	 
 428.24855 	  850.14590 	 1543.69184 	 1038.06074 	  659.43839 	  743.02198 	 1002.61426 	 1265.79003 	  869.13395 	  962.28458 	  867.26335 	 2727.98618 	  550.52637 	  216.66922 	 1399.01918 	  475.99342 	 1054.85008 	 1037.83889 	 2245.97141 	  977.83693 	  674.92447 	 1978.58906 	 2676.42948 	    0.00000 	 1039.33541 	 
 576.59013 	   37.67281 	  403.75227 	  614.93119 	  372.15466 	  226.46221 	 1005.51324 	 1611.56716 	  388.48260 	 1221.77634 	  979.31416 	 1666.40335 	  556.26390 	  761.61130 	  973.33117 	  910.10838 	  192.85942 	  153.45350 	 1608.50792 	  152.98488 	  757.98077 	 2026.39425 	 2107.83069 	  833.36682 	    0.00000 	 
   0.00000 	 5859.40047 	 7333.64079 	 22656.21123 	 4470.07663 	 7148.07679 	 10838.88860 	 2385.40112 	 9628.73999 	 5934.29935 	 4153.93806 	 8907.69019 	 12575.41942 	 27677.46720 	 3055.96682 	 7954.74153 	 58829.18207 	 14671.41224 	 1744.50744 	 5986.65368 	 4723.63762 	 7769.23569 	 2182.64483 	 13637.89924 	 19556.34356 	 
4910.55146 	    0.00000 	 16060.83227 	 11972.91813 	 2346.62009 	 4441.38692 	 3610.20649 	 4065.72418 	 8231.92306 	 4979.91450 	 2404.05015 	 7973.90970 	  915.31439 	 8525.17197 	 1225.10893 	 4829.48448 	 27566.80957 	 5454.56541 	  960.18581 	 7001.38458 	 3041.48816 	 7056.40792 	 3226.60388 	 1874.37800 	  516.43312 	 
8947.19032 	 16152.23731 	    0.00000 	 35601.00345 	 5822.78237 	 11885.82968 	 7078.29330 	 4672.22607 	 11784.21956 	 5210.10981 	 2471.73555 	 28708.18047 	 2189.93433 	 26325.52979 	 7503.12528 	 4271.18252 	 252557.97709 	 31207.04007 	 2451.12339 	 12152.35655 	 6117.68637 	 20440.57623 	 3200.70020 	 5759.96831 	 36889.32693 	 
25716.42003 	 15286.32505 	 42511.52573 	    0.00000 	 23542.88509 	 32946.19655 	 15054.08253 	 32889.82192 	 44682.83050 	 16426.78947 	 36845.85985 	 81038.48032 	 15512.75813 	 49331.28021 	 65443.45420 	 13821.26476 	 160873.06337 	 41477.05155 	 12362.92248 	 21931.02766 	 46413.42738 	 26805.10706 	 16871.71355 	 15378.14981 	 35526.07595 	 
5878.04685 	 2575.88939 	 4421.94921 	 15472.83271 	    0.00000 	 5749.32517 	 4013.38819 	 1560.33798 	 5547.71240 	 2112.85190 	 1872.70372 	 5351.65304 	 1844.81578 	 8435.28962 	 1738.74740 	 1677.33786 	 30193.34931 	 6744.90021 	 1043.79382 	 5272.25647 	 6537.23987 	 2663.70745 	  880.30985 	 5885.77208 	 6767.80480 	 
4562.04568 	 5807.23415 	 10364.11696 	 31200.64080 	 7249.33910 	    0.00000 	 4752.14953 	 2872.90307 	 9147.13944 	 3346.17174 	 3276.81047 	 12071.94087 	 1814.04002 	 15060.56702 	 5426.99536 	 1592.75407 	 76861.40605 	 19497.67352 	 2393.71866 	 4356.74494 	 9300.96110 	 6252.11003 	 1536.40902 	 5403.75403 	 15042.74942 	 
14642.31789 	 3554.50210 	 4479.86187 	 21574.01956 	 2797.13640 	 4796.88916 	    0.00000 	 10849.01036 	 8410.84773 	 43973.78097 	 11354.41239 	 23057.63355 	 6882.80938 	 6723.56508 	 5843.73975 	 10856.24773 	 32854.81458 	 5816.69719 	 4345.20228 	 2545.17646 	 11189.77101 	 17109.52304 	 4966.12169 	 3152.19728 	 13509.62495 	 
2853.73892 	 2797.64211 	 7491.08927 	 26486.51740 	 1349.81182 	 3618.53220 	 9797.39086 	    0.00000 	 7072.52346 	 5091.96037 	 8525.66163 	 38549.26788 	 2110.62875 	 3353.05595 	 7755.56194 	 2606.89135 	 29194.22105 	 4893.97865 	 9473.36055 	 2963.74597 	 8348.45050 	 12925.88848 	 7534.89095 	 1116.83269 	 10832.60682 	 
6297.55048 	 5731.73042 	 20396.30092 	 60775.60165 	 6808.56774 	 12116.70463 	 4909.21314 	 4483.54801 	    0.00000 	 5717.10383 	 6304.56380 	 18610.92085 	 3775.09160 	 30471.91696 	 12865.85230 	 3237.21619 	 97467.82920 	 24739.19246 	 4915.74458 	 8227.69982 	 9304.89917 	 10645.40551 	 3642.55474 	 12981.71757 	 18379.10446 	 
5427.23875 	 4855.77343 	 5214.24565 	 18216.48592 	 2226.45820 	 3643.10868 	 27204.52102 	 6163.31672 	 4573.13228 	    0.00000 	 3319.58144 	 17780.94435 	 4778.53325 	 9752.94555 	 2561.55290 	 14914.27504 	 25376.40692 	 5400.40176 	 2064.67602 	 2692.55126 	 6007.79001 	 8414.50448 	 3474.93204 	 1907.24531 	 6793.26109 	 
3764.11518 	 2022.45940 	 3146.51813 	 23575.93890 	 2184.03468 	 3282.27018 	 7530.93989 	 11418.99120 	 6220.55121 	 3562.43608 	    0.00000 	 18346.56795 	 2170.20275 	 4127.60335 	 5600.95517 	 3169.80602 	 22235.07949 	 3130.93140 	 4180.78639 	 2370.25066 	 16984.46305 	 8313.86247 	 3126.03176 	 1431.13142 	 8729.63715 	 
11024.66738 	 7066.61194 	 17203.98272 	 81705.96295 	 7702.30127 	 12114.92540 	 35456.49164 	 38208.46100 	 25007.98311 	 14358.61133 	 18587.02075 	    0.00000 	 6059.87175 	 17453.23856 	 17410.44928 	 8212.75243 	 131588.78789 	 18392.29535 	 36041.28339 	 11389.28085 	 15772.40151 	 118196.47853 	 39820.90313 	 2999.99766 	 18872.51151 	 
10920.07328 	  886.80218 	 1961.63137 	 16062.31439 	 1904.35730 	 1693.63511 	 8106.43005 	 1920.18645 	 4945.42359 	 3199.34279 	 2886.25184 	 5812.21428 	    0.00000 	 3999.87355 	 1218.00942 	 7042.49840 	 12370.89234 	 3480.73067 	  887.35416 	 1592.39462 	 7929.75550 	 3165.80543 	 1195.18352 	 1109.97770 	 3477.39146 	 
17665.47180 	 6571.98685 	 28996.08549 	 49277.97940 	 5601.34586 	 15688.93757 	 8795.64781 	 3840.34951 	 25548.35659 	 7491.29908 	 3312.63766 	 12036.80037 	 4208.04388 	    0.00000 	 6552.22393 	 7016.02421 	 125891.77035 	 32516.07298 	 1495.84749 	 10156.38813 	 9905.23703 	 8474.08286 	 1607.07168 	 15131.78289 	 16289.35379 	 
4159.04338 	 1365.59814 	 5091.50244 	 39842.24986 	 2588.07878 	 4474.66219 	 4963.85424 	 9358.27395 	 9194.05423 	 2068.76450 	 6436.81599 	 21886.83011 	 1231.78434 	 6431.76087 	    0.00000 	 2568.37942 	 33472.45979 	 5849.84563 	 5680.53286 	 2606.28765 	 7969.90758 	 14496.46736 	 7166.68920 	 3078.22490 	 13711.88296 	 
7793.79746 	 4764.09492 	 4254.71593 	 18564.38584 	 1168.27264 	 2209.02568 	 14027.24205 	 2811.54851 	 3300.74004 	 15360.99161 	 3587.59825 	 9704.93081 	 5475.78111 	 7420.86022 	 2617.35378 	    0.00000 	 16277.84852 	 3829.60267 	  640.38872 	 1782.42720 	 5817.48043 	 8380.63378 	 1841.14671 	 3480.04517 	 6148.21671 	 
39242.83717 	 24741.91422 	 248070.15635 	 125081.08141 	 32422.53851 	 56967.35178 	 30976.21380 	 24315.45529 	 83292.58746 	 27546.58802 	 12349.03786 	 86687.64070 	 13411.22112 	 196557.52791 	 22358.23881 	 26482.45694 	    0.00000 	 7182.96553 	 9798.01911 	 68479.00448 	 29272.37914 	 88773.84394 	 12735.62285 	 33728.80335 	 139407.61594 	 
12177.82166 	 5867.52296 	 47226.81608 	 36426.64077 	 4451.67479 	 16708.02841 	 8122.71418 	 5413.06354 	 18492.09878 	 5514.98188 	 5326.32628 	 23064.18580 	 3808.11763 	 27479.19810 	 8283.58651 	 3398.83917 	 10903.39271 	    0.00000 	 2170.74018 	 33570.71741 	 6305.72126 	 19134.77252 	 3626.95760 	 7718.30305 	 15591.86942 	 
1510.63850 	  612.23445 	 2052.88620 	 15460.03562 	 1136.71720 	 3830.02691 	 5198.33846 	 9299.18283 	 4832.44287 	 1758.29373 	 3309.37810 	 40157.13421 	  715.13168 	 1323.78094 	 5655.39951 	  841.43631 	 9826.83619 	 3013.46998 	    0.00000 	 2302.67502 	 3569.65013 	 10248.05946 	 4331.80259 	  675.55788 	 3113.65879 	 
6815.74675 	 9067.02332 	 12989.72267 	 26829.18527 	 2981.67177 	 5589.61367 	 3380.01320 	 2884.15221 	 11162.01842 	 4227.40120 	 2808.51167 	 13844.78683 	 1036.30257 	 17508.00473 	 2083.23126 	 2250.98793 	 53020.29056 	 32484.89973 	 2028.10546 	    0.00000 	 6030.11897 	 5295.54513 	 2181.18597 	 4511.26595 	 13304.58435 	 
5755.66459 	 4713.30712 	 8086.98915 	 30086.36320 	 5869.10188 	 8073.63737 	 9855.22784 	 7759.13578 	 15419.03363 	 8176.91165 	 16139.81869 	 19170.58305 	 6069.83168 	 10282.33811 	 6213.36057 	 4621.07921 	 32002.74314 	 5874.24324 	 3705.82909 	 6198.73629 	    0.00000 	 10283.55811 	 4033.92203 	 3111.32550 	 8472.93428 	 
6072.01686 	 5894.75933 	 12031.97838 	 35347.12250 	 2941.25554 	 4801.11379 	 15244.46358 	 17172.81611 	 13900.72523 	 8939.15864 	 10287.81344 	 104528.04616 	 2667.82801 	 6125.60389 	 12265.79256 	 7935.90898 	 62665.63034 	 17812.75416 	 8168.06616 	 8545.72638 	 7166.78720 	    0.00000 	 45606.26464 	 2905.59150 	 23125.67607 	 
2723.73194 	 3510.23331 	 5016.68040 	 10141.51937 	 1089.47681 	 2228.50263 	 4468.72506 	 7180.57687 	 4822.72857 	 3146.94288 	 2829.08619 	 40773.36755 	  818.80098 	 1455.06584 	 6922.17558 	 1602.86122 	 12991.96367 	 5209.08645 	 4157.50501 	 2572.81143 	 2793.91272 	 26444.98186 	    0.00000 	 1010.09164 	 5608.69486 	 
13593.00334 	 1515.39215 	 10339.62791 	 14148.54586 	 5375.95465 	 5147.70826 	 2806.17144 	 1370.80367 	 14231.72066 	 2449.34371 	 1755.67429 	 3869.98219 	 1224.45504 	 14514.14330 	 3966.62758 	 4485.20285 	 24432.91820 	 7493.65628 	  499.79578 	 6263.99739 	 3967.40463 	 2283.63092 	 1134.64476 	    0.00000 	 7195.77221 	 
12229.46774 	  403.34531 	 48115.91331 	 32777.82345 	 5037.50930 	 16944.53200 	 8906.34399 	 9851.64221 	 15933.31468 	 5803.35432 	 7900.99179 	 21446.28004 	 4652.57683 	 24582.64125 	 15241.08184 	 5085.73543 	 177849.49686 	 14305.84630 	 4029.95325 	 11577.26968 	 8763.66510 	 19216.43305 	 6401.48003 	 7229.03017 	    0.00000 	 
   0.00000 	  617.51239 	  748.43695 	  621.28548 	  397.91454 	  689.76217 	  765.04479 	 1470.90211 	  643.17099 	  775.97548 	  690.79698 	 2500.52680 	  399.46554 	  450.44577 	 1067.43130 	  493.76681 	  588.49346 	  474.57853 	 2062.32962 	  568.31530 	  460.37447 	 1912.36353 	 2575.48309 	  289.08408 	  680.48331 	 
 600.35475 	    0.00000 	  332.01078 	  674.78508 	  385.31786 	  254.97101 	 1288.76977 	 1868.14185 	  367.51055 	 1398.34027 	 1193.74444 	 1708.61763 	  844.48531 	  692.95602 	 1006.31052 	 1104.36700 	  204.00370 	   90.44432 	 2003.66944 	  173.01112 	  525.31353 	 1865.12262 	 1920.58146 	  927.36706 	   43.15260 	 
 998.11090 	  278.97717 	    0.00000 	  732.35108 	  638.75588 	  590.75244 	 1291.92563 	 1429.56196 	  560.89001 	 2051.82669 	 1189.38276 	 3266.47531 	 1426.82866 	 1208.04858 	 1279.29731 	 1773.26820 	  195.58721 	  273.98448 	 2045.69694 	  527.66202 	 1352.82984 	 2208.17675 	 3241.53259 	 1268.55700 	  462.52100 	 
 497.51479 	  595.76490 	 1040.32997 	    0.00000 	  222.65814 	  392.97794 	  612.83741 	  846.69646 	  289.79879 	 1168.20394 	  439.06546 	 2011.31258 	  399.13949 	 1232.61062 	  352.48728 	  809.07773 	  511.82772 	  480.82317 	 1475.29149 	  456.27493 	  264.00909 	 1860.79649 	 1486.41902 	 1046.74187 	  419.28759 	 
 465.50821 	  463.09789 	  671.41962 	  239.34071 	    0.00000 	  205.01456 	  740.84417 	  877.71606 	  225.82913 	  713.98221 	  376.55624 	 1830.64307 	  491.23004 	  958.36614 	  749.03529 	  772.22903 	  736.36186 	  373.24202 	 1910.71043 	  323.41789 	  308.20406 	 2197.50155 	 1384.73968 	  842.02997 	  412.30606 	 
 672.04369 	  399.17203 	  547.16148 	  228.74294 	  226.43164 	    0.00000 	  939.54859 	 1065.83366 	   93.11610 	  964.32161 	  687.03269 	 2165.03914 	  589.39335 	 1254.76116 	  794.02104 	  650.34423 	  526.52327 	  356.21252 	 1972.59644 	   77.19585 	  626.51701 	 1661.96593 	 1741.99551 	 1020.75309 	  356.18367 	 
 794.46696 	 1155.64273 	 1128.26790 	  858.77452 	  816.95231 	 1102.91337 	    0.00000 	  684.97048 	 1065.26255 	  170.67358 	  576.70192 	 1384.59961 	  356.52451 	 1401.24513 	 1025.68242 	  479.72149 	 1314.99063 	 1575.01545 	  968.46499 	  829.53778 	  497.10861 	 1197.44590 	 1932.61315 	 1011.29606 	 1458.05644 	 
1356.79980 	 1129.64212 	 1960.73543 	 1029.12663 	  759.38737 	 1290.56315 	  504.28378 	    0.00000 	 1359.24249 	  920.84100 	  549.45090 	  837.59910 	  728.99141 	 2171.71393 	  820.48751 	  947.20785 	 2107.37724 	 1331.92823 	  429.63178 	 1554.42806 	  933.04183 	  847.39543 	 1200.03539 	 1570.96055 	 1790.78606 	 
 724.88006 	  384.40615 	  510.37870 	  296.51995 	  238.23921 	   84.44619 	  881.06449 	 1419.17236 	    0.00000 	  887.98153 	  589.09505 	 1541.40100 	  612.02253 	  820.17244 	  517.29375 	  933.92791 	  561.31944 	  349.08984 	 1865.10463 	  226.33341 	  379.25889 	 2005.24920 	 1539.93216 	 1093.63269 	  341.16009 	 
 892.87564 	  977.75257 	 1744.13639 	  946.07580 	  616.45715 	 1073.70458 	  183.99190 	  917.15150 	 1232.53511 	    0.00000 	  694.25187 	 1294.24673 	  554.92189 	  938.52168 	 1129.18491 	  259.86942 	 1127.55848 	 1017.32913 	  962.70469 	 1121.97110 	  531.92362 	 2018.02399 	 2282.80889 	  861.71774 	 1003.77013 	 
 506.92583 	  706.85672 	 1490.70862 	  363.95714 	  489.65030 	  830.59510 	  517.27204 	  638.98411 	  786.78727 	  625.39750 	    0.00000 	 1349.11468 	  385.63339 	  917.13583 	  445.23206 	  584.83305 	 1116.60976 	 1020.40825 	 1284.15734 	  603.68976 	  225.72868 	 1690.70272 	 1803.50462 	  994.47595 	  777.06239 	 
1541.68833 	 2419.04614 	 3314.13377 	 2127.42863 	 1639.28725 	 2231.44377 	 1538.91075 	 1057.67624 	 2447.99294 	 1167.76772 	 1336.90935 	    0.00000 	 1876.04667 	 1641.04292 	 1898.83918 	 2029.69675 	 3168.22630 	 2093.49657 	  308.57616 	 2579.37758 	 1652.75316 	  350.55144 	  729.29346 	 2458.32489 	 1846.05333 	 
 416.63863 	  577.45136 	 1355.38458 	  528.70026 	  345.37091 	  492.44362 	  461.24093 	  813.37883 	  444.36359 	  393.34406 	  282.48609 	 1633.56709 	    0.00000 	  927.08818 	  843.73179 	  303.41850 	  973.63610 	 1006.72767 	 1439.61285 	  576.46384 	  318.14730 	 1743.82758 	 2155.45922 	  634.99286 	  536.79602 	 
 472.43073 	 1087.87955 	 1022.17464 	  953.44730 	  819.50233 	  888.01505 	 1399.74215 	 2196.91892 	 1486.76641 	  803.18754 	 1267.08607 	 1874.42758 	 1070.44039 	    0.00000 	 1101.29253 	  687.52598 	  929.82055 	  789.15583 	 1644.28803 	  737.11675 	  854.19112 	 2673.34210 	 2509.51672 	  145.01532 	 1153.92095 	 
 961.49744 	 1069.11617 	  855.58868 	  438.29548 	  619.17558 	  523.70943 	  724.65866 	  583.86084 	  379.03256 	 1186.10012 	  357.05684 	 1882.57388 	  766.62569 	 1576.02646 	    0.00000 	 1106.55421 	 1005.00029 	  725.06007 	 1173.18988 	  579.69988 	  574.33701 	 1812.44855 	 1805.17681 	 1147.96132 	  937.47634 	 
 466.86335 	 1162.53913 	 1431.11321 	  722.45686 	  595.71957 	 1194.82181 	  459.87870 	 1299.15866 	  732.17460 	  224.45500 	  561.26896 	 1611.98442 	  409.13703 	  576.89043 	 1155.00194 	    0.00000 	  840.99725 	  964.33754 	 1513.17482 	  805.37226 	  564.12186 	 1667.98214 	 2027.58226 	  493.97027 	 1039.65222 	 
 893.72994 	  137.73758 	  205.32286 	  890.17673 	  557.90547 	  399.37097 	 1326.85273 	 1881.39256 	  545.71001 	 1754.87844 	  773.76083 	 2525.84262 	  794.13082 	  864.75860 	 1175.24462 	 1499.37119 	    0.00000 	   73.87472 	 1800.06402 	  300.05685 	  896.36690 	 2851.84370 	 1932.87984 	  896.59472 	  275.25675 	 
 806.99424 	   76.22454 	  219.71641 	  591.62667 	  498.89685 	  349.42982 	 1358.97392 	 1506.55277 	  483.78078 	  973.95892 	 1050.07712 	 2187.27568 	  847.75748 	 1169.06640 	  867.01218 	 1031.45208 	   75.42257 	    0.00000 	 2237.88075 	  195.91794 	  760.10861 	 1916.71900 	 2076.65997 	  841.91311 	  113.13919 	 
1244.91294 	 2461.58847 	 2562.21238 	 1549.94213 	 1839.52999 	 2137.60591 	  918.85383 	  714.67231 	 1454.37443 	 1224.36113 	 1241.18976 	  288.96244 	 1313.72037 	 2037.84485 	  948.40558 	 1093.13365 	 2786.43720 	 2101.70700 	    0.00000 	 1951.55606 	  999.53188 	  621.99683 	 1455.87299 	 1830.13089 	 2444.03239 	 
 431.55019 	  165.32445 	  371.65309 	  450.64044 	  203.96008 	   89.50927 	  859.81738 	 1647.18330 	  221.36027 	 1065.04657 	  764.39311 	 2058.02174 	  510.06435 	 1024.81600 	  716.27820 	  866.34581 	  413.52853 	  244.59766 	 1748.74067 	    0.00000 	  692.39975 	 2470.15285 	 2499.20789 	  862.17356 	  164.93358 	 
 440.17923 	  764.15141 	  753.67129 	  263.33420 	  220.11978 	  501.24747 	  476.61776 	  980.33180 	  353.51635 	  848.16191 	  212.41101 	 1224.56516 	  218.87006 	 1316.55017 	  556.19654 	  694.55406 	  733.91206 	 1020.63613 	 1008.46310 	  613.47776 	    0.00000 	 1291.23116 	 1245.76107 	  670.04336 	  886.83244 	 
1694.46778 	 2496.55327 	 2954.36436 	 1713.70197 	 2049.26169 	 2471.97108 	 1651.49357 	  836.70488 	 1934.36614 	 1559.23308 	 1388.00464 	  372.35302 	 1946.33100 	 3046.89889 	 1747.05124 	 1775.50231 	 2710.94224 	 2726.92683 	  810.79805 	 2291.23095 	 1244.20980 	    0.00000 	  557.66669 	 2620.47182 	 1731.93546 	 
2705.69291 	 2282.96546 	 2212.19638 	 1482.59361 	 1534.28997 	 2139.58028 	 1414.74017 	  871.99564 	 2299.57222 	 1999.21023 	 1632.54564 	  894.31487 	 2374.41217 	 2093.82671 	 1384.41906 	 1575.49508 	 2227.27865 	 2514.08569 	 1195.16177 	 1575.46770 	 2069.85751 	  707.91859 	    0.00000 	 1957.46575 	 2009.84413 	 
 318.79470 	  807.15079 	 1305.80277 	 1225.24293 	  889.07186 	 1038.11263 	  709.47974 	 1933.67217 	  931.99509 	  988.48714 	  874.11080 	 2077.51459 	  668.12972 	  145.92664 	  965.59899 	  391.35195 	 1044.51780 	  751.73211 	 1412.14938 	  759.55011 	 1102.48153 	 2014.79163 	 2314.76764 	    0.00000 	  606.40496 	 
 508.99519 	   37.17425 	  309.92669 	  595.54478 	  392.87563 	  299.46007 	 1151.87681 	 1314.66805 	  330.71883 	  845.92512 	  801.57955 	 1848.01483 	  636.42354 	  860.44156 	  648.40873 	  788.77976 	  249.63555 	  120.74240 	 1578.40428 	  159.35051 	  755.58939 	 2677.25197 	 1757.49334 	  573.99298 	    0.00000 	 
   0.00000 	 4570.63243 	 5917.33655 	 14335.34657 	 3318.55840 	 6934.83871 	 11780.05284 	 2248.74249 	 7987.23679 	 7816.41660 	 4314.18079 	 7385.27282 	 8342.33379 	 25066.25087 	 3984.21962 	 7869.96738 	 52145.51037 	 9465.27587 	 1765.17748 	 3945.59374 	 4750.27764 	 7587.29543 	 2373.90446 	 12940.52336 	 14335.62105 	 
5153.46361 	    0.00000 	 9730.57056 	 13551.39036 	 2462.43208 	 6141.97856 	 3678.59431 	 4138.81164 	 5220.09623 	 4514.25103 	 2969.41908 	 8479.88353 	 1218.55526 	 9033.16326 	 1224.74005 	 4675.78839 	 20031.62089 	 5543.38727 	  963.01270 	 8707.06455 	 3791.86736 	 9350.38526 	 4423.18165 	 2156.82463 	  544.44116 	 
7123.08105 	 14222.97657 	    0.00000 	 38125.65257 	 7338.13397 	 13794.06630 	 6809.00672 	 5131.76373 	 17496.91869 	 4119.18523 	 2891.97714 	 19605.65376 	 2082.66599 	 21313.67750 	 6557.09431 	 4019.00279 	 159689.31616 	 38578.67529 	 3750.40687 	 10687.88684 	 6484.26614 	 15110.68321 	 3817.05954 	 8980.98128 	 52493.26100 	 
18034.27020 	 11758.99847 	 32062.38582 	    0.00000 	 23944.90921 	 39945.70128 	 21791.74661 	 34022.89634 	 41900.90983 	 14669.36629 	 20529.72047 	 70830.28277 	 9602.52711 	 38283.93846 	 57651.85733 	 10518.01617 	 223935.75127 	 41572.22846 	 16098.43354 	 30428.12345 	 47879.17688 	 31360.49619 	 13761.45088 	 22682.76132 	 52696.63070 	 
4679.77304 	 4054.64691 	 7313.26528 	 14090.68739 	    0.00000 	 8418.04781 	 3716.77209 	 1301.92535 	 7206.57618 	 1871.09798 	 1795.48609 	 5355.63903 	 2126.08035 	 7318.81323 	 2542.64397 	 1409.84086 	 24343.21894 	 5461.41476 	 1165.66004 	 4749.49254 	 5371.06227 	 2843.27877 	 1223.35822 	 5951.05141 	 6402.36130 	 
4989.03112 	 6325.69429 	 11779.98143 	 42051.90857 	 7757.66152 	    0.00000 	 5190.88945 	 3789.79227 	 8255.17460 	 4103.98341 	 2925.71048 	 12576.66977 	 1549.18879 	 16375.64745 	 5718.29558 	 2171.14602 	 60705.93562 	 17764.37886 	 3303.88442 	 4020.17461 	 8954.10367 	 5372.28289 	 1933.02532 	 5160.68996 	 15345.70692 	 
12098.35754 	 3500.81391 	 7441.59350 	 26957.90844 	 2475.15140 	 5667.70261 	    0.00000 	 10712.58214 	 5267.77726 	 43685.40335 	 10832.32518 	 21045.58662 	 6963.50990 	 9918.11007 	 4249.84129 	 15969.50337 	 34170.40950 	 6911.65845 	 6855.75855 	 2734.29861 	 7589.39491 	 17002.27397 	 6201.37259 	 2094.58054 	 13137.09612 	 
2569.58273 	 2730.95481 	 4397.88568 	 25291.48307 	 1330.77517 	 4101.09194 	 9347.77386 	    0.00000 	 4676.77118 	 9038.22791 	 7761.78204 	 32781.06922 	 1475.81156 	 3092.50966 	 7827.67492 	 1974.47661 	 21815.02143 	 6022.18107 	 9614.60965 	 2694.44484 	 5743.06956 	 19174.88419 	 10263.24664 	  925.36227 	 8900.15994 	 
9182.47533 	 6959.03832 	 16410.92702 	 36599.78597 	 9288.19332 	 11498.63077 	 5773.33884 	 6535.08391 	    0.00000 	 4366.86393 	 5064.56147 	 20372.77699 	 4078.63247 	 29214.66943 	 9941.93552 	 4164.09247 	 93505.85402 	 20080.58875 	 4633.70195 	 10255.03982 	 9913.85300 	 14521.36388 	 4947.09429 	 9289.06590 	 16492.15614 	 
6670.06585 	 3391.89264 	 3130.58711 	 11644.29057 	 1663.39258 	 3943.60077 	 24703.61158 	 7966.24149 	 3953.07576 	    0.00000 	 3481.95158 	 15128.99027 	 2854.38331 	 10666.82365 	 2398.15745 	 14932.96410 	 26388.75837 	 6091.46615 	 1855.22542 	 3613.11564 	 5916.74297 	 7579.21610 	 3633.04119 	 2945.76163 	 4800.64169 	 
4529.69190 	 1822.62746 	 2773.40955 	 29181.73197 	 2019.96773 	 2752.22589 	 10080.56047 	 9369.98433 	 5309.75107 	 3625.98920 	    0.00000 	 11729.57710 	 3738.99559 	 2977.41026 	 7510.69845 	 2460.97646 	 15297.69751 	 5333.57031 	 2746.07068 	 2119.65178 	 20638.98262 	 7241.49726 	 2294.01846 	 1458.40060 	 8186.11171 	 
9668.22685 	 9320.25385 	 28431.88576 	 52151.76552 	 4203.43011 	 15779.16656 	 19212.93928 	 22800.55458 	 18204.10614 	 19182.19453 	 16394.68574 	    0.00000 	 4643.35102 	 11293.73478 	 21973.84570 	 10829.81303 	 122924.38964 	 24286.44730 	 33576.84786 	 10892.14643 	 17819.01406 	 69485.82413 	 42316.20197 	 3942.32089 	 25666.05598 	 
12953.47727 	 1088.55064 	 2006.89594 	 15506.66064 	 1867.07994 	 1939.53799 	 7834.24940 	 1760.50117 	 4132.08162 	 2950.38833 	 2216.33384 	 6571.03079 	    0.00000 	 4041.30371 	 1041.86193 	 5428.70403 	 13266.28062 	 2262.51971 	  769.49290 	 1247.66793 	 6496.74997 	 2910.58010 	  944.95140 	 1379.00434 	 3794.73767 	 
22190.87128 	 8361.25079 	 20160.81358 	 43753.96653 	 9000.26875 	 11876.77861 	 7406.78140 	 2851.32301 	 18756.37134 	 9001.08151 	 4170.07118 	 18493.95822 	 2651.31803 	    0.00000 	 5096.72388 	 9513.87601 	 122125.52528 	 20131.81772 	 1349.76514 	 14220.34019 	 10565.90399 	 8450.13610 	 1879.69038 	 25435.56346 	 21641.76654 	 
3987.38138 	 1373.15291 	 6479.49826 	 63250.32391 	 1708.67011 	 4288.77584 	 3656.99648 	 6520.48541 	 7632.99008 	 3246.11068 	 9079.18871 	 17287.90498 	 1091.94891 	 4139.67561 	    0.00000 	 2553.52702 	 26195.38985 	 6004.43592 	 6275.00546 	 2394.12796 	 7803.33812 	 14852.27051 	 5568.43625 	 2467.72381 	 12703.14008 	 
7669.46856 	 4107.65247 	 4341.69313 	 17399.50862 	 1291.84313 	 1897.47644 	 14217.27883 	 2244.55680 	 5046.16513 	 25171.88514 	 2693.09245 	 7559.91680 	 5435.76650 	 12276.83456 	 1572.86755 	    0.00000 	 18873.72138 	 3687.15978 	  799.15137 	 1898.47416 	 5670.50740 	 4597.14878 	 1630.52876 	 3423.12421 	 4919.66230 	 
50836.46683 	 20241.14228 	 154106.56058 	 126460.15690 	 30260.66519 	 68651.75354 	 27395.14302 	 25822.64600 	 80507.67532 	 25791.16723 	 18869.62795 	 93291.66679 	 10764.36371 	 157481.84963 	 28071.16767 	 15992.08188 	    0.00000 	 7828.65016 	 11607.27879 	 57418.55184 	 43228.56479 	 80274.58278 	 13575.84344 	 22844.96745 	 167150.41750 	 
8757.92744 	 5921.58445 	 47336.14545 	 46731.18728 	 4910.36017 	 12283.90031 	 9161.12790 	 5787.28686 	 23671.73247 	 4192.22662 	 5770.63018 	 22443.03175 	 3864.07078 	 29433.02004 	 8102.62627 	 4753.56909 	 9411.61668 	    0.00000 	 3487.54363 	 27398.70710 	 5881.72548 	 13881.37041 	 3987.27882 	 5170.61444 	 13834.15571 	 
1049.12992 	  773.98660 	 3089.85642 	 14913.71878 	 1050.23246 	 2864.08380 	 6357.21281 	 10366.97160 	 5286.31788 	 2654.67943 	 3009.63974 	 34964.65807 	  731.55548 	  849.99074 	 4236.15912 	  935.93223 	 12457.62514 	 3456.44946 	    0.00000 	 1935.53120 	 4298.89898 	 10120.33376 	 2494.05119 	  601.05072 	 3534.19462 	 
6421.86365 	 9742.15281 	 11614.03265 	 32703.68602 	 3958.98835 	 4713.61912 	 2187.39734 	 2846.94207 	 10777.64039 	 4460.28108 	 2549.65860 	 13587.25531 	 1554.42379 	 16607.09409 	 2571.33596 	 1471.53712 	 49025.16576 	 39220.64721 	 2002.26151 	    0.00000 	 5330.66080 	 6204.61743 	 2776.15907 	 4826.64006 	 11073.58114 	 
5368.89158 	 3499.02963 	 7800.72546 	 43492.71265 	 6286.85935 	 7577.64975 	 11873.59077 	 8957.29647 	 9620.14754 	 5553.54976 	 17004.10360 	 20726.85295 	 5352.77442 	 8701.42982 	 9954.01806 	 4488.73717 	 36394.01000 	 9416.62161 	 3215.53196 	 4373.67800 	    0.00000 	 7158.06328 	 3976.04222 	 4302.55313 	 8726.95053 	 
5204.98027 	 6814.41435 	 14996.53756 	 28901.18552 	 2454.06839 	 6962.65324 	 15096.27258 	 16546.76288 	 15481.93590 	 9675.33302 	 10368.15621 	 104374.13492 	 2630.97047 	 6978.13665 	 10685.64191 	 7536.80513 	 72715.46200 	 12720.00847 	 13636.17118 	 5942.16824 	 12764.24794 	    0.00000 	 34178.68355 	 2020.68882 	 25105.95749 	 
3051.18721 	 2862.12938 	 3940.40138 	 12333.31942 	  831.47160 	 2348.07322 	 5614.91890 	 8182.36509 	 2969.36866 	 2546.45871 	 3797.50788 	 24533.68115 	  828.92576 	 1871.24098 	 6959.30010 	 1793.39609 	 12865.15661 	 4635.36635 	 2714.29280 	 2295.03651 	 2573.46155 	 25994.14001 	    0.00000 	 1147.02263 	 5641.38176 	 
11440.57863 	 1624.63672 	 8247.44321 	 22289.07928 	 4280.28115 	 7267.73954 	 3255.44994 	  895.81274 	 13790.74092 	 2083.65685 	 1840.42442 	 4704.00919 	 1754.92726 	 21034.76526 	 2567.59366 	 3350.31578 	 29620.02079 	 5126.82685 	  498.31037 	 6037.17483 	 3641.92260 	 3175.53510 	  838.63551 	    0.00000 	 7797.94420 	 
18302.16276 	  728.21933 	 46748.06973 	 50684.00004 	 5342.33874 	 15909.69896 	 13505.51148 	 6478.65749 	 14974.13399 	 6027.04472 	 8720.88826 	 20289.63913 	 5164.37078 	 22533.22123 	 10603.57286 	 4455.67375 	 125058.63639 	 15597.64525 	 4133.21257 	 13077.39456 	 10345.90748 	 25565.42288 	 4049.57405 	 6176.38339 	    0.00000 	 
   0.00000 	  561.42747 	 1205.96380 	  612.13670 	  413.39072 	  725.24858 	  595.07246 	 1423.57726 	  636.18746 	  874.35538 	  650.85989 	 1794.31014 	  422.40229 	  448.40468 	  828.42621 	  518.12591 	  635.20879 	  643.16960 	 1368.61739 	  677.62732 	  542.94048 	 1799.62639 	 1924.97136 	  504.85937 	  507.11212 	 
 641.11593 	    0.00000 	  352.73807 	  525.37992 	  339.00272 	  237.52436 	  968.51558 	 1157.10211 	  463.55145 	 1121.59558 	  934.92195 	 1942.58778 	  791.68704 	  779.54990 	 1118.43448 	 1018.83659 	  156.35803 	   97.92626 	 1643.00610 	  152.14510 	  853.35526 	 2665.19786 	 1991.49476 	 1004.08299 	   29.23219 	 
 730.97612 	  275.88779 	    0.00000 	  622.59638 	  877.62469 	  560.60225 	 1213.27651 	 1890.67104 	  665.87345 	 1170.32418 	 1034.47671 	 2142.97493 	  799.19405 	  898.48326 	  847.22601 	 1092.29575 	  161.56267 	  268.61215 	 1985.38435 	  614.55085 	 1046.10749 	 3039.80112 	 3089.28695 	 1422.45323 	  398.43747 	 
 724.70302 	  763.75713 	  871.13877 	    0.00000 	  249.05434 	  327.77563 	  724.82914 	  786.45168 	  222.54332 	 1184.07990 	  362.51746 	 1219.79597 	  400.11800 	  932.94074 	  288.58493 	  916.00488 	  787.04443 	  571.25174 	 1268.60798 	  510.87382 	  218.38784 	 2221.85540 	 2183.86022 	 1253.83531 	  415.38704 	 
 364.33429 	  381.03918 	  899.14883 	  295.09608 	    0.00000 	  162.30573 	  639.75668 	  998.93231 	  169.11249 	 1060.65315 	  468.94127 	 2141.30782 	  314.51181 	  726.74722 	  602.62172 	  895.83127 	  706.34564 	  365.68866 	 1476.47941 	  197.30653 	  361.12332 	 2151.30555 	 2198.42695 	  640.82655 	  440.47024 	 
 611.96575 	  275.68483 	  605.18824 	  321.22209 	  216.70449 	    0.00000 	  897.90887 	 1215.02697 	  111.29482 	  869.53505 	  898.77706 	 1911.80869 	  507.62519 	 1209.95084 	  441.35662 	 1038.14405 	  403.87296 	  458.63879 	 2026.50768 	  108.69054 	  351.47167 	 1813.27194 	 2308.86586 	 1028.98716 	  361.54116 	 
 680.89884 	 1433.16098 	 1446.25837 	  888.28144 	  982.46318 	  838.68166 	    0.00000 	  590.71137 	  777.64000 	  166.94688 	  503.25200 	 1215.02094 	  479.82702 	 1106.76601 	 1031.46617 	  529.84188 	 1471.25811 	 1567.74805 	  664.17204 	 1029.24209 	  655.81931 	 1723.48154 	 1197.93244 	 1058.48686 	 1058.74588 	 
1460.65475 	 1180.25406 	 1640.38521 	  811.57441 	 1231.02378 	 1132.95241 	  645.15831 	    0.00000 	 1416.78411 	  710.13140 	  509.73801 	  929.20007 	 1056.11110 	 1934.70173 	  743.16010 	  860.73948 	 1812.42902 	 1333.76937 	  537.66137 	 1518.92337 	  731.59861 	 1066.17000 	  773.23408 	 1471.13742 	 1756.84167 	 
 664.98359 	  401.09553 	  671.75114 	  176.29055 	  273.87201 	  105.12407 	  936.45923 	 1452.85253 	    0.00000 	 1111.98905 	  724.48321 	 2014.31462 	  703.22785 	 1353.56442 	  501.15378 	  995.67477 	  365.74591 	  350.07307 	 1683.79340 	  206.75232 	  359.59364 	 1462.96678 	 1955.37029 	 1208.11077 	  310.52627 	 
 784.79125 	 1356.16361 	 1467.04615 	 1205.27655 	 1101.55474 	 1431.33261 	  238.52933 	 1110.10692 	 1145.24611 	    0.00000 	  489.38773 	 1435.42398 	  467.33091 	 1026.02967 	 1294.12808 	  222.95194 	 1237.13832 	 1463.75948 	 1182.70544 	  974.30845 	  698.98738 	 1607.26754 	 1462.97019 	  730.60446 	 1183.66766 	 
 523.80333 	  966.60330 	 1351.28590 	  514.72696 	  560.98475 	  880.90522 	  356.28753 	  463.00111 	  730.33232 	  594.68143 	    0.00000 	 1013.12846 	  386.40383 	 1576.87956 	  369.06297 	  730.99070 	  881.82055 	 1005.11973 	  746.12085 	  548.08109 	  213.34847 	 1466.92336 	 1529.66805 	 1108.63742 	  983.06649 	 
2050.53138 	 1735.74109 	 3151.90562 	 1732.91059 	 1481.60382 	 2322.41276 	  978.47634 	  882.62662 	 1901.28540 	 1566.26428 	 1664.32468 	    0.00000 	 1285.63674 	 2331.32075 	 1677.53315 	 1771.26390 	 2495.82182 	 2602.69408 	  274.06954 	 1660.16969 	 1641.76877 	  331.22690 	  802.21855 	 2438.28667 	 2488.49724 	 
 313.44101 	  802.89622 	 1098.86671 	  480.19049 	  354.57345 	  667.10304 	  456.60045 	  681.20643 	  592.41725 	  361.89253 	  308.47262 	 1266.74242 	    0.00000 	  618.61588 	  712.94243 	  331.16451 	 1184.92207 	  712.10221 	 1145.70808 	  598.34785 	  238.01657 	 1449.92146 	 2066.94862 	  752.60516 	  914.97932 	 
 429.42778 	  804.83455 	 1379.57439 	 1498.47783 	  675.68181 	 1058.58062 	  969.61988 	 1674.99040 	 1162.51340 	  976.35696 	 1419.18854 	 1802.44881 	 1085.73126 	    0.00000 	 1246.21285 	  599.83548 	  858.74221 	 1126.20441 	 1496.57646 	  762.37638 	 1105.86871 	 1990.16022 	 1937.93112 	  196.66816 	 1191.45653 	 
 981.45488 	  934.50076 	  958.91821 	  407.54518 	  761.32453 	  624.18566 	  886.18990 	  565.22418 	  558.10134 	 1284.82206 	  427.13902 	 1245.94150 	  775.48521 	 1611.95454 	    0.00000 	  882.32256 	 1034.56757 	 1118.92593 	 1058.42209 	  648.56979 	  564.22587 	 1599.53556 	 1402.65884 	 1530.69898 	  912.97075 	 
 447.96305 	  970.75259 	 1191.49857 	  673.80694 	  656.64648 	 1059.67727 	  367.73114 	 1024.15661 	 1138.07829 	  238.35443 	  829.06157 	 1694.71026 	  248.65170 	  637.23087 	  770.37192 	    0.00000 	 1299.94417 	 1053.18678 	 1078.33415 	 1136.60161 	  755.69395 	 2355.66050 	 1761.01483 	  419.66322 	  814.62882 	 
 982.19124 	  135.12959 	  242.78117 	  738.38935 	  636.73268 	  466.64117 	 1666.99712 	 1998.28835 	  372.19432 	 1182.60518 	 1101.20102 	 2429.37218 	 1029.68415 	 1205.48624 	 1035.83008 	 1425.68934 	    0.00000 	  103.70089 	 1653.35332 	  230.88340 	  667.84508 	 2899.69237 	 2893.76208 	  932.09437 	  187.86007 	 
 773.66742 	  124.89524 	  343.47840 	  710.24911 	  598.82898 	  417.37450 	 1122.65952 	 1338.82371 	  544.31970 	 1092.70933 	 1063.67223 	 2028.99551 	  709.16564 	 1310.94817 	 1037.46823 	  917.07914 	   84.97907 	    0.00000 	 2545.15506 	  206.03528 	 1053.77360 	 2474.17572 	 2445.81888 	  832.87547 	  143.53081 	 
1452.75432 	 2222.37933 	 1945.13223 	 1725.92625 	 1284.40769 	 1944.79480 	 1047.92857 	  692.95911 	 1760.10541 	 1201.08007 	  855.82788 	  262.66729 	 1418.27277 	 1816.70937 	 1653.30332 	 1089.45244 	 2782.42896 	 2170.25883 	    0.00000 	 1645.85303 	 1402.92104 	  654.04919 	  791.77802 	 2278.48850 	 2098.42576 	 
 430.51514 	  175.83583 	  574.61292 	  361.92424 	  269.48754 	  125.22224 	 1134.70659 	 1128.77529 	  255.97367 	  788.12120 	  993.25280 	 1871.29329 	  501.45276 	 1175.27972 	  898.25844 	  825.94968 	  424.64397 	  191.76017 	 1646.67009 	    0.00000 	  550.23821 	 2142.66994 	 2447.62379 	  842.03298 	  193.57179 	 
 446.64702 	  750.01598 	 1144.84798 	  279.92689 	  358.72115 	  559.11075 	  609.39726 	  649.96058 	  460.05037 	  854.26367 	  283.53417 	 1804.69307 	  287.34631 	  956.05066 	  521.36646 	  572.30839 	  781.92936 	 1004.77397 	  998.26987 	  679.55390 	    0.00000 	 1884.39047 	 1349.67152 	  638.06315 	  533.02902 	 
2616.77212 	 2749.56948 	 3330.20391 	 1319.86204 	 2355.78954 	 1582.76146 	 1709.68822 	  932.22713 	 2668.68678 	 1196.20335 	 1319.32174 	  418.22725 	 1316.41331 	 2236.43391 	 1256.19488 	 1985.91830 	 2469.26347 	 2298.14250 	  818.89592 	 2664.80812 	 1901.69588 	    0.00000 	  750.59466 	 2026.97680 	 1930.00106 	 
1811.98678 	 2552.16385 	 2607.07345 	 2053.58992 	 2504.41825 	 2031.31527 	 1412.23960 	  879.29196 	 1888.30656 	 1935.30231 	 1494.18197 	  861.45495 	 1339.88331 	 3221.32702 	 1286.26969 	 2127.78223 	 2641.72633 	 1769.81761 	  902.36198 	 2039.99172 	 1715.96491 	  504.65568 	    0.00000 	 2175.33277 	 2969.68816 	 
 413.01086 	  961.70019 	  894.61712 	 1148.33734 	  767.60071 	 1174.51063 	 1061.07896 	 1803.51628 	 1184.11632 	  782.11939 	 1063.58093 	 1768.13820 	  723.99971 	  227.38326 	 1296.90332 	  636.34757 	  968.25586 	 1057.78879 	 1980.12709 	  655.02941 	 1034.15205 	 2504.06043 	 1808.21243 	    0.00000 	  874.93524 	 
 543.64260 	   42.90646 	  464.98486 	  723.27355 	  435.52837 	  273.92968 	 1464.99552 	 1125.57933 	  482.98952 	 1488.66550 	  722.89128 	 1975.11675 	  587.48319 	 1101.39052 	  895.52907 	 1216.87660 	  211.16968 	   98.12142 	 2022.55989 	  158.33928 	  818.59975 	 2715.73543 	 2004.12510 	  733.73276 	    0.00000 	 
   0.00000 	 5104.41958 	 5616.85302 	 15143.52671 	 4194.99211 	 4892.99145 	 8322.14039 	 2198.40938 	 7249.78449 	 5579.96748 	 4326.11713 	 6864.12558 	 7106.74282 	 27030.60859 	 3466.84251 	 11746.18735 	 39981.17119 	 11940.88081 	 1676.66384 	 3875.04195 	 5179.80507 	 5339.88353 	 3272.03134 	 9312.19354 	 20887.02064 	 
5019.43215 	    0.00000 	 10556.52887 	 14594.75137 	 2383.48153 	 7176.05259 	 5027.62934 	 2984.75830 	 8054.58158 	 3100.78497 	 2579.45460 	 10287.28808 	 1338.80039 	 6209.01338 	 1226.54488 	 4662.90084 	 31576.04728 	 6644.92761 	  564.49004 	 8782.90512 	 4033.92614 	 8348.71608 	 2625.66052 	 1978.63263 	  653.64080 	 
8079.01675 	 10069.70976 	    0.00000 	 41304.99680 	 6046.09100 	 10741.30471 	 4226.03370 	 6339.09559 	 16150.50523 	 4765.92679 	 3845.49450 	 19345.57199 	 1312.65254 	 27456.43201 	 8209.43790 	 2849.07058 	 185697.73915 	 46631.24462 	 3248.19977 	 14590.94623 	 8135.55891 	 13333.70672 	 4563.25228 	 8811.70484 	 36912.95000 	 
16612.25851 	 14496.26786 	 30227.00649 	    0.00000 	 20235.28803 	 40745.67703 	 25779.73716 	 32922.52078 	 40274.54416 	 15790.28905 	 24876.68992 	 49169.00016 	 13354.33613 	 51242.79731 	 44757.98266 	 14778.53359 	 147407.90988 	 30297.24930 	 17919.76326 	 18672.80261 	 43732.96692 	 31415.37818 	 11204.46481 	 22628.06474 	 37574.15681 	 
4249.05206 	 3394.11492 	 4684.14364 	 13925.50952 	    0.00000 	 9176.41979 	 3981.77522 	 2004.93257 	 5488.62725 	 1413.14129 	 2148.23582 	 4406.50249 	 2431.08924 	 8354.47110 	 1589.10060 	 1388.43805 	 18449.68504 	 6736.77091 	 1301.36701 	 3021.57709 	 5857.54006 	 2521.20154 	 1213.71442 	 4261.06660 	 5459.31988 	 
7071.08504 	 6825.86047 	 10635.14882 	 34011.15712 	 7725.09312 	    0.00000 	 3534.57706 	 3114.21002 	 12409.60623 	 2693.69308 	 2111.74582 	 18331.56811 	 1793.04714 	 13472.17024 	 4241.52958 	 1518.05859 	 54408.57724 	 13525.33686 	 3599.17919 	 4982.34596 	 7904.89955 	 7107.37276 	 2658.88973 	 4799.00204 	 14384.10377 	 
15173.02421 	 3996.58914 	 6302.02426 	 15261.10094 	 2243.27777 	 6158.81444 	    0.00000 	 14591.84136 	 8301.23920 	 32520.00174 	 8859.85528 	 28068.38943 	 7403.35334 	 6441.69632 	 3898.36989 	 17392.53298 	 31368.81482 	 8690.67306 	 6840.42730 	 2554.65421 	 11822.91547 	 13151.78875 	 4868.95971 	 3292.78055 	 12226.65778 	 
2298.72554 	 3853.71442 	 5784.20561 	 27198.66522 	 1243.45386 	 2585.21656 	 13493.62185 	    0.00000 	 5494.15102 	 6483.99619 	 12506.69414 	 24532.18395 	 1702.29287 	 2430.33118 	 9255.41284 	 1825.92026 	 29715.33043 	 6248.91580 	 7339.29257 	 2119.20424 	 5749.28074 	 13592.04599 	 8516.32965 	 1197.46831 	 8379.29411 	 
10470.69026 	 7328.41975 	 12488.96456 	 62248.33785 	 8354.78616 	 9749.83389 	 6978.26542 	 4463.01357 	    0.00000 	 3344.56429 	 4865.23582 	 17322.59020 	 5361.04268 	 26103.83911 	 9329.53963 	 5039.23046 	 72714.10457 	 24534.00285 	 4534.45050 	 10668.92831 	 12196.94507 	 9329.70437 	 4665.73720 	 11561.32210 	 19206.06777 	 
6815.11667 	 4782.32946 	 3315.35285 	 16319.96526 	 1834.09142 	 3013.51717 	 35788.23121 	 6805.09521 	 3407.29101 	    0.00000 	 5315.12747 	 20918.91889 	 4225.75638 	 8905.27638 	 2479.98150 	 24001.48820 	 24851.47887 	 5575.03606 	 1988.43514 	 4100.75634 	 6555.72644 	 7934.75320 	 2627.62574 	 1832.79170 	 3963.55967 	 
3587.72338 	 2698.05903 	 3067.01659 	 35536.58281 	 2448.41871 	 2908.61931 	 7329.96869 	 9875.76547 	 4951.00777 	 3169.14075 	    0.00000 	 11204.22444 	 3464.14653 	 3305.06993 	 6812.67448 	 1996.85756 	 19024.21836 	 5395.29824 	 3701.62179 	 2033.07052 	 14032.68172 	 8222.85922 	 3723.01917 	 1245.86673 	 8983.03063 	 
11983.58261 	 8004.72101 	 17368.13789 	 53014.03491 	 7616.51155 	 16462.84179 	 25094.96486 	 39345.94227 	 23738.41881 	 19493.85704 	 15429.41297 	    0.00000 	 4725.97537 	 11966.55725 	 16210.03087 	 7764.37366 	 73947.53588 	 20061.27153 	 31518.89372 	 8063.58607 	 11955.15439 	 85919.26754 	 25717.33095 	 4092.67121 	 24562.19270 	 
11174.43882 	 1343.37131 	 1934.74222 	 16288.30304 	 2149.86818 	 1794.84391 	 6588.68190 	 1518.69860 	 4952.45390 	 4358.72628 	 3696.44540 	 6962.98909 	    0.00000 	 2372.39720 	 1198.00029 	 6544.51468 	 7737.10017 	 2212.21478 	  701.58686 	 1432.00248 	 6953.53203 	 3332.89289 	 1156.00657 	 1187.48805 	 4077.03500 	 
20237.96638 	 5260.30483 	 19576.15471 	 54643.25236 	 5857.65838 	 19485.91034 	 6717.17656 	 4141.61420 	 27708.47928 	 7814.30435 	 2878.37345 	 11838.28293 	 3119.89187 	    0.00000 	 6269.43497 	 10655.34240 	 218622.83344 	 18614.75361 	  910.99905 	 16223.11532 	 7809.64385 	 7463.46533 	 2014.38409 	 17133.71776 	 17517.83263 	 
4043.01925 	 1018.45484 	 7320.41523 	 36719.55935 	 2537.63130 	 5592.27586 	 5021.99066 	 11394.70913 	 8496.65308 	 3287.20647 	 5415.02820 	 14351.00951 	 1236.83230 	 6959.62504 	    0.00000 	 2520.32446 	 20946.40833 	 4949.68544 	 5468.15260 	 3037.29616 	 7347.83319 	 9433.96618 	 7093.48776 	 2290.92021 	 11020.51656 	 
9006.57983 	 4462.04243 	 3921.23649 	 10596.51010 	 1736.86928 	 2486.88158 	 10119.51543 	 2432.31058 	 3766.98555 	 20965.98627 	 3011.70644 	 8042.15837 	 7319.42000 	 7221.34672 	 2307.50445 	    0.00000 	 25710.65348 	 5083.29503 	  910.81300 	 1640.64046 	 5020.23118 	 6318.98087 	 1718.87802 	 2732.20813 	 4827.18937 	 
55846.71708 	 20975.31872 	 200269.76165 	 188667.48345 	 28166.93410 	 61386.96236 	 34980.69538 	 20496.73461 	 72927.44500 	 33269.85183 	 16953.34666 	 74787.30451 	 7650.24482 	 167709.78206 	 30251.84675 	 26061.75713 	    0.00000 	 7117.55420 	 12328.49708 	 73316.89161 	 36631.19273 	 56564.87179 	 12586.50486 	 22464.52554 	 210390.45699 	 
12553.88546 	 4594.19881 	 30900.95863 	 42835.70890 	 4433.17957 	 18364.78159 	 9095.91505 	 4654.42150 	 14905.06726 	 5087.75890 	 5196.86351 	 19350.95869 	 3350.06976 	 21195.42980 	 8127.69671 	 4625.54619 	 7238.37458 	    0.00000 	 2731.41846 	 34957.51611 	 10079.76268 	 12245.16737 	 3258.40852 	 7752.78724 	 8823.00022 	 
1604.06978 	  618.87447 	 2679.10931 	 15376.83821 	 1263.25423 	 3491.97993 	 4229.80580 	 6384.82087 	 4649.44455 	 2644.15297 	 3128.89188 	 24944.38578 	  576.26342 	 1229.19894 	 4061.54817 	  709.79915 	 10687.93629 	 2332.67775 	    0.00000 	 1463.51847 	 2642.97141 	 12815.33416 	 2767.24666 	  723.60923 	 3405.26904 	 
6381.74941 	 10533.67655 	 11501.34541 	 23599.61062 	 3476.33547 	 5595.26248 	 3102.25638 	 1924.08367 	 13310.31012 	 2540.77209 	 2788.29449 	 13958.32724 	 1223.87960 	 12800.95312 	 1884.48364 	 1413.09361 	 51012.00450 	 36415.39167 	 1536.72826 	    0.00000 	 3955.55096 	 8140.43734 	 1702.93819 	 4979.43496 	 15977.06442 	 
5035.01172 	 4161.06553 	 7474.68930 	 42956.02591 	 5650.13348 	 6948.15681 	 9191.48718 	 7196.74144 	 9224.90479 	 5893.92175 	 19746.42771 	 18210.34376 	 5490.15954 	 8388.22305 	 9398.74807 	 5702.08601 	 43735.55618 	 10266.38312 	 4816.26511 	 4233.90891 	    0.00000 	 10729.95742 	 3319.58321 	 3409.51136 	 8387.83401 	 
5475.56696 	 9271.92051 	 15357.38139 	 26857.26450 	 3172.31975 	 6959.39909 	 12639.52019 	 20893.86463 	 12748.48239 	 6752.59942 	 8171.51036 	 109668.94394 	 2902.31540 	 6917.76147 	 11191.40229 	 6524.35056 	 72141.94324 	 19004.33193 	 9059.94153 	 4644.61369 	 11798.21176 	    0.00000 	 28719.75645 	 2705.16242 	 25009.35795 	 
2611.88810 	 3302.73108 	 3276.49255 	 12234.60459 	 1113.10829 	 1807.17594 	 5474.98938 	 6548.74704 	 4952.09819 	 2918.41029 	 2296.12216 	 28957.35188 	  739.31859 	 2203.10402 	 5688.47655 	 2112.89389 	 12179.02089 	 4891.42352 	 4032.07762 	 1930.74244 	 3819.33781 	 39753.29423 	    0.00000 	 1079.59924 	 3837.11824 	 
9607.35867 	 2422.34134 	 8676.59529 	 16846.70505 	 5594.20388 	 5093.45447 	 3288.26971 	 1321.01505 	 15065.33356 	 3005.61167 	 1328.42738 	 3109.60573 	 1246.55052 	 24723.53803 	 3142.95618 	 4578.91114 	 25319.25960 	 7726.41865 	  649.95553 	 5630.17891 	 3178.48591 	 1848.49762 	  974.11465 	    0.00000 	 8039.70438 	 
11817.32226 	  553.97245 	 45251.95843 	 34307.40568 	 8463.83669 	 15406.91058 	 10635.66110 	 8855.60208 	 13749.79972 	 6344.95954 	 9323.44979 	 30062.56057 	 4426.33655 	 15216.73392 	 12238.04382 	 4837.37248 	 198566.86390 	 14177.83485 	 3827.23205 	 15477.31517 	 15309.69228 	 23266.33890 	 4164.93479 	 8022.18769 	    0.00000 	 
   0.00000 	  456.38262 	  676.02409 	  737.66755 	  323.07521 	  461.68508 	  553.61950 	  988.66302 	  628.46139 	  574.95529 	  547.33544 	 2452.89462 	  313.21247 	  629.58049 	  758.41806 	  454.73639 	  541.45422 	  809.28006 	 1148.39008 	  576.96006 	  490.23067 	 2344.41330 	 2595.52058 	  461.23920 	  426.60350 	 
 633.89164 	    0.00000 	  388.65157 	  769.95879 	  507.07219 	  318.77832 	 1454.50404 	 1683.31620 	  376.98504 	  990.56228 	 1130.74739 	 2768.41398 	  681.16969 	  708.56151 	  869.73820 	  886.91842 	  215.13815 	  113.63934 	 1937.36562 	  273.62395 	  611.09185 	 2798.92541 	 2738.28400 	  697.27210 	   47.12800 	 
 989.21333 	  392.57023 	    0.00000 	  704.61553 	  767.22111 	  692.55248 	 1600.79566 	 1986.03661 	  721.91834 	 2051.72367 	 1108.14122 	 1948.48672 	 1407.77052 	 1522.24057 	 1386.67118 	 1656.57286 	  231.08016 	  265.86719 	 2247.26518 	  617.87745 	 1251.74947 	 2430.78800 	 2781.59521 	 1338.56420 	  303.26092 	 
 697.16077 	  657.84244 	 1096.53257 	    0.00000 	  300.59732 	  255.23210 	  823.67770 	  869.82902 	  206.12860 	  866.99704 	  398.60668 	 1403.60300 	  455.92149 	  959.90465 	  443.65931 	  919.17307 	  840.37159 	  793.65546 	 1473.83174 	  464.87311 	  246.93617 	 1822.69680 	 2078.36896 	 1010.18634 	  505.21486 	 
 348.18956 	  544.99149 	  808.94426 	  322.38147 	    0.00000 	  217.66471 	  562.10630 	  950.91545 	  304.85943 	  964.56468 	  577.92198 	 1709.91866 	  304.74947 	  991.92116 	  437.06779 	  516.35698 	  622.27560 	  517.14433 	 1233.27667 	  222.92632 	  307.07765 	 2077.55887 	 1666.56788 	  868.00766 	  446.99225 	 
 480.32999 	  233.22672 	  722.82370 	  272.40764 	  280.21704 	    0.00000 	 1135.54588 	  991.53051 	   79.00354 	 1116.66236 	  712.84783 	 2290.10755 	  656.02353 	 1201.51872 	  586.51834 	  683.12019 	  294.11514 	  411.85102 	 2043.65686 	   84.76814 	  580.67854 	 2644.93731 	 2506.80387 	 1073.99405 	  258.32902 	 
 899.97621 	 1178.66241 	 1803.59982 	  932.28445 	  739.46914 	 1080.62656 	    0.00000 	  715.19245 	 1180.98534 	  224.13953 	  363.66462 	 1210.75881 	  353.50883 	 1380.96853 	  740.13608 	  458.19397 	 1221.61477 	  990.63242 	  674.30414 	  773.60368 	  608.01182 	 1775.38041 	 1505.77238 	 1178.67543 	 1459.20434 	 
1545.34879 	 1118.03364 	 1328.71196 	 1161.65282 	 1257.27421 	 1483.92420 	  699.54277 	    0.00000 	 1362.64688 	  654.38216 	  626.09945 	  974.13496 	  850.72681 	 1412.54636 	  718.33817 	 1138.33863 	 1742.99188 	 1777.94535 	  435.23936 	 1561.77256 	  812.70600 	  875.27310 	 1142.77960 	 1349.50347 	 1222.03393 	 
 432.71230 	  389.52556 	  475.41658 	  242.60054 	  277.69033 	   81.12182 	  893.51413 	  814.74310 	    0.00000 	 1062.19695 	  739.60877 	 1628.49398 	  547.09705 	  979.37564 	  394.21206 	  892.33438 	  609.37255 	  550.28631 	 1386.14451 	  171.53336 	  407.70442 	 2301.71389 	 1777.43651 	  942.61736 	  309.34173 	 
 821.09037 	 1527.59576 	 1211.65048 	  862.91833 	  631.85316 	 1096.75355 	  247.75065 	 1078.37530 	  878.94905 	    0.00000 	  521.73797 	 1397.82197 	  568.36870 	  773.75681 	  975.08942 	  229.95500 	 1337.04424 	 1099.09038 	  900.37546 	 1045.47915 	  782.83301 	 1573.49226 	 2159.44878 	  712.23648 	 1099.72913 	 
 526.36931 	 1014.28172 	 1046.75720 	  437.56407 	  384.22719 	  611.48474 	  318.82130 	  608.44934 	  824.93233 	  451.37294 	    0.00000 	 1113.35177 	  355.96997 	 1435.84396 	  486.43959 	  636.84542 	 1406.87528 	  853.90693 	 1101.90331 	  824.36655 	  284.58018 	 1555.15551 	 1219.15101 	 1140.69037 	  755.18094 	 
2437.94030 	 1939.15144 	 3000.33146 	 1982.62590 	 2214.72752 	 2085.51290 	 1071.14163 	  890.57543 	 1882.94494 	 1738.34010 	 1677.66681 	    0.00000 	 1334.72196 	 2297.29109 	 1318.97805 	 1674.42012 	 2187.01737 	 1957.40791 	  332.70664 	 1779.12200 	 1971.85195 	  392.75905 	  775.59161 	 2740.03473 	 1614.07016 	 
 418.17091 	  949.39611 	 1165.52800 	  554.38418 	  505.74967 	  529.88628 	  406.62957 	  635.73810 	  503.10901 	  455.15330 	  422.32322 	 1129.56468 	    0.00000 	  823.85254 	  782.53982 	  342.17781 	  981.50189 	  778.71588 	 1441.33878 	  485.25371 	  239.70766 	 1924.05415 	 1971.01540 	  527.60846 	  902.55027 	 
 466.81441 	  877.11327 	  954.22198 	 1155.39275 	 1003.06625 	 1369.59430 	  909.98937 	 1538.90366 	 1261.68763 	 1107.68352 	 1594.64739 	 1643.21664 	 1032.11131 	    0.00000 	 1291.83319 	  817.10760 	 1058.35016 	 1320.69130 	 1593.39470 	  808.37183 	  786.96104 	 2801.33102 	 2028.21269 	  149.49626 	  906.64534 	 
 851.20547 	 1000.02531 	  887.58957 	  325.76072 	  478.23543 	  756.54808 	  649.57729 	  638.17403 	  622.09657 	  824.15348 	  506.68888 	 1118.48135 	  665.29692 	 1899.63544 	    0.00000 	  900.62781 	  969.58622 	  718.72848 	  910.46465 	  840.30463 	  442.13952 	 1393.73260 	 1195.95783 	 1654.34617 	  757.72286 	 
 437.29883 	  737.25670 	 1627.81821 	  614.91736 	  806.26180 	  816.94904 	  454.84492 	  857.02735 	 1032.00052 	  279.06456 	  814.80142 	 1363.14706 	  251.38673 	  742.66461 	  842.74676 	    0.00000 	 1370.66682 	  969.59438 	 1243.92615 	  923.11758 	  679.75142 	 2091.61735 	 2104.27355 	  585.79498 	  853.33667 	 
 932.12950 	  213.63277 	  156.31690 	  584.48368 	  499.18186 	  389.51911 	 1661.64947 	 1419.73760 	  352.57237 	 1454.78905 	 1377.86927 	 2103.33855 	  935.27553 	  901.40749 	 1295.39175 	 1029.90966 	    0.00000 	   59.04437 	 1690.10982 	  310.64805 	  945.30003 	 1893.28724 	 2792.20491 	 1168.97128 	  238.76423 	 
 798.84195 	  105.34051 	  192.20278 	  705.58220 	  390.59877 	  297.48226 	 1582.94901 	 1431.51266 	  527.85446 	 1417.00666 	  901.83397 	 2235.64040 	 1011.84297 	  988.88733 	 1023.76256 	  949.46342 	   62.24761 	    0.00000 	 1498.26819 	  215.23300 	  971.79541 	 1941.29691 	 1869.99708 	  924.29699 	  124.10933 	 
1509.13278 	 2507.72668 	 2274.59424 	 1182.55802 	 1419.46384 	 2138.04286 	  750.41206 	  765.66576 	 1218.66798 	 1062.40911 	  794.98959 	  388.45702 	 1337.48659 	 1398.03985 	 1202.54830 	 1277.98043 	 2285.41795 	 1907.65499 	    0.00000 	 2195.23033 	 1118.85990 	  817.22816 	 1044.16907 	 2332.63298 	 1702.07892 	 
 568.18888 	  150.55552 	  592.79900 	  508.75609 	  197.23665 	   94.78111 	 1288.52798 	 1562.48706 	  168.30855 	  822.87307 	  874.91108 	 1493.35904 	  611.55915 	  906.35425 	  619.13381 	  824.15882 	  327.28470 	  260.09415 	 1376.41377 	    0.00000 	  713.03971 	 1636.06627 	 1583.84815 	  826.37968 	  239.36763 	 
 445.47967 	  888.52851 	 1034.69099 	  218.85053 	  324.83553 	  466.58396 	  497.22685 	  971.19695 	  488.43844 	  780.53391 	  220.62382 	 1682.36079 	  311.66467 	  905.35082 	  487.43541 	  603.65679 	 1084.03923 	  705.45731 	 1131.49303 	  582.93025 	    0.00000 	 1761.03577 	 2015.92958 	  978.18207 	  704.36629 	 
2149.61435 	 2678.98077 	 2034.15786 	 1388.91355 	 1712.29874 	 2031.55476 	 1802.01110 	  961.09482 	 2659.58782 	 2076.96793 	 1767.76842 	  441.08869 	 1827.19537 	 3262.09629 	 1120.07790 	 2260.66208 	 2704.61318 	 2687.15066 	  568.92942 	 2262.77897 	 2215.85271 	    0.00000 	  542.36371 	 2936.30977 	 2260.78663 	 
2415.15009 	 1707.80863 	 2456.01285 	 1222.75846 	 2405.27822 	 1950.96799 	 1935.64431 	  956.69647 	 2456.94437 	 1473.82219 	 1065.21847 	  845.33204 	 2004.27538 	 3382.66186 	 1408.30118 	 1486.69152 	 3012.68841 	 2240.30605 	 1214.91846 	 2017.11754 	 1817.56071 	  557.36297 	    0.00000 	 2542.04416 	 2240.21136 	 
 376.47734 	  980.94727 	 1020.62658 	 1001.78841 	  547.15035 	  963.99323 	  698.78529 	 1244.68335 	  865.96513 	  975.16055 	  788.29703 	 1975.44122 	  656.08917 	  254.31654 	 1626.51313 	  546.84833 	 1228.54274 	 1197.86414 	 1977.60417 	 1003.60895 	  726.81542 	 2709.32519 	 2031.92585 	    0.00000 	  574.58719 	 
 424.73836 	   28.39982 	  383.11871 	  575.68078 	  514.16243 	  326.42390 	  829.21698 	 1653.92585 	  434.80157 	  989.81640 	  797.24786 	 2709.88796 	  807.39716 	  958.52345 	 1040.33198 	 1147.78203 	  261.89494 	  121.56546 	 2429.70050 	  248.62311 	  585.35976 	 2706.86651 	 2077.20082 	  841.46613 	    0.00000 	 
   0.00000 	 6349.20634 	 7585.90984 	 23965.60853 	 3857.45471 	 5255.63969 	 14594.55983 	 2621.56622 	 8275.31260 	 6753.25638 	 3715.93426 	 11700.25166 	 9779.27544 	 20232.57564 	 3891.93094 	 11287.95297 	 41721.45121 	 14543.91571 	 1559.58807 	 6379.29999 	 5136.03256 	 8311.36479 	 3399.21920 	 15631.05770 	 18429.69586 	 
5057.41606 	    0.00000 	 14535.62816 	 11585.76855 	 3444.88519 	 6786.44549 	 4242.37433 	 4068.39622 	 5695.70779 	 3039.45399 	 1776.27888 	 6197.59030 	 1255.31507 	 5322.66491 	 1064.03942 	 4509.07946 	 22257.04243 	 5017.97708 	  872.69134 	 6788.13893 	 4396.45442 	 8194.32088 	 3782.24628 	 2210.91712 	  555.33819 	 
6807.76167 	 15357.67058 	    0.00000 	 39341.22875 	 7072.05602 	 13842.47076 	 4554.51068 	 6483.57283 	 17348.47422 	 4296.76657 	 3455.41984 	 25361.75080 	 1401.99668 	 16746.36454 	 4796.30587 	 3295.21491 	 186434.03382 	 28916.70839 	 2921.04340 	 9334.97888 	 6886.28523 	 20725.49214 	 3456.19049 	 6898.81417 	 62987.49171 	 
22164.06808 	 17411.14459 	 37392.72663 	    0.00000 	 17082.43682 	 33871.45158 	 27128.55983 	 24210.92154 	 51770.28479 	 16934.37354 	 24440.49413 	 70660.42811 	 12492.43463 	 52501.22664 	 46562.58727 	 10960.38226 	 139307.08868 	 46874.85329 	 18207.68626 	 24521.13928 	 44171.51606 	 35241.36184 	 14663.42810 	 12547.26292 	 41473.94762 	 
5599.20543 	 2727.05523 	 4858.33217 	 23498.29464 	    0.00000 	 5701.11896 	 3917.68757 	 1446.72313 	 6187.54249 	 1900.05774 	 2672.77698 	 6257.29238 	 2122.93198 	 5178.80819 	 2083.05149 	 1314.14092 	 29075.40914 	 7284.96026 	 1007.10392 	 3013.37508 	 5280.78051 	 3648.74816 	 1239.06673 	 5207.57172 	 5061.16784 	 
6356.76425 	 4310.32407 	 13455.09459 	 27514.22177 	 8997.60946 	    0.00000 	 6005.40846 	 2913.21424 	 8484.31392 	 3802.36857 	 3055.89308 	 11529.73586 	 1436.05544 	 12918.85067 	 4195.58865 	 1647.21109 	 53411.68300 	 11549.05292 	 3394.68854 	 5993.05942 	 9113.47185 	 4823.56274 	 2812.83229 	 4714.93136 	 12883.89220 	 
14536.56419 	 3906.71661 	 7457.86928 	 27441.17520 	 2895.61205 	 5367.35137 	    0.00000 	 10009.07218 	 5426.36463 	 28482.94055 	 10956.42563 	 24271.15233 	 7279.21334 	 8184.71849 	 3719.46585 	 13119.74088 	 35468.67967 	 6663.84157 	 3928.25990 	 3991.48637 	 9443.01029 	 12247.44194 	 6083.07529 	 2333.57165 	 10359.61116 	 
2852.64389 	 3962.02531 	 5841.12082 	 22560.79407 	 1875.63737 	 4297.33967 	 8339.56800 	    0.00000 	 5483.52232 	 5686.10862 	 10189.73667 	 27130.93299 	 1594.17950 	 2892.01996 	 10804.52222 	 2116.18085 	 23491.55687 	 5826.09426 	 7300.22107 	 3273.90564 	 7248.19902 	 21652.78416 	 5790.85601 	 1339.42763 	 7866.46429 	 
11494.93114 	 5649.65935 	 12254.95440 	 63598.44300 	 9266.83091 	 13509.37613 	 5294.88445 	 7172.77765 	    0.00000 	 3481.21068 	 5753.97099 	 28018.24428 	 3382.37540 	 27716.92406 	 11620.16681 	 3040.00842 	 95344.67254 	 22720.41544 	 3930.62712 	 9203.98037 	 11757.85287 	 12032.18508 	 3926.66032 	 10253.12950 	 18657.37520 	 
8150.69136 	 3249.75518 	 4031.34910 	 12808.44380 	 2225.09773 	 4040.56861 	 31246.74485 	 7533.94167 	 5225.56438 	    0.00000 	 3421.35353 	 18011.56296 	 4756.27937 	 8255.24591 	 1973.64722 	 18722.57708 	 29564.33404 	 4211.44560 	 2726.76132 	 3065.92476 	 6537.26562 	 7748.45032 	 2934.28115 	 2402.30594 	 5744.10153 	 
3255.59843 	 2233.15033 	 2550.41645 	 20461.49466 	 1666.14120 	 3017.57098 	 9909.64902 	 10592.37323 	 6157.73940 	 4252.96603 	    0.00000 	 17782.91162 	 3483.96914 	 3099.80989 	 5573.19496 	 2978.17689 	 16773.13195 	 4252.26609 	 3484.93348 	 2138.41119 	 14042.98668 	 6231.44847 	 3273.35447 	 1920.66259 	 5498.72909 	 
8367.30292 	 7432.02473 	 22522.61984 	 51603.42491 	 6067.98272 	 10415.47179 	 31827.32460 	 32628.92813 	 18017.93224 	 15883.69605 	 13206.06250 	    0.00000 	 6574.00976 	 13339.92282 	 18474.30514 	 7850.71841 	 135413.05730 	 25213.57379 	 30203.45136 	 13269.88712 	 16796.98686 	 72228.40165 	 28897.30612 	 3486.00698 	 22068.38210 	 
11869.51113 	 1304.64868 	 2009.47681 	 15705.47420 	 2414.38754 	 1993.27868 	 5485.48159 	 1654.33864 	 4996.75514 	 3686.62676 	 3709.20334 	 5820.32939 	    0.00000 	 2920.08723 	 1206.52086 	 5216.88704 	 11785.80399 	 2660.52392 	  875.87943 	  910.26111 	 5716.60667 	 3049.40596 	 1127.51795 	 1061.48443 	 5113.45090 	 
21115.69085 	 9526.06822 	 19476.76505 	 44982.89284 	 6800.25621 	 15815.64346 	 9270.89299 	 3552.64487 	 18267.42862 	 10813.45663 	 3650.59520 	 17672.77796 	 3711.39124 	    0.00000 	 5312.27610 	 9733.65064 	 178702.14372 	 23059.12815 	 1224.60473 	 12062.47048 	 9113.92256 	 9023.67039 	 1732.40856 	 26149.48979 	 20583.35015 	 
3816.95699 	 1256.32768 	 6456.01335 	 37817.36485 	 2594.64879 	 5766.04453 	 5684.91947 	 11024.65240 	 12875.30980 	 2295.91731 	 9471.82508 	 21013.05640 	  935.76183 	 5646.49234 	    0.00000 	 2490.13914 	 25669.66171 	 6439.24741 	 4390.90323 	 1904.97586 	 8496.66992 	 13437.67779 	 7710.07881 	 2766.50872 	 14884.32411 	 
8242.95598 	 5698.74217 	 2766.54029 	 14949.62320 	 1363.38414 	 2575.47055 	 11210.81361 	 2543.06693 	 4101.69021 	 25335.62756 	 2119.12241 	 9299.44523 	 6260.50404 	 10163.69021 	 1790.71270 	    0.00000 	 22167.54039 	 3963.53571 	  663.80619 	 1784.38081 	 5541.95222 	 7192.77183 	 1667.27178 	 3799.67188 	 4043.01303 	 
33556.37490 	 25180.29325 	 257597.99523 	 152953.59131 	 26138.83756 	 44721.38959 	 26509.94352 	 28506.86309 	 70333.21966 	 20751.20350 	 17319.29430 	 100516.15179 	 13065.52302 	 189925.04917 	 26968.28491 	 16150.33536 	    0.00000 	 8458.39662 	 7867.04312 	 74046.62219 	 43459.22400 	 76799.70660 	 10975.19681 	 25433.27245 	 182051.96821 	 
11166.63372 	 6555.61250 	 27579.57282 	 33061.74390 	 7164.94906 	 16145.73117 	 7113.19008 	 5487.55661 	 22724.30086 	 4870.89662 	 5186.04359 	 17379.66665 	 2509.71318 	 18268.97712 	 7965.59343 	 3279.05107 	 9128.27197 	    0.00000 	 2130.28136 	 29217.41605 	 7403.65384 	 12126.68575 	 3757.02868 	 7026.09383 	 16027.57559 	 
1242.43868 	  728.65299 	 2991.66927 	 15359.39433 	 1070.01072 	 3430.72900 	 3985.24017 	 6885.11745 	 3824.18722 	 2205.54355 	 3302.63790 	 39610.73607 	  782.14525 	 1135.32364 	 5133.94238 	  745.63777 	 8339.75067 	 1999.82106 	    0.00000 	 1855.49504 	 4077.30652 	 12597.75780 	 3551.17014 	  519.23943 	 3689.82155 	 
6651.85730 	 7000.33737 	 13381.24822 	 32382.65895 	 4381.15819 	 5949.02882 	 2546.93910 	 3155.40773 	 12844.76146 	 4567.35910 	 2901.60717 	 12392.25335 	 1198.29760 	 16425.78672 	 3062.12890 	 1943.47303 	 73537.91438 	 30747.01924 	 2163.60941 	    0.00000 	 4513.67353 	 5830.65628 	 2479.11858 	 5153.29731 	 11881.05078 	 
5311.74684 	 2815.48568 	 9115.77664 	 37710.37682 	 6853.16669 	 7203.36756 	 12615.32352 	 7721.38604 	 13618.97762 	 5903.18524 	 13691.38148 	 20822.44012 	 6615.71812 	 7047.00339 	 6409.41499 	 5541.25640 	 34294.47632 	 8481.53964 	 4675.35241 	 5985.08312 	    0.00000 	 8133.91457 	 3962.16830 	 3372.90677 	 9271.18359 	 
6517.64326 	 8473.17178 	 12992.36182 	 43781.91619 	 3451.22793 	 8516.47079 	 15536.31432 	 22623.17297 	 12063.22409 	 9445.71071 	 6649.02266 	 70058.11691 	 3606.76525 	 7546.12544 	 10857.00850 	 7105.92416 	 54179.31227 	 14587.58412 	 13821.89115 	 6436.09368 	 10004.18088 	    0.00000 	 42225.98669 	 3332.22139 	 22245.37859 	 
3200.94223 	 4785.09767 	 4726.27286 	 13512.87789 	 1110.81010 	 2091.23597 	 3601.15372 	 6135.15951 	 3609.79960 	 3725.87033 	 2639.03037 	 37551.75284 	 1059.33096 	 1546.75872 	 5477.58541 	 2441.51414 	 18109.12729 	 4787.75030 	 3358.06017 	 2571.02721 	 3517.57090 	 34234.57579 	    0.00000 	 1068.50295 	 3687.37289 	 
10789.79279 	 2205.64667 	 10361.47086 	 20614.60500 	 3563.45123 	 8040.86410 	 3347.63873 	  996.72386 	 12015.15260 	 2462.29404 	 1460.82574 	 4820.42448 	 1537.70990 	 22860.25222 	 3697.00271 	 4479.89288 	 23694.77982 	 7590.83774 	  557.11103 	 6764.39735 	 4883.61009 	 3218.27869 	  848.37311 	    0.00000 	 5239.13027 	 
15454.68164 	  440.12838 	 60733.85926 	 43490.20209 	 6726.54327 	 13660.20737 	 11564.23677 	 8163.77433 	 18371.24860 	 6464.15118 	 7548.75716 	 21379.53986 	 5692.10156 	 27061.46319 	 10658.09514 	 6106.93931 	 200392.97113 	 12328.87157 	 2986.98462 	 10555.25959 	 9157.25417 	 23141.77974 	 6419.67100 	 4836.39341 	    0.00000 	 
   0.00000 	  533.38275 	 1065.18486 	  620.76451 	  444.25300 	  627.21649 	  758.21441 	 1265.87441 	  484.13179 	  704.53510 	  860.98753 	 2047.00887 	  342.15561 	  451.87166 	  686.70162 	  357.93051 	  966.47757 	  564.54304 	 1584.86698 	  455.32761 	  406.61633 	 2583.68184 	 2169.67807 	  525.78999 	  523.56330 	 
 548.17310 	    0.00000 	  462.99486 	  687.29427 	  507.92847 	  266.67852 	 1339.44377 	 1521.69975 	  399.76039 	 1188.76565 	  812.81405 	 2300.31793 	  605.11395 	  790.48499 	  953.78242 	 1006.08490 	  163.68325 	   95.99752 	 1508.57248 	  149.50359 	  918.80218 	 2147.33929 	 1725.15608 	  631.25467 	   38.44533 	 
1068.27057 	  475.20404 	    0.00000 	 1103.80372 	  696.47884 	  449.21192 	 1286.71169 	 1886.86286 	  671.28937 	 1569.17346 	 1169.35303 	 3345.54778 	  850.40939 	 1423.21754 	 1236.81549 	 1392.81325 	  187.30640 	  225.33325 	 2768.13518 	  358.14162 	  839.49725 	 3004.47563 	 2046.40892 	 1318.31828 	  310.04536 	 
 443.06134 	  612.21587 	  874.35979 	    0.00000 	  314.96195 	  224.69528 	  677.17525 	  852.52092 	  172.50223 	 1106.75716 	  366.57272 	 1814.28794 	  369.29555 	 1236.39364 	  411.74169 	 1021.78010 	  587.31372 	  689.34905 	 1782.85074 	  318.93531 	  251.03536 	 2041.77438 	 2156.24534 	  970.85036 	  729.34018 	 
 269.80832 	  550.91855 	  662.44201 	  271.05353 	    0.00000 	  196.84019 	  856.60663 	 1288.48509 	  273.67246 	 1117.83295 	  389.68147 	 1601.47249 	  460.05909 	 1018.18603 	  470.49393 	  638.74866 	  637.39506 	  552.49651 	 1441.30068 	  258.21551 	  252.88637 	 1525.08049 	 1729.37307 	  895.11552 	  390.84155 	 
 639.93560 	  392.95668 	  408.74798 	  378.56428 	  203.52813 	    0.00000 	  785.88444 	 1507.87837 	   91.14090 	 1312.30699 	  747.89347 	 2174.68923 	  729.15686 	 1074.81984 	  628.46707 	  872.64457 	  504.25223 	  319.75137 	 1433.63744 	   78.61554 	  390.38751 	 2545.58608 	 2328.30876 	  768.19697 	  377.01009 	 
 667.11487 	  900.82357 	 1702.43661 	  787.72038 	  929.96111 	  892.10258 	    0.00000 	  786.53176 	 1094.18888 	  185.69399 	  560.65859 	 1157.72978 	  349.55912 	  774.56497 	  974.35890 	  381.18278 	 1568.05969 	 1120.84819 	  767.72623 	 1236.42475 	  408.24268 	 1173.82377 	 2185.92044 	  964.34153 	  933.73655 	 
 938.50155 	 1939.26183 	 2293.59077 	  767.17535 	 1295.51567 	 1395.61457 	  516.58624 	    0.00000 	 1392.62878 	  626.45856 	  584.86831 	  718.52650 	  837.36745 	 1777.23331 	  521.01111 	  819.70109 	 2034.37121 	 1297.75783 	  552.74617 	 1523.03471 	  732.08230 	 1052.52071 	 1114.47865 	 1695.35544 	 1306.63012 	 
 540.73498 	  301.43090 	  801.15234 	  228.45610 	  198.46542 	   66.00634 	  799.98550 	 1048.37650 	    0.00000 	 1078.26793 	  758.38058 	 2127.09368 	  729.67699 	  837.06691 	  543.02346 	  790.91636 	  474.21051 	  392.03765 	 2157.22885 	  242.52004 	  406.30444 	 2176.64677 	 2511.07014 	  948.72493 	  495.44655 	 
 575.03790 	 1493.51434 	 1587.73017 	  811.21061 	  751.27903 	 1239.48354 	  172.70799 	  912.76811 	 1179.93376 	    0.00000 	  618.90855 	 1540.68237 	  503.43604 	  802.51346 	  754.54677 	  333.87046 	 1114.48197 	 1271.46917 	 1000.22053 	  825.40185 	  841.73338 	 2124.45718 	 1830.51026 	  786.34680 	 1139.96497 	 
 755.59313 	  910.02345 	 1232.60650 	  518.72246 	  442.99024 	  848.87166 	  540.55169 	  488.84085 	  673.93397 	  619.01175 	    0.00000 	 1713.80698 	  463.64447 	 1481.21213 	  510.32825 	  496.67698 	 1227.85652 	  940.65529 	 1254.08572 	  565.95746 	  285.65059 	 1676.83370 	 1505.86061 	  977.68464 	 1026.87892 	 
2253.75922 	 1708.13615 	 2367.28789 	 1845.22684 	 1373.04671 	 2194.43879 	 1560.15890 	 1031.40849 	 1944.24705 	 1512.90456 	 1369.70390 	    0.00000 	 1524.14193 	 2921.14073 	 1961.52813 	 1418.13086 	 1793.29275 	 2937.78938 	  385.04706 	 2691.45249 	 1697.97474 	  364.14157 	  894.47889 	 2174.93053 	 1777.04246 	 
 409.70478 	  800.28261 	  982.92899 	  480.19501 	  491.18294 	  723.79718 	  381.26722 	  732.66578 	  527.92986 	  465.11160 	  295.91229 	 1607.42765 	    0.00000 	  637.97652 	  563.90687 	  270.52163 	 1187.73982 	  699.37023 	 1240.34793 	  768.06897 	  308.39511 	 2215.50574 	 1558.53368 	  827.82094 	  830.87972 	 
 734.76970 	  732.00074 	 1546.29175 	  891.74220 	 1210.20992 	 1023.41722 	 1016.36576 	 1996.01932 	 1186.39237 	 1243.51910 	 1504.41471 	 2143.30665 	  673.28143 	    0.00000 	 1328.69861 	  821.75280 	  852.71464 	  864.89652 	 1863.08991 	  992.99571 	  774.35506 	 2772.41926 	 2635.00369 	  216.11505 	  704.92187 	 
 776.81811 	  763.44793 	 1399.11024 	  345.40048 	  516.00284 	  674.48786 	  919.64673 	  489.75071 	  593.61957 	 1324.65907 	  383.08930 	 1680.02421 	  559.25838 	 1392.76607 	    0.00000 	 1006.88387 	  785.02697 	 1093.26746 	 1036.69834 	  845.04400 	  355.05122 	 1501.21772 	 1038.38437 	 1666.32059 	 1150.47230 	 
 434.25977 	 1144.11050 	 1406.58761 	  913.88854 	  544.12161 	  846.45588 	  464.05020 	 1375.51243 	 1103.50357 	  383.06786 	  770.60703 	 1358.87237 	  256.62246 	  475.14150 	 1258.79281 	    0.00000 	 1489.74885 	 1159.44078 	  955.64271 	 1166.56834 	  500.01475 	 2272.47937 	 2127.22492 	  478.71520 	 1049.76113 	 
 641.99047 	  229.49120 	  144.80950 	  786.29826 	  666.04418 	  379.28624 	 1152.57595 	 1887.40439 	  507.73142 	 1637.55022 	  819.15559 	 1731.14220 	  674.65594 	  810.35886 	  837.02268 	  992.63693 	    0.00000 	   95.55050 	 2479.80113 	  263.84797 	  994.88247 	 1900.49661 	 2576.49814 	  795.08480 	  182.30031 	 
 672.92582 	   92.32551 	  321.74430 	  767.16977 	  509.54083 	  347.04051 	 1597.76563 	 1397.33192 	  452.32559 	 1341.62709 	 1239.03515 	 1921.86382 	  879.09250 	 1274.90594 	 1280.31013 	 1179.06578 	  109.23407 	    0.00000 	 1953.77585 	  326.72715 	 1059.55157 	 2813.84877 	 2226.20780 	  993.76183 	  124.17978 	 
1776.67488 	 1930.79333 	 2262.33294 	 1282.00516 	 1176.56854 	 1702.66305 	  848.28758 	  422.74084 	 1783.48844 	  966.73823 	 1223.43380 	  252.22966 	 1131.05989 	 1394.13100 	 1161.46117 	 1149.90002 	 2494.30875 	 2140.23186 	    0.00000 	 1770.50992 	 1479.81338 	  760.91487 	  793.01388 	 2258.31418 	 2211.50775 	 
 666.95038 	  242.39575 	  353.73693 	  403.31130 	  325.64505 	   84.41014 	 1178.42797 	 1587.59658 	  220.58786 	 1066.29009 	  858.79482 	 1548.65009 	  709.13274 	 1300.65523 	  910.09618 	  911.03955 	  288.27193 	  308.82869 	 1923.74453 	    0.00000 	  709.50401 	 2553.27003 	 2469.31602 	 1011.91773 	  164.70306 	 
 394.35445 	  936.89010 	 1001.33078 	  281.91441 	  392.37278 	  554.21350 	  645.75464 	  628.93378 	  446.41941 	  559.90426 	  164.72403 	 1219.33508 	  239.31487 	  925.30462 	  385.94639 	  727.76177 	  752.25750 	  770.32271 	 1568.81767 	  562.83525 	    0.00000 	 1549.18032 	 2030.54719 	  915.00863 	  506.18878 	 
2326.84836 	 2679.56430 	 2086.64531 	 1588.25915 	 1793.98686 	 1767.45186 	 1115.50466 	 1228.32194 	 2538.66749 	 2069.24787 	 1701.62739 	  352.24691 	 1952.07464 	 2090.39146 	 1795.48388 	 2026.73926 	 3329.28039 	 2922.03250 	  575.07867 	 2180.57519 	 1840.43649 	    0.00000 	  616.26228 	 2955.51304 	 3042.13942 	 
1879.52547 	 2232.44054 	 2392.92213 	 1879.44935 	 2344.71490 	 1486.74069 	 1740.97060 	  979.42158 	 1402.62063 	 1642.19931 	 1732.22615 	 1250.04283 	 1518.36288 	 2551.52679 	 1341.37855 	 2185.79397 	 2318.43447 	 2621.46074 	  942.07436 	 1508.38317 	 1742.44810 	  798.85753 	    0.00000 	 2290.91162 	 2122.28831 	 
 326.21216 	  923.80771 	 1033.91059 	 1036.01685 	  591.99417 	  790.70261 	 1129.21216 	 1437.84776 	 1101.66131 	 1009.35909 	 1166.22022 	 2240.06294 	  509.44036 	  189.86159 	 1090.95998 	  542.75454 	 1229.66498 	 1182.20059 	 1584.19787 	  977.81246 	  740.86508 	 2070.20752 	 2716.67484 	    0.00000 	  571.59050 	 
 570.89439 	   32.72870 	  512.06434 	  599.00248 	  396.54700 	  379.92814 	 1251.71202 	 1062.58988 	  357.18247 	  867.75146 	 1039.46160 	 2221.26413 	  545.90437 	  680.54091 	  867.63301 	  995.73186 	  210.67699 	  132.63767 	 2214.35161 	  240.18818 	  758.52297 	 2855.99556 	 2066.06296 	  609.16529 	    0.00000 	 
   0.00000 	 5266.36817 	 5844.52151 	 25118.87687 	 4406.53938 	 4987.49681 	 12479.37956 	 2191.66278 	 10120.54360 	 7215.63857 	 3251.66028 	 8766.01730 	 12910.14337 	 16347.85272 	 3393.37032 	 12858.82824 	 41662.57465 	 11669.60331 	 1001.00100 	 5479.28745 	 4241.30340 	 7518.66315 	 3155.14232 	 12294.64816 	 16728.57666 	 
6965.95418 	    0.00000 	 9274.23796 	 12646.73517 	 3732.06581 	 6066.75512 	 3604.01088 	 3875.79023 	 8358.27690 	 3353.36427 	 2121.66274 	 7441.09121 	  887.08723 	 5786.19832 	 1399.53019 	 3941.47966 	 32181.19328 	 7098.72465 	  840.14951 	 9073.01204 	 4308.63705 	 9076.11017 	 3910.21806 	 2616.14221 	  642.65854 	 
6851.54374 	 12824.89761 	    0.00000 	 32118.58933 	 6579.51813 	 13943.91060 	 5033.81073 	 6144.42794 	 14804.59790 	 4036.54558 	 3778.14302 	 26032.47136 	 2212.06899 	 22440.87304 	 5418.26085 	 4068.61690 	 198680.02948 	 28895.19661 	 3695.63338 	 12879.73166 	 5243.44488 	 20708.29604 	 4957.32070 	 7923.62379 	 52478.14857 	 
22418.69857 	 10751.24871 	 36800.85238 	    0.00000 	 19034.64534 	 25381.86638 	 17381.74751 	 34539.40979 	 63504.60351 	 11824.03623 	 35669.61089 	 52834.61450 	 14808.30083 	 56245.97024 	 42419.64569 	 14675.95364 	 205199.48426 	 26675.82926 	 15857.46939 	 19710.78562 	 34763.34036 	 41226.93719 	 11661.16281 	 17886.43759 	 36791.99162 	 
4047.09690 	 3910.94018 	 7039.14369 	 21016.22644 	    0.00000 	 8948.67968 	 3543.56472 	 1718.61516 	 6271.92489 	 1598.10626 	 2046.84791 	 6603.40570 	 1336.80927 	 5288.73379 	 1957.69468 	 1411.54796 	 23338.45913 	 7360.62769 	 1185.52709 	 5014.48726 	 6853.68907 	 3434.91689 	  986.26425 	 4553.47959 	 7537.38601 	 
6897.69384 	 5113.52364 	 15575.93776 	 27325.54206 	 8319.11337 	    0.00000 	 3572.11136 	 3768.34343 	 8971.04931 	 3229.08335 	 3484.71474 	 16633.67061 	 2381.94748 	 14987.01623 	 4338.80698 	 2137.45454 	 63355.62773 	 19892.73632 	 3150.08119 	 3901.51630 	 7510.95646 	 7476.03019 	 2794.81042 	 5284.04819 	 16613.53132 	 
8666.57404 	 3469.75056 	 6719.10494 	 18650.23967 	 3029.05212 	 4870.43950 	    0.00000 	 13693.70246 	 6133.93706 	 26976.84626 	 7633.02549 	 32519.66445 	 7496.39125 	 9589.05404 	 3996.07476 	 9483.87629 	 31563.50324 	 8325.30727 	 5757.06747 	 2754.62841 	 9717.63355 	 16419.28850 	 4925.93687 	 2957.35398 	 13880.04981 	 
1641.50801 	 3894.10505 	 6777.65593 	 23856.59851 	 1304.41660 	 4228.38545 	 8299.70023 	    0.00000 	 5563.87044 	 5747.60037 	 7641.57143 	 37520.17589 	 1466.19006 	 3259.61037 	 11407.26607 	 2238.09374 	 25722.83783 	 5336.57359 	 6171.46253 	 3208.05482 	 7390.20533 	 17975.65828 	 8793.03354 	 1556.14317 	 10966.51396 	 
7407.68619 	 6415.71279 	 14973.85716 	 64022.29970 	 9056.73696 	 8217.05403 	 4812.96952 	 4875.36025 	    0.00000 	 4976.36786 	 4566.60963 	 19635.95004 	 5810.93593 	 29941.36122 	 9822.30997 	 3548.49440 	 95123.12123 	 18396.57486 	 5459.45937 	 11253.95455 	 11076.88112 	 11814.49328 	 3929.19427 	 12022.86497 	 14572.74837 	 
6371.09539 	 4028.91410 	 4478.52546 	 15889.47674 	 2128.96144 	 3359.69652 	 30115.51686 	 5783.55104 	 4610.37142 	    0.00000 	 5135.29430 	 19023.56956 	 4916.34953 	 6643.79099 	 3356.33413 	 19258.80308 	 26348.15753 	 7024.10708 	 2130.19417 	 4133.91738 	 7841.48759 	 8461.37480 	 3467.47648 	 1691.27046 	 5915.51902 	 
4142.81938 	 2573.68164 	 2844.21663 	 25157.89133 	 1688.58007 	 2475.70305 	 12301.56033 	 12060.58972 	 4316.34051 	 3997.21788 	    0.00000 	 19251.09148 	 3338.32353 	 4899.62692 	 5566.14047 	 2806.82048 	 21371.50563 	 3230.87764 	 4102.47014 	 1908.81013 	 18721.24965 	 8660.94401 	 2592.05365 	 2235.99710 	 6732.52043 	 
8939.72050 	 5947.78665 	 19876.10569 	 77594.46565 	 5861.63908 	 12025.90229 	 21316.70740 	 23762.48846 	 15840.76253 	 12244.77872 	 13241.10926 	    0.00000 	 6726.02588 	 11230.40660 	 18949.94838 	 9592.49471 	 92617.96124 	 24736.68383 	 22846.12487 	 7768.40654 	 14703.62054 	 95438.56494 	 23814.65714 	 4461.59495 	 22449.47992 	 
7297.27568 	 1182.60834 	 2150.70413 	 15244.56391 	 1888.07098 	 1505.47809 	 5398.48512 	 2271.24678 	 4130.26817 	 4566.20511 	 2465.22040 	 6149.73586 	    0.00000 	 3685.43110 	 1073.43864 	 5224.08781 	 13773.41177 	 3838.45154 	  778.65173 	 1459.17195 	 5137.62875 	 3715.92571 	 1050.15195 	 1077.03661 	 5708.19983 	 
29110.15720 	 6117.98054 	 26355.64096 	 44028.32700 	 6593.15380 	 16208.43978 	 9841.39170 	 3638.80000 	 29751.06663 	 6540.57530 	 5167.20261 	 11231.92946 	 3153.28950 	    0.00000 	 4670.34205 	 11689.28170 	 153592.13304 	 18220.85513 	  848.78640 	 14642.02955 	 7648.23355 	 5776.89163 	 1999.31396 	 17217.94787 	 15298.69506 	 
3626.41999 	 1325.54146 	 6294.12000 	 50657.50762 	 2050.51129 	 4059.52551 	 3279.66887 	 7504.38392 	 9491.29045 	 3251.58045 	 7882.79584 	 19588.62153 	 1359.84582 	 6442.82882 	    0.00000 	 2225.99091 	 33595.34909 	 8155.38299 	 3914.52944 	 2407.68325 	 9271.01885 	 12998.27620 	 6374.30902 	 3979.87949 	 11605.68979 	 
8245.80502 	 5831.48472 	 3237.48487 	 14584.07565 	  978.84319 	 2040.24818 	 14377.09072 	 2398.62262 	 5310.57439 	 18985.94617 	 2062.11451 	 10809.23738 	 6598.69334 	 9613.75780 	 1740.36841 	    0.00000 	 25678.70543 	 5189.09535 	  686.26052 	 1247.52725 	 3696.71696 	 8375.87977 	 2277.22151 	 4086.24375 	 5667.76031 	 
60442.47046 	 23026.11506 	 146345.56345 	 155144.15344 	 21014.80295 	 57068.44233 	 28690.82824 	 22057.74195 	 83467.96952 	 30342.59242 	 21663.21612 	 76952.88698 	 11013.47400 	 137982.08191 	 19002.52952 	 18142.71575 	    0.00000 	 10598.13194 	 9698.21078 	 44881.53277 	 29089.31710 	 79035.46924 	 12758.75947 	 23333.96998 	 120374.98677 	 
15001.03696 	 4703.39371 	 45496.68480 	 34612.95521 	 5839.01885 	 18675.43551 	 7884.42762 	 6613.28729 	 18289.97065 	 4264.84190 	 3303.22678 	 25428.38434 	 2888.26591 	 24803.51573 	 8036.44866 	 5724.31657 	 8362.95431 	    0.00000 	 2846.33716 	 24134.02739 	 10360.76594 	 17275.73702 	 5507.97637 	 6734.02927 	 9391.58226 	 
1014.20556 	  636.04460 	 2589.86788 	 14350.87843 	 1345.09513 	 3502.76069 	 6374.58279 	 9164.51867 	 4579.95256 	 1779.59076 	 2414.55626 	 34994.69039 	  815.34273 	 1368.40580 	 3464.42232 	 1085.05996 	 10197.51505 	 3538.03167 	    0.00000 	 1710.04105 	 3090.80488 	 10071.00652 	 3909.06560 	  405.50610 	 3992.37558 	 
6357.68007 	 8919.84190 	 14988.22009 	 31423.48130 	 4749.34791 	 5397.54044 	 3742.26171 	 2994.79911 	 13202.74019 	 2654.64936 	 2938.08430 	 13277.18205 	  937.35659 	 11109.13723 	 1891.27716 	 2184.38825 	 73311.56065 	 22147.60539 	 1598.69271 	    0.00000 	 4551.22123 	 5157.16864 	 1652.89739 	 5961.45076 	 10320.66929 	 
4638.64985 	 3856.90170 	 7388.19524 	 38026.17750 	 5127.78531 	 7074.18711 	 10612.09523 	 8930.05817 	 10818.61860 	 6012.67535 	 19282.60907 	 15436.31040 	 5422.67470 	 7432.53655 	 8805.80295 	 4297.41267 	 38456.13112 	 9299.27871 	 2780.98485 	 6050.61353 	    0.00000 	 10929.19797 	 3805.81790 	 3457.07594 	 9394.02670 	 
6124.22711 	 6440.48263 	 16709.16604 	 44615.53442 	 3280.57462 	 6181.12731 	 14133.41493 	 16519.31723 	 10929.86034 	 10703.85715 	 10392.11229 	 98848.18345 	 2775.09826 	 6335.69818 	 9720.99254 	 6011.69525 	 76343.84019 	 10842.21881 	 12110.17305 	 8578.63796 	 9208.13444 	    0.00000 	 31774.39609 	 2413.90892 	 21124.16632 	 
3357.32227 	 3794.52242 	 5406.76471 	 14118.27350 	 1104.85520 	 2671.41649 	 5354.32024 	 7251.89811 	 5068.80645 	 2227.52913 	 2461.77949 	 31624.85632 	  847.23884 	 2267.40250 	 6145.19511 	 2007.07096 	 11578.54713 	 5170.34808 	 3766.31072 	 2437.13271 	 3982.94737 	 39912.94964 	    0.00000 	  914.59861 	 4064.19769 	 
15338.04434 	 2045.57721 	 5772.15459 	 22522.89238 	 3286.98700 	 6366.65708 	 3121.35131 	 1453.92654 	 16075.36846 	 2270.50811 	 1586.43183 	 2744.00660 	 1356.61901 	 18967.84018 	 2376.48440 	 2895.65729 	 28934.66820 	 5778.51180 	  567.23277 	 4986.04185 	 3991.47799 	 2326.00450 	  727.86097 	    0.00000 	 8106.07529 	 
16925.73085 	  681.23946 	 61989.57658 	 43120.18082 	 5232.39483 	 16343.02276 	 11839.73723 	 8280.04711 	 16431.50832 	 6922.76191 	 6072.47022 	 28017.08391 	 5120.72425 	 26281.46915 	 8505.94175 	 6261.88002 	 180874.92063 	 16020.21669 	 2522.17155 	 17299.02242 	 12048.24375 	 15682.19345 	 3734.02765 	 6791.64288 	    0.00000 	 
   0.00000 	  470.82595 	 1126.26721 	  650.50359 	  388.70115 	  722.10787 	  638.89270 	 1409.31327 	  476.67841 	  862.07282 	  659.84651 	 2353.73681 	  287.77043 	  764.49095 	 1158.77141 	  545.35050 	  913.71867 	  666.41445 	 1752.62858 	  517.75056 	  488.30518 	 2155.10406 	 2287.23996 	  530.23572 	  668.74696 	 
 583.94438 	    0.00000 	  286.31208 	  733.47794 	  471.34342 	  223.18117 	  933.08445 	 1581.42710 	  490.36814 	  971.11405 	 1164.56509 	 1792.43681 	  772.33017 	 1085.96395 	  898.99880 	 1232.99196 	  231.57519 	  121.87367 	 2214.60047 	  212.71125 	  700.84879 	 2427.85771 	 2008.56482 	  773.15729 	   27.01523 	 
1073.01704 	  275.31473 	    0.00000 	  837.38616 	  826.01137 	  508.38539 	 1793.22290 	 1948.07988 	  704.20586 	 1665.66717 	 1003.92282 	 3018.30367 	 1432.22671 	 1270.89896 	 1329.15858 	 1675.58232 	  168.78195 	  283.84597 	 2932.45940 	  366.30689 	  854.58599 	 2630.95432 	 2676.13152 	 1157.67968 	  364.33061 	 
 483.98377 	  581.38092 	  632.09656 	    0.00000 	  274.49150 	  266.80141 	  848.61573 	  912.17262 	  288.75943 	 1192.70163 	  427.90819 	 1547.28636 	  352.34064 	  869.73005 	  396.81556 	 1056.07084 	  831.48583 	  826.61682 	 1113.20884 	  341.65824 	  187.18916 	 1969.75588 	 1616.72458 	 1239.56778 	  419.61432 	 
 419.29736 	  492.67681 	  750.10793 	  258.42913 	    0.00000 	  191.34646 	  833.70597 	 1386.50911 	  304.13959 	 1110.87734 	  661.91493 	 2192.68088 	  375.08628 	  723.42671 	  422.69972 	  806.75920 	  481.15482 	  517.64648 	 1727.74414 	  305.35191 	  395.89714 	 2027.77424 	 2425.30756 	  856.17637 	  424.36207 	 
 595.34468 	  276.24106 	  634.16106 	  403.02839 	  171.55113 	    0.00000 	  806.11870 	 1157.97547 	   72.00879 	 1032.77907 	  748.48784 	 2354.91696 	  730.36270 	 1388.22826 	  788.17883 	 1069.98437 	  466.62321 	  439.30365 	 1970.20393 	   74.75733 	  573.86856 	 1910.76677 	 1678.84414 	  906.85431 	  264.82484 	 
 496.96544 	 1473.52198 	 1873.70582 	  888.65580 	  919.48863 	  730.59815 	    0.00000 	  772.06611 	  830.37323 	  189.32287 	  350.11028 	 1416.36071 	  414.30200 	 1108.64558 	  805.60393 	  429.99888 	 1630.58891 	 1592.80151 	 1020.35247 	 1215.81190 	  379.17694 	 1156.82985 	 1862.00864 	  887.52636 	 1114.44629 	 
1378.04383 	 1451.23366 	 1497.61278 	  986.25452 	  865.88646 	 1345.29134 	  488.32453 	    0.00000 	 1238.80345 	 1002.59780 	  392.38283 	  771.12157 	  656.81646 	 2180.84234 	  826.42443 	  987.22119 	 1719.05806 	 1163.74284 	  591.98642 	 1363.53040 	  597.14502 	 1154.40774 	 1113.77048 	 1095.05552 	 1824.72025 	 
 674.17750 	  324.09191 	  649.09460 	  189.93996 	  300.89851 	   97.06805 	 1277.01061 	  904.74701 	    0.00000 	 1409.47640 	  719.65066 	 2250.63405 	  643.10682 	  889.28020 	  654.84193 	  818.17467 	  353.50297 	  459.36547 	 1771.13054 	  238.13068 	  375.74829 	 2317.73674 	 2043.58968 	 1227.61436 	  454.99120 	 
 692.86670 	 1352.73767 	 1501.18266 	  994.98011 	 1074.98087 	 1055.43235 	  253.67381 	  789.14629 	 1120.83767 	    0.00000 	  787.99877 	 1656.09795 	  462.81911 	  957.78782 	 1101.54624 	  381.30080 	 1377.72860 	 1116.47899 	  817.60747 	 1378.07884 	  708.93683 	 1228.85558 	 1493.88633 	  786.07933 	 1011.15597 	 
 622.22559 	 1176.22590 	 1234.57207 	  319.53759 	  602.41668 	  621.57822 	  335.89424 	  590.89591 	  447.71714 	  546.97724 	    0.00000 	 1705.95250 	  296.00036 	 1319.78794 	  471.90570 	  856.74797 	 1208.67360 	 1026.10699 	  925.52669 	  539.88597 	  240.12404 	 1678.14375 	 1171.27323 	 1073.16542 	 1031.50094 	 
2371.65298 	 1716.62668 	 3021.43236 	 1746.82318 	 2114.95607 	 1941.75158 	 1017.93525 	  667.75121 	 2543.28256 	 1489.59857 	 1638.58625 	    0.00000 	 1947.59525 	 2364.90195 	 1413.54243 	 1415.93733 	 2534.57639 	 1857.05756 	  382.75415 	 2024.78498 	 1692.75445 	  401.29308 	 1248.99988 	 2739.08038 	 1831.21339 	 
 329.62824 	  769.28057 	 1162.90592 	  411.08404 	  332.66322 	  799.75891 	  492.96137 	 1133.71419 	  498.24624 	  454.15222 	  354.28198 	 1174.78069 	    0.00000 	  784.70019 	  530.58050 	  406.06101 	 1228.16889 	  713.43723 	 1193.71625 	  519.78603 	  252.66512 	 1986.82876 	 1326.31667 	  591.16761 	  620.13956 	 
 624.50631 	  753.87796 	 1043.34221 	  925.55574 	  953.70368 	 1002.04637 	  820.87950 	 1392.71832 	 1214.54606 	 1009.89447 	 1034.74155 	 2169.72114 	  934.16513 	    0.00000 	 1326.84087 	  631.93626 	 1062.51105 	  889.57179 	 2410.54753 	  850.86148 	 1340.16100 	 3041.78968 	 2887.73396 	  217.47065 	 1112.68895 	 
1166.58645 	 1191.62144 	 1013.55668 	  242.70991 	  468.29760 	  801.31126 	  996.26378 	  487.54893 	  649.29141 	  930.52890 	  402.47994 	 1542.34949 	  816.82313 	 1215.33034 	    0.00000 	  825.37210 	 1158.33904 	  728.11156 	 1368.62069 	  698.93593 	  427.12613 	 1689.22392 	 1070.01628 	 1265.80588 	 1120.78623 	 
 502.66071 	 1075.06419 	 1361.58198 	  653.70173 	  580.90947 	 1186.62726 	  359.09927 	  847.75067 	  826.40500 	  304.90025 	  777.25073 	 2003.70750 	  386.23610 	  641.33072 	  804.75755 	    0.00000 	  927.91709 	 1328.06401 	 1203.78383 	 1077.06062 	  590.03145 	 2398.13292 	 1974.28514 	  416.21127 	 1095.05080 	 
 675.32790 	  166.61620 	  245.08850 	  793.72531 	  503.34067 	  373.14754 	 1532.74728 	 1790.84128 	  442.15102 	 1267.28535 	 1172.54847 	 3172.12898 	  809.76722 	 1176.35210 	 1249.81308 	 1030.31593 	    0.00000 	   76.79341 	 2489.68159 	  360.40144 	 1123.32387 	 3113.83852 	 2225.24776 	  984.31240 	  232.02341 	 
 773.03432 	   90.39635 	  283.21915 	  839.34349 	  601.52067 	  469.81990 	 1125.90618 	 1748.01325 	  563.11150 	 1126.77969 	 1245.86635 	 2555.59141 	  741.61238 	 1259.47969 	 1191.32729 	  806.62013 	   76.90681 	    0.00000 	 2009.92679 	  354.48381 	  909.56424 	 2243.87320 	 2338.54430 	 1104.80913 	  111.32571 	 
1512.37052 	 2088.32612 	 2028.39400 	 1589.37123 	 1418.85230 	 1554.49756 	 1041.96335 	  585.16383 	 1613.04648 	  853.20502 	 1043.44078 	  309.02849 	 1364.65138 	 2188.33553 	 1164.25449 	  996.03359 	 2368.68517 	 1919.09387 	    0.00000 	 1927.53666 	  943.17329 	  732.62946 	 1443.08991 	 1869.50947 	 1786.66233 	 
 394.45426 	  255.69622 	  455.14247 	  432.58611 	  274.41759 	   88.56591 	  947.81967 	 1166.96385 	  147.62997 	 1023.20317 	  675.99291 	 2703.69997 	  609.43301 	  931.31436 	  705.29523 	  683.81171 	  276.80199 	  196.56436 	 2287.04174 	    0.00000 	  443.70565 	 2607.86494 	 2579.90901 	  782.93186 	  162.01651 	 
 595.55680 	  824.18159 	  952.47075 	  316.78395 	  304.72910 	  352.00314 	  610.89804 	  617.20918 	  339.52913 	  726.91154 	  242.54201 	 1904.47878 	  252.26319 	 1292.50399 	  420.10267 	  744.28718 	 1038.12506 	  581.36500 	 1170.02105 	  627.50184 	    0.00000 	 1894.19477 	 1874.84397 	 1077.78661 	  757.16917 	 
2679.43359 	 2839.05945 	 3357.55065 	 2027.89766 	 1665.52083 	 2531.18826 	 1181.55963 	  983.66392 	 1627.01820 	 1747.29138 	 1903.72783 	  401.89386 	 1309.16614 	 3083.18403 	 1899.18383 	 2218.95293 	 2531.76530 	 3162.75888 	  652.97191 	 1733.58743 	 1930.83747 	    0.00000 	  493.50874 	 2870.52461 	 1905.74108 	 
2727.49109 	 1820.73423 	 2463.48944 	 1258.43334 	 2314.76308 	 2631.56809 	 2091.09282 	 1086.45068 	 1701.07007 	 1824.58543 	 1536.40626 	 1171.96059 	 1424.25463 	 2809.75176 	 1397.25435 	 1765.07201 	 1793.29474 	 2074.80561 	 1296.83641 	 2529.77946 	 1996.51131 	  763.34659 	    0.00000 	 1893.82399 	 2366.36765 	 
 439.50972 	 1033.78010 	 1511.54534 	 1265.44814 	  709.96395 	 1148.78666 	  858.57473 	 1689.49622 	 1257.68097 	  807.84371 	  826.32446 	 1764.19602 	  519.90761 	  206.52341 	 1239.76475 	  424.13394 	  980.58077 	  909.33866 	 2287.34708 	 1124.91552 	  731.11093 	 2109.47136 	 2461.73553 	    0.00000 	  878.05217 	 
 399.56902 	   38.19231 	  448.94496 	  630.38621 	  506.88743 	  217.26739 	 1405.52032 	 1198.79415 	  351.52877 	 1326.61318 	  726.37505 	 1689.92433 	  684.54459 	 1120.14518 	 1031.65817 	 1157.17304 	  263.35693 	  109.62238 	 2504.41260 	  241.03198 	  810.90668 	 2550.00577 	 2731.89618 	  736.52591 	    0.00000 	 
   0.00000 	 8215.05559 	 6417.86555 	 17330.95018 	 5574.01269 	 7202.10773 	 12067.19565 	 1580.77374 	 10881.98131 	 6054.62752 	 4078.80076 	 11004.61686 	 8274.58064 	 22472.23041 	 3283.37179 	 7604.82101 	 40355.99241 	 11573.45750 	  992.68975 	 3951.62534 	 6349.95185 	 7354.36998 	 2415.50751 	 12785.50774 	 13755.99524 	 
6952.92581 	    0.00000 	 9998.18291 	 13506.42222 	 3214.07895 	 4495.11360 	 4072.09491 	 2691.05844 	 7535.48355 	 5256.89469 	 3055.54428 	 10179.94046 	 1002.98349 	 8541.33502 	  941.39560 	 5939.72943 	 18922.26904 	 4897.71057 	  854.97774 	 8682.43959 	 4086.92564 	 7032.89830 	 3175.96437 	 1588.70213 	  425.32644 	 
7867.09082 	 16166.20746 	    0.00000 	 31900.04546 	 7266.71858 	 10005.01812 	 7473.54523 	 6298.31655 	 19002.28965 	 5461.20680 	 4296.73449 	 18072.53618 	 1479.77543 	 27088.13164 	 5681.12632 	 4112.83752 	 202149.93604 	 47943.63766 	 2095.38680 	 13037.91580 	 8623.12170 	 12346.87649 	 3096.86948 	 7141.91673 	 39622.50071 	 
23330.55157 	 16838.71351 	 38093.72269 	    0.00000 	 14682.15420 	 28722.04981 	 22211.38571 	 19541.96529 	 39884.03382 	 13258.37412 	 27092.83242 	 68093.75540 	 12092.93177 	 41526.09643 	 46058.06694 	 12041.11716 	 216863.81784 	 43440.11353 	 15666.34916 	 26502.69972 	 45731.91353 	 43750.24399 	 16748.52169 	 17091.85753 	 50986.01599 	 
3348.32146 	 3800.52421 	 6332.71859 	 19585.71307 	    0.00000 	 5370.38924 	 2788.00879 	 1318.82359 	 5794.50587 	 2434.64512 	 2847.39778 	 6411.77485 	 1730.85456 	 5152.77874 	 1945.19850 	 1074.56797 	 26125.88125 	 6981.54091 	  738.60052 	 3754.76941 	 7075.71706 	 2959.46590 	 1289.12466 	 5978.14085 	 6048.23600 	 
5855.21387 	 5763.63025 	 10847.24589 	 34692.10286 	 5339.77246 	    0.00000 	 4286.03119 	 2493.41836 	 9318.40054 	 2809.74128 	 1988.60037 	 14995.39681 	 1523.65514 	 11760.10242 	 4159.80750 	 1678.76971 	 48866.21354 	 14239.91118 	 2372.71229 	 4015.29028 	 6088.94258 	 5686.36065 	 1659.90399 	 7358.51159 	 13181.50402 	 
11315.20709 	 4464.49627 	 6006.71045 	 26666.95378 	 3307.22730 	 3961.25124 	    0.00000 	 13654.35434 	 7883.71295 	 25464.00824 	 7971.85025 	 19182.28027 	 6987.48599 	 8435.88292 	 6076.10511 	 15507.68932 	 28400.37050 	 9254.30629 	 4790.85548 	 3293.54435 	 7262.24363 	 10210.17583 	 3786.41222 	 3172.08613 	 8899.54993 	 
2625.69867 	 3240.95825 	 4965.78248 	 31369.89348 	 1429.05836 	 3324.28655 	 12405.05872 	    0.00000 	 5502.52347 	 5642.48349 	 11563.86137 	 38231.89605 	 2030.93899 	 3301.54881 	 11494.57684 	 2901.95017 	 17517.77737 	 4042.77134 	 8406.55620 	 2593.47078 	 6211.40077 	 13052.93721 	 8512.19607 	 1519.93124 	 7091.99360 	 
10801.06640 	 5342.43255 	 20236.19894 	 38917.27141 	 8764.27877 	 9502.80865 	 8337.85629 	 3974.54909 	    0.00000 	 3583.91439 	 4634.12991 	 27837.12539 	 4702.04275 	 21458.72647 	 7455.77468 	 3859.56111 	 66394.20031 	 21843.35096 	 4126.37033 	 9379.27098 	 10304.99663 	 16419.83222 	 3008.25067 	 11827.68809 	 21274.68372 	 
6341.97257 	 2987.32734 	 4413.12076 	 16240.01925 	 1603.59614 	 3218.87283 	 34153.95919 	 7753.32060 	 5225.17971 	    0.00000 	 4509.54500 	 20615.83204 	 3904.56983 	 6967.04237 	 2936.33773 	 16124.38882 	 26386.53599 	 6521.57813 	 1675.32077 	 3740.38175 	 7368.46306 	 6239.45774 	 3089.33237 	 1861.09696 	 4449.95957 	 
3871.35816 	 2892.69268 	 2982.18452 	 22832.74689 	 2915.09073 	 2170.75797 	 11505.16210 	 13146.02215 	 4156.61903 	 3303.97956 	    0.00000 	 17091.89435 	 2517.45787 	 4433.63496 	 7005.54934 	 3623.58397 	 21053.74587 	 4202.34803 	 2413.81785 	 2784.00218 	 14630.24804 	 8636.68581 	 3359.31430 	 1668.13735 	 8164.15158 	 
9419.45732 	 5923.72638 	 26235.67482 	 68369.57657 	 5879.36449 	 10099.52566 	 27650.05829 	 26566.83859 	 25411.54622 	 14810.91691 	 11214.03407 	    0.00000 	 5126.18066 	 18677.44181 	 20861.46582 	 12824.23586 	 108045.84773 	 19242.49577 	 33027.24100 	 14055.62876 	 17786.47150 	 87310.84389 	 39652.04844 	 4615.20321 	 31526.11190 	 
8134.42124 	 1039.03721 	 1590.81097 	 10075.50617 	 2060.37790 	 2309.23259 	 5260.72525 	 2307.48386 	 4759.33059 	 2917.03667 	 2288.91592 	 4216.31140 	    0.00000 	 2311.81810 	 1111.38758 	 7033.60029 	 9604.70386 	 2350.87668 	  917.99050 	  916.44352 	 7989.85670 	 2090.91594 	  829.88007 	 1634.00741 	 4224.38865 	 
19266.45216 	 7552.89142 	 22251.61332 	 35509.40635 	 7792.25127 	 19977.97148 	 5619.64441 	 3756.64340 	 21077.40709 	 10588.38640 	 3163.77988 	 15920.70233 	 2874.92917 	    0.00000 	 5177.50085 	 6948.55434 	 200260.41551 	 18738.97692 	 1305.91896 	 12840.03330 	 8721.92599 	 6520.65301 	 1948.81973 	 23770.13847 	 24539.26619 	 
3256.99723 	 1306.02424 	 6828.00715 	 44427.46113 	 1828.31626 	 4452.94032 	 4605.80064 	 7084.58392 	 8612.50120 	 2582.69072 	 5648.89294 	 14847.39314 	  809.28561 	 3892.80319 	    0.00000 	 2191.87484 	 19465.59106 	 6328.05064 	 5035.20237 	 2110.79017 	 9161.73258 	 14122.76912 	 5996.32890 	 3876.75621 	 9967.72695 	 
10389.06426 	 3649.53695 	 3775.63192 	 11705.21632 	 1491.62854 	 2584.33808 	 15963.27687 	 2144.13659 	 3508.13907 	 14291.39126 	 2146.82836 	 12386.27030 	 5464.95357 	 8122.81176 	 1782.56281 	    0.00000 	 22529.08367 	 3538.43744 	  811.32066 	 1342.34472 	 4923.22257 	 5475.20860 	 2086.75623 	 4559.20381 	 4625.19070 	 
59078.20686 	 25851.48636 	 178800.71148 	 155645.09961 	 29571.83574 	 49947.90204 	 34337.74724 	 29485.99962 	 66281.26149 	 21487.26645 	 16446.38116 	 118260.64210 	 9365.40600 	 166390.99099 	 20494.19846 	 17086.72890 	    0.00000 	 8215.39064 	 13459.21055 	 65086.30390 	 36551.47789 	 83146.75060 	 18020.18253 	 22987.92402 	 165384.67713 	 
9058.82361 	 8074.97437 	 36713.46815 	 45549.74394 	 6538.18916 	 15452.26852 	 6307.23948 	 4428.71167 	 17418.83952 	 6760.97413 	 3722.76746 	 22936.28500 	 3890.65039 	 32436.97836 	 5541.08166 	 5032.66400 	 8882.25177 	    0.00000 	 3400.83690 	 30754.47796 	 10120.46496 	 18268.45748 	 5807.79572 	 5442.96416 	 15681.47311 	 
1013.98596 	  958.98971 	 3385.40159 	 15431.91960 	 1214.27054 	 2230.80435 	 5892.82416 	 6611.13611 	 4020.22862 	 2078.48726 	 3439.32143 	 37174.59689 	  952.84245 	 1179.12583 	 6245.06448 	 1009.36140 	 12946.55283 	 2859.65026 	    0.00000 	 2134.04624 	 2943.55268 	 11940.62752 	 4123.55958 	  613.56723 	 4465.83222 	 
6591.49749 	 9970.85736 	 13212.50400 	 32896.46121 	 5274.17310 	 4958.28311 	 3841.22354 	 1870.38428 	 8591.96395 	 4011.26519 	 2942.34295 	 12250.09374 	 1193.34987 	 10755.55016 	 1934.51437 	 1448.45326 	 81875.82421 	 24420.01113 	 2059.78605 	    0.00000 	 5268.98460 	 6290.37358 	 1710.15124 	 6025.96932 	 12825.56583 	 
7448.64681 	 4172.95484 	 5278.01049 	 37054.06555 	 4411.92760 	 9081.79727 	 9489.14571 	 7208.64294 	 13615.01877 	 8545.47632 	 14510.87984 	 11948.57813 	 5456.81203 	 10406.78047 	 8980.39253 	 6212.81113 	 30668.94640 	 8239.44657 	 3623.74741 	 4285.39700 	    0.00000 	 12743.23227 	 2325.24623 	 3038.70969 	 10384.66686 	 
8274.89350 	 8011.16972 	 19065.40813 	 44602.63482 	 3798.20923 	 5280.02490 	 17498.77754 	 14841.13457 	 10649.65732 	 7232.35428 	 6052.71346 	 91293.32224 	 3557.77410 	 9101.04881 	 10549.82241 	 4753.64199 	 66654.85620 	 13533.79783 	 8278.72941 	 6494.88823 	 8040.48480 	    0.00000 	 38071.14177 	 2315.20850 	 22566.82879 	 
3463.55586 	 3845.94313 	 4858.80575 	 16726.74469 	  767.13266 	 2774.03505 	 5390.25498 	 8353.53985 	 2936.88747 	 2439.07052 	 2562.13260 	 23632.55608 	  939.66490 	 1482.47311 	 4564.57676 	 2539.82633 	 10780.02700 	 5458.60784 	 4077.85319 	 1750.70822 	 3897.79861 	 37968.40520 	    0.00000 	 1067.00730 	 5339.63752 	 
11633.74430 	 2478.40365 	 10446.91683 	 15427.74183 	 3969.87086 	 5138.34269 	 3305.49936 	 1555.96610 	 9576.00849 	 3036.58206 	 1941.84486 	 3284.85193 	 1455.97495 	 15229.36127 	 3501.60703 	 4456.64074 	 21352.15797 	 7731.89508 	  457.08360 	 5672.27739 	 4577.64116 	 2113.15591 	  931.40877 	    0.00000 	 6142.62844 	 
16633.13472 	  395.82424 	 60318.82386 	 51011.99772 	 6344.56588 	 17666.47679 	 10288.55713 	 8500.63217 	 14721.39697 	 6405.04281 	 9437.98703 	 19227.64913 	 3803.04565 	 18026.57010 	 15368.98980 	 4998.64025 	 142110.87507 	 10251.49648 	 3741.92683 	 10334.53424 	 9717.06263 	 17067.73864 	 6228.49796 	 4787.20811 	    0.00000 	 
   0.00000 	  498.90065 	  741.43451 	  543.31921 	  442.88649 	  514.86442 	  601.34710 	 1121.86493 	  631.40371 	  548.91368 	  586.67029 	 1955.70119 	  402.05074 	  542.66395 	  935.51230 	  443.47110 	  559.02836 	  790.20501 	 1953.89712 	  492.22955 	  533.37683 	 1840.85512 	 1778.18273 	  418.50513 	  699.92840 	 
 493.68701 	    0.00000 	  358.20414 	  599.07726 	  318.48702 	  355.89971 	  961.36307 	 1827.80927 	  491.51909 	 1514.58387 	  968.66706 	 2030.51797 	  913.29126 	 1087.44352 	  897.54092 	  736.83517 	  186.76029 	   85.76514 	 2430.44122 	  234.05117 	  618.31799 	 2988.37851 	 2684.34603 	 1049.08511 	   43.15913 	 
 937.38399 	  401.37760 	    0.00000 	  606.70950 	  864.59060 	  389.75952 	 1181.83297 	 1824.89920 	  708.94234 	 1289.27721 	 1059.78475 	 2070.03989 	 1307.56130 	 1003.42447 	  994.66391 	 1222.19026 	  216.44869 	  238.71601 	 2851.59475 	  571.02435 	  752.78763 	 3000.42927 	 2746.84698 	 1332.57852 	  506.13732 	 
 576.14246 	  596.76153 	 1084.09400 	    0.00000 	  192.22204 	  397.58558 	  873.71399 	  739.03518 	  293.40248 	 1189.68473 	  369.46348 	 1955.79572 	  345.46435 	  866.55073 	  358.57776 	  831.70006 	  854.10314 	  798.79948 	 1865.09642 	  495.38687 	  221.52857 	 2137.62254 	 2239.00641 	  828.44324 	  415.65717 	 
 279.40375 	  479.41956 	  971.17466 	  222.64701 	    0.00000 	  249.35024 	  889.49045 	 1260.14837 	  226.93528 	  876.11041 	  402.87685 	 1889.26963 	  308.36545 	  840.76647 	  630.63204 	  817.93890 	  662.62479 	  410.60825 	 1725.96509 	  196.72666 	  366.31898 	 1794.90119 	 1485.80534 	  637.27345 	  360.20627 	 
 564.24599 	  305.07248 	  575.80985 	  376.39480 	  158.29023 	    0.00000 	  897.58645 	 1020.50471 	   78.80520 	  799.89516 	  749.21035 	 1500.14495 	  450.77847 	  999.19205 	  793.52424 	 1182.20448 	  296.77327 	  316.38244 	 1253.27569 	   78.61920 	  422.55351 	 1887.92161 	 2287.09772 	  793.09908 	  299.63856 	 
 765.59194 	 1224.11775 	 1529.51551 	  883.49850 	  596.77943 	  850.82301 	    0.00000 	  777.34595 	  707.52072 	  204.29706 	  423.49427 	 1009.22724 	  504.14114 	 1265.86058 	 1014.97891 	  511.42255 	  962.34932 	 1215.34699 	 1116.34988 	 1232.34928 	  380.92409 	 1154.32766 	 1568.62127 	  980.23652 	 1039.91862 	 
1089.53510 	 1337.55340 	 1783.75482 	  958.42840 	  815.94319 	  974.13086 	  674.95327 	    0.00000 	 1336.17940 	  881.99907 	  539.56554 	  842.38282 	  685.50112 	 1501.24194 	  696.21191 	 1184.82279 	 1175.50127 	 1135.22730 	  527.36465 	 1677.99155 	  898.34099 	 1089.28556 	 1200.44994 	 1776.67993 	 1198.32111 	 
 486.66700 	  439.56145 	  661.26963 	  290.90880 	  263.87751 	   97.89765 	 1240.04567 	 1290.52366 	    0.00000 	  972.87824 	  686.58690 	 2028.69571 	  731.60508 	 1129.01675 	  489.39727 	  860.99109 	  501.96246 	  448.92966 	 1966.34675 	  154.86980 	  430.52392 	 2216.56188 	 2203.95624 	 1234.60684 	  340.47606 	 
 852.06130 	  896.43081 	 1773.98622 	  839.89733 	  914.16645 	  869.26328 	  179.91810 	  942.66615 	  815.12336 	    0.00000 	  536.28397 	 1127.27257 	  504.14943 	  981.81749 	 1176.12590 	  234.66042 	 1283.29552 	 1071.42787 	 1114.17085 	 1201.60808 	  587.14422 	 1415.73734 	 2242.89170 	  775.27270 	  992.36300 	 
 815.71564 	 1246.20705 	 1363.41773 	  397.57351 	  631.16427 	  493.48309 	  553.60261 	  658.39588 	  739.53862 	  723.71678 	    0.00000 	 1658.79996 	  418.37400 	 1387.81022 	  447.90967 	  474.52878 	 1332.58216 	 1272.17817 	 1301.58905 	  717.27324 	  232.30759 	 1787.39917 	 1952.59992 	 1047.20977 	  767.16408 	 
1738.89999 	 2174.27395 	 2647.33700 	 1684.00333 	 1861.62544 	 1820.09123 	  949.03851 	  689.81980 	 1945.04874 	 1062.55705 	 1285.14740 	    0.00000 	 1896.36407 	 1890.42310 	 1481.57807 	 1650.63576 	 3157.85985 	 2139.48279 	  421.62912 	 1937.31551 	 1703.69374 	  451.12600 	  861.43913 	 2032.68537 	 2873.39782 	 
 281.58678 	  673.24505 	 1038.99547 	  395.54948 	  389.08834 	  453.83654 	  306.61319 	 1040.77775 	  591.07457 	  473.90755 	  307.19457 	 1163.94947 	    0.00000 	  935.07451 	  790.80612 	  382.16607 	  899.75997 	  898.37122 	  913.77517 	  766.67520 	  306.51787 	 1389.76282 	 2286.04479 	  581.47301 	  763.06305 	 
 759.94679 	  804.19023 	 1264.11657 	  843.12524 	  687.55324 	  830.99893 	  874.30156 	 1564.68791 	 1343.22334 	 1165.70061 	  944.59192 	 2600.32461 	  783.98243 	    0.00000 	 1398.08104 	  877.81926 	 1174.22240 	 1093.80829 	 1629.73993 	 1277.89109 	 1206.69220 	 2563.45001 	 2873.47772 	  173.47497 	 1036.43466 	 
1079.86599 	  669.17040 	 1448.12118 	  289.35292 	  574.81568 	  563.28953 	  814.14127 	  741.24071 	  510.78387 	 1038.51512 	  498.98225 	 1127.95253 	  822.00073 	 1353.70791 	    0.00000 	 1300.38855 	 1130.59392 	  722.05620 	 1634.48022 	  661.46146 	  511.35386 	 1746.69536 	 1627.36110 	 1413.72182 	 1049.86319 	 
 525.60785 	 1021.05858 	 1123.04926 	  986.25036 	  493.05430 	  655.94094 	  346.02870 	 1096.88872 	 1119.85128 	  341.10072 	  833.90653 	 1534.11306 	  316.08667 	  731.02662 	  893.55804 	    0.00000 	 1243.42256 	  883.52313 	 1080.95865 	 1079.16442 	  674.99466 	 1406.83472 	 2040.13490 	  572.15050 	  958.34207 	 
 590.40343 	  220.16073 	  139.14725 	  929.19872 	  473.71570 	  492.29399 	 1617.67275 	 1615.64363 	  573.88451 	 1487.81737 	 1300.35995 	 2958.70014 	  856.13167 	 1269.14102 	 1240.83791 	 1397.35300 	    0.00000 	   96.72447 	 2640.45048 	  263.61486 	  736.25724 	 2481.12643 	 1705.45931 	  909.82204 	  178.96680 	 
 737.41901 	   76.27679 	  330.82562 	  701.70129 	  605.91588 	  365.06222 	 1110.75132 	 1707.03556 	  560.25259 	 1254.55976 	 1058.47008 	 2784.43853 	  997.81155 	  749.01407 	 1159.93802 	  800.28392 	   81.08664 	    0.00000 	 2208.32638 	  251.07285 	  795.52960 	 2469.13942 	 1776.63527 	  685.39921 	  162.06801 	 
1346.24798 	 1549.57881 	 2184.19448 	 1051.92302 	 1985.14099 	 2138.28899 	  916.59706 	  493.38080 	 1846.30125 	  881.11522 	  978.61348 	  257.99898 	 1192.71345 	 1894.89608 	  905.14061 	 1449.12507 	 1604.74469 	 2625.79464 	    0.00000 	 1396.93419 	 1604.77538 	  574.38563 	 1005.79840 	 2142.97758 	 2468.26804 	 
 514.67307 	  207.12694 	  546.93741 	  391.14002 	  255.18635 	   82.05987 	  873.64682 	 1448.72816 	  251.94236 	 1159.87833 	  933.01718 	 2563.23820 	  731.57218 	  718.92997 	  852.09469 	  871.91769 	  307.12786 	  302.06814 	 2108.92233 	    0.00000 	  657.26185 	 1990.62139 	 2334.28566 	 1095.36930 	  190.02621 	 
 543.01890 	  893.61653 	 1226.45494 	  275.15525 	  248.91374 	  514.61147 	  619.77318 	  635.60532 	  386.80961 	  616.78911 	  191.26877 	 1601.91877 	  317.75743 	  971.87506 	  352.80090 	  507.59764 	  783.90586 	  822.91513 	 1265.69441 	  626.89167 	    0.00000 	 1825.59467 	 2173.64602 	  750.09830 	  769.97869 	 
1654.58395 	 2814.74604 	 2019.19569 	 1921.48490 	 2059.75327 	 1677.79233 	 1550.01986 	  851.42977 	 1491.28080 	 1233.98674 	 1823.66087 	  427.80136 	 1486.92828 	 1845.47028 	 1767.84736 	 2134.30612 	 3329.21589 	 1879.22740 	  503.16764 	 2753.07906 	 1548.45613 	    0.00000 	  844.73142 	 1730.61880 	 2006.50948 	 
2142.50736 	 2431.36438 	 2835.03375 	 1720.26920 	 1973.13108 	 1705.18801 	 1258.09568 	  821.18833 	 1745.48217 	 2129.86357 	 1248.07256 	 1087.58166 	 1703.00555 	 2312.75047 	 1748.13110 	 1627.43974 	 2200.45387 	 2836.60033 	  836.81747 	 2488.57432 	 2016.44381 	  561.55971 	    0.00000 	 2253.70232 	 1692.95303 	 
 327.93975 	  857.74191 	 1311.27508 	 1183.25522 	  590.82522 	  909.09176 	  913.33932 	 1567.18267 	 1114.14758 	  572.57835 	 1164.39287 	 2575.70126 	  502.14096 	  216.18129 	 1022.77000 	  634.82078 	  755.56621 	 1164.60773 	 1283.74726 	 1124.96199 	  751.56660 	 2885.69991 	 2733.77274 	    0.00000 	 1009.69814 	 
 503.87165 	   30.50348 	  466.56322 	  486.14016 	  280.10199 	  337.19828 	  931.47899 	 1563.78342 	  353.31058 	 1308.65572 	 1160.02394 	 1896.53669 	  526.06977 	 1102.96040 	 1147.76968 	  865.39344 	  261.10125 	  111.53489 	 2129.93563 	  198.49137 	  495.19520 	 2210.49115 	 2357.19714 	  747.42292 	    0.00000 	 
   0.00000 	 5872.53896 	 8164.00610 	 22851.68394 	 5832.83910 	 7225.74342 	 14969.26607 	 2891.42450 	 10485.20536 	 6003.13891 	 3090.16512 	 8792.02402 	 8476.89376 	 16289.38654 	 2548.16925 	 7079.93063 	 59914.91214 	 11009.76939 	 1761.44733 	 4501.40116 	 5905.38340 	 6249.58116 	 1910.15804 	 8611.90275 	 18589.37594 	 
7169.34262 	    0.00000 	 12946.13500 	 17138.98444 	 2780.37158 	 6016.85226 	 3719.97087 	 3219.23583 	 5226.33733 	 4560.45650 	 1794.78792 	 6827.57342 	 1028.29461 	 7762.08704 	 1220.94662 	 6004.61810 	 18707.80494 	 5194.27091 	 1014.41450 	 8060.21995 	 3886.59880 	 8187.48111 	 2629.54509 	 1979.07452 	  454.41351 	 
9899.48610 	 14501.78211 	    0.00000 	 45354.99272 	 5894.20156 	 16383.68698 	 4768.14362 	 7420.57528 	 20911.40954 	 3052.32665 	 2969.45968 	 17383.41282 	 1744.46211 	 19179.66878 	 5002.20743 	 4513.11663 	 192757.14483 	 30787.13760 	 3707.25385 	 14906.83097 	 7708.02581 	 13441.54641 	 4772.26470 	 8767.90659 	 45134.30777 	 
24211.83038 	 14204.78074 	 38482.21403 	    0.00000 	 13419.43340 	 27258.50781 	 24351.50017 	 21305.41421 	 45984.09835 	 11694.94990 	 22683.34871 	 78657.05267 	 9174.97971 	 39617.39209 	 66814.02711 	 13382.39371 	 124197.36014 	 40856.68119 	 14456.72620 	 26477.67552 	 32312.84684 	 30126.34867 	 13946.07466 	 16445.70975 	 37509.84443 	 
3839.43969 	 4006.47305 	 7341.77519 	 14293.88962 	    0.00000 	 5800.97628 	 2588.13778 	 1929.40250 	 8049.61504 	 1657.74555 	 2179.99961 	 6820.99643 	 1421.50846 	 8552.32120 	 1654.72730 	 1283.83959 	 18508.49035 	 5302.08431 	  903.64353 	 5192.60522 	 5213.80898 	 3707.75907 	 1255.54238 	 3941.32489 	 7761.47631 	 
8043.93918 	 5514.34142 	 10467.08841 	 27932.98175 	 5186.87008 	    0.00000 	 5605.63606 	 4433.07355 	 8755.61357 	 4212.22153 	 2641.02396 	 16831.54164 	 2081.46186 	 18503.95524 	 5215.08347 	 1836.50213 	 53540.35534 	 15468.98805 	 2160.65469 	 5480.24585 	 8393.90525 	 8439.19636 	 2128.07023 	 5999.44001 	 9997.43439 	 
13070.13089 	 4812.93336 	 7430.55522 	 16293.49619 	 3469.58768 	 4309.25926 	    0.00000 	 13518.06134 	 5881.11622 	 32582.51852 	 11610.12825 	 27548.29716 	 6631.68570 	 8251.47013 	 4399.99868 	 16045.03270 	 33192.50988 	 6288.65626 	 7195.61690 	 3657.14708 	 12333.53644 	 11756.39892 	 4220.76362 	 3536.76682 	 13801.04692 	 
1887.73771 	 3141.34439 	 5457.27489 	 24884.35221 	 1896.26706 	 2515.16418 	 9281.95816 	    0.00000 	 6601.45422 	 6771.84653 	 13056.58022 	 27148.84432 	 1396.93025 	 2530.66609 	 11075.32995 	 2684.05567 	 29960.25996 	 4972.13045 	 7759.56042 	 2102.16169 	 9291.12884 	 12892.23119 	 9219.36965 	 1279.02739 	 6955.45336 	 
9562.40513 	 8512.84553 	 12151.60126 	 54474.80774 	 6643.70380 	 12372.07822 	 5413.04522 	 5855.78978 	    0.00000 	 4615.89077 	 5501.29888 	 28887.79409 	 3976.39994 	 22048.28174 	 7004.21944 	 3280.92634 	 74575.00795 	 18990.64048 	 4346.07371 	 13148.62527 	 11883.47216 	 14645.76375 	 4920.34084 	 14810.80187 	 16524.28192 	 
6968.83946 	 4831.19066 	 3756.35544 	 11872.38881 	 2240.94848 	 3845.13961 	 36452.55267 	 9001.37104 	 4526.05126 	    0.00000 	 4205.73385 	 17132.96714 	 3613.23010 	 9180.82044 	 3057.15021 	 14391.11187 	 35334.03918 	 5821.67088 	 1865.61434 	 3104.62089 	 4932.13060 	 8214.67580 	 2920.68567 	 1977.67034 	 5435.98822 	 
4057.62726 	 2015.07864 	 2507.00936 	 22797.45101 	 2575.95296 	 2162.30483 	 13141.83777 	 10592.93946 	 6095.21935 	 3744.64288 	    0.00000 	 15015.41448 	 3469.53570 	 4111.52039 	 6333.27106 	 3220.53767 	 16263.71608 	 5168.31553 	 2324.05767 	 2947.28698 	 18274.09586 	 6565.81357 	 2226.41032 	 1392.97183 	 7593.92622 	 
11574.22941 	 10067.33373 	 26478.30419 	 63817.81401 	 4933.39610 	 18002.76484 	 33185.94030 	 23091.35507 	 17654.56355 	 12432.70060 	 11641.51628 	    0.00000 	 4167.13291 	 16848.38903 	 20112.64795 	 10601.80748 	 135100.41723 	 15893.48043 	 24145.62269 	 8236.23805 	 13068.63969 	 117159.17366 	 24474.77038 	 3867.78754 	 18360.10619 	 
12208.20670 	  932.03061 	 2096.58805 	 16753.93134 	 2273.52716 	 2123.08176 	 5072.96358 	 2095.40657 	 5054.94844 	 3185.25152 	 3278.81204 	 5247.42277 	    0.00000 	 3759.27670 	 1198.63482 	 6755.99536 	 10934.55561 	 3910.70164 	  839.16477 	 1361.23877 	 5578.10983 	 3188.91079 	 1348.34431 	 1263.76014 	 3302.94021 	 
28512.12183 	 5440.01840 	 26315.59659 	 50077.57776 	 9111.53490 	 16790.97820 	 6709.19261 	 3378.67490 	 30283.00816 	 10067.57417 	 3322.78544 	 15488.28682 	 3125.20972 	    0.00000 	 5341.09780 	 11386.63521 	 169406.58559 	 25407.60300 	 1160.57484 	 12866.73449 	 9268.80917 	 6595.50339 	 1746.61474 	 24282.77772 	 26569.57784 	 
3662.40091 	 1054.87486 	 7890.96811 	 51524.24657 	 1566.80288 	 5324.77468 	 4661.42586 	 9509.79179 	 11320.67809 	 2768.07201 	 7634.04308 	 15656.86436 	 1289.64879 	 4264.63388 	    0.00000 	 2336.16080 	 27667.97136 	 8218.32553 	 4102.40412 	 2779.39081 	 5657.19198 	 15461.66078 	 4994.91811 	 3259.95893 	 8470.34588 	 
11757.24892 	 5747.64730 	 4164.43693 	 11017.96267 	 1376.15798 	 2235.22293 	 13912.91034 	 1818.45088 	 5377.03594 	 16871.87619 	 2917.71829 	 12702.80647 	 5449.00897 	 7520.27796 	 2503.71775 	    0.00000 	 22675.54328 	 3687.59196 	  981.61631 	 2220.89980 	 3738.41114 	 5550.63725 	 1971.36680 	 4463.10944 	 6074.89089 	 
32683.71275 	 28296.09083 	 201042.15739 	 124191.47741 	 23865.91689 	 47472.31664 	 30984.44401 	 20394.97162 	 97637.93187 	 32202.21686 	 16736.59167 	 128644.51017 	 12335.79941 	 120904.68667 	 26207.96473 	 16692.96313 	    0.00000 	 7723.91488 	 9627.73258 	 44426.72701 	 30193.24364 	 67794.67185 	 10865.54210 	 25527.38967 	 186968.66404 	 
9612.46270 	 8326.33070 	 46091.66408 	 45353.76442 	 6224.59576 	 17856.89093 	 7418.61573 	 5660.63755 	 18621.20851 	 4387.24298 	 5681.56283 	 14224.41286 	 2382.78981 	 24736.41143 	 5393.24506 	 4355.78984 	 7446.20787 	    0.00000 	 2661.45074 	 25279.74185 	 6374.30616 	 15851.78736 	 4741.89241 	 6438.70902 	 12335.23174 	 
1326.33607 	  790.21514 	 3093.40537 	 17300.43473 	  959.31367 	 2753.12075 	 4459.33447 	 7348.95696 	 4115.78816 	 2054.31717 	 2752.05642 	 27712.90776 	  937.78468 	 1042.84965 	 4796.14077 	  770.48073 	 7805.37395 	 3085.37211 	    0.00000 	 2113.32430 	 4257.43468 	 11005.73160 	 3940.16153 	  585.84370 	 4109.38058 	 
3860.64823 	 8165.73666 	 13434.45817 	 26783.68482 	 4140.78064 	 4256.67212 	 3933.08859 	 3001.15118 	 13752.44796 	 3416.44325 	 2346.15518 	 12210.02432 	 1090.82140 	 13591.82001 	 3383.22789 	 1757.35077 	 45336.40597 	 29951.62580 	 1708.59426 	    0.00000 	 4167.97381 	 4905.54832 	 1533.80475 	 3848.45826 	 15908.52572 	 
7509.58092 	 4829.59591 	 6052.94117 	 36022.35712 	 5965.94628 	 6723.44777 	 10783.65227 	 6012.46850 	 11391.13529 	 8733.51994 	 11810.21270 	 13428.18518 	 4563.53447 	 10467.46217 	 7117.25563 	 6118.50105 	 35038.41123 	 8616.68563 	 3660.13462 	 4461.78092 	    0.00000 	 10100.46932 	 2395.29804 	 2736.68789 	 15245.36728 	 
5059.86764 	 7501.93754 	 21312.56769 	 32907.62385 	 3549.93382 	 8106.01768 	 13693.44391 	 15496.07386 	 14241.17144 	 7388.86239 	 6840.86194 	 111801.49390 	 3761.09607 	 8254.26266 	 13869.41405 	 6990.15769 	 76065.98993 	 11316.19011 	 14590.17812 	 8360.60840 	 11223.76993 	    0.00000 	 33738.79000 	 2051.17348 	 24754.74627 	 
2622.90635 	 2749.46446 	 3382.14064 	 13216.67378 	 1218.57857 	 2793.89215 	 5718.32038 	 8095.68293 	 4338.89422 	 2898.06493 	 3316.38542 	 38826.90731 	  841.59143 	 2044.87898 	 6172.11960 	 1717.28761 	 13559.53834 	 5352.11825 	 4343.91314 	 1600.95390 	 2439.91697 	 34290.18726 	    0.00000 	  771.66356 	 6050.33913 	 
12204.32745 	 1454.34285 	 5735.65588 	 16132.60004 	 5631.62532 	 4980.37812 	 3226.53458 	 1564.32072 	 9650.62542 	 2816.04388 	 1499.72216 	 3911.28927 	 1952.38990 	 17928.79214 	 3612.35970 	 3316.51543 	 26892.76884 	 4684.96888 	  677.88940 	 6363.15869 	 3367.96157 	 2338.50823 	  715.11754 	    0.00000 	 7639.47859 	 
19819.77916 	  655.40332 	 51309.77769 	 51414.90699 	 6954.65280 	 13848.32029 	 8918.91712 	 8224.99922 	 23690.00591 	 4479.94857 	 8640.39862 	 23047.33713 	 4586.94127 	 19197.83623 	 9489.11771 	 5043.99714 	 138226.97802 	 10247.95258 	 3291.62493 	 14070.43058 	 9665.94542 	 14199.39518 	 4527.86922 	 4870.37360 	    0.00000 	 
   0.00000 	  714.27308 	 1015.44188 	  602.78989 	  422.70497 	  529.59573 	  808.12804 	 1021.15724 	  716.75678 	  738.82790 	  565.01796 	 1815.50664 	  274.28386 	  463.36663 	  798.50944 	  462.64605 	  762.96851 	  585.53454 	 1789.17532 	  404.56986 	  355.81393 	 1783.73810 	 2261.57906 	  435.22048 	  612.90729 	 
 416.70739 	    0.00000 	  390.15085 	  773.25783 	  507.68708 	  352.11181 	  930.12708 	 1322.82858 	  468.95493 	 1021.61687 	 1162.43474 	 2299.96163 	  833.47187 	  842.81454 	 1114.74641 	  836.60850 	  229.88310 	   69.09485 	 2059.80247 	  185.90849 	  822.46534 	 2121.33559 	 2453.15105 	  997.48057 	   28.39786 	 
1051.22726 	  441.74083 	    0.00000 	  717.16459 	  827.30453 	  539.20791 	 1194.59092 	 1522.22324 	  569.55378 	 1663.60193 	 1021.69013 	 2373.06578 	  797.96982 	 1311.49630 	 1438.71990 	  969.19617 	  244.99213 	  268.85082 	 1694.32692 	  533.89660 	 1035.72797 	 3322.76287 	 3125.57620 	 1037.99686 	  339.79017 	 
 470.12704 	  787.43186 	  640.39412 	    0.00000 	  292.17623 	  315.68922 	  674.43940 	  911.48839 	  248.06297 	  659.71443 	  342.04195 	 2257.38064 	  403.93229 	 1524.53848 	  280.90586 	  636.78061 	  820.75887 	  606.12041 	 1620.27086 	  332.09183 	  313.08614 	 2220.81394 	 1468.59771 	  836.47925 	  721.75749 	 
 429.40221 	  343.60388 	  600.77408 	  284.22921 	    0.00000 	  282.40666 	  665.67449 	  932.26032 	  249.40494 	  943.81961 	  478.16213 	 1724.23976 	  504.04545 	  981.20248 	  465.00608 	  749.49467 	  454.57586 	  425.90282 	 1611.46908 	  213.66231 	  395.81818 	 1706.72131 	 1903.03388 	  819.26973 	  444.02290 	 
 483.18519 	  287.54456 	  436.98567 	  318.82979 	  247.16788 	    0.00000 	 1227.63130 	 1065.52818 	  119.28745 	 1003.37468 	  535.90561 	 1924.14668 	  718.90649 	 1183.62899 	  789.38215 	  877.89609 	  496.64789 	  352.18292 	 2022.85303 	  100.85327 	  562.53836 	 1770.32433 	 1724.27096 	  846.52956 	  214.26181 	 
 906.20928 	 1443.84750 	 1396.71668 	  940.71071 	  792.40997 	 1290.10757 	    0.00000 	  782.14228 	 1248.17558 	  201.63155 	  337.16266 	  991.89066 	  492.85148 	 1317.22513 	  610.77843 	  462.92866 	 1562.04071 	 1311.21976 	  690.27287 	  786.90261 	  544.92313 	 1652.03945 	 1535.13266 	 1113.30839 	 1427.20772 	 
1347.09722 	 1063.76133 	 2266.62179 	 1009.36129 	 1083.76142 	  943.02184 	  774.64608 	    0.00000 	 1442.09008 	  739.98778 	  626.83950 	  995.47411 	  780.72741 	 1780.30605 	  567.70730 	 1037.17884 	 1650.87477 	 1307.07161 	  712.37991 	 1404.50455 	  738.17657 	  871.11089 	  928.16742 	 1600.61326 	 1567.41006 	 
 449.72260 	  285.47059 	  802.56933 	  254.05600 	  167.95996 	   76.67792 	  707.52432 	 1064.41622 	    0.00000 	 1012.43484 	  611.56088 	 2556.64905 	  446.15366 	  898.09840 	  526.85440 	  746.35359 	  361.97313 	  345.95468 	 1506.35717 	  206.55282 	  475.35247 	 2207.09464 	 1597.28072 	  943.22090 	  321.28293 	 
 848.52514 	 1590.71300 	 1860.30669 	  811.77226 	  852.54023 	  920.95020 	  205.77588 	  959.25507 	  820.52234 	    0.00000 	  519.34393 	 1098.01550 	  560.97066 	  773.94208 	  909.36759 	  256.48726 	 1130.69047 	 1603.93161 	  756.13102 	  837.84545 	  529.17744 	 1956.50773 	 2193.90715 	  662.62272 	 1114.54913 	 
 543.79338 	  830.48175 	 1084.81311 	  449.66875 	  504.50233 	  600.31261 	  398.89013 	  694.87155 	  514.24093 	  694.71899 	    0.00000 	 1375.69872 	  426.11482 	 1209.50569 	  388.99688 	  638.86834 	 1201.99867 	  928.71380 	 1003.22770 	  590.41216 	  268.19166 	 1063.29882 	 1313.91090 	 1190.97448 	  952.89398 	 
1816.29949 	 2698.35672 	 2607.46679 	 1472.02520 	 1902.06651 	 1958.18625 	 1259.16517 	 1008.84270 	 1467.16612 	 1410.79957 	 1656.28092 	    0.00000 	 1350.15522 	 1947.17933 	 1965.71558 	 1436.07510 	 2957.11957 	 2227.65194 	  424.36877 	 2114.74101 	 1624.62088 	  395.92901 	  928.55442 	 2222.56569 	 2395.80028 	 
 273.01914 	  668.50963 	 1396.19942 	  424.88968 	  471.31293 	  534.61920 	  486.62995 	  735.77420 	  450.00000 	  619.20718 	  436.69406 	 1407.05989 	    0.00000 	 1087.51724 	  554.77136 	  285.29505 	 1170.51501 	  921.89724 	 1005.88066 	  800.09692 	  234.30767 	 1502.87665 	 1319.35219 	  715.67821 	  595.28535 	 
 665.29926 	  882.26604 	 1408.61584 	  900.58877 	 1106.30908 	 1357.09196 	 1140.20781 	 1578.34499 	 1348.28090 	  717.08011 	 1414.72694 	 1929.64745 	  657.41992 	    0.00000 	 1454.46039 	  773.30130 	 1288.86736 	  816.78475 	 2026.42011 	  738.79574 	  873.13416 	 2108.93282 	 2516.18330 	  198.04152 	 1051.35730 	 
 843.10833 	  711.54482 	 1202.94425 	  406.96212 	  544.57138 	  540.97988 	  721.45544 	  724.46016 	  599.13981 	 1265.09579 	  381.05930 	 1266.97478 	  616.03508 	 1738.76100 	    0.00000 	 1220.91318 	 1190.62839 	 1141.82474 	 1020.41906 	  564.65863 	  457.35515 	 1788.66833 	 1449.91097 	  987.42534 	 1164.85088 	 
 415.48297 	 1094.15107 	 1615.74592 	  752.68194 	  890.16901 	  819.71915 	  339.48600 	 1043.64693 	 1040.11984 	  341.11732 	  546.44981 	 1892.28072 	  309.10364 	  532.78649 	 1005.72923 	    0.00000 	 1475.75311 	  905.18202 	 1109.21894 	 1135.49943 	  730.98145 	 2367.78868 	 1729.35020 	  432.15592 	  846.00384 	 
 596.70215 	  184.45633 	  198.97893 	  900.24649 	  429.45865 	  434.78404 	 1344.80248 	 1237.89593 	  422.73948 	 1184.14280 	 1057.55453 	 1848.23655 	 1238.55814 	 1283.90308 	  930.68660 	  939.35867 	    0.00000 	   95.29075 	 2151.19328 	  381.96472 	  942.69779 	 3094.05828 	 1981.30476 	 1259.52234 	  192.00390 	 
 741.64302 	  121.82013 	  263.01632 	  723.56616 	  425.47424 	  460.05717 	 1429.22342 	 1307.22277 	  433.44389 	 1638.72083 	 1132.95362 	 2543.08144 	 1010.17813 	  844.05749 	  744.29853 	 1413.56333 	   91.66667 	    0.00000 	 1650.55111 	  227.68131 	  902.48196 	 2126.52521 	 1852.50413 	  889.63226 	  131.62271 	 
2062.47941 	 1937.57529 	 2296.27331 	 1608.58333 	 1491.37551 	 1283.89777 	  662.12447 	  704.11555 	 1268.86868 	  934.29030 	  980.46733 	  255.38913 	 1259.56818 	 1807.03385 	  926.53599 	  939.22133 	 1970.22388 	 2640.52296 	    0.00000 	 1508.12456 	 1048.56415 	  770.11749 	  949.79392 	 2174.37877 	 1478.66018 	 
 678.69291 	  201.31493 	  464.10156 	  288.17142 	  201.69991 	   79.48055 	 1105.08469 	 1452.13760 	  180.97883 	 1432.14701 	  793.38834 	 1874.72618 	  637.97498 	  987.58277 	  581.05801 	  690.65077 	  340.46668 	  306.05698 	 1740.35381 	    0.00000 	  630.29778 	 1777.64303 	 2307.90723 	 1084.48045 	  144.79019 	 
 572.12128 	  662.54134 	 1195.74203 	  246.88133 	  339.13021 	  427.63450 	  680.95915 	  800.81742 	  384.35049 	  626.23835 	  251.91863 	 1542.68929 	  308.24745 	  973.34020 	  543.29778 	  481.59098 	 1137.17581 	  965.35703 	 1034.04727 	  670.84537 	    0.00000 	 1538.75149 	 2007.40913 	  653.87355 	  834.31159 	 
2160.50966 	 2416.99880 	 3153.30689 	 2254.46426 	 2584.81909 	 2793.02091 	 1809.58670 	  772.47705 	 1857.25145 	 1826.46823 	 1112.66714 	  265.50030 	 1918.52559 	 1964.23898 	 1995.38250 	 1740.64077 	 2858.23505 	 1885.75551 	  727.93985 	 2664.99669 	 1419.31592 	    0.00000 	  611.11559 	 2194.85995 	 1991.21381 	 
2698.05594 	 2408.87833 	 2091.29606 	 1416.25563 	 2375.40366 	 1754.64731 	 1189.31047 	 1235.58875 	 1916.70176 	 2342.08905 	 1442.91006 	 1156.21438 	 1710.03783 	 3097.94504 	 1183.72765 	 1753.38132 	 1734.63698 	 1728.07513 	  892.49481 	 2435.23627 	 1656.27243 	  487.40034 	    0.00000 	 2946.04188 	 1901.65962 	 
 422.50036 	  879.28226 	 1321.29228 	  808.34200 	  643.01761 	  730.78014 	  913.19312 	 1618.07067 	 1034.91884 	  641.49973 	 1266.22757 	 1768.37250 	  605.14880 	  208.17264 	 1447.65925 	  549.15599 	 1074.78046 	  839.64195 	 2169.56069 	  621.64785 	 1043.44104 	 1942.60144 	 2774.74056 	    0.00000 	  639.75892 	 
 645.37153 	   30.38632 	  493.42303 	  479.68489 	  476.21724 	  349.83120 	 1199.37504 	 1262.21546 	  419.26543 	 1006.20871 	 1099.85767 	 2151.14710 	  630.70126 	  730.12550 	 1113.88592 	  689.57522 	  250.32060 	   96.38968 	 2316.21208 	  191.89928 	  825.44901 	 3138.31256 	 2083.17258 	  761.71198 	    0.00000 	 
   0.00000 	 5667.79987 	 8932.49393 	 25176.35441 	 4327.06457 	 6474.42137 	 15024.01889 	 2684.03769 	 6488.81185 	 6398.04980 	 3938.19879 	 11663.83914 	 10745.75842 	 20648.94109 	 3080.44796 	 12320.99276 	 41076.82340 	 13388.77115 	 1078.48688 	 4551.77210 	 5889.00638 	 7319.01071 	 2542.34027 	 14949.06389 	 15252.75502 	 
4585.86349 	    0.00000 	 16049.88663 	 16717.74767 	 3859.10664 	 5821.81944 	 3879.25046 	 3441.44024 	 5582.28056 	 3898.74155 	 2717.19376 	 7823.67430 	  962.88714 	 6930.95038 	 1092.48298 	 6480.42634 	 21704.62413 	 5314.00767 	  656.76576 	 6808.70226 	 3017.46616 	 7952.55135 	 3950.47824 	 1818.19189 	  528.87974 	 
7180.25551 	 10636.52750 	    0.00000 	 39637.50086 	 6720.68779 	 11410.43916 	 4306.21522 	 5699.48477 	 17302.77598 	 3910.47411 	 3322.16360 	 16861.44506 	 2061.14293 	 28634.64597 	 4933.13743 	 4591.00400 	 147069.47818 	 48909.13620 	 2251.26216 	 12686.66315 	 6987.02438 	 19563.03543 	 3388.31945 	 9894.52351 	 65950.64499 	 
17554.30369 	 14734.28038 	 37437.78671 	    0.00000 	 18174.18768 	 34291.35221 	 21702.40702 	 28329.16823 	 64897.58707 	 17538.46226 	 33725.65445 	 84981.04775 	 14117.12888 	 39556.40006 	 62198.49723 	 16691.16983 	 137948.59142 	 26722.92780 	 16386.90853 	 21436.64444 	 49030.53101 	 41503.62179 	 17303.53165 	 14984.19287 	 41823.57268 	 
3645.93481 	 2995.63517 	 5261.92265 	 22864.12137 	    0.00000 	 7361.03562 	 2345.38667 	 1817.57934 	 6975.95887 	 1769.12146 	 2884.90017 	 4605.74467 	 1571.41462 	 5889.61970 	 1825.13367 	 1003.85725 	 23679.26823 	 4269.83153 	  777.81839 	 2895.39544 	 6927.97541 	 2466.46205 	 1000.08507 	 4546.97019 	 9147.23750 	 
5933.82345 	 6666.89036 	 14271.75944 	 40217.34353 	 5948.34667 	    0.00000 	 6526.24540 	 2900.90329 	 9071.19373 	 4240.65428 	 2436.26412 	 18610.49624 	 2030.45908 	 15159.57930 	 5565.93958 	 2425.48725 	 70958.09993 	 14870.48147 	 3005.27846 	 5873.58036 	 7269.60696 	 7689.81833 	 1663.71366 	 6737.57511 	 12954.54520 	 
10731.98441 	 4115.29634 	 4918.47333 	 17371.36897 	 2591.82995 	 5356.93994 	    0.00000 	 10252.84321 	 6964.71059 	 44063.95994 	 10091.28329 	 20973.26691 	 7765.19549 	 6830.38346 	 5889.12287 	 14092.28820 	 32020.22954 	 7056.66783 	 5970.76952 	 2454.17382 	 9964.43499 	 11519.27968 	 4877.85935 	 3140.17505 	 10147.56762 	 
2610.36305 	 3892.45222 	 5103.01236 	 24324.48421 	 1309.96197 	 4131.14356 	 10377.11085 	    0.00000 	 6621.98033 	 5111.82178 	 13604.87102 	 36204.93776 	 2313.65316 	 4045.09227 	 11133.18046 	 2633.50174 	 23140.80774 	 4630.00253 	 8935.31352 	 2646.75975 	 8655.56806 	 20852.19793 	 5842.71762 	 1317.64157 	 6527.06462 	 
7417.80006 	 6842.17563 	 15571.94539 	 51929.18404 	 7252.17060 	 10098.98761 	 7680.39431 	 5268.55142 	    0.00000 	 3876.51960 	 3850.23847 	 15781.96939 	 4300.70987 	 30269.95764 	 9593.88593 	 3874.48383 	 74275.16947 	 18742.16356 	 3205.12069 	 7650.45803 	 9748.53599 	 14539.54745 	 4682.21902 	 10835.97302 	 23699.66066 	 
6986.55142 	 3537.37600 	 3761.68607 	 19434.68563 	 2348.58844 	 4257.99763 	 30315.01307 	 8908.65874 	 3703.80094 	    0.00000 	 3287.70288 	 17017.94009 	 4565.38900 	 10257.92065 	 2884.63398 	 16766.37665 	 23823.06158 	 7273.75896 	 2738.49899 	 4591.79458 	 6813.12499 	 5935.84651 	 2451.24799 	 2920.24629 	 4160.53626 	 
2829.91935 	 2859.39105 	 2389.22800 	 21249.50048 	 1794.45921 	 2167.18420 	 10566.34548 	 12033.80382 	 4786.47265 	 3800.30477 	    0.00000 	 14013.51290 	 2309.25356 	 4458.91602 	 9954.22078 	 3183.23346 	 20817.39478 	 3130.16875 	 3898.55599 	 2582.90429 	 19384.82144 	 9177.21741 	 2832.47515 	 1506.39350 	 9305.58722 	 
8979.63562 	 7567.85212 	 19472.36876 	 58929.71606 	 5704.10979 	 10540.70318 	 26959.72736 	 22707.03352 	 18095.40561 	 15300.03494 	 13418.39921 	    0.00000 	 4628.50436 	 18296.23292 	 15921.40108 	 12971.49781 	 123810.85054 	 16131.25771 	 37443.12276 	 12826.95567 	 14165.85765 	 96085.75686 	 32443.50615 	 4108.77669 	 19050.99192 	 
8691.17819 	 1138.77631 	 1499.62039 	 11513.62936 	 1415.05199 	 1906.16482 	 8995.71721 	 1426.12355 	 4569.49635 	 4824.43370 	 2392.96211 	 4488.01668 	    0.00000 	 2595.11427 	 1400.10145 	 5178.38996 	 12355.82023 	 3693.70270 	  661.18688 	  970.07868 	 4876.67880 	 2756.26210 	 1346.44284 	 1337.67576 	 5773.11091 	 
16647.55356 	 5669.17221 	 24271.95136 	 47366.52984 	 7568.34442 	 16710.18186 	 9396.24431 	 3415.62149 	 18853.81856 	 7545.95420 	 3865.75624 	 10515.48973 	 2415.62318 	    0.00000 	 5110.21435 	 7674.52444 	 165661.94789 	 20170.54747 	 1472.86866 	 17598.95390 	 6230.02177 	 6615.60086 	 1423.88926 	 19133.34521 	 22133.40774 	 
3394.85524 	 1275.31459 	 7890.61239 	 63988.50521 	 2513.46216 	 4601.03381 	 5755.91168 	 6881.89801 	 9899.56566 	 3327.75748 	 7916.02375 	 18596.52153 	 1275.08197 	 4513.38048 	    0.00000 	 2721.28111 	 27807.57330 	 8783.27608 	 4633.99424 	 2125.28240 	 9952.83416 	 13428.66818 	 5814.81193 	 2447.28686 	 10998.46070 	 
12700.55821 	 6238.18258 	 4597.95928 	 15331.78271 	 1240.80460 	 2367.51342 	 15771.19071 	 2111.55794 	 4207.98849 	 20244.31142 	 2010.98247 	 10809.33993 	 5063.45019 	 7709.81104 	 2417.80404 	    0.00000 	 21004.43518 	 4182.24438 	 1099.37169 	 1495.63378 	 5531.64856 	 5249.06293 	 1699.23092 	 4277.39151 	 5770.05121 	 
42169.20805 	 17852.03187 	 259440.10913 	 223103.09647 	 23163.93671 	 68452.03426 	 21994.04698 	 17728.39680 	 78640.45123 	 23862.10066 	 22146.85739 	 114347.37396 	 9980.33105 	 205591.18176 	 29753.08508 	 26669.21392 	    0.00000 	 8862.48012 	 13834.27728 	 71232.71489 	 30909.17216 	 91654.58208 	 15128.38792 	 32029.65941 	 204589.16331 	 
11725.03988 	 7827.50902 	 44280.60531 	 48063.29032 	 4665.27322 	 15850.28947 	 8147.87084 	 4674.46103 	 18300.96946 	 7747.82338 	 4185.41338 	 18519.56933 	 2881.77587 	 23556.57420 	 4931.22225 	 3264.32971 	 10872.97411 	    0.00000 	 3118.24293 	 36374.81495 	 9231.12515 	 11670.86591 	 4954.78437 	 6558.72469 	 15803.10158 	 
1253.19399 	  622.58641 	 3711.50365 	 20013.95675 	  883.27237 	 3108.20943 	 4919.20049 	 8474.45010 	 4219.96474 	 1825.30007 	 3797.94652 	 36434.15155 	  869.80543 	 1238.72301 	 3478.71934 	 1138.58374 	 7800.43072 	 2262.85153 	    0.00000 	 1510.77549 	 2695.14397 	 13488.79119 	 3178.29052 	  485.95923 	 3844.40290 	 
4177.78792 	 6107.41634 	 11534.83581 	 26460.62679 	 4800.17440 	 3780.72838 	 3660.02487 	 3176.95235 	 12055.27235 	 2665.67917 	 2629.86701 	 10846.46353 	  999.88854 	 11923.92112 	 2026.28747 	 2214.52354 	 74381.99925 	 31171.19165 	 1577.68094 	    0.00000 	 3632.22365 	 7262.16219 	 1849.77617 	 5714.94069 	 11406.35143 	 
7024.45924 	 4806.44329 	 8383.12279 	 52553.68866 	 4258.46019 	 5557.56982 	 12146.24815 	 9070.88359 	 12914.54436 	 6040.33730 	 20554.57507 	 16895.61214 	 6479.99998 	 6869.03732 	 6741.64959 	 5763.70856 	 44101.36985 	 9722.59315 	 4039.19883 	 6223.02580 	    0.00000 	 8825.24515 	 3777.74743 	 3764.99339 	 13092.16481 	 
6879.36108 	 5814.94755 	 17627.57125 	 24737.56602 	 3279.34070 	 8335.42285 	 10850.95617 	 14775.65192 	 13633.76683 	 9741.81959 	 8839.91940 	 73260.52498 	 2185.53110 	 8200.65474 	 14347.61109 	 6282.15856 	 58124.30959 	 14341.93122 	 13035.21631 	 5199.26245 	 12085.85208 	    0.00000 	 41540.13947 	 2922.40298 	 23165.49277 	 
2427.81331 	 3221.05297 	 5459.03122 	 15667.62568 	 1364.07773 	 1739.69766 	 6204.63926 	 7649.15348 	 4754.81899 	 3456.58949 	 3268.81750 	 35963.99671 	 1186.95527 	 2229.04933 	 7214.34178 	 2188.48121 	 18954.90898 	 5156.62457 	 2531.45569 	 1704.95663 	 3137.79009 	 38884.98919 	    0.00000 	 1190.67684 	 4367.17112 	 
15536.26840 	 1841.01273 	 6200.37706 	 14898.37627 	 4586.96835 	 5214.09617 	 2730.89723 	 1660.53451 	 11078.53905 	 2752.51982 	 1761.68201 	 2797.25260 	 1157.46050 	 16177.63839 	 3411.95929 	 3518.07277 	 24197.05580 	 5440.30406 	  545.07445 	 4292.37891 	 4667.24920 	 3116.06681 	  673.50469 	    0.00000 	 6642.15228 	 
17840.86992 	  509.33885 	 52547.10239 	 52866.47000 	 9068.14822 	 16342.81638 	 13758.42833 	 9157.60398 	 16474.74963 	 4707.75477 	 8330.51901 	 25459.86266 	 3469.95974 	 19890.67574 	 14135.24278 	 6274.55876 	 196137.37687 	 13039.17726 	 3181.37639 	 12096.13180 	 9284.01266 	 16573.35973 	 4775.53723 	 5151.77305 	    0.00000 	 
   0.00000 	  684.04590 	 1122.45406 	  586.05629 	  336.44532 	  580.56476 	  875.16642 	 1042.19332 	  467.93282 	  748.63403 	  780.18963 	 2297.97905 	  356.30333 	  659.89299 	 1121.84379 	  426.00850 	  863.62475 	  723.50029 	 2016.37395 	  667.08383 	  345.26508 	 2013.63265 	 1947.85318 	  485.32249 	  572.68925 	 
 590.97153 	    0.00000 	  353.16772 	  704.28909 	  333.27503 	  254.85003 	 1361.86399 	 1690.33398 	  441.24267 	 1498.17976 	  773.74656 	 2315.51977 	  698.66517 	  836.04499 	 1141.38779 	 1090.05652 	  207.56998 	  104.30865 	 1834.96470 	  228.25635 	  596.83739 	 2262.26483 	 2520.44130 	  672.30371 	   43.11506 	 
 728.64039 	  286.49876 	    0.00000 	  680.29398 	  567.13996 	  497.33812 	 1449.88107 	 1573.76181 	  596.17246 	 1889.66456 	 1576.40203 	 2552.93517 	 1369.83213 	 1145.79801 	 1078.75993 	 1722.64167 	  153.17968 	  255.15094 	 2475.50544 	  449.45763 	  824.87631 	 2045.96809 	 2951.00063 	  963.84565 	  411.46781 	 
 541.40570 	  732.90616 	  757.97349 	    0.00000 	  229.63094 	  369.89502 	  583.95516 	  887.45358 	  218.80471 	 1047.16601 	  352.04133 	 1587.17117 	  412.69167 	 1102.87858 	  328.57174 	  826.14686 	  668.70334 	  797.76201 	 1817.28214 	  310.60714 	  280.20457 	 1641.64018 	 1430.50170 	 1094.41056 	  495.26527 	 
 325.61179 	  423.79550 	  792.07147 	  294.32560 	    0.00000 	  224.61655 	  788.36575 	 1171.16538 	  268.01938 	  846.05224 	  675.57263 	 1771.21442 	  406.76570 	 1214.91554 	  710.54562 	  854.64790 	  724.25336 	  489.36923 	 1527.38678 	  184.07915 	  299.28575 	 1819.18198 	 2221.53684 	  944.04454 	  450.54770 	 
 722.51678 	  281.93925 	  425.49136 	  219.38434 	  234.31299 	    0.00000 	  710.48133 	 1330.07726 	   85.12288 	 1364.17538 	  555.40737 	 2077.47983 	  458.27191 	  910.18149 	  520.44941 	 1094.93332 	  495.48030 	  422.78188 	 1418.72648 	  112.77878 	  599.13428 	 1806.64405 	 2031.98165 	  854.89413 	  363.29670 	 
 658.06167 	  987.05096 	 1665.29789 	  594.00900 	  889.29505 	 1093.89247 	    0.00000 	  792.73201 	  816.60566 	  175.27388 	  508.64884 	 1432.98850 	  474.45270 	 1179.89407 	  910.40130 	  299.25382 	 1584.71373 	 1272.98651 	 1084.39684 	 1221.36070 	  393.38812 	 1282.81900 	 2078.28833 	 1098.76516 	 1444.27201 	 
 923.87594 	 1838.54539 	 2041.38372 	 1009.11101 	  850.61173 	 1556.62916 	  785.76263 	    0.00000 	 1103.68288 	  993.37498 	  584.51473 	  690.60765 	 1012.35169 	 1213.61901 	  714.00729 	 1052.07150 	 1337.16151 	 1944.35193 	  611.68337 	 1579.32847 	  630.53846 	  954.22275 	  826.81799 	 1734.31581 	 1417.30922 	 
 437.78191 	  289.21607 	  456.43110 	  201.95621 	  238.58784 	   66.97855 	 1220.69153 	  881.04145 	    0.00000 	 1288.81861 	  666.78767 	 2161.37289 	  733.30207 	 1416.18707 	  486.42127 	  966.39820 	  509.48512 	  536.83593 	 1221.77165 	  242.52256 	  492.40256 	 2531.35411 	 2476.07654 	  899.09254 	  363.33003 	 
 903.72738 	 1215.38210 	 1875.31885 	  667.00180 	  837.43018 	  774.54028 	  232.61955 	 1098.48360 	 1313.44194 	    0.00000 	  569.73898 	 1238.85920 	  462.61983 	 1176.61815 	 1317.79163 	  312.95195 	 1166.78937 	 1295.34902 	 1296.96666 	  852.01415 	  617.24196 	 1786.80070 	 1461.16413 	  566.21406 	  940.19573 	 
 757.10152 	 1130.68044 	  969.20115 	  318.19743 	  631.70018 	  563.80067 	  470.98746 	  673.12966 	  775.47161 	  644.42507 	    0.00000 	 1345.68737 	  485.71351 	 1442.70095 	  349.03200 	  485.61694 	  910.65640 	 1048.00349 	  905.17261 	  843.99694 	  198.09008 	 1749.09651 	 1268.95871 	  730.57856 	  825.03540 	 
1741.45881 	 2450.08084 	 2361.66328 	 1594.28181 	 2364.45468 	 1576.24657 	 1567.51292 	  646.40551 	 2039.26668 	 1286.46527 	 1472.54606 	    0.00000 	 2058.85948 	 2890.92023 	 1595.34678 	 1529.67120 	 2880.27945 	 2165.05020 	  440.39418 	 2356.38903 	 1149.01568 	  420.52301 	  953.45883 	 1935.07664 	 2973.51803 	 
 319.50938 	 1011.92923 	  953.90431 	  548.95075 	  504.95032 	  754.00677 	  384.07411 	 1140.41411 	  548.83508 	  585.81331 	  386.39003 	 1451.48094 	    0.00000 	  673.64774 	  522.63933 	  387.96816 	  825.36591 	  878.95668 	 1571.12839 	  718.51275 	  181.80763 	 1916.80640 	 1329.02236 	  686.04748 	  945.05872 	 
 446.39033 	 1229.91518 	 1376.58956 	  965.00971 	 1023.97728 	  898.69446 	  892.24194 	 1721.06032 	 1045.75663 	 1106.61415 	 1365.72900 	 2613.44371 	 1114.23803 	    0.00000 	 1083.55931 	  679.71234 	 1190.85078 	 1170.85048 	 1705.63738 	  840.84062 	 1111.61499 	 2951.41294 	 3186.36566 	  157.66462 	 1040.13880 	 
1120.05990 	 1004.18715 	 1398.30916 	  326.36962 	  422.58779 	  756.17446 	 1038.01219 	  846.02640 	  647.24318 	 1157.28196 	  307.30471 	 1114.91766 	  902.71207 	 1580.44803 	    0.00000 	 1188.55483 	 1268.83195 	  880.32023 	 1529.67321 	  538.04441 	  571.15124 	 1599.23248 	 1570.80070 	 1635.97447 	  756.91682 	 
 415.17527 	 1203.58545 	 1754.67041 	  821.99277 	  665.71947 	  926.07130 	  550.34733 	 1377.17090 	  695.25105 	  264.60373 	  836.49954 	 1285.91243 	  246.55559 	  485.01914 	  758.25709 	    0.00000 	 1407.25802 	 1388.38450 	 1334.92636 	  765.49730 	  669.50080 	 1650.87866 	 2339.43053 	  422.94880 	 1139.26942 	 
 953.74614 	  195.18012 	  160.92306 	  886.64072 	  597.33440 	  411.94019 	 1265.81088 	 1802.55603 	  627.76097 	 1219.12400 	 1179.76225 	 2379.81145 	  919.04314 	 1077.20941 	 1204.26670 	 1013.33680 	    0.00000 	   91.05998 	 2774.86848 	  297.32706 	  881.27098 	 2869.05278 	 3037.04741 	  805.62603 	  154.61431 	 
 771.68518 	  107.19151 	  296.39235 	  534.08848 	  534.00113 	  315.11165 	 1135.44659 	 1120.31827 	  508.26153 	 1144.38643 	 1013.38084 	 2204.77505 	  775.13928 	 1006.74763 	  719.13689 	  895.59879 	  102.83201 	    0.00000 	 1532.08789 	  270.88626 	  725.57327 	 2419.31995 	 2074.46588 	 1051.46877 	  104.51341 	 
1891.39120 	 1876.34981 	 2316.08166 	 1686.62683 	 1469.91381 	 1770.49025 	  860.53967 	  422.61813 	 1300.85763 	  726.35526 	  935.02748 	  452.53825 	  958.55352 	 1916.72183 	 1240.98156 	 1332.95698 	 2524.09031 	 2442.38008 	    0.00000 	 1748.20082 	 1421.05713 	  772.12496 	 1067.57513 	 2043.52296 	 2389.72739 	 
 473.62687 	  235.47388 	  509.78125 	  393.20110 	  296.63602 	  135.94585 	 1330.06552 	 1295.72055 	  205.70002 	  970.00750 	  656.80650 	 2231.27223 	  513.82382 	 1193.99609 	  603.43834 	  947.63953 	  385.88765 	  325.35351 	 1937.45553 	    0.00000 	  599.03532 	 2470.19195 	 1849.96790 	  622.14768 	  211.25988 	 
 564.43833 	  762.59027 	  740.73157 	  209.34994 	  374.33354 	  427.52179 	  401.92325 	  803.20883 	  478.32679 	  701.79367 	  188.31296 	 1746.39830 	  301.80960 	  767.26135 	  481.49459 	  433.32722 	 1047.13147 	  954.89200 	 1301.42674 	  529.95511 	    0.00000 	 1489.84625 	 2174.55618 	 1054.66989 	  831.39166 	 
2218.10337 	 2788.60654 	 3325.13340 	 1511.65077 	 2242.30896 	 1667.40974 	 1517.78025 	 1025.31173 	 1858.42219 	 1487.17157 	 1854.38517 	  253.13898 	 1702.68763 	 1869.47134 	 1481.05997 	 1866.37614 	 3198.56270 	 2288.89854 	  573.36156 	 2485.63034 	 2151.43302 	    0.00000 	  529.96291 	 2010.07382 	 2604.13823 	 
2448.95945 	 2190.26830 	 2178.14880 	 1458.01867 	 1379.23182 	 1733.12326 	 1300.35397 	  941.25710 	 1474.67221 	 1704.68535 	 1534.41198 	  929.43244 	 1805.86006 	 2462.86412 	 1807.54282 	 1632.35007 	 3063.97449 	 2505.69664 	 1173.32203 	 2312.82297 	 1376.18728 	  732.48652 	    0.00000 	 2403.28377 	 2938.83095 	 
 326.13598 	  656.50338 	 1282.41510 	  849.54843 	  932.12328 	  951.29508 	  689.11258 	 1884.91559 	 1243.91386 	  661.70138 	 1102.68242 	 2264.72904 	  811.82315 	  161.75962 	 1631.12934 	  605.58884 	  954.15048 	  846.21482 	 1331.94227 	 1017.20106 	  623.47422 	 1956.65653 	 3186.39771 	    0.00000 	  572.58867 	 
 624.19639 	   40.65212 	  338.26629 	  755.54253 	  425.82914 	  386.19895 	 1400.92149 	 1445.33563 	  356.60564 	 1341.88870 	 1050.28096 	 2129.30115 	  852.92131 	 1118.80575 	  786.64512 	 1203.69481 	  156.26274 	  157.71018 	 1467.18588 	  184.64280 	  656.91878 	 2175.10668 	 1803.10117 	  671.06200 	    0.00000 	 
   0.00000 	 6832.15021 	 9887.06582 	 18093.81341 	 5452.18324 	 5986.70407 	 10997.57377 	 2864.35262 	 6650.72250 	 5247.58018 	 2698.15826 	 10466.39762 	 8195.54550 	 24832.99559 	 2847.84699 	 8547.99193 	 56326.00461 	 11848.17920 	 1551.03197 	 4727.64148 	 5019.78479 	 6454.39099 	 2974.21875 	 9109.28197 	 20299.58423 	 
7536.20428 	    0.00000 	 13248.36546 	 15430.21302 	 2773.92129 	 6728.74931 	 3815.94900 	 3106.90994 	 5423.93391 	 3458.97759 	 2614.05269 	 8321.50068 	 1018.04986 	 7586.47152 	  989.17520 	 4906.44754 	 30447.32493 	 6277.55327 	  940.70060 	 7667.05931 	 4035.93016 	 5745.11488 	 2863.81264 	 2180.27331 	  486.19138 	 
5630.19680 	 16769.26421 	    0.00000 	 34961.59889 	 6367.63418 	 13079.59315 	 5791.44338 	 5905.18569 	 15789.66779 	 4234.38541 	 2362.22110 	 24040.31491 	 1367.27014 	 25370.48611 	 7132.25617 	 3994.96094 	 186725.74770 	 26492.58250 	 3706.67193 	 15403.11528 	 5538.59113 	 13086.26986 	 3191.24072 	 9625.13970 	 60606.87482 	 
20799.57024 	 17776.42775 	 44795.67825 	    0.00000 	 19782.13888 	 34441.28281 	 22363.22075 	 22063.38103 	 65722.31830 	 18343.51063 	 34334.41971 	 80618.13884 	 9385.94912 	 40981.04732 	 44244.83257 	 10632.86119 	 159428.32110 	 41035.03226 	 15617.42949 	 27617.39934 	 30768.02084 	 38506.45642 	 17118.32570 	 15860.79359 	 36638.77674 	 
3893.16120 	 2742.65494 	 5556.58871 	 14690.53716 	    0.00000 	 6848.18245 	 3830.60056 	 1378.27168 	 7122.64296 	 1843.88332 	 2830.11030 	 4788.99733 	 1922.03695 	 7816.04547 	 2537.42273 	 1031.28178 	 31503.24527 	 7613.56488 	 1244.60240 	 4730.19585 	 6851.02757 	 2433.57966 	 1330.32659 	 4803.21890 	 8736.30230 	 
5726.48235 	 4496.60062 	 12643.30508 	 33941.81075 	 6605.02554 	    0.00000 	 5729.26679 	 3394.68071 	 9953.27579 	 3867.95086 	 2258.57057 	 17189.41858 	 2608.16511 	 14317.26299 	 5173.67183 	 1523.97682 	 70408.14165 	 14084.01001 	 3347.87816 	 5843.13134 	 8294.54749 	 7358.05575 	 2400.20489 	 6161.91184 	 17160.14926 	 
12409.54930 	 3466.78300 	 7128.22972 	 20908.70756 	 3163.28945 	 3863.89164 	    0.00000 	 10432.60526 	 7207.55814 	 38433.70045 	 7217.31931 	 28557.54340 	 5515.95742 	 9332.66034 	 4486.74212 	 16281.42507 	 24590.10468 	 7687.26221 	 5227.83554 	 3353.32775 	 8523.36719 	 13724.90298 	 5281.41447 	 3528.79347 	 13362.89223 	 
1797.34846 	 3381.82841 	 4897.13470 	 19435.03268 	 1967.63845 	 2782.55669 	 10349.10677 	    0.00000 	 6079.71487 	 6270.50537 	 10813.46515 	 22859.75730 	 1335.79369 	 3415.91334 	 9751.81487 	 1965.29329 	 25784.56395 	 5713.87733 	 11356.58866 	 2983.84225 	 6107.45550 	 18305.40293 	 7532.94901 	 1373.78933 	 6074.41334 	 
10045.98218 	 5665.55054 	 20029.60984 	 56041.43325 	 6301.71814 	 9636.40262 	 8064.53251 	 7033.50965 	    0.00000 	 3283.65170 	 5180.81821 	 20657.75269 	 5614.32026 	 25334.85719 	 11508.05331 	 4835.08361 	 70122.60379 	 15029.89384 	 5336.17234 	 9005.90083 	 12662.56674 	 9540.73811 	 5331.10747 	 11084.24644 	 15184.45906 	 
8034.58944 	 4627.09106 	 4877.70891 	 20035.98799 	 2331.34233 	 3821.96704 	 28553.38853 	 5112.09650 	 4697.83268 	    0.00000 	 3391.66515 	 17472.11836 	 4383.19258 	 10930.71202 	 3495.73455 	 18391.72551 	 26604.99051 	 7185.40620 	 1626.58490 	 3705.35812 	 4876.69169 	 7308.61334 	 2161.78114 	 2433.02378 	 4991.73869 	 
4374.32062 	 2868.24110 	 3169.50693 	 28199.46961 	 2118.99763 	 3308.29997 	 9127.13049 	 8659.54526 	 5123.19217 	 4325.30428 	    0.00000 	 18156.13436 	 3657.56995 	 4545.37758 	 5935.73510 	 2658.29210 	 16445.67602 	 3619.44318 	 3196.06883 	 1802.27715 	 16532.41509 	 7922.80976 	 2734.61406 	 1479.24676 	 9417.04547 	 
6682.40399 	 8310.19084 	 21774.83493 	 49188.32774 	 4267.78502 	 10188.41623 	 25000.43696 	 37693.18277 	 28730.71259 	 14108.70164 	 17779.90637 	    0.00000 	 6279.12916 	 12882.38833 	 22329.98391 	 8180.32691 	 135740.37622 	 22525.41056 	 31316.79438 	 9708.82637 	 19092.18267 	 86417.54482 	 27796.49147 	 3011.01990 	 25355.70533 	 
12146.34851 	 1499.13608 	 2143.08225 	 12916.62260 	 2122.92588 	 1598.87819 	 8194.40429 	 1708.50456 	 5351.51433 	 4602.84851 	 3622.41428 	 5630.75434 	    0.00000 	 2912.46946 	 1451.10631 	 7567.85641 	 7828.24196 	 3103.06260 	  697.21670 	  985.92046 	 5890.28708 	 3301.35087 	 1174.70544 	 1857.08406 	 4281.96954 	 
24834.00171 	 6540.61670 	 17885.29172 	 43418.86175 	 7937.48755 	 15438.65795 	 6557.93822 	 4216.33077 	 23195.93112 	 10954.71334 	 3177.61387 	 17938.78358 	 2838.27837 	    0.00000 	 6655.35485 	 8568.03318 	 126563.62710 	 20440.25512 	  931.72573 	 18542.36559 	 6095.16384 	 6621.32495 	 1730.53097 	 17948.87696 	 23486.96184 	 
3685.71442 	 1168.52544 	 5969.57415 	 64614.36397 	 1589.61641 	 6317.19271 	 3416.24259 	 8110.66306 	 7155.34708 	 2844.13512 	 9635.31718 	 19904.71402 	  909.59422 	 6358.19279 	    0.00000 	 2399.23276 	 20491.74231 	 7121.56302 	 3642.12719 	 2410.53786 	 7795.03339 	 10550.87260 	 5361.91869 	 2261.00512 	 12008.79843 	 
7693.72388 	 3741.22211 	 2803.23029 	 13096.29357 	 1268.30704 	 2507.25136 	 11321.22721 	 2953.62776 	 3838.25233 	 24064.71204 	 2184.61758 	 8605.71087 	 7031.46429 	 9386.29629 	 2198.76038 	    0.00000 	 23553.65184 	 4554.85831 	  845.99258 	 1716.79366 	 5454.02102 	 7292.74785 	 1774.16270 	 3254.03451 	 6549.76702 	 
54392.76043 	 31057.43350 	 152161.67572 	 158918.98849 	 31209.91795 	 58712.63232 	 22731.95989 	 24665.67508 	 77852.29677 	 28935.30355 	 15296.20191 	 101497.70341 	 12901.92671 	 194685.84480 	 20776.42372 	 25974.42406 	    0.00000 	 7827.20020 	 9933.41754 	 74317.40400 	 40599.67605 	 81700.84977 	 10675.04731 	 21046.22382 	 185909.21541 	 
13411.88139 	 5581.94088 	 35099.46957 	 31586.46893 	 7211.14148 	 12993.95146 	 6775.50839 	 6498.54442 	 19119.76593 	 5653.21589 	 3331.70229 	 18600.09272 	 2616.68533 	 26625.56297 	 8731.33936 	 5517.15080 	 8623.16070 	    0.00000 	 2070.24155 	 27875.51886 	 5942.19147 	 17449.05562 	 5912.60070 	 7324.99164 	 14202.47378 	 
1340.54794 	  857.66684 	 2217.92578 	 16524.54883 	 1331.39638 	 2648.62540 	 6577.22251 	 10541.34370 	 4458.32110 	 2120.06882 	 3052.51916 	 32107.05512 	  694.77743 	 1255.15648 	 6018.51185 	  763.88225 	 13658.10615 	 2381.64994 	    0.00000 	 2169.33027 	 2723.72016 	 12635.39598 	 4003.41243 	  645.06625 	 3047.57252 	 
5702.13613 	 10311.72981 	 17121.29370 	 20232.26339 	 5043.71664 	 3547.55096 	 2418.32002 	 2486.97714 	 7530.61124 	 2592.73975 	 2180.92294 	 12295.26942 	  960.12478 	 14766.22897 	 3124.95040 	 2199.48514 	 69629.61639 	 23952.02559 	 1315.44220 	    0.00000 	 6385.99438 	 6939.84239 	 2140.55264 	 4151.76005 	 10181.54000 	 
6968.18914 	 4580.56145 	 6372.53903 	 34869.82074 	 5281.34470 	 8420.98739 	 10365.03199 	 5665.23236 	 14102.08750 	 5678.93047 	 11302.22669 	 16073.11236 	 4748.09577 	 11012.33113 	 9497.29326 	 4511.19842 	 27130.15057 	 7052.04432 	 3690.75591 	 5503.45837 	    0.00000 	 10266.20221 	 3643.22427 	 3262.64521 	 10200.36488 	 
8538.76748 	 8652.94069 	 17809.57115 	 27717.08081 	 2408.14022 	 7863.51967 	 18294.44396 	 21599.97015 	 16617.68935 	 7641.55249 	 10436.59965 	 89510.27090 	 2108.81718 	 8290.65904 	 9922.13433 	 7766.29038 	 75945.28607 	 11496.45552 	 8620.13123 	 8405.76362 	 9062.70812 	    0.00000 	 27777.60050 	 2633.06360 	 20750.17569 	 
2270.23101 	 3505.23100 	 5461.91219 	 11388.39549 	 1072.98748 	 2099.66429 	 3800.88709 	 5821.14742 	 3479.52366 	 3240.83442 	 3277.60161 	 37131.05987 	 1203.26993 	 1867.04108 	 6490.77779 	 2420.64005 	 18072.25522 	 5609.11069 	 2881.99575 	 2139.07741 	 3974.66212 	 32374.99010 	    0.00000 	  746.81624 	 4716.66791 	 
15343.56507 	 1688.40343 	 5931.65497 	 13476.20229 	 3427.83873 	 5110.66703 	 2518.83747 	 1170.44239 	 15960.53640 	 1967.75977 	 2071.22169 	 3883.26630 	 1756.21538 	 19294.81528 	 3204.34600 	 3442.84715 	 31995.60535 	 5535.70724 	  416.66940 	 4242.12381 	 4156.52157 	 2166.62819 	  817.67629 	    0.00000 	 7120.94699 	 
20645.29395 	  615.32657 	 53586.47925 	 47481.89438 	 8216.51912 	 10740.42457 	 8409.04674 	 8551.74730 	 24566.67713 	 5541.05286 	 5691.20698 	 28107.96314 	 5536.43024 	 23138.28471 	 9814.22043 	 4866.02627 	 207069.40957 	 15320.34936 	 3265.88153 	 9853.51847 	 9558.81654 	 20174.86766 	 4252.35440 	 5685.91013 	    0.00000 	 
   0.00000 	  630.56040 	 1011.58486 	  420.56811 	  423.32114 	  691.16644 	  853.93234 	 1108.90021 	  693.34663 	  644.96836 	  679.54266 	 1731.42548 	  300.88949 	  600.15494 	 1131.76851 	  362.26565 	  793.56886 	  829.37068 	 1343.98322 	  570.17754 	  626.13345 	 1886.95943 	 2051.05624 	  293.88531 	  400.33228 	 
 513.03041 	    0.00000 	  444.34225 	  716.15836 	  422.85097 	  226.96294 	 1497.22193 	 1260.51971 	  447.37720 	  883.56685 	 1082.15160 	 2305.28429 	  616.36124 	 1217.66776 	  841.68829 	 1223.38223 	  179.47199 	   93.31819 	 2326.06630 	  247.28752 	  890.85208 	 2334.17619 	 1811.03479 	  821.16699 	   46.71030 	 
1169.93036 	  295.03898 	    0.00000 	  963.96936 	  674.00158 	  713.38472 	 1943.59089 	 1481.58628 	  694.35514 	 1867.03208 	  906.81283 	 2434.79694 	  885.63532 	 1325.66244 	 1039.37869 	 1601.55890 	  196.88520 	  335.53481 	 2203.82149 	  483.83503 	 1202.20294 	 3291.45173 	 2721.71715 	  981.12756 	  445.69705 	 
 513.98712 	  504.48500 	  926.54247 	    0.00000 	  246.51204 	  293.76801 	 1025.93156 	 1172.22222 	  190.16710 	  949.39552 	  501.18051 	 1435.98238 	  382.15692 	 1253.39025 	  277.88319 	  866.12481 	  632.86489 	  506.50989 	 1044.89157 	  327.54129 	  182.23473 	 1528.95355 	 1754.07626 	  801.64476 	  658.71844 	 
 305.83801 	  347.08839 	  609.72240 	  316.09194 	    0.00000 	  278.90486 	  793.52084 	 1177.21957 	  203.79009 	  630.28549 	  553.54226 	 2375.81805 	  414.49285 	 1209.34225 	  566.87957 	  872.37320 	  440.12114 	  534.99283 	 1129.74450 	  228.14095 	  390.37028 	 2330.91171 	 1748.77610 	  588.43693 	  318.55235 	 
 556.39629 	  327.29743 	  703.13634 	  262.69142 	  271.32423 	    0.00000 	  963.88827 	 1150.04726 	   98.81951 	 1127.73193 	  526.02085 	 2045.69182 	  726.41584 	  889.96202 	  567.42922 	  863.12231 	  367.96390 	  421.07724 	 1442.80700 	   92.96866 	  372.64925 	 2373.43380 	 2387.94513 	  713.17088 	  376.43307 	 
 585.03297 	 1198.38645 	 1862.19039 	  906.91083 	  642.19528 	 1031.95471 	    0.00000 	  502.78335 	  784.37515 	  193.65043 	  341.36094 	 1368.83891 	  339.40405 	 1135.60532 	  989.87354 	  458.35077 	 1260.83881 	 1333.64151 	  800.25652 	 1156.17077 	  447.91333 	 1761.41475 	 1568.24435 	  948.06708 	  993.08046 	 
1214.31334 	 1456.87410 	 2293.76087 	  909.28957 	  933.18600 	 1493.79846 	  527.91019 	    0.00000 	 1483.09391 	  744.86912 	  465.43502 	  960.24668 	  900.24147 	 1347.53383 	  834.09374 	  827.85919 	 1954.83970 	 1120.63793 	  618.33902 	 1221.07315 	  664.82202 	  946.97142 	 1142.23800 	 1467.80237 	 1773.44585 	 
 514.38951 	  301.31887 	  602.12232 	  282.19226 	  251.92814 	   92.41793 	  875.69570 	 1133.14434 	    0.00000 	  767.32176 	  511.36473 	 1888.39432 	  728.14442 	  881.05367 	  482.40109 	  933.07375 	  407.51706 	  399.71278 	 1856.57001 	  196.28502 	  461.76145 	 2127.62259 	 2257.65429 	  749.60197 	  443.75150 	 
 517.82830 	 1458.12978 	 1461.06053 	 1058.24944 	  749.14973 	  830.71960 	  235.54009 	  815.82564 	 1027.57036 	    0.00000 	  590.93137 	 1050.68524 	  397.21497 	  979.36845 	 1133.98343 	  302.28640 	 1347.40827 	 1186.56684 	 1115.04072 	 1009.98033 	  587.73228 	 2073.13254 	 1351.80443 	  951.31600 	  863.73948 	 
 635.51981 	 1227.98805 	 1382.21476 	  477.89270 	  455.72270 	  697.77606 	  440.12879 	  548.70994 	  504.80349 	  646.52595 	    0.00000 	 1454.74808 	  442.15858 	  904.19458 	  303.47532 	  824.60639 	 1003.97793 	 1303.49596 	  855.72761 	  688.94386 	  268.22973 	 1567.16418 	 1503.94460 	  802.58095 	  687.74040 	 
2014.21070 	 2452.90542 	 1977.57784 	 1646.62155 	 1650.24172 	 1462.06221 	 1113.95178 	  771.24829 	 1404.09940 	 1540.30316 	 1551.56128 	    0.00000 	 1838.61303 	 1872.13888 	 1108.33770 	 1548.46752 	 3161.35679 	 2132.02533 	  343.59510 	 1813.01737 	 1965.33467 	  264.43261 	 1183.50743 	 2498.74027 	 2799.86559 	 
 342.19903 	  894.71423 	 1245.77425 	  422.19307 	  466.98274 	  614.92338 	  434.35791 	 1113.16861 	  523.31067 	  561.25937 	  421.49454 	 1213.62244 	    0.00000 	 1031.58692 	  873.57215 	  257.17504 	  969.92460 	  639.32511 	 1624.69503 	  789.82047 	  250.27944 	 1810.51516 	 2058.38515 	  825.05344 	  811.01337 	 
 663.37863 	 1126.75099 	 1410.45989 	 1131.25028 	  878.05772 	 1162.50825 	 1045.63146 	 1653.28130 	  982.47397 	 1123.53203 	 1364.22789 	 1829.64869 	 1029.53811 	    0.00000 	 1469.46762 	  812.86068 	 1202.07195 	  986.57936 	 1719.64642 	 1104.82102 	  834.47208 	 1852.09577 	 2470.36311 	  228.57594 	  986.41680 	 
1166.97201 	  785.61001 	 1365.61897 	  311.70412 	  543.30383 	  593.62856 	  944.03342 	  740.97751 	  436.17915 	 1130.02648 	  487.99396 	 1931.00114 	  662.61077 	 1334.86429 	    0.00000 	 1304.50494 	 1205.28976 	  761.09390 	 1354.87391 	  826.76200 	  403.79577 	 1180.75174 	 1621.48885 	 1533.56068 	  720.43804 	 
 316.50461 	  974.25430 	 1757.41470 	  612.93342 	  743.48039 	  785.52507 	  327.12418 	  961.55156 	 1162.53386 	  280.80838 	  851.89899 	 1580.92924 	  414.83499 	  620.66098 	 1316.82642 	    0.00000 	 1239.48359 	 1320.69496 	 1364.49098 	  670.18824 	  542.08699 	 1552.15469 	 2370.54747 	  434.33624 	 1229.19363 	 
 941.60833 	  193.07975 	  247.14308 	  901.02889 	  579.18751 	  474.63134 	 1265.29868 	 1622.79421 	  495.84949 	 1476.77034 	  912.74901 	 2666.55861 	  873.34263 	 1379.03842 	 1183.60781 	 1202.70252 	    0.00000 	   91.48960 	 2581.14358 	  406.16040 	 1133.14178 	 1958.91808 	 1854.18016 	  911.73626 	  221.07826 	 
 766.27326 	  114.75563 	  193.30740 	  726.91790 	  493.84185 	  453.12800 	  908.87638 	 1366.31836 	  433.86321 	 1522.68898 	 1126.08943 	 2335.08345 	  706.51542 	  808.68292 	 1037.20127 	 1111.11802 	   81.82074 	    0.00000 	 1912.19231 	  245.32918 	  945.19596 	 2248.26484 	 2390.80442 	  941.99994 	  166.31099 	 
1612.32327 	 1888.08110 	 2702.95868 	 1823.43344 	 1331.96451 	 1872.04489 	  640.45533 	  495.48346 	 1911.40541 	  821.57447 	  748.93137 	  338.51195 	  896.83151 	 2067.76653 	 1529.47332 	 1603.45102 	 2708.96374 	 2165.42675 	    0.00000 	 1472.43917 	 1033.82953 	  544.95907 	  851.35610 	 1824.76374 	 2188.75503 	 
 523.35295 	  262.28178 	  363.27478 	  448.97041 	  260.92823 	  124.01610 	  876.72662 	 1042.91831 	  164.44582 	 1281.19121 	  971.61591 	 2403.60471 	  703.12231 	  714.85283 	  755.63096 	 1064.52640 	  393.90078 	  326.37245 	 1955.04930 	    0.00000 	  447.83129 	 1841.12282 	 2337.20789 	  849.75880 	  189.39187 	 
 444.33374 	  728.59528 	  935.76268 	  295.33883 	  341.72133 	  555.23880 	  453.73497 	  803.61047 	  345.38826 	  485.90645 	  203.27134 	 1447.22111 	  298.98802 	  808.59666 	  570.14368 	  504.29127 	  856.86056 	  573.33352 	 1015.20430 	  586.17379 	    0.00000 	 1867.32365 	 2224.15164 	  990.47559 	  576.46376 	 
1870.60121 	 3153.85526 	 2438.48496 	 2025.45950 	 2196.43648 	 1910.72871 	 1776.19845 	 1241.32033 	 1889.80718 	 1839.16704 	 1749.10205 	  432.29760 	 1928.52829 	 2327.64671 	 1931.00788 	 2044.73438 	 3336.89263 	 2474.37103 	  826.98536 	 2042.44185 	 2150.15558 	    0.00000 	  520.82551 	 2668.68012 	 2838.62986 	 
2154.81096 	 2353.37684 	 2931.22945 	 1966.77324 	 2376.41645 	 1571.09562 	 1388.00600 	 1161.17332 	 2309.64247 	 2218.05057 	 1111.15446 	  733.11839 	 2425.32239 	 3006.38373 	 1214.29319 	 2489.19649 	 2812.39147 	 2606.28165 	  846.17016 	 2548.19373 	 1256.20100 	  616.44178 	    0.00000 	 2923.56446 	 2171.00346 	 
 293.99181 	  946.22578 	 1496.08642 	  913.97929 	  920.36358 	  910.37011 	 1009.48450 	 1203.97760 	 1273.18762 	  758.73616 	  737.34479 	 2167.49809 	  709.84371 	  228.79568 	 1577.50353 	  538.69555 	  919.77289 	  888.63432 	 1827.15360 	  622.70607 	  644.54742 	 2087.76775 	 2546.14922 	    0.00000 	  997.14177 	 
 661.94805 	   40.78129 	  511.10214 	  612.60697 	  424.56747 	  306.88223 	 1025.89940 	 1907.07318 	  301.47733 	 1199.34163 	  987.26773 	 2106.09495 	  777.65752 	  781.57682 	  772.21385 	  692.65648 	  221.00462 	  136.18860 	 2017.71661 	  199.17782 	  675.57396 	 2225.20751 	 2938.40965 	  706.93500 	    0.00000 	 
   0.00000 	 7058.13122 	 6015.84136 	 15924.55378 	 3855.81071 	 7117.44810 	 13047.58352 	 1978.54221 	 7589.07004 	 9292.00885 	 2836.18935 	 9178.44497 	 12130.35264 	 19161.13774 	 3389.41775 	 7624.22815 	 53330.43901 	 10195.21621 	 1694.75811 	 3729.89839 	 5332.30132 	 6032.82393 	 2953.31431 	 10691.31152 	 19350.31365 	 
7036.05400 	    0.00000 	 15069.18921 	 11381.82370 	 3951.87175 	 6678.30007 	 3915.74802 	 2253.15827 	 7801.98434 	 4073.08083 	 1985.90209 	 9034.49990 	 1008.42773 	 5984.33797 	 1434.67548 	 4611.74499 	 22066.21501 	 5710.99322 	  843.70778 	 5968.20763 	 3359.68394 	 6222.08534 	 3808.93821 	 1777.79026 	  590.05665 	 
6030.59865 	 11571.03025 	    0.00000 	 27842.20174 	 4644.02109 	 11012.72086 	 6301.04095 	 6919.81510 	 19053.24480 	 4243.65667 	 3937.43877 	 25924.37319 	 2029.83081 	 22038.71033 	 7235.01215 	 3539.80278 	 206886.67552 	 38892.30108 	 2443.89729 	 10310.09550 	 8475.66294 	 17850.27749 	 3765.78260 	 6701.18668 	 46095.38932 	 
23779.00996 	 10960.07730 	 28659.76378 	    0.00000 	 22646.92201 	 25528.73986 	 23909.99431 	 29129.27511 	 58990.01345 	 12816.10426 	 24081.19156 	 58212.80821 	 12772.46206 	 46478.39014 	 44544.77302 	 12888.59320 	 171351.43616 	 27134.66179 	 11311.65754 	 19463.17751 	 54049.20608 	 28863.82534 	 11107.04831 	 18383.93366 	 32470.00906 	 
3787.54723 	 2866.95863 	 5130.10629 	 23207.82884 	    0.00000 	 6185.32035 	 3000.60147 	 1540.80349 	 5908.81675 	 1517.88101 	 2318.21077 	 5433.75904 	 1919.10357 	 8403.98113 	 1736.86679 	 1379.15300 	 18382.75869 	 4984.10495 	 1349.59510 	 4992.02941 	 6887.49865 	 3888.22547 	  759.15181 	 5551.31165 	 8889.22651 	 
5426.36216 	 5545.43287 	 14483.23755 	 25781.98647 	 9232.74753 	    0.00000 	 4235.19011 	 3294.62099 	 7453.15551 	 3080.07987 	 2110.70173 	 16185.67608 	 2572.84271 	 15099.84499 	 6475.37983 	 1423.39111 	 56927.69416 	 17579.42815 	 2897.43849 	 6207.72278 	 7365.84901 	 5142.87845 	 2357.78909 	 8182.95969 	 17775.73676 	 
9525.67327 	 4923.18659 	 6524.61371 	 17453.85968 	 3674.61465 	 5748.62246 	    0.00000 	 12479.03378 	 5713.68003 	 37661.07086 	 11180.40111 	 33833.47617 	 5200.53750 	 9652.72455 	 4625.78698 	 12011.68005 	 37226.45927 	 9577.85288 	 6240.05826 	 2172.51332 	 9134.29724 	 12134.91894 	 6238.20257 	 2458.08291 	 9624.69101 	 
2030.39447 	 2393.41160 	 6924.12954 	 30919.53079 	 1825.79229 	 3011.48734 	 9466.00789 	    0.00000 	 4259.23855 	 8930.08484 	 9078.40492 	 27481.98910 	 2137.87578 	 3221.96881 	 7772.64979 	 2661.26772 	 22002.20530 	 4013.06610 	 10369.94157 	 3052.53816 	 8546.16884 	 19262.91083 	 8186.28050 	 1617.10929 	 10451.02384 	 
10180.43722 	 8466.31099 	 13062.44323 	 60236.10968 	 7830.10603 	 12951.59162 	 6103.27098 	 5591.44660 	    0.00000 	 3661.78935 	 5694.83709 	 16520.95683 	 4577.89964 	 18318.43731 	 9442.81254 	 3378.95179 	 97138.07771 	 20230.27053 	 4757.13236 	 9423.73507 	 12631.11935 	 13517.39101 	 3802.34289 	 16355.02473 	 24852.85863 	 
7887.74583 	 4723.33923 	 4455.79580 	 11314.11763 	 1581.75636 	 3940.02674 	 39071.68821 	 4966.88208 	 4821.22669 	    0.00000 	 4155.09867 	 19208.33608 	 4710.30730 	 6521.09697 	 1987.30061 	 20683.72088 	 29237.42671 	 5107.67248 	 2664.22938 	 2826.98031 	 8483.16598 	 6112.39090 	 2109.79985 	 2008.47862 	 4928.49125 	 
3010.38403 	 2195.43072 	 3639.32603 	 27318.66058 	 2717.61425 	 1951.02085 	 9373.35608 	 9486.65174 	 5356.87913 	 3360.98300 	    0.00000 	 18865.41935 	 2414.91184 	 3768.65279 	 7602.96700 	 2979.38215 	 21200.18349 	 5457.20146 	 2512.66741 	 1879.56245 	 13990.45564 	 9113.18770 	 3941.04128 	 2022.55689 	 7139.84594 	 
11261.95666 	 9766.63371 	 18652.27735 	 56642.02684 	 5944.11987 	 17930.75849 	 27300.61492 	 26785.64781 	 17550.84396 	 13102.09086 	 13812.01727 	    0.00000 	 5486.33266 	 12021.91300 	 20005.51932 	 12366.74841 	 94730.50039 	 14819.42090 	 29402.09435 	 13818.64306 	 18412.49955 	 83152.34475 	 27914.59007 	 4904.04109 	 29581.84519 	 
9222.75326 	 1469.65020 	 1870.48819 	 10562.26970 	 1576.48200 	 2331.75131 	 8933.50119 	 1661.28645 	 5309.30211 	 3785.93928 	 3008.46607 	 6300.55817 	    0.00000 	 2820.16160 	 1047.06539 	 6513.08478 	 11759.92634 	 3102.53624 	  821.56563 	 1332.61830 	 6369.30373 	 2275.02386 	 1299.90484 	 1909.09165 	 4753.12390 	 
28899.22790 	 8214.62575 	 17684.16503 	 48440.51226 	 6980.35332 	 12396.25034 	 6980.74996 	 4047.04299 	 27092.46336 	 10170.08185 	 3862.61261 	 11948.21259 	 4132.25952 	    0.00000 	 5158.23197 	 8721.42077 	 152919.92933 	 24891.82177 	 1342.85981 	 14098.09880 	 9438.10714 	 7651.74894 	 2316.80607 	 19398.95661 	 27002.57390 	 
2727.86104 	 1156.83736 	 6551.54739 	 36820.17836 	 1587.11452 	 3988.32658 	 4410.87153 	 8116.39725 	 8269.35041 	 3361.95999 	 8307.11364 	 22278.29501 	 1379.73354 	 6825.72361 	    0.00000 	 2354.39967 	 29455.24549 	 6197.02999 	 5994.39469 	 3094.88320 	 7441.25413 	 14467.00737 	 6991.66386 	 2841.67904 	 10496.41793 	 
8763.64675 	 3602.49469 	 4213.51412 	 14530.29223 	 1366.91786 	 1429.50940 	 13784.21282 	 2744.34943 	 4540.00904 	 20397.30757 	 3200.42512 	 7821.26568 	 7204.57243 	 10942.02557 	 1900.01217 	    0.00000 	 19830.53718 	 3996.55907 	  869.80966 	 2009.03191 	 5757.88580 	 7825.45732 	 2092.48414 	 4131.75407 	 4312.49875 	 
56575.14100 	 29566.73239 	 244813.27084 	 149306.02256 	 26325.53116 	 80641.83364 	 24926.73162 	 18343.19157 	 84913.56485 	 22072.33485 	 19528.13199 	 76761.25243 	 8380.70887 	 119228.00440 	 25649.45801 	 17307.28768 	    0.00000 	 7355.08878 	 12348.70475 	 62155.85276 	 24043.63491 	 84680.32580 	 17031.24532 	 35166.23696 	 146413.59042 	 
9318.94042 	 6504.49710 	 43913.27203 	 33320.36079 	 5546.06310 	 13139.53239 	 6844.51342 	 5741.64075 	 23907.16323 	 4322.55753 	 3796.62114 	 18282.59585 	 2969.06693 	 27953.06799 	 7047.46249 	 3771.99982 	 7361.21005 	    0.00000 	 2556.89117 	 34255.71377 	 8788.03711 	 17903.66299 	 5220.70120 	 6833.49421 	 15827.31859 	 
1544.16782 	  925.99268 	 3387.46289 	 15180.89946 	 1018.29031 	 2881.61755 	 4761.74236 	 6867.34756 	 3681.07413 	 2640.37837 	 3214.25305 	 32582.51602 	  720.23669 	 1225.87484 	 4672.08098 	 1133.54089 	 13535.40205 	 3543.41544 	    0.00000 	 2023.63543 	 3369.37849 	 8784.93923 	 3044.33572 	  493.77931 	 3093.48450 	 
3932.65373 	 7588.09860 	 11156.63239 	 19559.51113 	 3722.25522 	 4126.64469 	 3211.14855 	 2436.04383 	 10994.50183 	 2727.71620 	 2091.36423 	 8186.93413 	  905.69543 	 16447.06471 	 2778.21599 	 1846.85037 	 54612.08311 	 33350.44667 	 2137.11098 	    0.00000 	 6087.85162 	 8367.37182 	 1960.66236 	 6574.56550 	 12037.99809 	 
5504.37977 	 5026.37160 	 6633.51963 	 51248.52034 	 6313.69263 	 7753.20574 	 10634.84504 	 6204.52880 	 9993.25391 	 8428.46992 	 17078.00837 	 16755.02438 	 5008.41254 	 10082.69934 	 5824.63521 	 5596.43125 	 27788.84066 	 6866.36949 	 4024.57609 	 6221.42988 	    0.00000 	 10808.37286 	 2743.88182 	 3989.75089 	 14396.88249 	 
7113.33231 	 8251.99324 	 21416.26209 	 25807.92975 	 3622.86024 	 5560.87097 	 10126.49982 	 21710.62329 	 10871.91050 	 7179.52933 	 10598.11129 	 81273.15174 	 2245.37038 	 10152.43617 	 13025.62476 	 7825.55592 	 55576.30200 	 18806.82864 	 12483.62048 	 7071.50166 	 8819.82079 	    0.00000 	 31199.24293 	 3033.04214 	 21531.13729 	 
1945.07646 	 3407.39985 	 5285.50239 	 15303.62495 	  862.51416 	 2743.96331 	 5434.54912 	 7423.23304 	 5124.70252 	 3694.19418 	 2849.11470 	 32525.25234 	  875.90103 	 1361.07167 	 7852.42000 	 2183.55044 	 11433.62559 	 4036.09397 	 4080.08165 	 1634.64827 	 2882.43877 	 33907.60993 	    0.00000 	 1041.10788 	 5610.14505 	 
12494.35839 	 2572.83238 	 7557.07175 	 14409.36696 	 3779.20765 	 6273.82795 	 2865.30462 	 1286.09110 	 9160.26621 	 1823.58006 	 1542.78327 	 2850.32307 	 1492.05513 	 20736.70074 	 3791.25628 	 4216.71957 	 25332.03344 	 5635.03864 	  477.11456 	 5718.99606 	 4314.10393 	 2908.49547 	  768.33584 	    0.00000 	 6611.81777 	 
20893.54461 	  681.07538 	 48592.77412 	 42636.42881 	 8887.20273 	 15357.38077 	 9484.96232 	 8847.75479 	 21116.85454 	 4893.38159 	 8589.85933 	 23652.47622 	 3594.91407 	 22670.69160 	 10058.10014 	 5812.48889 	 146037.55630 	 12568.25653 	 3183.79717 	 17600.88997 	 8805.02875 	 16570.99188 	 5176.20780 	 8079.93288 	    0.00000 	 
   0.00000 	  705.38861 	  882.85803 	  639.31021 	  328.33741 	  607.19273 	  908.26793 	  920.32344 	  570.67454 	  836.75627 	  836.43656 	 1850.18325 	  284.15761 	  710.44886 	  649.21591 	  463.84535 	  762.67449 	  674.79241 	 1694.59557 	  598.09452 	  557.63119 	 2016.64351 	 2264.75682 	  503.02898 	  547.71840 	 
 659.55641 	    0.00000 	  384.64454 	  452.74232 	  487.97025 	  396.73509 	  840.11503 	 1387.11410 	  438.81801 	 1134.76752 	 1061.40167 	 2337.07195 	  692.90975 	 1143.85442 	  762.69090 	 1290.29532 	  143.78266 	  114.70675 	 2533.97443 	  211.86821 	  920.09607 	 1760.47099 	 2812.24507 	  661.72780 	   42.92025 	 
 835.38742 	  298.64341 	    0.00000 	  635.98977 	  680.79136 	  461.98320 	 1552.55444 	 2101.80276 	  697.29159 	 1770.21566 	 1038.54298 	 2402.65644 	  990.80810 	  978.23320 	  986.53110 	 1222.86965 	  207.97484 	  294.65214 	 2461.85431 	  411.21758 	 1109.41205 	 2851.81358 	 2849.33718 	 1440.11360 	  386.19572 	 
 595.18552 	  453.36962 	 1076.48448 	    0.00000 	  180.29730 	  263.08176 	  959.16476 	  809.88510 	  188.29016 	 1137.59669 	  495.41377 	 1325.92221 	  573.43199 	 1084.72066 	  374.84584 	  854.92026 	  515.29926 	  698.19045 	 1334.36414 	  293.87273 	  236.25720 	 1844.50844 	 1358.48906 	  963.96311 	  500.27436 	 
 278.29811 	  450.36168 	  968.90372 	  295.70281 	    0.00000 	  225.95384 	  822.15191 	 1103.14398 	  290.23375 	 1007.64128 	  578.43695 	 1420.26560 	  441.80086 	 1163.63534 	  734.73756 	  539.21186 	  453.96411 	  363.37015 	 1689.75329 	  304.71302 	  313.01257 	 1752.47166 	 2486.78166 	 1000.45659 	  314.58219 	 
 572.60230 	  226.31818 	  396.56119 	  404.33455 	  208.95041 	    0.00000 	 1046.22553 	 1412.04344 	   87.95228 	 1166.94846 	  886.65343 	 1639.49226 	  667.22058 	 1327.83855 	  501.45895 	  796.97850 	  345.77892 	  322.91323 	 2174.20131 	   90.13601 	  347.42724 	 2121.68998 	 1854.31440 	  681.23704 	  247.65365 	 
 862.80262 	 1133.10818 	 1768.51672 	 1019.59341 	  705.73937 	 1220.34371 	    0.00000 	  803.64762 	 1140.00765 	  265.67615 	  490.33773 	 1588.28083 	  419.91155 	 1011.33066 	  658.75710 	  395.83972 	  967.92049 	 1095.33772 	  980.03469 	 1213.69269 	  473.39447 	 1428.45936 	 2083.65023 	 1142.19444 	 1298.18996 	 
1324.31298 	 1054.69258 	 1879.11860 	  996.64199 	  931.41204 	 1359.50404 	  746.43598 	    0.00000 	  882.71610 	  649.87847 	  470.17807 	 1001.34004 	 1086.84422 	 2152.88638 	  700.36341 	 1317.32868 	 1188.31396 	 1925.51603 	  435.68505 	 1278.98106 	  616.20812 	  719.20486 	 1270.36321 	 1421.34249 	 1198.11857 	 
 768.07263 	  421.43551 	  713.04777 	  170.94659 	  228.75385 	  121.24524 	  809.19517 	 1364.25522 	    0.00000 	 1340.99536 	  495.45409 	 2111.03028 	  736.19678 	 1350.07787 	  594.57392 	  722.55936 	  445.77269 	  497.10940 	 1276.02811 	  181.99891 	  531.40322 	 1734.39252 	 1754.26273 	 1225.56998 	  447.07721 	 
 734.87802 	 1046.49980 	 1230.02970 	  904.47017 	  936.18261 	 1256.23673 	  254.70166 	  621.80543 	 1413.02492 	    0.00000 	  829.55481 	 1103.39029 	  513.84514 	  955.68711 	  809.49491 	  370.50959 	 1684.84775 	 1190.14171 	 1218.37818 	 1461.77050 	  692.85635 	 1440.68261 	 2450.36129 	  589.48830 	 1513.95477 	 
 651.59171 	  860.84829 	 1345.80663 	  299.27507 	  452.78680 	  709.26119 	  511.74868 	  563.55075 	  712.44510 	  635.65266 	    0.00000 	 1640.80604 	  415.26051 	 1025.71842 	  511.60064 	  664.31449 	 1348.03227 	  769.78047 	 1327.20184 	  587.82360 	  205.73661 	 1938.76949 	 1246.02203 	 1081.52293 	 1043.30527 	 
2374.44168 	 1716.50954 	 2614.00248 	 2147.82231 	 1633.87464 	 2125.75727 	 1400.86849 	  776.18607 	 1965.49319 	 1130.60163 	 1106.84490 	    0.00000 	 1510.72211 	 2397.99441 	 1158.27579 	 1734.74896 	 3167.64952 	 1813.23697 	  408.00517 	 2457.99318 	 2012.97530 	  321.58360 	 1092.92983 	 1846.14768 	 2768.81659 	 
 303.35410 	  686.96080 	 1425.39741 	  367.55782 	  310.88589 	  737.51563 	  392.57911 	  842.09297 	  552.01718 	  418.49479 	  342.92779 	 1756.04050 	    0.00000 	 1002.91341 	  524.87529 	  347.63744 	  874.68879 	 1049.87206 	 1314.67209 	  775.44825 	  308.86963 	 1347.25819 	 1870.37987 	  844.28814 	  591.79658 	 
 608.97641 	 1050.75624 	 1307.81487 	 1447.54184 	  965.93288 	  768.74696 	  802.75536 	 1759.61033 	  836.64628 	  779.40186 	 1418.73728 	 2006.89054 	  670.95908 	    0.00000 	 1796.22719 	  704.55092 	  818.39395 	  944.66882 	 1983.35161 	  872.74423 	  953.79455 	 2926.83304 	 3219.20816 	  167.44935 	 1138.98841 	 
1154.73196 	  880.06268 	 1039.29636 	  356.14741 	  697.96279 	  677.86220 	  987.47046 	  542.98333 	  465.92727 	 1116.49825 	  462.18481 	 1145.09520 	  881.16396 	 1160.27490 	    0.00000 	 1276.94344 	  950.85315 	 1170.79174 	 1200.85224 	  796.51803 	  347.54399 	 1914.52681 	 1675.93342 	 1519.86783 	  796.04045 	 
 430.26081 	  925.48352 	 1642.32448 	 1066.88765 	  734.94578 	 1160.48653 	  333.73338 	 1246.09974 	  709.44595 	  317.72911 	  744.79918 	 1894.26911 	  316.35842 	  822.27145 	 1050.50789 	    0.00000 	 1348.63351 	 1117.86114 	  917.89249 	  985.11575 	  505.19115 	 1367.67962 	 2535.66843 	  494.15969 	 1130.37298 	 
 641.87386 	  209.81089 	  200.57415 	  715.28963 	  511.64469 	  370.66883 	  985.99775 	 2104.32706 	  618.25572 	 1173.17563 	 1244.38172 	 1732.09164 	  779.26927 	 1076.65025 	 1136.19254 	  957.83364 	    0.00000 	   70.85056 	 2581.10450 	  385.69052 	 1083.62547 	 3227.19038 	 2082.85327 	 1244.01307 	  212.45013 	 
 847.27244 	  117.60402 	  353.40886 	  705.54475 	  662.09482 	  347.23790 	 1304.67884 	 1345.18356 	  531.35445 	 1457.49705 	 1030.35122 	 2917.10193 	 1062.39550 	 1266.32832 	 1104.65054 	  785.59594 	   70.08822 	    0.00000 	 2637.75776 	  210.47966 	  776.54145 	 2236.21327 	 1846.18686 	 1066.03535 	  150.68461 	 
1517.83081 	 1868.83199 	 2149.71894 	 1791.07508 	 1407.94634 	 1896.99236 	  792.35700 	  692.01513 	 1766.34994 	  853.66625 	 1257.80191 	  323.14706 	 1229.68265 	 1448.12862 	 1303.71448 	 1509.88900 	 2095.17733 	 1970.35617 	    0.00000 	 2334.78179 	 1148.55477 	  544.35542 	  992.56627 	 1433.76501 	 2215.43400 	 
 474.71984 	  266.53700 	  545.11097 	  351.56426 	  219.89812 	  133.99194 	  844.83357 	 1217.56994 	  227.54809 	 1346.27744 	  837.25775 	 1910.44468 	  604.70720 	 1156.27836 	  557.10271 	  906.48364 	  299.14648 	  330.52106 	 2110.75967 	    0.00000 	  422.05130 	 2430.77454 	 2659.09982 	 1039.07009 	  183.97001 	 
 576.46615 	  728.11471 	  876.52016 	  295.55746 	  238.87828 	  446.86384 	  684.61191 	  617.00681 	  361.16588 	  536.28365 	  174.84394 	 2042.75585 	  190.91025 	  810.35610 	  386.55745 	  494.03754 	  929.72527 	  820.68338 	  953.16683 	  468.92763 	    0.00000 	 1380.44621 	 1291.21864 	 1024.58449 	  601.11596 	 
1993.69549 	 3137.67621 	 2127.57138 	 1838.50663 	 2364.10452 	 1622.27117 	 1430.70847 	  710.95796 	 2368.91412 	 2134.72162 	 1162.98202 	  388.11971 	 2131.28749 	 2581.55189 	 1598.69673 	 2333.11592 	 2000.53940 	 2945.24007 	  621.99190 	 2592.17809 	 1242.90821 	    0.00000 	  897.92301 	 2352.36244 	 3073.71602 	 
2148.92668 	 1724.59708 	 2502.62287 	 2094.32179 	 2143.57201 	 2087.22090 	 2007.40791 	 1102.55464 	 1585.05803 	 1566.78644 	 1679.27680 	  768.92615 	 1719.94902 	 2258.78449 	 1183.28669 	 2343.94143 	 2935.68107 	 2161.95639 	  849.73033 	 2722.42884 	 2178.02733 	  639.76318 	    0.00000 	 2642.25191 	 2341.11900 	 
 408.25425 	  894.10891 	 1273.33078 	  769.02364 	  811.60247 	 1133.69878 	  652.04846 	 1728.75878 	  794.31444 	  687.07665 	  780.23217 	 1838.93043 	  828.78206 	  150.79225 	 1244.26380 	  531.41958 	  733.77620 	  784.79375 	 1724.41319 	  858.85475 	 1105.60860 	 2975.15842 	 2466.12729 	    0.00000 	  938.77711 	 
 518.91365 	   31.22765 	  512.63131 	  662.21154 	  514.98306 	  305.00329 	 1075.87497 	 1443.49773 	  302.97473 	 1329.35780 	 1024.93538 	 1959.10391 	  741.80706 	  801.12610 	  859.97109 	 1056.85308 	  267.41749 	  165.67945 	 1972.43747 	  145.49458 	  894.26049 	 2504.92872 	 2683.57620 	  734.83081 	    0.00000 	 
   0.00000 	 4625.78011 	 6897.84374 	 21046.70829 	 5121.24984 	 5156.31570 	 9840.54258 	 1709.71408 	 10511.74633 	 5506.65625 	 3042.61787 	 11880.34384 	 9566.06950 	 21146.66221 	 3138.38858 	 7855.47136 	 60300.40590 	 14784.46785 	 1124.38461 	 5720.12112 	 5580.31561 	 6362.34287 	 2896.51467 	 9846.37201 	 14618.65885 	 
5983.62219 	    0.00000 	 13197.07093 	 15862.19787 	 2848.83304 	 5059.63318 	 3830.44021 	 2250.21503 	 6609.03603 	 3148.58512 	 1846.91773 	 8620.94839 	 1261.26421 	 5465.20078 	 1026.21167 	 6588.55344 	 21349.49743 	 6492.95742 	  913.60551 	 7337.14801 	 3075.08402 	 7599.40760 	 3613.00513 	 1639.28571 	  577.15411 	 
9143.37611 	 13878.58030 	    0.00000 	 32857.49368 	 5359.47837 	 12475.26836 	 4803.15226 	 6542.92936 	 19783.45931 	 3739.28716 	 3612.01171 	 26628.60643 	 1919.62979 	 27692.98121 	 7531.28817 	 4331.82445 	 217086.57873 	 30472.72632 	 3082.67634 	 13037.56519 	 7440.01681 	 13044.47044 	 5295.32709 	 9499.76318 	 58620.13843 	 
23550.92156 	 15721.14843 	 33227.92974 	    0.00000 	 22168.40904 	 36943.05678 	 20740.37380 	 19238.17309 	 44374.96148 	 14343.55294 	 25324.41219 	 63147.32484 	 15361.43511 	 35508.80222 	 36785.26353 	 17718.77194 	 132000.50584 	 46261.52595 	 15586.78882 	 24846.65833 	 50514.45459 	 39663.86990 	 10230.42737 	 12705.84572 	 39461.34951 	 
5402.14587 	 2596.19448 	 4198.80728 	 13705.60017 	    0.00000 	 7091.18701 	 3864.36879 	 1568.30283 	 6009.02694 	 2018.09776 	 2622.80990 	 6350.60900 	 2431.31214 	 7165.84445 	 1862.05127 	 1631.26940 	 29578.98981 	 4437.90532 	  885.96059 	 4319.52641 	 6413.26143 	 3654.73480 	 1025.19735 	 4694.07163 	 8500.14550 	 
7629.67043 	 5426.19773 	 17998.81038 	 40081.19006 	 6952.72808 	    0.00000 	 4790.96059 	 3187.31165 	 12344.98851 	 2666.89266 	 2150.16235 	 12814.24570 	 1977.14646 	 17756.65049 	 5932.60979 	 2321.24529 	 61029.98294 	 17017.54017 	 2677.22363 	 6204.07078 	 6063.30339 	 7953.57091 	 1822.85500 	 6022.06924 	 13366.57995 	 
12863.86584 	 3820.74293 	 6101.78655 	 23306.81708 	 2544.09795 	 4684.40654 	    0.00000 	 9891.30523 	 5883.74879 	 43838.32939 	 10365.79215 	 32035.21352 	 5743.04773 	 9465.29108 	 4378.15105 	 15081.13674 	 31270.38612 	 9204.41452 	 4134.33345 	 2622.08527 	 9535.08999 	 16650.39219 	 4760.77148 	 3445.16575 	 11620.28697 	 
2414.95601 	 2479.33412 	 4369.15690 	 30499.62395 	 1996.04315 	 2704.84875 	 14489.43640 	    0.00000 	 5497.83802 	 8814.29569 	 7979.98830 	 36646.66709 	 2073.29385 	 3304.05110 	 10470.80023 	 2479.74379 	 19650.29848 	 4211.30836 	 7101.25344 	 2745.57419 	 5883.64681 	 19285.89485 	 9575.88944 	 1168.76215 	 10809.95645 	 
9567.38669 	 6920.75620 	 12606.63605 	 57377.94046 	 5708.88324 	 12414.25014 	 7879.79188 	 4870.51227 	    0.00000 	 3922.66273 	 4140.61671 	 19194.74705 	 3576.80387 	 20013.03693 	 7337.88028 	 4677.00314 	 70720.88826 	 17581.16297 	 3061.17325 	 12467.06686 	 13743.88047 	 14840.23237 	 4994.15865 	 11330.17216 	 22423.47645 	 
8279.62135 	 3497.44078 	 3073.80119 	 19246.51087 	 2454.36891 	 3043.71450 	 38256.78049 	 8716.30420 	 3972.32184 	    0.00000 	 3241.60408 	 17308.98338 	 3570.67466 	 6107.09515 	 2238.36378 	 23432.45356 	 33619.73707 	 6146.50154 	 2655.83772 	 3635.36877 	 5454.75457 	 9931.32499 	 2819.05981 	 2935.40490 	 3989.09636 	 
2557.32089 	 2221.63980 	 3492.38640 	 33413.31569 	 2250.56218 	 2635.24525 	 8630.06803 	 11559.59775 	 4476.94964 	 3466.76454 	    0.00000 	 14711.00198 	 2181.55011 	 4803.97589 	 9556.19495 	 3000.22165 	 18915.99570 	 3160.11178 	 3886.44141 	 2571.69116 	 13910.20086 	 10305.11194 	 3764.25593 	 1892.57086 	 8120.94674 	 
11316.01275 	 8383.92634 	 17433.78790 	 78887.60719 	 7353.47381 	 15991.17575 	 25265.14867 	 38565.30429 	 28209.69093 	 20888.82694 	 14239.11913 	    0.00000 	 4679.30872 	 12019.45444 	 20970.62990 	 10129.50138 	 104439.62941 	 21434.22793 	 34928.50328 	 13199.51242 	 13980.53990 	 108553.32870 	 35237.41579 	 5003.68664 	 30897.83087 	 
7489.69698 	 1334.02204 	 1860.62459 	 11007.25131 	 2410.04439 	 1677.65087 	 8555.61458 	 1756.75452 	 4225.70366 	 4259.80900 	 2429.50186 	 5444.75809 	    0.00000 	 4013.11652 	 1113.60774 	 5357.57587 	 13030.27149 	 3511.99579 	  832.89659 	 1208.20828 	 5022.62298 	 3551.05916 	  785.37327 	 1267.78476 	 3762.26950 	 
17375.46741 	 8068.39472 	 26279.64801 	 31717.94905 	 6116.54844 	 18787.40475 	 8753.45410 	 3048.41116 	 26240.89651 	 10268.00076 	 3813.55964 	 11977.31761 	 3559.86470 	    0.00000 	 4706.62697 	 8760.74908 	 208071.13159 	 19279.63129 	 1315.96980 	 13857.07548 	 8925.23834 	 6217.98423 	 1658.53415 	 24314.90105 	 18779.82097 	 
3182.17935 	  905.10746 	 8195.15074 	 48483.35896 	 1955.94668 	 4172.88588 	 4036.19059 	 10683.22742 	 9580.79822 	 2456.52765 	 5997.53028 	 15257.96402 	 1334.70185 	 5618.48077 	    0.00000 	 2009.20503 	 27336.77478 	 7903.16087 	 5002.54981 	 3033.80117 	 7200.39294 	 9688.73850 	 4794.80672 	 3500.21008 	 13225.10439 	 
12328.00407 	 6523.76469 	 3035.40552 	 12687.08430 	 1614.40915 	 1829.74551 	 14776.35652 	 2982.81019 	 4758.78477 	 14561.56403 	 3498.11598 	 12952.69404 	 5177.10094 	 7278.49758 	 2506.10967 	    0.00000 	 27152.65437 	 5140.34570 	 1136.45668 	 2107.08754 	 4531.66029 	 6794.25659 	 2583.62712 	 4475.12297 	 4037.73188 	 
51670.36897 	 24765.09049 	 154314.50960 	 215948.65418 	 20491.94879 	 78066.60931 	 31044.27454 	 24407.32829 	 77726.31147 	 27977.91391 	 15638.43918 	 111095.37407 	 12321.91733 	 182953.21310 	 24976.08554 	 26631.90772 	    0.00000 	 8605.60910 	 11003.46785 	 75239.88222 	 41014.42830 	 53499.50230 	 11387.09442 	 30664.13538 	 200374.29503 	 
8705.97411 	 6283.13813 	 36920.18948 	 44801.20572 	 4506.09291 	 18328.75571 	 7414.19137 	 5381.10910 	 20191.80352 	 7394.18730 	 3558.96045 	 21504.32135 	 3572.53992 	 27753.85050 	 8736.50672 	 4893.39256 	 10271.72919 	    0.00000 	 3236.99186 	 36869.03707 	 5822.24284 	 10638.20407 	 5632.43546 	 7496.66852 	 11821.56522 	 
1068.95651 	  710.88355 	 2941.17406 	 17427.19414 	  979.98900 	 2133.29782 	 5915.19220 	 11300.51679 	 5374.11438 	 2530.29902 	 3357.05858 	 39103.58747 	  688.16676 	 1332.89037 	 4271.14813 	 1023.34239 	 8386.70238 	 2328.37754 	    0.00000 	 2313.69969 	 3552.28953 	 14856.66498 	 3482.85744 	  556.70139 	 3642.16849 	 
5792.73173 	 6123.71958 	 15999.44817 	 27523.68176 	 4702.76620 	 4514.48253 	 2820.16082 	 2213.75008 	 11432.41926 	 4257.13303 	 2238.75410 	 12707.89996 	  987.22690 	 16828.46586 	 3084.38443 	 1776.61769 	 49070.85255 	 23083.26353 	 2259.45857 	    0.00000 	 4734.38248 	 6899.77129 	 2748.91889 	 6961.84864 	 12499.73490 	 
6884.20476 	 4340.58420 	 8253.18152 	 52350.09109 	 4622.80747 	 8838.02234 	 11317.12241 	 7241.72548 	 8361.90998 	 7140.38614 	 20796.85183 	 14629.04836 	 6842.77181 	 10653.44848 	 6929.00118 	 5647.47905 	 26416.11319 	 6229.22629 	 3560.54501 	 6046.70239 	    0.00000 	 12806.42378 	 4005.87590 	 4054.98386 	 14158.53089 	 
7260.12598 	 7635.67313 	 15367.73416 	 38671.73722 	 2931.53377 	 5538.54889 	 15887.80429 	 19410.77538 	 12395.31993 	 10596.53084 	 6147.36002 	 112206.48868 	 2146.78110 	 10396.78285 	 14483.89553 	 5927.91916 	 84233.05798 	 15142.26775 	 10643.84541 	 7241.36441 	 8519.44363 	    0.00000 	 45396.37893 	 2383.81416 	 17507.44511 	 
2655.31599 	 4595.14443 	 5474.61806 	 11464.77240 	  890.01125 	 2387.15230 	 5209.98581 	 8226.90009 	 3283.61853 	 3229.88974 	 3574.74426 	 35187.61337 	 1086.04814 	 1495.91113 	 5222.96243 	 2122.19911 	 13792.10786 	 4992.29276 	 3694.27621 	 1847.41074 	 2604.21479 	 38351.52831 	    0.00000 	  876.73249 	 5327.71396 	 
12860.98750 	 1750.02676 	 7279.12051 	 14234.04987 	 5406.21331 	 5416.76585 	 2060.60025 	 1557.22667 	 11264.04285 	 2912.87798 	 2220.22034 	 3745.51367 	 1766.33229 	 19254.28045 	 3505.72044 	 2505.66921 	 30910.13367 	 7421.49772 	  567.36493 	 4451.45639 	 2846.58311 	 3126.07887 	 1092.19435 	    0.00000 	 7778.30003 	 
16521.09215 	  699.44745 	 59518.64776 	 51512.63521 	 4983.61573 	 13450.25750 	 10219.87474 	 8719.28458 	 18848.35909 	 4522.10648 	 8602.11337 	 24291.73637 	 5142.34971 	 26118.76654 	 13125.06155 	 6370.92328 	 182967.86831 	 11342.64684 	 3749.21749 	 11549.31751 	 13860.78006 	 17268.73812 	 3806.68983 	 5881.15888 	    0.00000 	 
