25
10
0.00000 	  503.52668 	  685.30624 	  600.74305 	  263.22916 	  469.68288 	  523.63342 	 1314.75722 	  429.34162 	  562.51714 	  721.56954 	 1692.37235 	  259.34926 	  473.85921 	  933.92588 	  333.39109 	  922.09394 	  757.93547 	 1500.43082 	  397.48097 	  401.88185 	 1739.89032 	 2142.43166 	  348.51946 	  535.42551 	 
 523.16578 	    0.00000 	  383.70043 	  783.56966 	  455.51214 	  311.65063 	 1452.62109 	 1414.33880 	  368.60386 	 1043.21756 	 1015.44790 	 1975.12095 	  887.70532 	  866.61547 	 1058.83994 	  991.00462 	  217.49370 	   84.71551 	 2176.89757 	  182.39556 	  624.53713 	 2347.48892 	 2548.14966 	 1035.83196 	   27.14967 	 
 949.06960 	  407.82918 	    0.00000 	  984.79128 	  719.31459 	  419.80120 	 1205.50625 	 1987.97715 	  522.83085 	 1501.20420 	 1343.86305 	 2764.28796 	 1367.88120 	 1439.74458 	 1126.57501 	 1754.58731 	  173.27284 	  327.35506 	 2154.94715 	  605.90787 	 1201.40323 	 2756.18924 	 2307.00117 	 1210.12036 	  367.77482 	 
 582.15548 	  570.73109 	  753.17006 	    0.00000 	  254.77157 	  298.14251 	  936.49711 	  649.26004 	  288.60206 	  781.23795 	  296.56593 	 1610.46159 	  536.42667 	 1138.98216 	  359.88232 	  795.01188 	  575.73962 	  553.31579 	 1185.47222 	  345.45511 	  317.91470 	 1668.92085 	 1243.36639 	 1210.31106 	  443.42556 	 
 447.89682 	  307.56422 	  724.43976 	  300.99176 	    0.00000 	  220.61448 	  917.98593 	 1162.40502 	  252.03574 	  824.27376 	  479.40929 	 1526.01422 	  420.87720 	  894.28732 	  500.20127 	  722.55841 	  687.13727 	  483.02304 	 1927.55719 	  216.64212 	  344.39914 	 2409.68520 	 2411.35103 	  632.92209 	  482.83555 	 
 718.29492 	  245.47810 	  617.76813 	  331.66460 	  253.52373 	    0.00000 	 1145.87624 	  947.85652 	   94.24292 	 1169.62816 	  617.22268 	 1777.64626 	  814.22561 	  772.44397 	  632.61810 	 1189.95640 	  343.22162 	  463.69404 	 1991.98460 	  119.55041 	  635.40424 	 2470.92533 	 1804.17600 	 1195.32040 	  257.84629 	 
 622.29204 	 1013.76032 	 1409.31693 	  904.48100 	  986.43847 	  835.14587 	    0.00000 	  546.92200 	 1080.57435 	  155.60832 	  537.76351 	 1255.84919 	  376.66866 	 1409.55242 	  671.77857 	  360.87490 	 1527.17309 	 1225.73702 	  792.01208 	 1230.78612 	  480.93185 	 1902.44265 	 2000.18724 	  951.71403 	 1454.82225 	 
 951.83936 	 1058.05931 	 2242.10509 	  793.27387 	  855.37976 	 1415.40186 	  582.08240 	    0.00000 	 1434.37372 	  923.96364 	  401.45926 	  740.92877 	 1023.95560 	 1604.74083 	  489.20759 	  973.47550 	 1470.97472 	 1423.24030 	  638.40143 	 1594.45715 	  991.73561 	  980.85108 	  914.43908 	 1427.14467 	 1855.29192 	 
 518.93939 	  497.75215 	  635.42195 	  235.92976 	  223.61061 	  121.67518 	  710.26514 	 1264.95964 	    0.00000 	 1077.12701 	  534.20863 	 1652.05681 	  787.19567 	 1464.36840 	  649.63436 	  691.06784 	  364.66134 	  365.09875 	 1376.14728 	  250.07821 	  352.78989 	 2078.82309 	 2388.97258 	 1278.01744 	  426.54259 	 
 671.81925 	 1010.52454 	 1612.40196 	  791.87694 	  687.35803 	 1310.73826 	  251.82474 	  916.32394 	 1224.03052 	    0.00000 	  541.48797 	 1286.75519 	  538.87745 	  997.50139 	  951.79260 	  362.36911 	 1724.31775 	 1392.67060 	  756.13668 	 1423.27366 	  873.09184 	 1736.35276 	 2061.26547 	 1024.59670 	 1349.13248 	 
 494.47381 	 1209.20418 	 1482.19531 	  489.06523 	  376.19668 	  835.22476 	  415.37610 	  586.55211 	  521.48943 	  537.99248 	    0.00000 	 1238.33284 	  354.50120 	 1278.67901 	  407.39586 	  715.82703 	  831.34529 	  913.53764 	 1129.10762 	  662.92689 	  165.11291 	 1140.78108 	 1232.61225 	 1108.66176 	  905.47872 	 
2420.13591 	 2868.51036 	 2919.43151 	 1878.46111 	 1761.62751 	 1759.16013 	 1117.12012 	  913.21995 	 1452.67567 	 1068.59915 	 1454.33218 	    0.00000 	 1672.43193 	 2578.97533 	 1682.08492 	 1273.19260 	 2716.61594 	 2655.86471 	  367.83593 	 1789.67449 	 1552.17203 	  266.36394 	  735.76601 	 1964.02869 	 2662.66717 	 
 353.95974 	  596.73215 	 1125.01669 	  585.23628 	  396.06382 	  798.09733 	  389.72011 	  621.31534 	  803.30560 	  380.77171 	  450.84860 	 1712.09984 	    0.00000 	 1071.31542 	  847.37548 	  354.39476 	  727.96402 	  918.62112 	 1643.57860 	  611.52245 	  203.95064 	 1491.43469 	 1495.76962 	  718.74811 	  934.94851 	 
 421.65216 	  985.68214 	 1199.24645 	 1361.55978 	 1179.28427 	  876.42461 	  963.15804 	 2184.40513 	  973.72403 	  917.61854 	 1149.21361 	 2846.32366 	  753.20339 	    0.00000 	 1415.17856 	  724.82281 	  996.89858 	  975.43453 	 1638.63564 	 1217.23435 	 1312.71543 	 1921.14503 	 2791.93962 	  198.00392 	 1181.71687 	 
 799.12565 	 1057.50947 	  801.66398 	  259.01982 	  642.30237 	  771.34569 	  815.38913 	  881.77857 	  505.66620 	 1095.52815 	  351.10794 	 1167.22293 	  528.63452 	 1399.97420 	    0.00000 	 1063.58876 	 1319.45015 	  774.98173 	 1518.19008 	  919.89027 	  505.04393 	 1757.87202 	 1614.73071 	 1153.01492 	  852.79129 	 
 444.82367 	 1251.67703 	 1757.62648 	  680.01504 	  519.32265 	  753.41696 	  449.93868 	 1091.43410 	  901.69392 	  276.70446 	  816.05232 	 2119.64602 	  369.89111 	  607.32907 	 1046.39166 	    0.00000 	 1271.36977 	 1265.02988 	 1440.85243 	  980.35567 	  471.12776 	 2187.17269 	 1490.48620 	  470.05317 	 1236.11960 	 
 542.17058 	  157.08471 	  186.88994 	  518.76724 	  592.04870 	  473.13590 	 1637.06517 	 1933.55473 	  422.64385 	 1504.37987 	  882.24130 	 2830.38731 	  874.91320 	  821.08880 	 1301.79498 	 1281.50981 	    0.00000 	  107.95496 	 1663.97397 	  237.50955 	  807.80757 	 3312.72130 	 2827.54729 	  886.32803 	  173.73141 	 
 759.57495 	  101.57798 	  283.55316 	  502.83605 	  508.30087 	  360.49662 	 1528.31695 	 1404.41954 	  383.17592 	  937.04141 	 1346.77676 	 1842.70804 	 1012.90298 	 1054.81173 	  976.60190 	 1099.85223 	  105.75329 	    0.00000 	 2548.07439 	  243.61942 	  785.50607 	 3112.19770 	 1912.72356 	 1105.38205 	  105.00885 	 
1596.83442 	 1436.60507 	 2622.52599 	 1610.76621 	 1622.25046 	 1324.93362 	 1106.65423 	  557.33439 	 1930.81665 	  913.61495 	 1263.52315 	  337.68836 	 1374.67935 	 1601.40971 	  924.15907 	  915.38749 	 1988.96672 	 2504.55268 	    0.00000 	 1541.67657 	 1015.32049 	  613.10851 	 1014.22458 	 2227.41157 	 1702.27216 	 
 402.95344 	  196.59075 	  447.62074 	  418.21339 	  266.42052 	   83.42285 	 1091.62357 	 1321.27222 	  248.35503 	  787.88996 	  872.18310 	 2476.37981 	  707.48498 	  870.05131 	  901.85681 	 1179.62699 	  360.27218 	  343.20415 	 1415.71174 	    0.00000 	  589.31970 	 2667.94245 	 1628.64180 	  692.36138 	  182.87530 	 
 362.72642 	  531.78409 	 1129.19751 	  287.15037 	  372.74409 	  453.69579 	  604.29666 	  893.59986 	  399.06327 	  488.12902 	  237.65383 	 1925.28222 	  186.10747 	 1047.69810 	  522.67941 	  769.51564 	  751.60800 	  869.99203 	 1056.77721 	  456.50966 	    0.00000 	 1397.60053 	 1654.78286 	  993.15544 	  853.02426 	 
2277.83140 	 2067.48681 	 3012.55953 	 2222.72599 	 1548.03164 	 2387.94430 	 1284.92750 	  998.44696 	 2173.53251 	 1566.05182 	 1672.47327 	  404.66336 	 1803.39932 	 2550.12100 	 1276.74073 	 1776.32406 	 2589.02859 	 2813.10830 	  617.85602 	 1580.52437 	 1376.93031 	    0.00000 	  849.77185 	 3118.93522 	 1790.63938 	 
1547.80508 	 2122.15274 	 2455.04878 	 1656.30523 	 2325.17425 	 2564.48841 	 1802.48912 	  759.92913 	 2102.34547 	 2050.53192 	 1770.20749 	 1113.32461 	 1902.54671 	 2595.58636 	 1809.22323 	 1772.26986 	 2051.32019 	 3057.08863 	 1398.67330 	 2665.26443 	 1595.65109 	  861.72264 	    0.00000 	 2370.76463 	 2312.46570 	 
 465.86955 	  720.08503 	 1079.99794 	  849.57154 	  986.95357 	  836.90935 	 1036.68608 	 1973.77046 	  837.75027 	  714.99634 	 1142.15053 	 2095.99622 	  712.00632 	  157.52993 	 1327.29526 	  585.03901 	 1249.57535 	  993.27612 	 1331.30527 	  921.08205 	  689.82596 	 1871.22925 	 1969.37445 	    0.00000 	  596.06577 	 
 580.31437 	   33.21160 	  462.31084 	  719.44758 	  334.90073 	  355.13946 	 1122.57274 	 1163.29231 	  331.58184 	 1038.06386 	  975.52587 	 2907.78925 	  765.65247 	  688.24170 	  922.89106 	  706.95375 	  197.69452 	  104.02812 	 1692.20589 	  198.75826 	  520.09179 	 2819.08722 	 1961.58628 	  745.12040 	    0.00000 	 
   0.00000 	 7655.25454 	 7389.83142 	 14687.46851 	 5298.72066 	 6855.89680 	 8661.08575 	 2559.46901 	 7356.24712 	 8456.13743 	 2881.75951 	 10603.42900 	 9335.71463 	 28937.97780 	 2616.45055 	 9859.34868 	 56652.29360 	 10684.29051 	 1171.88560 	 4403.80989 	 6763.05801 	 5781.03840 	 3510.20616 	 13876.72149 	 12682.72217 	 
5688.98040 	    0.00000 	 13413.37649 	 12494.40586 	 2380.42313 	 5772.74461 	 4833.34714 	 2911.39091 	 7321.72848 	 3532.84216 	 2353.30653 	 7766.23494 	 1082.88618 	 7951.13737 	 1402.68401 	 5563.35151 	 30751.39951 	 4749.62240 	  931.84487 	 6988.46204 	 4778.74876 	 5573.74111 	 2952.59521 	 1645.14131 	  443.27936 	 
7678.50917 	 11990.27575 	    0.00000 	 43252.62460 	 5620.34358 	 18115.11205 	 6561.41664 	 7238.62801 	 13530.64154 	 4670.75099 	 4018.81222 	 26872.46881 	 2026.55662 	 24914.32097 	 8211.98549 	 4283.46225 	 256116.64707 	 44899.58670 	 3696.19469 	 12322.88937 	 9051.63249 	 14105.29639 	 3864.57433 	 6394.88856 	 55544.65078 	 
17160.39460 	 17008.04078 	 30062.52433 	    0.00000 	 16466.44238 	 40475.69905 	 23054.24836 	 23925.33375 	 45738.46473 	 20353.24597 	 25304.92912 	 69665.77831 	 13656.68367 	 56686.55965 	 60050.10471 	 16243.44586 	 130314.84801 	 44491.38017 	 15968.25765 	 23827.54738 	 36096.26926 	 35451.53350 	 11108.55681 	 17500.12563 	 38684.54131 	 
4837.83886 	 4124.13077 	 7201.80663 	 20686.82672 	    0.00000 	 7870.52468 	 3429.95952 	 1863.92448 	 6129.23895 	 2188.69488 	 2294.73591 	 7203.43114 	 1379.88189 	 8174.31926 	 2126.47490 	 1689.46870 	 29720.65799 	 7266.38396 	 1190.58677 	 3737.17308 	 5349.83498 	 3689.91086 	 1191.06268 	 4773.25513 	 6818.80744 	 
6784.02307 	 3903.25542 	 15635.10710 	 33591.70856 	 8635.15597 	    0.00000 	 6125.60275 	 3570.87976 	 10204.42467 	 4185.01121 	 2706.84492 	 17814.48528 	 2108.30182 	 15659.52342 	 3736.39105 	 1707.27750 	 61600.29672 	 14629.90432 	 2771.71848 	 6400.78745 	 8250.78908 	 5692.57420 	 1748.02811 	 6436.61026 	 12436.08555 	 
14642.86461 	 3279.33166 	 7421.25576 	 22873.59488 	 3368.18035 	 6308.14911 	    0.00000 	 11871.28322 	 6778.42609 	 33139.32184 	 11851.07830 	 19637.18921 	 7523.05074 	 6023.91751 	 3509.87104 	 13105.54451 	 24838.53358 	 6599.67013 	 6517.53255 	 3021.91498 	 8435.11537 	 12136.41322 	 4688.86991 	 2805.26793 	 13696.73512 	 
1982.42491 	 3593.04235 	 6797.28477 	 27520.44515 	 1955.18537 	 2639.70872 	 9108.68355 	    0.00000 	 4694.67260 	 8311.83638 	 9018.42297 	 22222.15019 	 1427.96814 	 4259.36553 	 8684.09979 	 2353.10643 	 23513.54808 	 3747.70358 	 11200.23433 	 2737.19497 	 8448.34747 	 12661.21121 	 9834.66163 	 1622.73842 	 9996.80682 	 
9152.83983 	 5938.44535 	 14077.87018 	 40890.54175 	 8507.55288 	 10887.85476 	 5187.32053 	 6926.25139 	    0.00000 	 4994.12813 	 4737.65516 	 17902.91839 	 5714.84161 	 25583.01025 	 11162.38755 	 3165.40965 	 60317.13098 	 15673.08552 	 4164.11366 	 9746.59679 	 13344.02082 	 12515.04009 	 3375.96528 	 12759.00283 	 21169.27086 	 
6466.87393 	 5181.96703 	 4900.65769 	 13044.50762 	 1744.42742 	 3679.15065 	 29798.91833 	 8761.49290 	 5018.30493 	    0.00000 	 4154.65425 	 16926.09699 	 3193.29328 	 6953.69799 	 2676.28516 	 21962.79750 	 24879.72695 	 5195.14712 	 2479.07809 	 4209.36596 	 7600.96064 	 6562.45634 	 3604.67826 	 2666.51036 	 6745.52534 	 
2720.92627 	 1970.66261 	 2453.20249 	 27563.35696 	 2668.97371 	 2215.85463 	 9089.72565 	 8776.17963 	 4373.94181 	 4442.95709 	    0.00000 	 14806.76304 	 3090.57627 	 4671.42406 	 5650.31125 	 2389.81970 	 18474.27353 	 5447.06353 	 2275.04567 	 2002.58449 	 16622.08338 	 7069.29732 	 3657.28942 	 1944.56507 	 5271.43432 	 
8067.87866 	 7561.24860 	 19622.62992 	 60083.92095 	 4811.02711 	 18476.32462 	 34074.44871 	 27831.65061 	 28614.79884 	 22399.56079 	 11560.99079 	    0.00000 	 5947.64436 	 19326.79501 	 22097.94447 	 12172.05429 	 99653.16712 	 25403.47397 	 38660.34273 	 10137.76033 	 16054.44108 	 90036.00372 	 29995.87337 	 4425.58746 	 26061.66158 	 
11701.42225 	 1122.07836 	 1419.31459 	 14944.05850 	 2427.24122 	 1771.82246 	 5735.31698 	 1790.49414 	 6016.18321 	 3991.86249 	 3380.17107 	 6705.14900 	    0.00000 	 2537.35908 	 1205.25703 	 7527.89382 	 8669.42269 	 3348.49542 	  629.99255 	  959.63436 	 7673.22606 	 3791.43716 	 1274.20704 	 1703.59102 	 5425.23027 	 
24148.40653 	 5245.44049 	 18734.33219 	 51850.50481 	 6984.29617 	 13238.71604 	 8925.97405 	 2632.16630 	 22536.07438 	 8796.17484 	 3143.36444 	 15749.76695 	 4055.29636 	    0.00000 	 4901.05069 	 11841.50786 	 169787.87895 	 21546.19750 	 1163.87924 	 13256.24652 	 6365.30988 	 7457.82477 	 2329.68927 	 16008.97063 	 21839.52765 	 
4201.59051 	 1155.39617 	 7307.12800 	 52692.60132 	 1986.23041 	 4014.15780 	 3666.67366 	 10413.19688 	 12475.76130 	 2757.15683 	 5403.39055 	 18449.07366 	  954.38689 	 4655.84175 	    0.00000 	 1967.87894 	 33725.60080 	 7354.53090 	 5988.53583 	 2627.87832 	 8996.63001 	 11979.56589 	 4512.89678 	 2723.06053 	 13909.20400 	 
9091.03971 	 5056.87239 	 3409.71199 	 16262.74837 	  967.48156 	 2600.77243 	 14966.08821 	 2157.37467 	 4207.84325 	 23364.19124 	 3561.88045 	 12099.41956 	 6606.11173 	 10758.31848 	 1637.50621 	    0.00000 	 16839.77954 	 3989.80581 	  653.58225 	 1759.65332 	 4240.36878 	 5977.47074 	 2628.06711 	 3901.68069 	 4117.25265 	 
37285.09374 	 22682.68731 	 226022.18364 	 148722.82853 	 27636.70290 	 79608.03550 	 33882.27011 	 22077.67838 	 95405.83468 	 21966.86491 	 14589.22009 	 112618.46320 	 12558.70355 	 192824.45425 	 25885.46414 	 22134.55746 	    0.00000 	 11139.13081 	 10580.18080 	 54802.55336 	 37439.22262 	 79457.02614 	 13147.43832 	 25242.10817 	 170279.31954 	 
10292.13653 	 5223.24129 	 44277.21508 	 40500.44620 	 7160.24130 	 13578.15688 	 8025.69705 	 5261.50475 	 21978.62299 	 4531.05090 	 3965.11530 	 24231.19651 	 3555.32406 	 23085.78835 	 8330.86135 	 5715.01997 	 9628.14427 	    0.00000 	 3208.05859 	 26935.39587 	 9726.55385 	 16937.85541 	 4570.65975 	 5414.85066 	 8787.03047 	 
1223.09358 	  871.59871 	 3082.40948 	 16696.75980 	  989.38854 	 3583.71215 	 4331.48986 	 9566.03361 	 4752.89853 	 2060.13945 	 3139.43302 	 29696.42598 	  622.71509 	 1424.46832 	 5203.98153 	  783.34183 	 11925.28255 	 2107.95317 	    0.00000 	 2089.25273 	 4222.48940 	 9012.52640 	 3838.03297 	  547.33749 	 4263.88640 	 
5887.50084 	 9181.03376 	 9335.84385 	 23996.44574 	 4155.35717 	 5769.92992 	 2760.01338 	 2551.47525 	 8022.44960 	 4509.86873 	 2716.03412 	 13370.39642 	 1323.86910 	 11929.41710 	 3054.69669 	 1691.50504 	 59330.54783 	 24680.05095 	 1760.60947 	    0.00000 	 3821.23898 	 8295.10162 	 2151.24578 	 6045.69427 	 10133.11348 	 
7705.19008 	 4329.59141 	 5747.26530 	 35794.19678 	 5018.90704 	 8563.99556 	 9466.27753 	 8490.38052 	 12438.34131 	 6012.57274 	 14830.73766 	 19687.10141 	 7615.63487 	 9665.93719 	 9961.77439 	 4493.08182 	 28473.59367 	 7378.65916 	 4792.82208 	 4752.03691 	    0.00000 	 8996.87088 	 2747.39263 	 4725.67132 	 8692.83142 	 
5241.03647 	 6877.11692 	 14750.60140 	 27602.55433 	 2953.50676 	 6079.28239 	 10541.35849 	 20624.42944 	 14610.74203 	 8978.32880 	 9575.64583 	 110377.50823 	 2827.50369 	 10339.57129 	 12868.64294 	 7679.96109 	 84038.20591 	 19257.29333 	 12418.96960 	 8461.82258 	 9213.38858 	    0.00000 	 39632.34113 	 2025.08156 	 16682.37143 	 
3462.58226 	 3528.36673 	 4318.07523 	 13416.34489 	  900.75399 	 2142.77209 	 4175.23745 	 6891.74706 	 3624.84373 	 2393.62406 	 2816.91260 	 24781.69329 	  799.97337 	 2235.05664 	 5426.30159 	 1426.70609 	 13116.85991 	 5671.35780 	 2672.57920 	 1971.65521 	 2627.80742 	 43174.04794 	    0.00000 	  935.52118 	 6285.81595 	 
9380.16801 	 1852.93054 	 9882.03144 	 17481.40604 	 5866.38798 	 8169.32774 	 2636.90792 	 1503.16463 	 10481.40770 	 2088.71527 	 1676.72779 	 3790.16731 	 1180.07969 	 17679.50797 	 2919.97753 	 2533.86277 	 21849.52452 	 6312.91263 	  509.59313 	 4824.45650 	 2966.76199 	 2749.31252 	 1085.68432 	    0.00000 	 7891.18172 	 
20136.70820 	  552.17295 	 40940.30953 	 48525.24644 	 7627.59069 	 17562.55957 	 11937.95807 	 6949.35650 	 24060.68625 	 5224.82098 	 6631.13422 	 21603.24757 	 3519.53939 	 19620.18728 	 14151.74383 	 5597.05856 	 199269.69746 	 15206.93802 	 3852.72612 	 17033.46122 	 10325.33598 	 21459.63456 	 5697.22059 	 8058.58146 	    0.00000 	 
   0.00000 	  405.46853 	 1119.89077 	  547.45849 	  306.21908 	  616.50647 	  920.17383 	  931.78883 	  644.96524 	  640.28830 	  557.49702 	 1640.90654 	  320.48488 	  497.01104 	  878.19812 	  308.07640 	  813.65482 	  771.70936 	 1828.97384 	  542.44508 	  346.32829 	 1909.01254 	 2264.82684 	  484.97309 	  675.84343 	 
 431.41941 	    0.00000 	  356.49833 	  545.82185 	  553.21995 	  289.63895 	  918.14331 	 1473.74643 	  500.03762 	 1389.73767 	 1198.18911 	 2126.48076 	  777.17290 	  850.67821 	  692.25647 	  979.77681 	  173.41562 	   71.26872 	 1742.17994 	  237.60768 	  561.46532 	 2323.02399 	 1720.94186 	  785.48345 	   29.25687 	 
1088.33610 	  437.19912 	    0.00000 	  797.05957 	  817.45447 	  610.84625 	 1383.21659 	 1385.31998 	  570.81447 	 1240.38627 	  936.62547 	 2548.58640 	 1404.50576 	  905.89829 	 1451.75448 	 1471.20303 	  167.25275 	  300.76047 	 1948.48556 	  507.79345 	 1157.27034 	 3404.46644 	 2416.45682 	  889.56438 	  497.99297 	 
 437.24676 	  729.40526 	  984.52998 	    0.00000 	  186.03720 	  364.97625 	 1008.06537 	  834.46499 	  247.38030 	 1007.56150 	  355.18479 	 1984.36573 	  457.55312 	 1205.79075 	  379.68888 	  646.95369 	  865.44303 	  495.88729 	 1710.27411 	  451.78503 	  214.98419 	 2216.77711 	 1650.57887 	 1143.37877 	  560.77528 	 
 320.20094 	  483.29566 	  677.40081 	  231.88436 	    0.00000 	  216.94507 	  600.73202 	 1256.28187 	  223.51577 	  984.71361 	  643.75874 	 2006.84225 	  323.47930 	 1028.92157 	  742.25833 	  904.19147 	  705.15024 	  388.42734 	 1811.01393 	  193.37600 	  231.98715 	 1692.07493 	 1391.76405 	  826.33329 	  483.36417 	 
 688.43115 	  269.27491 	  703.58545 	  265.61410 	  159.48727 	    0.00000 	  831.71788 	 1490.27145 	  114.32320 	 1275.00782 	  826.64974 	 2052.42956 	  790.21960 	 1094.90075 	  592.05884 	  900.75173 	  377.07589 	  313.90475 	 1476.91765 	  121.26781 	  374.09301 	 1726.05163 	 2283.30424 	  708.66760 	  269.87199 	 
 805.89116 	 1446.55905 	 1398.05228 	  771.67688 	  714.27480 	  966.92471 	    0.00000 	  585.09962 	 1069.96157 	  257.66811 	  419.37139 	  940.25511 	  464.66063 	 1127.33958 	  791.24424 	  390.87851 	 1362.97632 	 1185.89261 	 1023.54600 	 1159.86651 	  641.22907 	 1074.55391 	 2009.27378 	 1062.54649 	 1278.45244 	 
 928.51985 	 1224.15445 	 1549.63213 	  701.99590 	  976.43329 	 1398.75038 	  834.45666 	    0.00000 	 1248.93107 	  812.69206 	  686.69883 	  697.16439 	  818.57970 	 1313.57988 	  608.81774 	 1252.28430 	 2092.03066 	 1945.30006 	  507.44336 	 1501.35412 	  981.35364 	 1237.41167 	  749.73223 	 1796.68034 	 1298.53560 	 
 698.10388 	  382.89913 	  619.69428 	  245.78447 	  272.56977 	   78.47103 	 1131.04405 	  863.66226 	    0.00000 	 1284.08158 	  637.65323 	 1483.31179 	  773.80704 	 1083.94286 	  415.38953 	 1210.92637 	  412.05530 	  451.90833 	 2015.11271 	  195.64203 	  320.57336 	 2027.71148 	 1735.23504 	 1272.43202 	  379.27529 	 
 685.37923 	 1545.73567 	 1577.62463 	  851.04193 	  938.89431 	  927.61069 	  237.60737 	  790.23067 	 1336.57578 	    0.00000 	  483.39838 	 1374.82305 	  560.57332 	 1221.07801 	 1320.81773 	  343.61161 	 1488.89975 	 1241.46047 	  988.03698 	  966.98862 	  537.84287 	 2007.98910 	 2399.17380 	 1026.50572 	  969.09046 	 
 877.93986 	  749.48029 	 1104.52543 	  477.23054 	  684.57930 	  597.06866 	  416.96169 	  662.87261 	  819.81934 	  511.08240 	    0.00000 	 1684.78319 	  435.66627 	  939.92405 	  332.18714 	  803.87760 	 1075.27439 	 1031.06879 	 1350.44700 	  948.58812 	  275.87723 	 1482.13083 	 1642.96500 	 1228.75975 	  776.24420 	 
1646.44469 	 2539.08177 	 2373.98594 	 1410.07040 	 2372.22180 	 2516.96509 	 1487.93256 	  601.55525 	 2236.27598 	  995.94612 	 1652.53500 	    0.00000 	 1589.84611 	 1878.64907 	 1513.87231 	 2044.71060 	 2962.44575 	 1771.29911 	  347.04612 	 2126.21613 	 1395.16186 	  419.13515 	  930.14353 	 2259.23814 	 2603.18948 	 
 278.49941 	  628.53262 	 1278.66409 	  403.26450 	  494.49016 	  706.63794 	  315.62892 	  959.42277 	  626.32166 	  359.63399 	  299.43508 	 1685.04716 	    0.00000 	  873.65352 	  703.44529 	  443.83775 	  805.97270 	 1071.25674 	  996.57590 	  686.35591 	  274.51982 	 1281.47158 	 1962.04003 	  850.79617 	  553.32541 	 
 540.96596 	 1144.06730 	  919.11235 	 1133.34651 	  754.84723 	 1183.20319 	  819.51606 	 1988.07285 	  993.99704 	  966.97474 	 1331.89039 	 2867.31462 	 1035.20158 	    0.00000 	 1776.52664 	  589.59767 	 1367.47437 	 1105.95647 	 1503.48574 	  937.36595 	  753.04107 	 3147.00836 	 2637.46126 	  203.01889 	 1163.95658 	 
 651.75462 	  968.78815 	 1264.98606 	  403.19222 	  459.52782 	  513.63030 	  902.40367 	  779.89292 	  532.97302 	  806.71843 	  294.98449 	 1837.84999 	  778.09972 	 1139.05331 	    0.00000 	 1052.82419 	 1156.04942 	  847.13366 	 1480.62490 	  938.72750 	  344.97137 	 1661.32597 	 1510.99259 	 1102.32362 	  944.18477 	 
 384.44528 	 1014.39597 	 1055.27270 	  710.91911 	  554.31939 	 1194.07417 	  421.82360 	 1135.93358 	  690.54744 	  343.50806 	  869.03088 	 1872.32634 	  381.01167 	  848.47957 	 1221.07973 	    0.00000 	 1146.45133 	 1354.41390 	 1639.02867 	  892.29974 	  752.43487 	 2187.83230 	 2233.85266 	  571.28998 	 1203.75038 	 
 550.05839 	  167.50980 	  246.93597 	  907.12064 	  534.16480 	  367.07043 	 1273.70966 	 1349.23521 	  512.25104 	 1250.87170 	 1141.67593 	 2065.06319 	  890.35224 	 1287.97981 	  789.21277 	 1150.12474 	    0.00000 	   59.67201 	 1534.81027 	  230.51357 	 1068.81072 	 3013.48675 	 2477.47273 	  776.22090 	  246.31185 	 
 539.90272 	  103.73542 	  202.39457 	  812.04426 	  588.86018 	  354.60494 	 1303.11097 	 1565.19337 	  589.09011 	 1460.85197 	  790.34551 	 2335.00310 	 1076.16063 	 1028.95594 	  803.41247 	 1410.71686 	   95.69925 	    0.00000 	 2562.43070 	  230.74950 	  680.77975 	 2852.43196 	 2462.17414 	  696.27154 	  113.98608 	 
1222.19122 	 1720.81898 	 1637.62959 	 1783.49901 	 2038.83369 	 1491.96454 	  918.63933 	  522.94236 	 2021.88037 	 1148.63325 	  925.34003 	  302.97654 	  961.30131 	 1935.44675 	 1008.54418 	 1173.25074 	 2409.42471 	 2254.67896 	    0.00000 	 1894.23655 	 1231.67372 	  742.39267 	 1196.54655 	 1557.35335 	 2320.38996 	 
 648.44740 	  179.57081 	  407.24514 	  408.03268 	  210.49000 	   94.76622 	 1296.01337 	 1300.15878 	  143.28190 	 1179.72268 	  666.33995 	 2222.70424 	  487.83678 	  947.19251 	  559.28594 	 1011.95553 	  369.68711 	  318.43376 	 1811.61548 	    0.00000 	  698.78606 	 2241.11478 	 2519.81616 	  945.69201 	  169.14893 	 
 368.64803 	  776.17566 	  773.49961 	  237.99044 	  327.13689 	  558.55187 	  478.09963 	  870.04950 	  519.24170 	  508.07643 	  230.03106 	 1385.54549 	  189.69228 	 1025.25266 	  468.77431 	  626.68473 	  806.54136 	 1033.16658 	 1580.18866 	  703.79135 	    0.00000 	 1283.75520 	 1896.88914 	  822.76375 	  698.74182 	 
1629.43148 	 2944.69733 	 2597.90621 	 1436.01945 	 2340.90294 	 2716.23610 	 1292.09764 	 1205.88753 	 1641.98915 	 1743.03348 	 1066.86836 	  368.69832 	 1623.08379 	 3143.26771 	 1180.27855 	 2426.95193 	 2649.38548 	 2232.56596 	  566.08948 	 2555.84503 	 1998.72476 	    0.00000 	  778.38529 	 2640.19014 	 2145.89437 	 
2463.17459 	 3006.93944 	 2315.65525 	 1482.07519 	 2117.63795 	 1791.07962 	 1752.87117 	 1301.62132 	 1544.35885 	 1540.49174 	 1426.51349 	 1031.77876 	 1658.13584 	 2766.21483 	 1205.41978 	 1778.54197 	 2689.18180 	 2086.84812 	  955.30097 	 1766.32332 	 2054.55701 	  885.13448 	    0.00000 	 3210.95571 	 2732.65792 	 
 468.96707 	  617.60548 	  955.15088 	 1050.34628 	  730.69986 	  716.13988 	  681.38763 	 1331.09551 	  973.85000 	  971.84654 	 1198.59901 	 2552.33375 	  469.19081 	  156.03733 	 1128.63676 	  417.21891 	  742.43126 	  719.47957 	 2123.77113 	  653.90834 	  986.14223 	 2414.14732 	 2653.77041 	    0.00000 	  640.71248 	 
 487.20012 	   37.62273 	  521.16632 	  724.81775 	  464.86800 	  264.44616 	 1295.15026 	 1638.55148 	  314.01702 	 1370.03026 	  894.53915 	 2535.59961 	  956.08997 	  779.96415 	 1153.01263 	  910.45955 	  152.55933 	  151.20275 	 1650.87847 	  140.63234 	  505.59915 	 2439.93072 	 2318.30912 	  989.52764 	    0.00000 	 
   0.00000 	 8317.36442 	 6064.80246 	 17611.59364 	 3698.11149 	 5711.57114 	 14436.66687 	 2415.32963 	 6458.42831 	 8869.14534 	 3520.58293 	 6834.80145 	 7415.24189 	 16460.62058 	 3869.32260 	 10491.87952 	 46661.02451 	 8692.80734 	 1559.63212 	 5932.97866 	 6699.70411 	 6585.78733 	 1928.39196 	 15584.75029 	 18637.97612 	 
6725.88473 	    0.00000 	 12693.75568 	 14359.77815 	 3352.48612 	 6229.84672 	 2820.04944 	 2640.13982 	 7713.53068 	 3943.34664 	 2225.50895 	 9223.01685 	  931.56716 	 7232.72261 	 1429.90848 	 6604.04279 	 26534.25371 	 4919.83546 	  880.38941 	 5914.83680 	 3184.90720 	 9251.04475 	 3719.97479 	 2025.46344 	  670.46718 	 
7118.36143 	 14922.25913 	    0.00000 	 33162.92967 	 5434.32908 	 16895.00351 	 6603.22745 	 4912.49756 	 11981.46598 	 4352.72144 	 3231.50671 	 22350.98215 	 1624.73384 	 19095.74425 	 5617.07838 	 2817.34027 	 234706.63126 	 45681.06504 	 3685.87900 	 13324.10396 	 7791.15102 	 13136.13415 	 5280.42556 	 10246.83005 	 44716.47202 	 
15730.12843 	 15826.99912 	 45507.57811 	    0.00000 	 18960.22965 	 29572.92385 	 23433.75010 	 21179.91148 	 58099.22262 	 18578.29908 	 34755.30878 	 73199.66620 	 14497.81370 	 39444.39732 	 62647.89173 	 12920.55333 	 134317.24574 	 43339.70309 	 13552.81248 	 20699.38496 	 43125.56966 	 32367.79128 	 12434.41164 	 19682.49257 	 35428.46853 	 
3725.55543 	 2898.28704 	 5410.45905 	 20404.21624 	    0.00000 	 7187.53084 	 2515.24490 	 1568.25781 	 7179.22445 	 2278.23519 	 2709.20637 	 4693.86207 	 2346.55512 	 9081.19750 	 1598.86109 	 1732.52211 	 30913.00730 	 7549.97249 	 1280.08927 	 3130.49622 	 4724.52731 	 3277.75237 	  777.26399 	 5328.91728 	 9009.06892 	 
4929.38704 	 5531.39882 	 12191.62891 	 43264.38601 	 7719.79816 	    0.00000 	 6181.24042 	 3357.67238 	 11553.70800 	 3275.58348 	 2113.49758 	 10276.75526 	 1707.82027 	 16647.30281 	 5679.05806 	 2320.26580 	 57358.93580 	 11002.82549 	 2782.24821 	 4431.86577 	 6834.17875 	 6080.10070 	 2833.73303 	 7743.79939 	 18014.22496 	 
8576.71953 	 3724.75470 	 7429.70478 	 22362.10473 	 3895.68498 	 4792.38840 	    0.00000 	 11583.41949 	 4687.03751 	 34844.35196 	 10810.23880 	 27630.72017 	 8392.96155 	 8020.94675 	 3328.34278 	 14119.01072 	 30725.11935 	 5740.43544 	 5003.26385 	 3444.10275 	 8256.98284 	 13109.18709 	 4950.00771 	 2742.86591 	 10681.88527 	 
1615.30081 	 3282.44033 	 6310.69277 	 20433.48075 	 1395.25186 	 3565.48302 	 14501.57026 	    0.00000 	 6442.80253 	 5371.18124 	 8169.59822 	 37033.50675 	 1540.42755 	 4323.91125 	 6814.76537 	 2260.21952 	 26546.23543 	 6660.28562 	 11243.41784 	 2698.80968 	 9034.81051 	 19391.78968 	 8111.74667 	 1134.39948 	 6880.40219 	 
6425.22473 	 6897.85215 	 18578.60165 	 43237.94185 	 5826.54993 	 10072.24551 	 6000.54641 	 4470.82928 	    0.00000 	 3703.25282 	 3772.92922 	 16718.74405 	 4265.92428 	 20329.51439 	 10855.63779 	 4992.13177 	 101823.65707 	 19099.28373 	 3478.33184 	 10993.23028 	 11868.47071 	 11668.53704 	 3315.37284 	 11593.46933 	 15161.29339 	 
5199.50992 	 3789.67912 	 3735.42918 	 12258.55727 	 2488.23123 	 4143.55111 	 28409.51033 	 5711.91312 	 4525.72769 	    0.00000 	 4467.24838 	 16008.66989 	 3545.93704 	 9274.89974 	 2127.86284 	 22598.47074 	 19760.48609 	 5333.55875 	 1740.01226 	 3012.87105 	 5431.50156 	 10612.41791 	 2920.50305 	 1937.43466 	 5975.61140 	 
4088.30902 	 2878.16462 	 3295.17390 	 32845.31029 	 2608.98460 	 1985.83573 	 9812.75414 	 11356.90568 	 4755.56689 	 3892.25633 	    0.00000 	 15290.42188 	 3883.71282 	 3612.20460 	 6493.86573 	 2587.33430 	 17525.90431 	 4624.08333 	 2285.93440 	 2948.38963 	 11681.27032 	 8640.42327 	 3638.95455 	 1595.52671 	 6141.23572 	 
7613.39807 	 8583.61451 	 16562.77791 	 70796.03811 	 7055.99714 	 18478.77006 	 31419.36728 	 37361.70832 	 25677.67283 	 19800.44081 	 15348.61066 	    0.00000 	 5010.49740 	 14122.96298 	 22549.67827 	 9586.32708 	 91020.47324 	 24723.97317 	 30140.37317 	 10462.91118 	 16844.98832 	 95396.19990 	 34303.67358 	 4228.61374 	 26293.54498 	 
11759.76996 	 1314.52317 	 1590.70854 	 16240.16139 	 2388.54705 	 1765.50969 	 6554.11431 	 2109.47556 	 4135.69580 	 3766.24408 	 2723.52442 	 5521.57706 	    0.00000 	 3588.76683 	 1222.51965 	 5020.26759 	 11918.67254 	 2469.77191 	  942.79575 	  954.51019 	 6506.82031 	 3654.10433 	 1322.10750 	 1889.74564 	 5458.49490 	 
20272.36773 	 7844.25769 	 24224.76012 	 55366.79197 	 6121.50228 	 15728.44957 	 6841.45131 	 4306.65766 	 19583.68115 	 8996.33560 	 5232.46728 	 18290.86978 	 3785.65914 	    0.00000 	 4538.72600 	 9315.87803 	 149203.07581 	 21417.01599 	 1136.51371 	 16463.29521 	 9488.62847 	 8170.30519 	 1560.17469 	 17494.52281 	 15870.92325 	 
2692.21583 	 1363.54439 	 5348.06213 	 37445.11377 	 2216.78419 	 3607.50403 	 6013.69565 	 11273.75668 	 10341.99219 	 2536.92096 	 9288.80778 	 13444.36506 	  813.49279 	 6330.81081 	    0.00000 	 2152.40996 	 20601.55455 	 8581.47368 	 5118.90545 	 2522.96711 	 9794.32109 	 11040.25576 	 7663.66362 	 2296.05709 	 12743.16753 	 
8070.50676 	 6385.58609 	 2957.74427 	 12061.06168 	 1290.33200 	 1951.95211 	 9698.42935 	 2734.11715 	 3660.45793 	 21156.25404 	 2537.07094 	 7916.52151 	 6932.42228 	 10441.37592 	 1653.27650 	    0.00000 	 21499.80926 	 5001.86477 	  786.50792 	 2111.25267 	 3375.13896 	 4806.94945 	 2065.01525 	 3528.42149 	 5556.51743 	 
52566.29574 	 30736.92938 	 248862.67176 	 219245.13536 	 29219.81793 	 72591.10036 	 27616.75668 	 29123.87002 	 89036.77627 	 23225.13999 	 15036.68742 	 79618.11292 	 10215.40616 	 143225.36072 	 25129.44234 	 25928.24528 	    0.00000 	 7615.75701 	 8355.03901 	 77618.35409 	 34142.34786 	 67648.35323 	 14234.60933 	 36391.19359 	 118271.20134 	 
11353.09385 	 7354.45671 	 34004.40234 	 27511.11429 	 5162.87537 	 13704.39411 	 9079.18240 	 6213.02653 	 19319.66283 	 5800.12996 	 3320.03157 	 18577.22142 	 3153.24360 	 19139.27945 	 5821.42987 	 4336.24853 	 11418.42888 	    0.00000 	 2881.74724 	 31695.38390 	 8728.19360 	 16433.85673 	 5383.28888 	 5254.17758 	 9987.44170 	 
1685.98995 	  985.17188 	 3110.64290 	 13300.18217 	  847.22106 	 3265.13530 	 6422.90007 	 6712.33398 	 3855.14396 	 2704.64856 	 3260.79250 	 31001.31708 	  668.73859 	 1295.76876 	 6034.13062 	  893.69825 	 10419.95096 	 2889.93639 	    0.00000 	 2294.15995 	 4239.94578 	 12758.07714 	 4420.26422 	  492.91256 	 4380.04561 	 
4337.95765 	 7547.96349 	 16645.78495 	 19548.06319 	 4663.57201 	 5996.73900 	 2355.75010 	 1940.09330 	 11995.28142 	 2717.21423 	 2745.19697 	 10100.14420 	 1492.50997 	 17845.95676 	 3401.82395 	 1358.81867 	 69915.09584 	 29285.38615 	 2015.54741 	    0.00000 	 6402.04666 	 7255.55126 	 2519.03360 	 3841.92485 	 16537.13794 	 
6688.89877 	 4800.81225 	 6190.88163 	 32368.37955 	 6342.08906 	 5503.60866 	 7279.15949 	 8313.79203 	 8550.71515 	 7115.73214 	 16947.50064 	 15695.22501 	 6804.35635 	 6497.18978 	 9734.84373 	 3990.96811 	 33829.23221 	 8753.81810 	 3910.60138 	 3528.32817 	    0.00000 	 11949.47275 	 2499.95820 	 4689.95242 	 11291.65566 	 
8008.97802 	 8857.66022 	 15194.92586 	 43417.86632 	 3627.86434 	 8164.78128 	 10488.30605 	 13107.77747 	 9343.27503 	 8652.62193 	 6298.95561 	 90969.46243 	 3779.50805 	 7665.67445 	 9472.49478 	 5630.00415 	 90360.80175 	 18989.43407 	 14274.61200 	 8233.02325 	 10747.21233 	    0.00000 	 27478.79280 	 2165.76289 	 25503.66101 	 
2573.53076 	 4356.75393 	 5472.27018 	 9831.43384 	 1160.48769 	 1814.93791 	 4899.45690 	 5907.57049 	 4677.33445 	 3081.24930 	 2925.92319 	 30702.38148 	 1146.08111 	 2342.53549 	 7721.27674 	 2394.24872 	 12768.70216 	 5141.93947 	 3892.36277 	 1557.08334 	 4071.76762 	 33684.18276 	    0.00000 	  976.08695 	 4448.11933 	 
10160.72423 	 2385.40332 	 8281.00262 	 19833.33557 	 4680.38676 	 6472.91639 	 2909.89986 	 1401.01987 	 15868.78418 	 2885.45993 	 2154.09919 	 4178.94139 	 1418.06067 	 20765.62878 	 2576.11090 	 3087.82043 	 22346.46067 	 4811.37241 	  695.43422 	 5113.87199 	 2845.60086 	 2405.70415 	  922.22238 	    0.00000 	 7413.57723 	 
14988.64309 	  549.57497 	 46569.88354 	 50006.20997 	 6869.80762 	 14638.70372 	 9957.72740 	 10093.74379 	 15779.21094 	 3986.50931 	 8809.30892 	 24454.16187 	 3267.19581 	 23300.44056 	 11915.78841 	 5709.78675 	 119705.77731 	 8775.89161 	 3982.43647 	 12196.42721 	 8815.94923 	 14124.08360 	 6221.01796 	 5488.75707 	    0.00000 	 
   0.00000 	  749.71590 	  902.01107 	  458.56572 	  473.25056 	  414.93401 	  665.86620 	 1237.26570 	  722.52037 	  720.47185 	  486.68338 	 2489.37909 	  335.57288 	  449.95586 	  907.92855 	  405.27695 	  865.29195 	  475.46750 	 2033.92294 	  494.28027 	  485.24580 	 2283.13411 	 2535.90182 	  435.14324 	  697.04072 	 
 433.91404 	    0.00000 	  381.41876 	  535.80491 	  365.09509 	  319.88868 	 1323.79034 	 1353.80156 	  461.34756 	 1605.15039 	  979.65778 	 2909.20869 	  964.42302 	  701.16079 	 1217.24474 	 1025.30739 	  225.47939 	   92.26234 	 2056.10330 	  263.42223 	  661.05481 	 2350.27870 	 1819.51121 	  859.86610 	   27.95262 	 
 884.05661 	  395.13886 	    0.00000 	  791.36401 	  953.89553 	  540.51216 	 1402.31061 	 1645.44000 	  710.67731 	 1499.14875 	 1233.33188 	 2730.49375 	 1171.71209 	 1345.91281 	 1060.89714 	 1234.44500 	  142.72663 	  311.68363 	 2655.29121 	  352.56486 	 1291.06549 	 2298.29008 	 2878.97425 	 1118.65245 	  391.82041 	 
 513.11952 	  680.50684 	  792.52066 	    0.00000 	  273.02842 	  277.58284 	  713.07197 	 1141.13413 	  226.34816 	  794.21499 	  502.65017 	 1917.13442 	  422.70638 	 1054.49758 	  338.29217 	  727.44042 	  685.28494 	  591.34244 	 1392.17131 	  326.60584 	  208.69833 	 1834.36367 	 1711.36653 	  726.94160 	  479.33590 	 
 462.10284 	  432.70052 	  954.64495 	  248.38473 	    0.00000 	  239.80773 	  796.95009 	  879.69875 	  297.71926 	  635.52697 	  641.20682 	 2336.41428 	  412.30607 	  693.04782 	  544.56291 	  630.79171 	  453.62821 	  521.36562 	 1809.75015 	  184.57443 	  294.39286 	 1775.47339 	 1844.11625 	  573.29634 	  483.75395 	 
 439.78965 	  270.75502 	  581.38365 	  286.82749 	  260.64720 	    0.00000 	  804.35888 	 1491.44622 	   71.72724 	  996.81752 	  607.08553 	 1457.13426 	  565.36663 	  810.00066 	  587.96942 	  809.46371 	  524.85529 	  288.03291 	 1449.18982 	  134.61974 	  464.61546 	 2371.23805 	 2547.77727 	  950.77151 	  260.19607 	 
 651.76385 	  907.58210 	 1225.06651 	  934.23633 	  949.89351 	 1164.83783 	    0.00000 	  619.35224 	 1033.16537 	  230.12920 	  477.01253 	 1286.21471 	  444.50834 	 1142.09256 	  860.57015 	  325.70828 	 1136.60917 	 1197.63320 	  901.40656 	 1228.93094 	  586.13189 	 1379.37518 	 1354.68650 	  962.87230 	  911.62844 	 
1342.23132 	 1795.42925 	 1753.96452 	  761.86522 	 1221.82522 	 1553.23313 	  778.03984 	    0.00000 	 1176.83442 	  797.82082 	  458.63321 	  711.81205 	 1069.72791 	 1623.69920 	  794.35840 	 1063.75376 	 1173.87235 	 1643.58358 	  422.08156 	 1107.85339 	  660.45558 	  731.04548 	 1125.12328 	 1876.56178 	 1799.15302 	 
 725.66745 	  315.08753 	  630.76202 	  273.48878 	  255.59704 	   69.60625 	  856.75605 	 1366.04383 	    0.00000 	 1383.75234 	  528.15787 	 2515.39125 	  649.49436 	 1042.03452 	  592.39555 	  697.76520 	  496.99833 	  481.03352 	 1679.30127 	  220.92391 	  348.10446 	 2425.55785 	 1428.92910 	  784.55388 	  393.38048 	 
 498.34452 	 1101.61767 	 1964.70853 	  671.25540 	  829.28563 	  779.32228 	  225.36333 	  821.54270 	  962.32850 	    0.00000 	  584.41866 	 1134.00585 	  590.64487 	 1191.88427 	 1112.11955 	  381.34131 	 1575.71644 	 1605.25308 	  948.88258 	 1439.22460 	  594.49618 	 1955.54031 	 1527.23991 	  869.75300 	 1048.19886 	 
 636.00161 	 1140.08925 	 1068.29624 	  446.89019 	  465.59075 	  558.90764 	  534.44896 	  673.66997 	  762.62683 	  604.55579 	    0.00000 	 1758.55939 	  396.98709 	 1049.72127 	  344.87709 	  794.94828 	  789.16425 	 1202.99493 	 1308.77952 	  886.14027 	  296.47754 	 1394.00369 	 1498.93499 	 1218.24363 	  888.06848 	 
2072.71365 	 1855.52705 	 3073.88231 	 1259.86025 	 1940.14506 	 2221.03472 	 1148.07080 	  953.63135 	 2178.99381 	 1384.31243 	 1291.28916 	    0.00000 	 1435.06959 	 2142.29020 	 1334.77851 	 1372.15550 	 2319.11236 	 2743.77763 	  251.33049 	 1580.61862 	 1989.37181 	  412.98725 	  917.59190 	 2231.09044 	 2409.77297 	 
 362.57139 	  719.73994 	 1266.88494 	  445.41262 	  498.64070 	  458.89828 	  317.96403 	  691.31495 	  789.08860 	  574.63813 	  390.99947 	 1703.04914 	    0.00000 	  748.10872 	  628.65048 	  283.96801 	 1048.62405 	  933.85926 	 1093.50824 	  603.47553 	  236.91950 	 1298.35652 	 2266.85104 	  730.35781 	  705.41366 	 
 664.45960 	  868.22767 	  889.85593 	 1276.10133 	  876.06584 	 1051.09450 	 1158.56827 	 1986.91432 	 1097.78652 	  894.18932 	 1142.70037 	 1883.51645 	  631.18989 	    0.00000 	 1588.22230 	  537.07472 	 1165.17724 	  933.33744 	 2279.46416 	 1024.58752 	 1323.72842 	 2369.09621 	 2926.26125 	  249.65279 	 1186.62282 	 
1118.92245 	  678.84076 	 1213.99594 	  264.99233 	  528.82046 	  554.70205 	  911.35864 	  721.12746 	  689.99266 	  779.59152 	  512.49434 	 1562.90634 	  555.74428 	 1743.68179 	    0.00000 	 1061.49822 	  731.92852 	 1061.53157 	 1490.71545 	  618.43627 	  527.12895 	 1437.11529 	 1453.00318 	 1236.44401 	  760.51633 	 
 538.19282 	 1093.82652 	 1603.88082 	  868.98072 	  874.19510 	  928.71263 	  458.10320 	 1028.44490 	 1206.38611 	  348.72554 	  579.87883 	 2111.56685 	  288.81054 	  577.26942 	  954.30008 	    0.00000 	 1057.68367 	 1423.28461 	 1306.29926 	  840.16360 	  683.62124 	 1433.96748 	 1755.68916 	  480.48214 	  810.93526 	 
 904.31285 	  170.69081 	  202.92164 	  786.96663 	  571.81276 	  376.01349 	 1467.28421 	 1465.38668 	  404.51767 	 1449.48513 	 1010.99781 	 1984.07654 	  701.77435 	 1360.86890 	 1060.42588 	 1160.17324 	    0.00000 	   94.55292 	 2573.62901 	  313.05541 	  742.59681 	 2358.71140 	 2310.14461 	 1310.57835 	  247.97970 	 
 610.53267 	   81.23529 	  329.03032 	  818.96254 	  452.82079 	  407.93812 	 1486.68555 	 1561.14224 	  351.38777 	 1451.24172 	  955.35741 	 2016.77554 	  863.48895 	 1120.46991 	  787.57106 	 1171.77912 	   68.28415 	    0.00000 	 2547.07327 	  203.82191 	  627.24920 	 3158.82414 	 2027.69960 	  718.77489 	  119.07597 	 
1873.16117 	 1972.43521 	 1750.53620 	 1021.89885 	 1444.67054 	 1731.76091 	  734.23440 	  521.24966 	 1989.70892 	 1121.73387 	 1259.93473 	  323.66664 	 1242.18247 	 1791.27302 	 1460.96901 	 1128.04961 	 2653.40045 	 2504.32369 	    0.00000 	 1597.65029 	  926.88065 	  659.65304 	 1336.24712 	 2068.40873 	 2350.92192 	 
 583.35766 	  248.47778 	  429.87004 	  489.62157 	  250.68950 	  103.72093 	 1334.03136 	 1028.16040 	  191.31440 	 1325.09147 	  592.40888 	 2125.64386 	  472.82248 	 1049.88459 	  694.44486 	 1173.17062 	  244.02176 	  203.76392 	 1549.33552 	    0.00000 	  575.71838 	 2757.31253 	 2071.18387 	 1012.63650 	  178.37057 	 
 345.35633 	  595.97237 	 1252.72842 	  225.12941 	  318.91420 	  604.93078 	  666.41951 	  616.41055 	  584.30158 	  800.75968 	  294.36216 	 2020.33214 	  322.03722 	 1326.90836 	  329.50956 	  555.20722 	  620.72927 	  573.97699 	  917.72968 	  598.54587 	    0.00000 	 1421.35766 	 1845.82256 	  666.46617 	  744.55566 	 
2755.30071 	 2020.01776 	 2662.32843 	 2051.07218 	 1800.77853 	 2019.10884 	 1617.35476 	  849.37138 	 2061.72072 	 1978.93353 	 1332.76086 	  419.16445 	 1333.14156 	 2406.96700 	 1783.30552 	 1690.93411 	 2385.94540 	 3073.37737 	  555.33758 	 1701.39168 	 1602.99636 	    0.00000 	  650.88281 	 2241.27274 	 1792.78932 	 
2015.55617 	 1817.03901 	 2360.53026 	 1269.67017 	 2540.32545 	 1502.64480 	 2077.18078 	 1281.58128 	 1741.41903 	 2102.09543 	 1318.09172 	  966.38629 	 1811.14085 	 3041.03705 	 1334.28675 	 2013.21440 	 1719.63726 	 2834.26105 	 1132.90913 	 2142.57299 	 1447.53166 	  647.07535 	    0.00000 	 2875.77330 	 2774.70681 	 
 316.06983 	  928.62357 	  834.87891 	 1112.19400 	  601.38851 	 1102.20495 	 1139.59734 	 1491.36332 	 1229.13862 	  694.38548 	 1062.44619 	 2729.77403 	  662.51252 	  241.61522 	 1172.51519 	  596.36151 	 1186.67881 	  953.45844 	 1276.36353 	  787.53591 	 1011.09228 	 2047.78815 	 1784.28033 	    0.00000 	 1039.72338 	 
 672.12861 	   45.55534 	  475.84012 	  592.33958 	  465.81985 	  237.92351 	  848.67071 	 1222.82538 	  374.81852 	 1566.45642 	 1145.53719 	 1754.29505 	  837.91218 	 1142.86341 	  722.73509 	  882.19540 	  225.54401 	  152.18781 	 2339.18818 	  243.59901 	  528.95578 	 2227.14879 	 2708.19033 	  912.38672 	    0.00000 	 
   0.00000 	 6174.97454 	 6642.98784 	 20966.63788 	 4607.41230 	 5623.30682 	 12654.11640 	 2523.78858 	 10457.75297 	 8877.56206 	 2754.84377 	 8653.39275 	 11976.94650 	 20807.47879 	 2680.30316 	 11702.07538 	 34173.62170 	 8677.29016 	 1264.62452 	 4099.28354 	 5030.22791 	 7967.64367 	 2646.46415 	 10401.79195 	 11332.27660 	 
6562.28809 	    0.00000 	 10285.71793 	 9868.40668 	 2987.40253 	 7056.75338 	 4262.67339 	 3269.79281 	 6251.05418 	 3494.49197 	 1931.54550 	 7241.90878 	 1014.16200 	 9304.43651 	 1235.41071 	 4331.68975 	 24156.47653 	 8148.96747 	  652.52736 	 5929.82251 	 4523.40270 	 8175.36711 	 4586.66805 	 1978.97531 	  490.01131 	 
6122.43676 	 16452.86433 	    0.00000 	 30883.88140 	 7231.81354 	 13255.48602 	 5763.52128 	 5544.73582 	 16431.11908 	 4427.78904 	 3924.48958 	 25831.00020 	 1889.72743 	 17390.04626 	 5122.15093 	 3699.50646 	 209494.66425 	 46380.11320 	 2660.81089 	 9663.31981 	 5322.33275 	 17517.12347 	 3318.52225 	 8125.94181 	 36574.86456 	 
24141.14246 	 12728.72468 	 43831.77822 	    0.00000 	 16064.98489 	 39302.50426 	 18481.58987 	 20246.79918 	 44071.21998 	 14164.76338 	 20936.93357 	 61719.79767 	 13934.13080 	 42404.17143 	 42844.58058 	 12578.76618 	 176801.07750 	 48475.44204 	 18688.84085 	 20103.13844 	 48728.30183 	 26825.36683 	 11945.69425 	 15769.95066 	 43094.22053 	 
4698.92504 	 2524.47643 	 5098.62474 	 20889.99693 	    0.00000 	 8080.83623 	 3342.36002 	 1337.37692 	 6248.70901 	 2169.13649 	 2241.26523 	 7251.44073 	 1499.10525 	 8887.53063 	 1699.08118 	 1032.01596 	 23836.76036 	 7441.69499 	  962.48801 	 4859.29038 	 5060.06370 	 3077.96865 	 1346.09465 	 3603.17189 	 5066.89214 	 
5422.28258 	 7205.27768 	 13292.68294 	 39732.24863 	 7062.62318 	    0.00000 	 5444.96506 	 3074.63435 	 9893.69243 	 3522.53463 	 3386.53957 	 10633.80355 	 1487.44876 	 15786.30446 	 6445.27551 	 1462.20920 	 64220.51790 	 16796.35879 	 3711.44282 	 4461.64105 	 8760.10633 	 7064.95458 	 2081.85256 	 7679.07993 	 10957.66047 	 
14520.21188 	 3940.31643 	 7603.54025 	 26220.40693 	 3872.63366 	 5453.27488 	    0.00000 	 12218.32867 	 5040.54637 	 26495.90866 	 11928.27086 	 33205.36337 	 7128.02858 	 5865.99477 	 5676.65148 	 11325.80426 	 26394.39008 	 6826.81763 	 6704.18264 	 3712.55297 	 9493.23639 	 16022.64430 	 5477.88891 	 2242.77941 	 10688.44322 	 
2448.47431 	 3394.82686 	 5469.10185 	 24363.98729 	 1271.98629 	 3101.76834 	 12462.71786 	    0.00000 	 4564.79355 	 7613.15240 	 9830.83098 	 31079.45690 	 1491.40349 	 2797.26806 	 7301.95733 	 2336.86139 	 20156.20416 	 5522.44529 	 8656.76781 	 1819.56299 	 5176.94073 	 19149.90206 	 6340.47257 	 1198.35007 	 8754.19551 	 
10365.08760 	 8428.18365 	 17199.38172 	 51671.50870 	 7035.96487 	 7384.34579 	 8002.37637 	 6259.85166 	    0.00000 	 5542.24876 	 6474.38790 	 21171.61265 	 5710.50043 	 21420.68804 	 7783.59061 	 5369.94121 	 73785.88361 	 25746.77698 	 4760.93533 	 11375.90879 	 11611.74370 	 11055.36107 	 5117.09072 	 10622.69298 	 24788.66475 	 
9107.31832 	 4122.19841 	 3666.65929 	 15056.25578 	 1479.29863 	 2955.44248 	 31648.53564 	 7636.94230 	 3284.42808 	    0.00000 	 3609.17335 	 15929.27107 	 4605.50149 	 9693.58918 	 3432.50162 	 15149.50976 	 34726.82169 	 4279.16896 	 2275.20464 	 4563.74992 	 5595.81417 	 6506.67951 	 3485.86896 	 2739.73507 	 6607.61705 	 
2831.55990 	 1988.28704 	 3329.37364 	 33595.87130 	 2010.50406 	 3371.60086 	 11091.54224 	 10640.43001 	 5980.71197 	 4096.50307 	    0.00000 	 12364.35224 	 3799.38310 	 5000.89355 	 9936.13296 	 2593.20981 	 17562.85603 	 3644.05171 	 3283.50774 	 2778.30119 	 12451.45569 	 7604.72673 	 3465.70405 	 1844.68970 	 6545.95186 	 
8959.63142 	 5707.76355 	 23798.72856 	 84018.07393 	 7418.70202 	 12088.55471 	 34190.07459 	 30610.64010 	 16974.21110 	 21800.25516 	 17255.20540 	    0.00000 	 5323.98925 	 18672.45642 	 22242.25382 	 8665.29527 	 130991.82182 	 16475.57291 	 26434.97633 	 13993.58525 	 13838.57764 	 116841.13981 	 40435.12332 	 5014.07809 	 28744.48714 	 
7112.89592 	 1114.80611 	 2133.32824 	 15213.59939 	 1920.66051 	 1563.20857 	 5643.19798 	 1791.11592 	 4422.39331 	 3305.88751 	 2213.00634 	 5656.96885 	    0.00000 	 3195.14454 	 1027.19677 	 4987.92198 	 12165.76312 	 2775.85257 	  818.18823 	 1476.39639 	 5125.58174 	 3477.03701 	  860.34384 	 1523.07609 	 4360.29131 	 
29359.75400 	 8554.51908 	 18136.47866 	 45597.15953 	 5589.05271 	 19326.32876 	 9144.51568 	 3555.49465 	 17565.40122 	 6336.85746 	 3230.85705 	 16308.93037 	 4156.72840 	    0.00000 	 4753.71763 	 8816.94771 	 218695.99447 	 24327.54121 	 1509.76078 	 10386.77487 	 6882.87872 	 7060.20198 	 2266.59820 	 21454.45863 	 24207.04830 	 
4181.46026 	 1153.98203 	 5749.34991 	 49217.16072 	 2250.14174 	 3809.66991 	 5603.90226 	 7863.18876 	 8291.36514 	 1939.49024 	 9198.88615 	 12748.67955 	  804.26489 	 4890.96561 	    0.00000 	 2038.27177 	 25756.17923 	 7250.36391 	 4795.64869 	 3361.10883 	 6657.12973 	 14103.73142 	 6961.76395 	 2224.02549 	 11113.29256 	 
8313.06485 	 5708.99394 	 3315.48511 	 14665.50966 	 1388.94795 	 1575.58328 	 16058.22963 	 2794.92746 	 5411.93427 	 24401.74891 	 1997.38923 	 9269.71978 	 4580.65740 	 10381.11885 	 1573.36935 	    0.00000 	 16809.67318 	 3264.73317 	  759.48065 	 1893.25897 	 4323.51798 	 6134.21648 	 2440.41877 	 4037.02055 	 4938.32967 	 
43206.09049 	 19761.64715 	 236771.65771 	 143415.28176 	 23179.23007 	 51095.58453 	 36939.20885 	 25909.81361 	 72282.46125 	 25061.64775 	 13836.54863 	 127469.55335 	 9742.17630 	 138026.06515 	 34679.98757 	 15716.37411 	    0.00000 	 8399.59466 	 8432.38822 	 60203.27081 	 32587.01443 	 51047.19883 	 15532.04342 	 35801.48421 	 162980.53389 	 
13952.14910 	 5303.90028 	 27107.84823 	 40032.69736 	 4362.64133 	 16039.12446 	 9470.51391 	 5536.27600 	 15638.53380 	 5651.42673 	 3292.75619 	 16735.36308 	 2633.72221 	 22316.25445 	 4999.02350 	 5791.39637 	 10504.48253 	    0.00000 	 2991.72300 	 35127.05924 	 7518.33816 	 11136.91577 	 5801.99656 	 7553.35215 	 10514.64335 	 
1734.50678 	  940.32183 	 3376.74224 	 11615.12532 	 1201.09076 	 2304.75845 	 4355.02602 	 8409.08477 	 3407.16308 	 1537.43342 	 3700.34267 	 33767.05662 	  612.18016 	 1110.23414 	 5684.95786 	 1100.25961 	 8887.91139 	 3494.43082 	    0.00000 	 1487.65936 	 4796.88870 	 12058.03312 	 2712.20781 	  507.84917 	 4414.18927 	 
4103.73404 	 8299.27485 	 15442.18565 	 32498.58059 	 4872.13807 	 6388.32094 	 3447.47923 	 2613.58793 	 7661.99963 	 3523.91868 	 2389.81150 	 11380.60460 	  971.45432 	 15401.81527 	 3049.80684 	 1421.26274 	 61421.03636 	 26519.01008 	 2185.56260 	    0.00000 	 5835.00796 	 8591.50341 	 1720.76312 	 3914.44643 	 13292.28518 	 
4951.15779 	 3876.67432 	 5367.70424 	 47903.28064 	 5681.40251 	 7783.68704 	 9256.83175 	 7787.27370 	 8791.99425 	 8353.20790 	 16404.98835 	 14862.16525 	 6216.83733 	 7021.35513 	 8382.75016 	 5960.14653 	 31462.37548 	 10288.94798 	 3033.92710 	 6307.87560 	    0.00000 	 11751.08979 	 3304.36272 	 4866.60792 	 11112.37648 	 
4827.26470 	 6296.63282 	 16412.31015 	 41427.30801 	 2612.51897 	 6084.42855 	 12333.34176 	 16565.05120 	 9904.75596 	 10168.09927 	 9278.71718 	 87558.94946 	 2623.61378 	 7536.93814 	 9478.25725 	 6530.00539 	 70845.14196 	 14788.03314 	 14014.77617 	 5679.07970 	 8413.99058 	    0.00000 	 26535.05328 	 2873.32103 	 18013.52313 	 
3335.82645 	 4503.10245 	 4696.83008 	 12606.36523 	  771.32773 	 1971.66461 	 5103.42087 	 5780.82878 	 4421.85684 	 3114.12540 	 2696.95004 	 40157.71116 	 1118.79726 	 2085.31424 	 5231.85254 	 1997.88090 	 13598.27069 	 4754.94919 	 3296.48207 	 2363.15654 	 2949.17320 	 38739.74630 	    0.00000 	  781.93120 	 4738.29003 	 
12279.95771 	 1546.99155 	 9299.02766 	 22036.75736 	 3858.03723 	 4720.12762 	 2809.55247 	 1379.07131 	 10964.70733 	 2446.30726 	 2054.09794 	 3094.83547 	 1745.69228 	 15642.78981 	 2823.55231 	 3966.02430 	 23392.83772 	 5483.95221 	  572.28487 	 6511.88949 	 3928.80171 	 3108.47038 	 1150.21340 	    0.00000 	 7215.87224 	 
12052.02142 	  550.38462 	 46934.40608 	 33389.51876 	 5439.97155 	 10935.76891 	 12522.67975 	 8371.23212 	 17802.51858 	 6035.99709 	 8564.32436 	 22487.61534 	 3657.21238 	 20614.23174 	 8910.17480 	 5259.64180 	 201585.02092 	 11965.21580 	 3633.03777 	 14708.48912 	 9878.49109 	 20670.17172 	 3734.94933 	 6261.90362 	    0.00000 	 
   0.00000 	  745.15752 	 1025.19578 	  764.31604 	  451.25324 	  631.88159 	  911.45514 	 1109.11017 	  524.35189 	  541.09759 	  525.79602 	 1742.69158 	  386.54861 	  469.14177 	  925.68587 	  531.47415 	  648.98689 	  570.91404 	 1631.35107 	  611.65160 	  403.04371 	 1509.20349 	 1734.15910 	  309.43462 	  695.61982 	 
 579.30787 	    0.00000 	  332.18937 	  464.25962 	  412.60912 	  332.67194 	 1384.22652 	 1282.50401 	  349.04002 	 1458.02589 	  731.44950 	 2520.03613 	  809.43338 	 1012.15990 	 1094.22542 	  841.82715 	  204.82216 	   69.77109 	 2086.03575 	  209.84504 	  806.42150 	 2215.54911 	 2716.90905 	  898.64905 	   31.24088 	 
 945.58839 	  316.86406 	    0.00000 	  822.60398 	  747.48934 	  493.66964 	 1562.56612 	 1623.41840 	  629.06163 	 1840.87702 	  924.55758 	 3107.25082 	 1163.97030 	  946.05000 	 1059.68632 	 1467.06366 	  222.65865 	  291.64839 	 2980.54655 	  608.75447 	 1236.17533 	 2725.92028 	 3088.52574 	 1436.84260 	  316.86613 	 
 445.41321 	  703.63400 	  664.20169 	    0.00000 	  259.30166 	  225.71726 	  730.40146 	  939.53696 	  291.27902 	  732.53104 	  342.11926 	 2062.72330 	  541.06377 	 1445.73315 	  316.24415 	  698.79875 	  537.27058 	  658.28927 	 1214.70496 	  366.77553 	  261.21590 	 1337.59332 	 2244.69439 	 1123.02876 	  671.03909 	 
 476.01664 	  541.10578 	  844.76768 	  228.14318 	    0.00000 	  168.25440 	  674.14666 	  979.66520 	  284.74235 	  813.49403 	  485.02903 	 1914.99024 	  407.62459 	 1153.04665 	  709.26873 	  684.39579 	  712.80174 	  447.37418 	 1371.96999 	  282.61135 	  273.08414 	 1846.13501 	 2252.19686 	  631.91479 	  452.40664 	 
 535.06575 	  291.98269 	  587.25788 	  290.39968 	  205.02534 	    0.00000 	  832.73047 	 1313.16223 	  115.13468 	  908.78410 	  506.21909 	 2572.50026 	  492.02826 	  898.83584 	  804.62904 	 1132.55753 	  528.91017 	  258.30566 	 2257.09893 	  114.75401 	  481.56038 	 2148.71356 	 1707.82072 	 1168.70227 	  311.77498 	 
 719.45100 	 1089.90202 	 1711.44355 	  609.12454 	  830.83471 	  772.35141 	    0.00000 	  530.61250 	  980.46391 	  284.32863 	  525.36556 	  935.84982 	  349.78734 	 1280.80848 	 1048.28832 	  462.77715 	 1616.96778 	 1112.45376 	  922.96309 	 1162.07809 	  577.38254 	 1611.00828 	 1648.04538 	  917.82451 	 1357.43983 	 
1542.93641 	 1898.20390 	 2141.84224 	  951.27899 	 1311.30750 	 1296.28985 	  719.16663 	    0.00000 	  855.66561 	 1085.27527 	  513.36476 	  781.43564 	 1114.84780 	 1310.84252 	  672.82739 	  789.66348 	 1992.82017 	 1969.23259 	  513.28164 	 1285.17051 	  885.17638 	  756.42383 	 1197.11740 	 1859.52501 	 1605.64445 	 
 579.08022 	  443.92902 	  726.03947 	  209.50405 	  222.92218 	  106.74407 	 1239.24628 	  867.12679 	    0.00000 	 1171.23088 	  599.80579 	 1447.90406 	  478.34797 	  882.21396 	  520.66305 	  832.68892 	  418.32799 	  529.25268 	 1230.24425 	  211.74991 	  357.45428 	 1701.55781 	 2051.23086 	  827.07047 	  507.98364 	 
 652.62555 	 1611.30310 	 1739.09674 	 1065.95102 	 1021.52512 	 1265.74994 	  190.39002 	  636.74640 	  854.57290 	    0.00000 	  611.42923 	 1266.86520 	  407.24449 	  997.53263 	  789.83240 	  368.04203 	 1724.84601 	 1411.43450 	  983.62741 	  911.21041 	  725.46984 	 1285.40902 	 2293.11978 	  761.41293 	 1552.22796 	 
 872.50883 	  963.45346 	 1562.98530 	  358.78576 	  534.03861 	  814.63457 	  329.84015 	  660.38676 	  660.18711 	  611.34694 	    0.00000 	 1667.11041 	  480.56171 	 1534.32055 	  346.33292 	  585.50667 	 1168.61786 	 1080.39680 	 1043.17280 	  807.04559 	  202.86147 	 1361.13491 	 1298.06285 	  753.62983 	 1082.63278 	 
1971.02798 	 2385.65599 	 1990.71749 	 1635.83716 	 2004.35625 	 2261.02695 	 1211.21595 	  647.31969 	 2210.81018 	 1297.02125 	 1497.22247 	    0.00000 	 1494.82451 	 2138.98947 	 1325.98155 	 2057.10231 	 2784.31261 	 2595.11032 	  306.09986 	 2009.22899 	 1982.30145 	  431.64393 	  738.44399 	 2438.96653 	 2257.48308 	 
 289.74439 	  807.48210 	 1226.62098 	  612.59643 	  429.06575 	  551.12405 	  470.08164 	  880.27002 	  565.13268 	  364.27205 	  439.68738 	 1647.18038 	    0.00000 	  712.54425 	  608.54917 	  247.77436 	 1106.15921 	  745.77634 	 1463.54786 	  674.40987 	  290.14540 	 1402.84634 	 1624.94892 	  650.11100 	  875.61625 	 
 749.31352 	 1204.23059 	 1010.52141 	 1295.23064 	  927.82710 	  966.30779 	  811.95792 	 1986.02213 	 1138.24692 	 1075.76717 	 1291.47376 	 2778.08569 	 1075.15415 	    0.00000 	 1101.83191 	  638.26769 	  895.05402 	 1009.95873 	 1419.80792 	 1201.00622 	 1022.19452 	 1868.42568 	 2909.05452 	  196.15507 	  679.72051 	 
 972.14925 	  935.52094 	  903.58909 	  287.18219 	  426.21461 	  481.49266 	 1055.60456 	  540.26901 	  658.94305 	 1258.35395 	  345.28875 	 1975.01589 	  788.78772 	 1733.57532 	    0.00000 	 1245.99166 	 1211.61504 	  910.12886 	 1129.23117 	  641.45740 	  362.18581 	 2034.30737 	 1795.02104 	 1399.35891 	 1001.76364 	 
 388.70369 	 1017.86035 	 1085.36544 	 1054.06052 	  716.80442 	  976.87852 	  424.01304 	 1085.45483 	 1154.12736 	  335.89000 	  482.72825 	 1368.57765 	  292.16966 	  790.94914 	  732.66150 	    0.00000 	 1506.93347 	 1365.86863 	 1221.43107 	  698.40361 	  680.10085 	 1434.80468 	 2677.53503 	  440.72684 	 1053.11032 	 
 767.10195 	  188.21221 	  233.99553 	  680.57084 	  524.89676 	  378.52564 	 1158.33080 	 1703.70743 	  612.08521 	 1788.58647 	 1051.90719 	 3123.24785 	 1180.61936 	 1178.12570 	  861.03624 	 1199.86544 	    0.00000 	   86.23481 	 2326.25195 	  290.97970 	  845.59882 	 2058.97449 	 2604.14024 	  785.15544 	  158.33246 	 
 518.26602 	   69.35608 	  356.14592 	  675.23336 	  650.02261 	  375.01894 	 1164.30612 	 1407.52216 	  502.92138 	 1393.77054 	 1273.59571 	 2359.48128 	  686.16593 	 1188.66522 	  818.45479 	 1196.77059 	  102.07647 	    0.00000 	 1619.72293 	  303.49237 	  933.94619 	 1831.73288 	 2467.35188 	  945.06065 	  157.07231 	 
1783.62119 	 2528.65974 	 2987.52119 	 1306.48262 	 1862.65196 	 2262.56147 	  775.05079 	  626.39190 	 1481.86752 	 1055.57355 	 1124.70505 	  342.32882 	 1271.27030 	 1452.50696 	 1617.26683 	  999.21047 	 2458.86485 	 2475.75769 	    0.00000 	 2208.64904 	 1599.00133 	  601.20448 	 1041.82321 	 1763.52342 	 2074.10847 	 
 509.69655 	  190.05521 	  567.15578 	  324.03688 	  330.17600 	  115.83750 	 1007.87104 	 1531.35633 	  238.31793 	 1181.69531 	  980.44395 	 2402.96549 	  586.38412 	  726.05434 	  609.15041 	  867.64745 	  239.70347 	  268.74527 	 2277.38192 	    0.00000 	  483.31789 	 2432.43479 	 2129.77715 	  999.23467 	  191.41793 	 
 455.96596 	  879.70113 	  915.11928 	  251.28864 	  352.97603 	  631.48280 	  669.21090 	  837.76833 	  423.44298 	  673.20185 	  268.07481 	 1185.16089 	  286.14422 	 1109.21617 	  479.88326 	  781.09492 	  698.53193 	  896.53950 	  907.33635 	  424.33719 	    0.00000 	 1754.89805 	 1993.97588 	  702.90672 	  580.19981 	 
2510.68570 	 1736.44510 	 3160.97487 	 1437.73639 	 1608.34451 	 2357.77993 	 1617.73603 	  916.34554 	 2150.11248 	 1522.93714 	 1476.32324 	  307.58494 	 1414.74948 	 2966.97686 	 1360.53652 	 2027.48476 	 3339.70748 	 1935.05485 	  680.58911 	 2282.67740 	 1336.71917 	    0.00000 	  541.78228 	 2822.24002 	 2982.81495 	 
2581.17592 	 2652.42281 	 3102.27853 	 1739.41186 	 2116.25158 	 2317.27198 	 1986.63742 	  875.57378 	 2326.48661 	 2311.68395 	 1599.73283 	  981.89389 	 1607.16690 	 3005.59565 	  995.32661 	 2574.62399 	 2856.39146 	 2508.05402 	 1081.95765 	 1731.76576 	 1203.77000 	  665.07046 	    0.00000 	 3191.41852 	 2232.27112 	 
 526.87363 	  803.62410 	 1020.05506 	 1141.95566 	  805.53480 	  825.42972 	  903.06106 	 1938.79658 	  863.28140 	  829.53497 	  810.33532 	 2326.41617 	  690.13731 	  203.87770 	 1611.43194 	  494.32565 	 1001.58345 	 1192.45286 	 2212.37186 	  759.00462 	  629.60836 	 1713.36805 	 2327.90761 	    0.00000 	  732.59341 	 
 448.62527 	   25.99159 	  295.55768 	  626.72896 	  326.41601 	  338.73757 	  977.48443 	 1281.09470 	  285.48915 	  901.05260 	 1146.75684 	 2344.00710 	  825.23109 	  692.76764 	  863.84006 	 1090.92655 	  251.11362 	   99.59338 	 2054.43493 	  250.57186 	  877.02774 	 2804.32711 	 2125.73769 	  732.65599 	    0.00000 	 
   0.00000 	 6300.26858 	 7889.87893 	 24500.09461 	 5329.54133 	 4419.80428 	 11819.64674 	 2381.09949 	 7164.27403 	 9107.78559 	 2912.34626 	 10472.81618 	 8301.32311 	 24160.33544 	 4172.12833 	 8688.53058 	 57102.71919 	 14805.04211 	 1282.59887 	 4925.16728 	 6893.87371 	 8521.95889 	 2556.04537 	 14178.93734 	 18937.93812 	 
6074.21405 	    0.00000 	 13837.72055 	 12659.76018 	 3272.79940 	 4560.84910 	 3195.86309 	 3205.29156 	 4954.10150 	 4864.39477 	 2575.65537 	 6919.93644 	 1140.31498 	 7757.00144 	 1445.62162 	 4087.98639 	 26259.67084 	 6722.00049 	  647.08880 	 6212.79287 	 4149.68805 	 5812.53343 	 4339.75629 	 2317.11609 	  486.84913 	 
8728.15288 	 12228.07960 	    0.00000 	 43747.37032 	 4894.95716 	 14591.59766 	 5101.57641 	 4981.20121 	 20768.96943 	 5448.92286 	 3859.67437 	 25983.52990 	 1579.84503 	 26216.76450 	 5250.71782 	 4295.02955 	 247221.49874 	 29461.50151 	 2240.94041 	 11664.97912 	 8167.73213 	 14448.29989 	 3885.89580 	 9596.49286 	 56373.45811 	 
22912.49197 	 13430.97299 	 33352.68872 	    0.00000 	 23976.38948 	 31453.40719 	 19635.81637 	 20522.85605 	 58169.04849 	 12796.77545 	 26480.02348 	 69127.22046 	 15686.68768 	 37166.92224 	 51149.92068 	 13421.06451 	 213530.76595 	 27018.72134 	 17760.41959 	 30278.53833 	 39659.25928 	 33310.26456 	 16169.62678 	 19728.13565 	 36299.33111 	 
3914.11700 	 3865.94874 	 6894.78175 	 23919.24910 	    0.00000 	 8902.66338 	 3724.91346 	 1315.13245 	 8576.00188 	 1913.30944 	 2793.55489 	 7026.27123 	 2371.88121 	 8470.83210 	 2556.07020 	 1262.11164 	 22676.30919 	 6671.07876 	 1272.12890 	 4693.12518 	 4889.55433 	 3968.22725 	 1225.58966 	 5711.82774 	 7551.04691 	 
5532.94139 	 6338.20589 	 11067.19884 	 43297.25399 	 9147.96237 	    0.00000 	 6209.84541 	 4516.35715 	 10160.28616 	 4094.38214 	 2612.93251 	 15826.77319 	 2221.53177 	 14088.85641 	 6250.58666 	 1879.20948 	 58596.52059 	 12356.93884 	 2645.16203 	 6385.69608 	 8758.39523 	 7949.82276 	 1902.58106 	 7776.07863 	 18159.38647 	 
10459.30828 	 3105.04044 	 4344.92733 	 27124.11295 	 3742.78645 	 4324.95208 	    0.00000 	 13089.42075 	 6831.73936 	 33423.33507 	 11571.25142 	 34197.32310 	 8597.27668 	 5915.08328 	 5274.17778 	 16856.26647 	 33479.23395 	 9402.89312 	 4398.29585 	 2253.41870 	 7011.21773 	 11011.71598 	 4422.88295 	 3006.60736 	 7807.11866 	 
2138.97085 	 4126.16653 	 6181.26507 	 26080.02206 	 1667.00295 	 4266.20578 	 8929.58029 	    0.00000 	 4075.83612 	 7252.79070 	 12952.38349 	 36545.86736 	 2143.61700 	 3561.45185 	 7096.90059 	 3172.59107 	 19281.14014 	 4672.52977 	 8305.18898 	 2676.71173 	 7275.87170 	 21374.53128 	 9745.41145 	 1209.31314 	 8696.74529 	 
9997.17853 	 7757.33689 	 19167.28506 	 55814.07420 	 8204.98176 	 10994.38989 	 4577.31678 	 4071.38707 	    0.00000 	 4157.98709 	 6380.06618 	 25554.38629 	 4352.58013 	 21962.29028 	 10496.47678 	 5485.08885 	 70118.69315 	 22478.09005 	 5388.09980 	 11492.34220 	 11535.99698 	 16672.62004 	 3949.11882 	 10673.30906 	 15944.47774 	 
8744.97027 	 4184.09231 	 4788.62025 	 16467.71924 	 2045.55998 	 3794.81227 	 42200.67997 	 5300.69389 	 3778.33826 	    0.00000 	 4285.55767 	 22435.16490 	 3946.07731 	 10895.17287 	 3539.27874 	 24091.58009 	 25775.49627 	 7513.99619 	 2420.65704 	 2712.25944 	 6636.38235 	 7008.00434 	 2467.85119 	 2868.90035 	 5157.10748 	 
3515.28812 	 2782.96025 	 3369.54087 	 35648.37499 	 1695.65336 	 3338.86715 	 12646.77347 	 13792.73548 	 6133.94958 	 5398.28131 	    0.00000 	 17004.89440 	 3903.29996 	 2986.30663 	 7371.16722 	 2905.52457 	 21263.63982 	 5272.33582 	 3142.71958 	 2380.74235 	 19611.92934 	 8825.48778 	 3491.36029 	 1897.59024 	 6097.95007 	 
7649.00362 	 7925.56961 	 24015.05759 	 72744.72699 	 6559.14898 	 14071.39640 	 22664.55301 	 27889.24151 	 22660.74445 	 18056.79662 	 14749.18041 	    0.00000 	 4215.27272 	 11188.94018 	 20929.17786 	 10219.76441 	 115815.80401 	 15716.84974 	 39345.07739 	 12339.23063 	 12930.54941 	 95150.29784 	 29437.33289 	 3897.90624 	 22972.84558 	 
8415.15327 	  912.11756 	 2251.08091 	 13192.13266 	 2117.96609 	 1878.64983 	 8106.35412 	 1546.65018 	 4464.65267 	 4787.82644 	 2919.97621 	 6932.94927 	    0.00000 	 4198.75963 	 1167.55165 	 6465.78079 	 10863.17973 	 2318.12880 	  643.39263 	 1309.33946 	 4584.48131 	 3597.06506 	 1232.61105 	 1094.87280 	 3910.00760 	 
23357.45850 	 7200.62653 	 18355.19652 	 44939.04365 	 5747.58641 	 12151.86847 	 6371.13812 	 2922.01360 	 28132.20038 	 8512.68744 	 5052.57705 	 12248.69140 	 2467.15452 	    0.00000 	 6010.24942 	 8400.47685 	 180992.14298 	 30902.24283 	 1129.94135 	 14650.09440 	 8939.07506 	 7171.24766 	 1439.88971 	 26557.43664 	 25577.84033 	 
2480.42376 	 1273.13207 	 5520.91909 	 40734.90881 	 1570.08274 	 6479.44675 	 3388.01079 	 10999.29683 	 12860.42846 	 3448.22600 	 7857.70752 	 14291.95936 	 1287.04429 	 4246.27581 	    0.00000 	 2500.04065 	 20464.80893 	 8775.36614 	 4687.89516 	 2032.01034 	 5949.94375 	 10340.87136 	 4407.98316 	 3878.62533 	 9834.88196 	 
7289.01392 	 4430.73742 	 3047.54419 	 17672.51289 	 1087.55514 	 1949.51316 	 13501.72644 	 2739.96292 	 3262.26861 	 23141.62044 	 2318.61143 	 11516.21136 	 6341.09348 	 7971.76841 	 2632.24927 	    0.00000 	 24841.50221 	 3180.25464 	  827.76915 	 1225.31347 	 5298.72608 	 4851.80616 	 1485.02056 	 4405.66024 	 5004.41857 	 
40137.51235 	 18042.87151 	 158740.25717 	 157355.77494 	 27728.49899 	 43598.31561 	 21412.67365 	 19445.65385 	 97629.54793 	 30246.32226 	 14243.44205 	 82086.13851 	 11821.40360 	 126136.92178 	 24877.92096 	 26182.65527 	    0.00000 	 11086.86048 	 12125.08581 	 68431.92676 	 33500.22197 	 82235.03197 	 16196.83294 	 26524.05087 	 207200.07058 	 
10682.26239 	 4806.30869 	 29678.27297 	 45465.82469 	 5929.62488 	 16392.56706 	 5770.40411 	 6603.19168 	 19006.93431 	 6740.25792 	 4369.41340 	 16686.82371 	 3747.70142 	 24620.84481 	 5412.94577 	 5399.41792 	 7828.16202 	    0.00000 	 2350.12843 	 30909.59660 	 8199.20686 	 18549.18765 	 5432.46792 	 4520.91141 	 10648.41421 	 
 971.44150 	  863.23747 	 3305.90880 	 19397.92443 	  987.72624 	 2689.14798 	 4387.93601 	 6591.73593 	 5336.10800 	 2288.73196 	 2366.17179 	 28454.20346 	  921.61700 	 1032.11809 	 5178.05821 	  708.31416 	 14469.23218 	 1979.16970 	    0.00000 	 2218.90688 	 2741.99427 	 12067.27470 	 2669.06626 	  475.64602 	 2517.18743 	 
5251.61075 	 8834.83345 	 15445.05813 	 29166.89138 	 4002.67643 	 5274.47461 	 3799.97622 	 2104.94294 	 7510.07547 	 4244.93509 	 2262.76214 	 9425.61376 	 1280.75184 	 11450.82673 	 2824.30614 	 2096.55364 	 61555.90133 	 30427.24036 	 2163.13501 	    0.00000 	 5577.84268 	 7197.40790 	 1995.65739 	 6034.25367 	 17165.33844 	 
6072.99627 	 3627.01811 	 7453.59903 	 32574.57784 	 4897.07513 	 5721.69354 	 12742.92169 	 6209.03187 	 13383.13769 	 5388.30641 	 15244.42837 	 15808.65227 	 6225.06977 	 7925.87345 	 9742.11939 	 5942.36685 	 41560.74490 	 8389.37041 	 4340.04244 	 5339.14575 	    0.00000 	 11384.04397 	 3274.63471 	 4272.56242 	 9670.94114 	 
6029.28275 	 6663.58733 	 19001.95798 	 27188.97646 	 2867.97887 	 7951.17948 	 15758.70438 	 13029.00699 	 13143.35564 	 9177.71787 	 8981.58770 	 116245.91173 	 2221.23581 	 8762.33862 	 10266.36485 	 4864.19282 	 68921.41169 	 19327.82563 	 9338.53083 	 6274.55602 	 10517.40815 	    0.00000 	 25095.13916 	 3014.22491 	 21097.98994 	 
2764.63061 	 4261.86994 	 4246.99957 	 15346.04139 	 1123.91814 	 2609.87401 	 4853.17039 	 8748.95585 	 4570.47798 	 2541.86901 	 2916.43002 	 30356.86895 	  771.23640 	 1579.27020 	 6047.51666 	 1557.02205 	 13912.93295 	 4442.02460 	 3725.92223 	 1601.33336 	 2753.58112 	 40028.55219 	    0.00000 	  856.29460 	 5433.38600 	 
9611.45217 	 2568.01709 	 7325.03854 	 18869.50374 	 3666.56389 	 4824.36709 	 2102.15074 	 1508.07748 	 9690.31896 	 1971.16217 	 1346.38233 	 4223.19406 	 1662.91413 	 18965.35526 	 2660.10320 	 2752.45310 	 25550.21185 	 5663.10248 	  628.61256 	 6222.97713 	 4409.73130 	 2460.24989 	  901.84603 	    0.00000 	 5784.66864 	 
11721.22058 	  548.88625 	 41974.93276 	 39498.95606 	 6270.51949 	 10444.40385 	 11338.38899 	 10355.36263 	 23296.32654 	 4261.71930 	 7615.05547 	 25669.58753 	 3706.71301 	 16486.69749 	 9324.85979 	 4976.21477 	 163949.39662 	 13864.27339 	 4237.80186 	 12281.06445 	 14920.27240 	 15726.61628 	 5809.14157 	 7618.21272 	    0.00000 	 
   0.00000 	  540.39829 	  684.60102 	  532.05926 	  308.89376 	  424.65634 	  906.79951 	 1340.97679 	  673.46179 	  777.68359 	  556.49305 	 2381.50800 	  294.29837 	  723.78293 	 1148.55691 	  338.43444 	  820.12128 	  776.40417 	 1190.07827 	  647.53191 	  590.27345 	 2458.75661 	 2333.41681 	  518.95114 	  657.28123 	 
 726.09704 	    0.00000 	  260.75004 	  669.66201 	  405.57814 	  298.28904 	 1275.27230 	 1506.62321 	  441.35828 	 1570.09700 	  917.56659 	 1825.42442 	  603.41682 	  714.98267 	  991.61409 	 1177.55605 	  195.09822 	  110.29209 	 2000.21864 	  240.11139 	  655.07810 	 2163.81812 	 2221.55625 	  765.99018 	   45.03005 	 
 756.62600 	  277.41066 	    0.00000 	  958.86305 	  636.70522 	  546.67620 	 1262.67290 	 1853.71877 	  716.69819 	 2066.24353 	  965.69129 	 3308.48591 	 1268.09328 	 1098.24360 	 1109.75579 	 1202.02869 	  237.15852 	  312.44205 	 2619.98895 	  504.30423 	 1135.98173 	 1970.89326 	 2974.75744 	  867.91309 	  367.36309 	 
 423.56815 	  473.07322 	  631.76277 	    0.00000 	  329.96150 	  260.06122 	 1003.99594 	 1146.12319 	  213.82541 	  982.51752 	  358.91352 	 2011.89461 	  492.97004 	 1481.02789 	  402.94485 	  737.16995 	  659.85829 	  615.26128 	 1800.49654 	  425.90844 	  215.30959 	 2364.63935 	 2054.11955 	 1193.56375 	  524.02348 	 
 329.25195 	  314.95543 	  676.18065 	  205.84862 	    0.00000 	  173.18321 	  828.73682 	  951.96005 	  244.19063 	  988.24613 	  423.12062 	 1773.14655 	  320.63325 	 1225.80253 	  691.45168 	  556.00146 	  407.97233 	  403.40451 	 1628.60356 	  292.54593 	  222.62886 	 2126.41044 	 1402.18066 	  790.75912 	  370.07586 	 
 527.27091 	  234.20101 	  408.68739 	  248.12431 	  170.70622 	    0.00000 	  974.18355 	 1493.22636 	   98.60111 	 1428.35896 	  555.43825 	 1918.72851 	  746.86280 	  786.48364 	  782.31269 	 1132.86590 	  433.29646 	  373.15107 	 1334.07370 	  101.87781 	  434.91550 	 1768.04630 	 2105.46156 	  903.36424 	  215.52284 	 
 758.08539 	 1479.19557 	 1725.08957 	  962.89446 	  766.61189 	 1184.92223 	    0.00000 	  698.57932 	  781.28112 	  197.65321 	  579.50963 	 1002.44897 	  445.62055 	  956.34283 	  856.71487 	  454.86381 	 1056.66426 	 1443.03285 	 1041.05584 	 1252.57644 	  580.80955 	 1264.58747 	 1525.78866 	  999.65046 	  913.92591 	 
1457.71288 	 1545.29929 	 2239.41516 	  974.73389 	 1283.34976 	 1458.52178 	  575.79373 	    0.00000 	  862.34449 	  679.30657 	  484.40390 	  700.77094 	  864.26452 	 1228.33399 	  679.72907 	 1058.51637 	 1454.84353 	 1125.99839 	  527.54605 	  948.68354 	  854.21526 	  750.69205 	 1261.89081 	 1721.13559 	 1641.21293 	 
 574.93759 	  437.76311 	  765.30941 	  296.82293 	  242.52922 	   78.15505 	  973.62066 	 1023.73125 	    0.00000 	 1150.65305 	  519.14971 	 1827.58545 	  493.50110 	  876.12439 	  403.31189 	  984.41991 	  495.61007 	  512.50041 	 2179.36565 	  191.93415 	  447.90177 	 1691.15120 	 1649.47095 	 1227.43504 	  422.27252 	 
 764.26111 	 1249.79046 	 1712.06251 	 1095.01375 	  789.37388 	 1130.54511 	  230.29789 	  664.61780 	  865.41091 	    0.00000 	  500.50731 	 1434.63363 	  390.16400 	  927.24944 	  950.56097 	  347.26855 	 1596.44668 	 1318.51436 	 1183.44329 	 1314.23685 	  816.14686 	 1830.54200 	 1878.12954 	  648.42486 	  905.48742 	 
 612.90571 	 1069.10142 	 1194.27702 	  416.89742 	  671.76160 	  878.47930 	  335.96142 	  647.53953 	  590.71852 	  631.37491 	    0.00000 	 1065.65575 	  487.08012 	 1187.67493 	  417.30401 	  680.40493 	 1051.72296 	  927.77149 	  940.15591 	  614.22635 	  253.06692 	 1744.85724 	 1798.96291 	 1176.23445 	 1192.54669 	 
2025.50939 	 2837.70009 	 2214.70431 	 2050.20832 	 1664.63381 	 1503.38591 	 1113.94449 	  919.03144 	 2017.46708 	 1563.74858 	 1395.65826 	    0.00000 	 1614.33730 	 2870.08760 	 1789.35069 	 1360.00209 	 3161.83587 	 2238.90585 	  353.20882 	 2380.17872 	 1247.25317 	  281.72649 	 1269.76481 	 2544.73839 	 2229.54718 	 
 356.94021 	  779.79179 	 1414.74062 	  483.35314 	  306.28698 	  628.28075 	  390.30213 	  971.96045 	  437.13925 	  334.83259 	  340.43926 	 1462.24246 	    0.00000 	  659.86929 	  740.11375 	  365.58878 	  680.39046 	  727.82720 	 1426.22352 	  755.40236 	  313.72339 	 1388.34252 	 2304.67337 	  723.32316 	  528.98746 	 
 557.67559 	  727.20168 	 1493.15350 	 1404.89795 	  989.03165 	 1007.68168 	 1011.93402 	 2101.40810 	 1269.64006 	 1189.16726 	 1257.31669 	 2633.83888 	  678.31697 	    0.00000 	 1734.43495 	  622.02073 	 1218.52870 	  816.59612 	 2467.97147 	  960.50067 	 1270.34154 	 2947.81378 	 2985.65668 	  250.95606 	 1148.08575 	 
 876.30329 	 1186.03181 	 1250.20708 	  313.25944 	  475.85368 	  514.27823 	  678.71635 	  837.65233 	  495.49507 	  884.35253 	  513.19939 	 1212.36503 	  820.39628 	 1435.75261 	    0.00000 	 1319.22035 	 1051.44171 	  995.47195 	 1284.27466 	  829.77632 	  498.63484 	 1310.03240 	 1485.31208 	 1594.13596 	  767.25417 	 
 473.69127 	  811.99491 	 1367.44643 	  860.76224 	  756.22704 	  953.25952 	  341.93412 	  775.68090 	  905.72289 	  296.70182 	  544.70875 	 1258.92468 	  388.47540 	  717.42002 	  853.13353 	    0.00000 	 1185.38206 	 1386.00786 	 1288.14525 	  911.59997 	  538.31689 	 1924.37447 	 1596.10690 	  389.36317 	 1241.15434 	 
 952.07733 	  149.81559 	  197.67661 	  831.24249 	  735.33121 	  322.92370 	 1387.71638 	 1246.09280 	  624.81282 	 1336.65507 	  938.23306 	 3038.52076 	 1036.07460 	  863.54158 	 1241.32143 	  903.60905 	    0.00000 	   91.99739 	 1994.84345 	  404.67685 	  700.04530 	 2150.28642 	 2030.30844 	 1108.94419 	  186.67953 	 
 631.74234 	   95.60455 	  225.76113 	  874.98371 	  472.68760 	  335.68139 	 1098.18014 	 1719.79507 	  582.68731 	 1588.39618 	 1337.16133 	 1909.23437 	  897.76513 	  811.76138 	  961.44825 	 1291.22291 	   67.55424 	    0.00000 	 1660.55236 	  257.93990 	  691.91127 	 3144.46608 	 2481.46117 	  845.62403 	  114.52589 	 
1983.82850 	 2169.74872 	 1789.11711 	 1834.42055 	 1201.31067 	 2130.16465 	  899.35959 	  446.66283 	 1567.98218 	 1023.38103 	 1352.09724 	  461.81187 	 1302.39513 	 1747.03861 	 1471.15938 	 1543.05020 	 2709.15175 	 1834.72809 	    0.00000 	 2275.44809 	  928.51686 	  531.65085 	 1127.66630 	 1327.47671 	 1390.45314 	 
 386.41289 	  203.05752 	  545.94404 	  413.72443 	  277.90815 	  133.12501 	  924.85334 	 1159.97085 	  217.12700 	  814.36969 	  581.34497 	 1727.73125 	  638.47637 	 1217.69615 	  829.86415 	  985.67126 	  370.65214 	  232.67042 	 2178.81007 	    0.00000 	  546.01836 	 2304.06490 	 1997.75604 	  925.50443 	  230.73748 	 
 354.92286 	  905.41907 	 1131.20552 	  319.40309 	  246.92782 	  451.29998 	  697.21087 	  851.22192 	  426.14300 	  713.22669 	  224.57179 	 1282.51970 	  295.84832 	  949.03485 	  349.10451 	  558.89888 	 1126.07110 	  817.13530 	 1174.12533 	  596.87764 	    0.00000 	 2040.50148 	 1934.75468 	  977.13445 	  580.32579 	 
2745.90177 	 2087.44531 	 2920.34492 	 1848.37485 	 2183.08045 	 2055.66085 	 1596.83997 	  801.79233 	 1585.79206 	 1885.28673 	 1234.76495 	  407.59413 	 1840.06436 	 3259.14969 	 1922.49484 	 1932.96941 	 1892.43002 	 2353.55741 	  464.83397 	 1745.01317 	 2123.31959 	    0.00000 	  644.25164 	 2120.17479 	 3003.86802 	 
2086.63564 	 2155.40608 	 1945.61942 	 1459.78198 	 2316.00678 	 1473.66015 	 1597.35141 	  743.88213 	 1876.54898 	 1363.34886 	 1917.26364 	 1213.29151 	 1528.68511 	 2430.98613 	 1065.16614 	 1887.59096 	 2940.35470 	 1907.89943 	 1074.20876 	 1822.28266 	 2209.04455 	  622.41100 	    0.00000 	 3148.13885 	 2607.78660 	 
 401.18453 	  606.50382 	 1540.68982 	  857.64345 	  632.67061 	 1018.29305 	 1133.18907 	 1502.71847 	 1242.38619 	  898.73859 	  923.08720 	 2579.52126 	  848.82469 	  202.73283 	 1386.50829 	  519.24065 	 1278.52262 	  810.73804 	 2016.50482 	 1135.56930 	  736.61381 	 1855.33464 	 3176.85676 	    0.00000 	  959.49705 	 
 641.03785 	   25.92103 	  482.90606 	  659.17002 	  355.36969 	  235.62469 	  981.74133 	 1250.63143 	  431.59588 	 1315.24306 	  728.63865 	 2302.43492 	  784.67956 	  865.58594 	 1092.02847 	 1203.35805 	  176.93358 	   94.31202 	 1772.43076 	  227.93757 	  810.88805 	 2626.06001 	 2712.53023 	  831.52324 	    0.00000 	 
   0.00000 	 7278.58585 	 8290.94044 	 18600.74812 	 4469.05916 	 7662.95356 	 14689.48158 	 1898.23979 	 9373.86705 	 5361.41731 	 2553.69020 	 11120.51446 	 12941.00721 	 16927.42176 	 4338.49707 	 8101.12925 	 32890.31512 	 13611.18873 	 1000.21153 	 5006.80386 	 7139.36531 	 6893.18569 	 2968.63953 	 13632.13504 	 17750.59084 	 
5154.40178 	    0.00000 	 13370.77048 	 11156.96650 	 3008.34509 	 6760.83969 	 3023.85351 	 4046.92376 	 8615.53180 	 4998.18613 	 2453.90402 	 6659.21983 	 1199.41330 	 6675.47446 	 1413.03013 	 5431.10694 	 31685.42637 	 8082.95636 	  676.72364 	 10371.86756 	 4101.37371 	 6275.00293 	 4162.85170 	 1809.87381 	  425.72296 	 
8239.70751 	 12980.15762 	    0.00000 	 32473.38345 	 5390.18351 	 16433.23942 	 6644.44215 	 5679.35484 	 20430.96856 	 3220.26597 	 3681.16286 	 26585.95427 	 1333.90451 	 22585.63304 	 6514.63518 	 3600.22638 	 231195.63174 	 48601.62095 	 3741.89754 	 10906.08325 	 5233.44310 	 17285.47588 	 3996.80607 	 10198.16568 	 50101.88997 	 
23851.55231 	 9750.01293 	 39900.84749 	    0.00000 	 23011.17509 	 43976.71193 	 25799.70994 	 22777.95008 	 38354.89970 	 14589.20778 	 22274.55749 	 66667.84029 	 14419.90426 	 41654.89688 	 53207.28574 	 11439.78074 	 175968.59331 	 46152.58993 	 16853.50164 	 24674.31646 	 36624.78358 	 30505.75849 	 13242.52133 	 13658.61361 	 39201.81189 	 
5188.51433 	 2891.07756 	 6401.87468 	 13731.80392 	    0.00000 	 6037.70682 	 3835.33998 	 1563.48105 	 5380.08761 	 2137.68761 	 2689.37439 	 5953.96271 	 1988.85995 	 5269.94345 	 2337.40679 	 1696.50293 	 28328.93718 	 7718.38780 	 1325.23735 	 2972.91036 	 3868.96507 	 2560.72310 	 1055.08692 	 5140.78431 	 7441.73794 	 
5297.59454 	 5339.45054 	 10085.54748 	 33072.86374 	 7507.08044 	    0.00000 	 4576.33596 	 4348.09536 	 8618.18314 	 2700.00461 	 3031.13492 	 13280.20679 	 1705.52425 	 13033.22763 	 4970.55262 	 1657.31427 	 50154.32730 	 17804.38803 	 3788.48426 	 4916.88165 	 8965.44994 	 5005.96068 	 1975.40540 	 7227.91920 	 17264.75257 	 
13281.54448 	 4623.07218 	 5569.50649 	 20483.84290 	 3703.56674 	 4567.56227 	    0.00000 	 10086.58171 	 5669.81290 	 29412.13723 	 9785.12033 	 25529.51920 	 5557.76992 	 9924.60739 	 5807.38341 	 11749.06226 	 29724.95930 	 8656.67216 	 4806.42496 	 2574.11102 	 9121.45149 	 17264.20569 	 4975.16244 	 2560.06223 	 8830.87170 	 
1640.51718 	 2509.78081 	 6985.74301 	 25367.24566 	 1617.56216 	 4414.78307 	 14777.78297 	    0.00000 	 6808.08001 	 5516.16151 	 12600.82278 	 27763.77230 	 1298.94691 	 4040.96698 	 9458.43119 	 2133.95295 	 24396.45894 	 3634.42710 	 6603.69193 	 2666.04680 	 7720.03657 	 15446.78702 	 6517.85628 	 1027.71914 	 6309.19142 	 
9827.66065 	 6530.54944 	 20216.12460 	 41802.49624 	 8445.38985 	 9575.40070 	 7220.64914 	 5699.87772 	    0.00000 	 5102.04556 	 6118.86743 	 28507.88991 	 3924.65410 	 21214.12453 	 12588.68227 	 4768.82148 	 82466.57778 	 22040.43437 	 5214.08070 	 12139.33665 	 11196.68862 	 16154.71959 	 4751.72451 	 12259.68340 	 14311.20949 	 
8181.99497 	 3115.79942 	 3151.98917 	 18214.82787 	 2372.60879 	 3674.52350 	 34145.89740 	 8931.99191 	 5000.07384 	    0.00000 	 3394.77003 	 12310.29711 	 4601.31733 	 8435.57629 	 2711.20667 	 22459.51725 	 26576.85459 	 7429.47238 	 1963.93298 	 2539.97888 	 7240.17216 	 7613.96543 	 2278.67133 	 2190.09189 	 7090.79526 	 
2823.52322 	 3085.28870 	 3249.73463 	 22688.22152 	 2784.66001 	 2074.96335 	 12070.14313 	 9565.41746 	 5858.49419 	 4583.01296 	    0.00000 	 16741.30028 	 3911.29074 	 3791.67906 	 6054.58462 	 2116.45576 	 15214.98338 	 4455.09929 	 2559.05246 	 1858.15300 	 19542.35282 	 8480.14811 	 2535.32300 	 1290.25100 	 8025.39620 	 
11285.79245 	 7272.79997 	 23090.73762 	 68848.20457 	 6949.44706 	 13156.96180 	 30809.89102 	 35157.17618 	 28151.35588 	 20979.18475 	 19674.90934 	    0.00000 	 4597.45153 	 10887.12401 	 21360.24119 	 10141.33669 	 103361.50432 	 17132.46088 	 26101.45821 	 11245.98104 	 17782.91458 	 68817.95432 	 25313.28592 	 4580.05858 	 29571.31395 	 
9477.70937 	  867.78145 	 2176.35677 	 10468.88089 	 1489.45796 	 1772.71600 	 5370.69702 	 2217.97960 	 4561.45866 	 2855.36085 	 2463.35144 	 6684.03464 	    0.00000 	 2421.47144 	  997.94901 	 6223.92343 	 9316.12416 	 2593.27228 	  680.31937 	 1042.77371 	 5090.17696 	 3549.47615 	 1328.33095 	 1642.23692 	 3934.35042 	 
22877.18769 	 5659.83916 	 27177.47260 	 45711.55932 	 7409.69416 	 19733.21637 	 8417.02149 	 3405.75080 	 30301.87969 	 10140.08759 	 4822.18776 	 18121.48771 	 2708.81254 	    0.00000 	 6145.01497 	 8365.75678 	 204717.44717 	 27978.40153 	 1046.04354 	 13835.83276 	 7535.66449 	 9848.66732 	 1389.95251 	 23113.21047 	 21941.45400 	 
3559.96331 	 1098.75144 	 8134.55338 	 57199.61452 	 2078.95070 	 5166.29991 	 5714.10400 	 10156.71695 	 10985.25413 	 3492.62778 	 5676.79934 	 14939.65691 	  965.62382 	 6203.17768 	    0.00000 	 2208.61585 	 24783.49993 	 5217.51882 	 4195.56237 	 2017.71758 	 6447.54453 	 15865.02922 	 6036.94881 	 2684.71618 	 9257.97269 	 
8837.83671 	 4615.22518 	 4343.05065 	 15852.22413 	 1121.03607 	 2529.50193 	 15896.86792 	 2331.67460 	 3503.77447 	 20781.84075 	 3117.10036 	 13019.64037 	 6516.56016 	 10473.32399 	 1877.52766 	    0.00000 	 21253.91610 	 5720.50156 	  801.79093 	 1318.67309 	 5305.15897 	 5474.71442 	 2386.09330 	 3157.67498 	 3789.03173 	 
44420.06380 	 20008.31980 	 167371.67002 	 216374.02911 	 30182.32631 	 67729.76128 	 36622.39458 	 23933.47736 	 61436.95250 	 30591.19372 	 19123.97177 	 106173.98262 	 9538.94232 	 193049.77190 	 26198.58565 	 17289.19770 	    0.00000 	 9787.27223 	 11135.04644 	 76546.85647 	 35984.36467 	 71797.68408 	 10481.10021 	 27854.63277 	 133885.42797 	 
13158.27135 	 8278.24671 	 27856.76994 	 42667.57400 	 7028.47488 	 12919.36384 	 6061.59538 	 6701.67472 	 25352.85893 	 5013.80015 	 3432.68948 	 17871.36045 	 3126.64331 	 22871.47925 	 8198.41568 	 3339.25797 	 7929.78207 	    0.00000 	 3373.97613 	 31955.92279 	 5751.23495 	 18930.75123 	 3263.02103 	 5184.92549 	 14844.02637 	 
1728.66379 	  611.27145 	 3722.87553 	 14255.67625 	 1328.58629 	 2347.55859 	 6888.17697 	 9246.27265 	 5342.54189 	 1661.84051 	 3852.80880 	 23919.46367 	  733.98875 	 1440.55305 	 4457.16798 	  986.94339 	 9702.01626 	 3430.10608 	    0.00000 	 2213.09899 	 4023.24206 	 14299.92845 	 4001.76929 	  503.79121 	 3803.11311 	 
5220.42298 	 8800.37312 	 12016.62315 	 29363.38561 	 5337.33183 	 6201.23885 	 3507.39876 	 2120.08399 	 12945.10449 	 2510.52422 	 2181.32841 	 11952.45294 	 1313.23549 	 15266.92142 	 2817.56480 	 1818.12529 	 78870.47145 	 25300.34883 	 1467.31429 	    0.00000 	 4809.70992 	 4966.20607 	 2348.12610 	 4173.45685 	 11935.97472 	 
4362.27991 	 3172.33554 	 8561.57756 	 38762.86332 	 4947.48613 	 5884.90619 	 7864.25559 	 6784.61915 	 9879.10543 	 6116.60277 	 13151.45092 	 12737.15377 	 5020.44390 	 7379.26809 	 8566.00394 	 3560.59206 	 37128.93176 	 5934.87804 	 4096.01494 	 4562.94434 	    0.00000 	 10397.11293 	 2595.68826 	 3615.79851 	 8613.99216 	 
7609.26444 	 8485.54453 	 17551.93372 	 30339.60238 	 3145.52907 	 5072.76264 	 15120.34016 	 15437.98093 	 16637.56911 	 8690.32654 	 8398.52482 	 91884.10759 	 2627.96467 	 8408.61504 	 11014.71196 	 8359.56967 	 61827.86164 	 19304.96638 	 10320.21373 	 7906.41664 	 12554.07190 	    0.00000 	 44455.55991 	 2460.97637 	 19163.04535 	 
3332.38240 	 2861.39259 	 4770.37116 	 16671.70235 	  891.33157 	 1986.70549 	 5984.39240 	 7052.42541 	 4155.33483 	 3264.81908 	 3231.63111 	 35905.35519 	  756.75774 	 1902.72362 	 4894.27595 	 2473.86224 	 15838.20650 	 5121.16405 	 2562.64604 	 2486.59191 	 3110.37814 	 42534.52446 	    0.00000 	  937.24347 	 4774.52782 	 
13788.81077 	 2227.65180 	 9657.04553 	 14989.55268 	 4347.88219 	 7009.39159 	 2617.13200 	 1009.41473 	 12961.18795 	 1758.27908 	 1919.55665 	 2725.06417 	 1626.21249 	 23861.63374 	 3976.34672 	 3467.93104 	 35273.85113 	 7546.70538 	  729.85770 	 4189.27805 	 3278.26639 	 3176.48505 	 1055.32189 	    0.00000 	 6852.61442 	 
17900.80333 	  436.64696 	 65594.30069 	 51355.81510 	 5947.88921 	 10097.15971 	 11708.17961 	 6129.63725 	 19823.14487 	 5785.53966 	 6179.68591 	 31584.65927 	 4252.80525 	 16234.30201 	 13407.61315 	 6150.32435 	 195746.16262 	 9729.93894 	 3544.97989 	 14384.13837 	 13675.69246 	 15895.10648 	 5852.75766 	 6525.59575 	    0.00000 	 
   0.00000 	  737.00498 	 1207.50932 	  581.97847 	  354.13158 	  538.60212 	  805.09765 	  897.94458 	  559.68005 	  569.14488 	  871.75432 	 2435.79642 	  378.86203 	  734.11825 	  926.23487 	  336.45075 	  542.47123 	  750.45627 	 1138.84622 	  473.70612 	  447.56389 	 2234.89779 	 2684.02554 	  426.71562 	  640.21606 	 
 727.91851 	    0.00000 	  387.47410 	  740.03263 	  429.53796 	  358.54463 	 1487.58407 	 1683.01994 	  459.38041 	 1297.84856 	  677.11510 	 2919.59185 	 1022.31464 	 1115.22315 	  704.52249 	 1024.87970 	  213.39967 	  113.78316 	 1642.44920 	  232.51045 	  527.84447 	 3117.85682 	 2146.93458 	 1037.11211 	   25.64769 	 
1142.61003 	  353.27293 	    0.00000 	  761.34577 	  902.75761 	  520.68782 	 1851.21987 	 2241.73365 	  440.08087 	 1237.07903 	 1583.34175 	 3286.71320 	 1301.24619 	  905.28153 	 1460.22621 	 1687.63227 	  242.66936 	  296.43896 	 2770.34423 	  396.54428 	 1140.45327 	 2120.68873 	 2844.94480 	 1125.51227 	  522.23073 	 
 667.76796 	  779.82914 	  872.50452 	    0.00000 	  200.65397 	  311.82777 	  622.55790 	  930.41506 	  215.66189 	 1211.87441 	  506.73097 	 1845.27009 	  568.10525 	  939.22742 	  426.04219 	  625.69808 	  615.02048 	  770.80010 	 1372.78912 	  472.48611 	  207.76315 	 1524.44193 	 1582.82542 	 1113.71431 	  612.09047 	 
 428.02281 	  340.64425 	  783.41823 	  328.31203 	    0.00000 	  197.17552 	  687.81336 	  940.24049 	  173.39299 	  643.93330 	  445.29540 	 2311.96758 	  385.14785 	 1200.61014 	  561.90743 	  827.14126 	  414.17633 	  457.95950 	 1723.00165 	  234.19395 	  269.33221 	 2238.82359 	 1969.50708 	  885.83395 	  397.28688 	 
 713.62594 	  260.07881 	  631.78087 	  237.77667 	  244.51985 	    0.00000 	 1077.26970 	 1499.79350 	   99.86205 	  942.03640 	  516.02093 	 2369.27437 	  475.76679 	  775.61307 	  698.70713 	  817.76162 	  368.62354 	  261.44445 	 2123.34206 	  114.74343 	  453.66018 	 2588.27900 	 2435.84261 	  655.17299 	  222.03589 	 
 660.04705 	 1370.25111 	 1194.33630 	 1016.39570 	  679.50055 	  883.69457 	    0.00000 	  703.46532 	  791.42167 	  178.36595 	  370.43947 	 1235.03227 	  305.68896 	 1088.96389 	  726.57290 	  484.15138 	 1143.57781 	 1169.26052 	  874.85614 	  783.93652 	  572.02928 	 1719.76465 	 1394.20415 	  780.76118 	 1177.00263 	 
1132.69128 	 1595.49873 	 1991.15883 	  864.76692 	 1306.87668 	 1579.01455 	  699.14809 	    0.00000 	 1317.53972 	 1126.67157 	  599.27272 	  719.48228 	  855.27307 	 1754.80966 	  846.66102 	 1257.60863 	 1303.23820 	 1250.15169 	  472.52962 	 1586.84234 	 1014.55194 	  952.51460 	 1212.58408 	 1911.34013 	 1605.29808 	 
 460.47789 	  474.54249 	  566.23323 	  174.00546 	  286.89453 	  111.81387 	  727.61114 	  922.29364 	    0.00000 	  923.05177 	  729.40115 	 1956.92068 	  721.82237 	  930.13413 	  421.02782 	  872.05703 	  424.76929 	  507.18857 	 2038.10231 	  161.41681 	  456.00123 	 2638.24170 	 2461.47292 	  808.29503 	  328.87611 	 
 653.02121 	 1451.58061 	 1917.86793 	  845.73748 	  921.98844 	 1298.73632 	  284.19158 	 1014.69532 	 1031.06178 	    0.00000 	  734.50188 	 1123.18785 	  598.38807 	 1071.09960 	  870.70892 	  362.50105 	 1129.65150 	 1215.97070 	  758.97681 	 1334.58701 	  585.80993 	 2106.79137 	 1401.94626 	  719.28917 	  914.99815 	 
 538.30660 	 1059.47221 	 1064.59999 	  364.95241 	  439.74870 	  560.80166 	  528.29224 	  528.72410 	  614.25011 	  596.24371 	    0.00000 	 1674.26275 	  284.15320 	 1090.51893 	  440.72862 	  863.67768 	 1343.29568 	  777.50169 	 1238.98474 	  653.20644 	  292.87988 	 1389.19771 	 1492.79340 	  981.98977 	  757.42915 	 
2277.44383 	 2478.33244 	 2142.19604 	 1748.10624 	 2024.40338 	 1816.38548 	  887.57226 	  855.42262 	 1667.84844 	 1447.75150 	 1642.44029 	    0.00000 	 1620.20104 	 1770.91841 	 1450.77524 	 1979.11361 	 1997.39384 	 2164.78306 	  353.40310 	 1801.66116 	 2006.65071 	  374.48544 	 1279.54092 	 2387.20267 	 2378.43791 	 
 251.14095 	  610.58756 	 1243.31620 	  356.59767 	  470.48256 	  747.32414 	  516.06429 	  839.86448 	  804.52916 	  572.60791 	  424.75621 	 1458.21950 	    0.00000 	  998.41703 	  836.73924 	  299.10343 	  935.31221 	  896.01275 	 1302.03604 	  488.40033 	  276.32730 	 1476.67853 	 1382.53703 	  600.17337 	  959.07117 	 
 721.85343 	  956.09275 	 1540.33280 	 1406.85646 	 1219.39183 	 1109.62688 	  828.90542 	 1928.07149 	  977.86411 	 1201.28156 	 1363.31685 	 2541.29311 	  761.94067 	    0.00000 	 1764.74348 	  742.82877 	 1402.79232 	 1014.67683 	 1801.28440 	  892.26065 	 1332.50192 	 3209.04691 	 3033.61115 	  160.56954 	 1123.57377 	 
 652.51514 	 1127.71941 	 1332.69783 	  245.21844 	  491.27821 	  450.99805 	  946.01370 	  718.57080 	  377.17933 	 1245.03666 	  284.19713 	 1263.47072 	  710.45800 	 1729.98404 	    0.00000 	  820.03312 	 1208.40634 	 1187.52418 	 1257.93295 	  573.62186 	  379.71977 	 2008.98588 	 1486.53192 	 1098.42869 	  774.91232 	 
 362.60239 	 1099.03283 	 1296.51535 	  672.31305 	  828.85179 	  974.12134 	  523.96296 	  881.85317 	 1144.10031 	  375.57410 	  765.05989 	 1559.69271 	  344.06634 	  513.44211 	  848.47788 	    0.00000 	  936.60201 	 1326.06643 	 1158.43140 	  999.87292 	  542.17430 	 2191.15274 	 2502.62335 	  406.79172 	  783.56381 	 
 872.44093 	  193.77819 	  192.84443 	  645.75752 	  587.19490 	  361.26293 	 1659.41885 	 1752.92588 	  445.97923 	 1309.95482 	 1370.50891 	 1982.26348 	 1125.73700 	 1099.89807 	 1055.32509 	 1001.44101 	    0.00000 	   90.63871 	 1687.06088 	  312.01760 	  943.18455 	 3255.08920 	 2200.22269 	  979.92700 	  278.38895 	 
 505.08345 	  119.44533 	  340.43492 	  636.41552 	  399.81787 	  375.99755 	 1584.80948 	 1207.64473 	  550.46436 	 1076.43740 	  905.90029 	 2282.44835 	  948.36132 	 1034.74651 	 1093.13026 	  777.07531 	   94.88434 	    0.00000 	 1554.88484 	  280.95069 	  863.56243 	 3057.32299 	 1702.05913 	  835.42026 	  149.17748 	 
1579.01707 	 2141.78614 	 2776.27507 	 1281.25451 	 1602.11622 	 1872.83408 	  693.80626 	  487.53572 	 1521.54597 	 1242.62244 	  848.80482 	  464.75918 	 1341.79567 	 2350.39558 	 1487.54392 	 1062.47756 	 2747.32381 	 2429.40730 	    0.00000 	 1630.66048 	  912.45557 	  696.21279 	 1001.61222 	 2016.96424 	 1931.61753 	 
 665.64436 	  235.74998 	  348.00741 	  377.28715 	  313.03034 	  106.87042 	  828.51447 	 1192.24133 	  151.15064 	 1058.57589 	  659.16206 	 2701.27423 	  529.20932 	 1068.71178 	  673.08867 	  767.87889 	  259.69230 	  207.47741 	 2073.73586 	    0.00000 	  708.97248 	 1903.73603 	 2072.02091 	  852.15599 	  234.77536 	 
 604.39545 	  874.03987 	  875.52156 	  191.56106 	  388.54498 	  513.35998 	  561.21731 	  899.40479 	  566.97633 	  833.28006 	  271.88600 	 1517.07421 	  186.89009 	  896.04346 	  530.43810 	  595.93226 	 1107.79652 	  858.53096 	  978.76295 	  571.37066 	    0.00000 	 1568.05565 	 1310.31147 	  612.23831 	  694.19849 	 
2128.07546 	 3148.77061 	 2323.87579 	 2166.04272 	 1776.42715 	 1535.40965 	 1728.44575 	  804.27004 	 1926.91844 	 2069.98915 	 1171.83801 	  310.70461 	 1458.17252 	 3241.63180 	 2007.51464 	 1473.23856 	 3198.28063 	 2058.09099 	  831.49981 	 1597.21015 	 1717.53183 	    0.00000 	  731.64720 	 1720.95136 	 2818.97724 	 
2647.53315 	 2154.44410 	 3171.16136 	 1289.96662 	 2227.72620 	 2345.35393 	 1257.28571 	 1153.13385 	 1982.12022 	 1428.22242 	 1425.38710 	  744.11648 	 1610.00786 	 3355.14922 	 1089.19458 	 1632.36298 	 2819.40782 	 2966.83069 	 1363.28943 	 1956.39362 	 1266.32959 	  774.49283 	    0.00000 	 1817.09385 	 1753.66775 	 
 515.78734 	  855.57786 	  948.52138 	 1022.61558 	  764.57480 	  778.88245 	  768.86813 	 1119.57556 	  997.02706 	  951.31533 	  989.29837 	 1978.00212 	  470.28750 	  229.25743 	 1320.14970 	  427.23286 	 1145.43642 	 1183.67040 	 1864.36660 	  738.96752 	  956.08156 	 1805.91704 	 3155.89185 	    0.00000 	  842.37787 	 
 650.06077 	   42.08752 	  328.58282 	  530.53727 	  440.57652 	  252.81072 	 1184.13526 	 1314.54848 	  303.81395 	 1068.90719 	  857.78805 	 2217.77047 	  918.75899 	 1014.62179 	  763.53614 	  765.16672 	  203.12286 	  118.22390 	 1751.82891 	  185.24581 	  615.68715 	 1751.62022 	 2052.45053 	  754.10309 	    0.00000 	 
   0.00000 	 4925.72586 	 9714.82892 	 20450.27746 	 5735.89629 	 7772.41325 	 12965.40250 	 2902.99238 	 11390.31215 	 8084.92679 	 3320.63299 	 6618.65921 	 9722.45171 	 28979.37268 	 4032.39679 	 12924.06481 	 59419.56646 	 13207.89664 	 1289.87619 	 5897.37290 	 6844.90153 	 7540.54170 	 3496.79866 	 9795.33338 	 17092.13222 	 
5025.47777 	    0.00000 	 14090.93681 	 16643.02109 	 2527.58421 	 5453.11045 	 3623.14282 	 3910.69896 	 5381.13578 	 3723.88044 	 2811.75379 	 8550.65600 	 1231.30650 	 7911.88230 	 1430.37270 	 4514.65020 	 27983.44097 	 6159.57700 	  883.28495 	 6257.83232 	 3566.79223 	 5698.13830 	 2898.04048 	 2478.31710 	  718.51454 	 
9677.68387 	 10028.80926 	    0.00000 	 37342.73339 	 6231.85510 	 12718.15223 	 5008.09312 	 5476.43686 	 19365.25037 	 4169.80689 	 2492.23265 	 23524.38153 	 1641.40190 	 23133.97237 	 4969.15300 	 2534.46847 	 172682.58512 	 45118.30417 	 3280.22074 	 11694.39687 	 7040.84409 	 13947.09111 	 4396.88007 	 10190.99472 	 61739.89296 	 
25833.64716 	 11417.73187 	 37218.02198 	    0.00000 	 19581.97931 	 26098.74389 	 15181.85302 	 32965.84874 	 61017.29771 	 13425.46616 	 32915.24820 	 65520.71128 	 10289.44909 	 45886.41698 	 56748.08321 	 10565.84427 	 183436.13931 	 31371.64340 	 14989.47737 	 20853.55034 	 48568.34418 	 45703.09460 	 10576.74389 	 21694.76784 	 42147.80225 	 
4029.88416 	 2479.74911 	 5215.87625 	 15387.07717 	    0.00000 	 7984.88145 	 3683.34521 	 1230.93126 	 5335.70812 	 1582.67912 	 2877.76103 	 6185.07066 	 2221.19810 	 7657.38448 	 1447.11432 	 1057.08562 	 21309.07760 	 5156.61977 	 1043.87371 	 3979.38701 	 3822.44955 	 2740.69696 	 1135.99172 	 4270.72575 	 8036.10326 	 
5944.46521 	 5692.84639 	 14895.85017 	 36397.44168 	 5841.68594 	    0.00000 	 4462.45717 	 3093.42476 	 8433.43901 	 3712.63886 	 2388.98011 	 13044.05060 	 1722.49515 	 18966.78088 	 3989.41892 	 2284.30559 	 61877.62013 	 12155.41943 	 3120.42967 	 5785.65662 	 6198.74166 	 7749.39405 	 2826.39320 	 6876.61137 	 13105.68739 	 
10783.48746 	 2874.05868 	 5670.28863 	 15054.13234 	 2940.72061 	 6313.45670 	    0.00000 	 13881.84061 	 5448.49206 	 44379.85455 	 9269.80906 	 33178.31980 	 8661.49001 	 8497.01553 	 3956.35309 	 16518.87442 	 30846.02627 	 5823.85952 	 4049.61728 	 3353.51218 	 12862.75535 	 11852.52894 	 5763.84826 	 2496.79514 	 10251.51895 	 
1971.97920 	 3474.20689 	 6707.75880 	 22056.27221 	 1372.06294 	 4478.03441 	 8419.18765 	    0.00000 	 3962.94165 	 6383.59445 	 9843.69782 	 22194.24104 	 1778.21169 	 4283.57339 	 10473.05628 	 2195.68437 	 27765.63680 	 5904.87178 	 6199.14751 	 3221.67244 	 6760.67210 	 17561.66985 	 8844.61793 	 1371.01022 	 7726.60121 	 
8112.23284 	 6659.70091 	 12705.15348 	 53555.64975 	 6533.17456 	 13302.26824 	 5831.74830 	 5784.30844 	    0.00000 	 3156.66014 	 6085.10346 	 19911.30821 	 4214.80170 	 17331.41160 	 8927.03049 	 3360.62616 	 93758.76291 	 16738.33408 	 4038.91152 	 9716.07764 	 15179.84994 	 16694.12655 	 3832.82158 	 12579.49379 	 23301.85516 	 
7253.40393 	 5066.01959 	 4026.60591 	 13176.74527 	 2116.07151 	 2524.18267 	 28183.17776 	 8834.46749 	 3859.04411 	    0.00000 	 3431.56897 	 12818.35861 	 4859.72676 	 6188.78192 	 2642.11295 	 14997.23569 	 24238.79961 	 5574.89096 	 2270.62990 	 3377.05411 	 7961.32586 	 6349.46580 	 3143.99691 	 1792.31679 	 4642.83707 	 
3857.94842 	 2533.23239 	 4183.74573 	 21682.79709 	 2483.43615 	 2908.69501 	 10644.29681 	 8953.19879 	 6518.15071 	 5101.34953 	    0.00000 	 14711.60061 	 2636.48626 	 4304.42741 	 8524.37274 	 3053.11166 	 18424.86633 	 3993.63003 	 3529.52808 	 1875.75466 	 14981.77114 	 7771.34934 	 3268.46538 	 2243.06368 	 5561.77663 	 
7680.31795 	 8111.41191 	 23274.74380 	 50339.29141 	 6900.14386 	 18223.93718 	 19375.82748 	 32283.51246 	 16369.75802 	 17082.01171 	 19761.62008 	    0.00000 	 5159.60244 	 18137.57032 	 16703.11689 	 8799.03240 	 99757.14396 	 24080.87096 	 29867.09788 	 8102.81761 	 20390.07776 	 116024.37869 	 37272.01612 	 3348.83804 	 30785.39006 	 
9213.83198 	 1125.64485 	 2219.15310 	 9349.89366 	 1655.52298 	 2017.68801 	 5928.52512 	 2199.40927 	 3432.17895 	 4375.77691 	 2733.36533 	 5875.13611 	    0.00000 	 2419.41272 	 1123.05098 	 7304.03157 	 8314.96373 	 3289.40226 	  580.78009 	 1352.23765 	 5771.93138 	 3258.11487 	 1134.69074 	 1146.61175 	 5313.49405 	 
27766.09467 	 6474.06694 	 22590.08922 	 48934.35632 	 8484.16167 	 18140.22387 	 6596.52542 	 4316.91826 	 20739.56614 	 7786.28190 	 4555.01802 	 19161.73087 	 3695.24645 	    0.00000 	 6301.07552 	 9319.34133 	 158956.30964 	 23604.49017 	 1299.55584 	 14533.37487 	 9926.96105 	 5829.36591 	 1571.45981 	 19050.57618 	 20910.12554 	 
3017.80406 	 1159.08734 	 8080.76752 	 65249.82367 	 2514.85592 	 4247.91658 	 5027.80647 	 6985.29215 	 8390.74584 	 3428.86879 	 7453.34356 	 16583.31568 	  892.48874 	 6190.02450 	    0.00000 	 2653.86228 	 22209.20420 	 7665.19640 	 3717.17963 	 3428.69696 	 10075.88647 	 11053.57277 	 6755.45292 	 2205.56849 	 12288.18317 	 
11711.89580 	 5675.85477 	 4269.38917 	 12757.86850 	  970.23387 	 1437.65370 	 9766.41502 	 2600.47064 	 3988.54254 	 23900.30576 	 2988.37185 	 8539.53232 	 5907.29537 	 10638.86787 	 2193.34633 	    0.00000 	 21299.91022 	 4161.64969 	  935.34534 	 2011.21118 	 6180.20486 	 7048.39598 	 2404.53277 	 4271.55313 	 4207.26515 	 
49934.23221 	 25202.07797 	 171788.75796 	 152271.16349 	 17764.91840 	 71673.15703 	 26096.64109 	 21642.22626 	 79756.54799 	 29714.05948 	 12580.47711 	 91585.13564 	 9575.13553 	 156100.07054 	 27860.78932 	 17129.77439 	    0.00000 	 7747.25177 	 11346.94805 	 46155.64467 	 34570.49688 	 54877.82288 	 13004.07370 	 35639.81534 	 119186.34112 	 
9025.26274 	 6984.20869 	 30991.17862 	 44034.56929 	 7118.13152 	 15084.40046 	 8210.61127 	 6165.32015 	 25753.31040 	 6964.04838 	 5714.51479 	 22727.54790 	 3149.67195 	 21885.52973 	 7380.46509 	 3163.44345 	 7283.79043 	    0.00000 	 3562.34185 	 39260.12275 	 10328.78268 	 18800.52043 	 4331.94820 	 6516.47704 	 8698.70401 	 
1546.40424 	 1008.78619 	 2712.50069 	 14295.02214 	 1087.56777 	 3305.90347 	 5446.37998 	 8530.36505 	 3148.84254 	 1749.53690 	 2693.10777 	 34268.74348 	  582.34418 	 1122.32849 	 3965.74860 	 1108.01203 	 9097.37437 	 2202.51297 	    0.00000 	 1824.09532 	 3142.26622 	 11068.73903 	 3367.88069 	  571.68883 	 3810.17948 	 
6064.14820 	 8094.44260 	 13230.85963 	 29817.81243 	 3023.32551 	 5516.44314 	 2232.41348 	 2837.10403 	 11513.72887 	 3994.00742 	 2036.41206 	 13465.17170 	  902.99014 	 17631.74444 	 1904.92320 	 1771.60805 	 64014.25820 	 30516.18060 	 1341.02475 	    0.00000 	 6484.05318 	 6392.51308 	 2364.49266 	 6481.76515 	 10356.05140 	 
5885.49479 	 4645.88331 	 7886.02096 	 39842.33541 	 3958.81090 	 6170.11491 	 10059.68925 	 7779.03359 	 12064.70557 	 5798.04924 	 13756.51668 	 16241.42470 	 4357.23945 	 7900.76115 	 9618.44225 	 4242.26634 	 24969.91230 	 7991.79705 	 2917.78567 	 3801.82730 	    0.00000 	 12003.54296 	 3862.17663 	 3012.16124 	 9500.35221 	 
5107.59688 	 7868.64254 	 22277.83308 	 37455.16196 	 3723.21371 	 7166.84772 	 14871.69226 	 20925.14751 	 15524.45093 	 8083.44096 	 9218.94173 	 71204.31045 	 2952.32751 	 9160.36151 	 14135.84482 	 5797.84191 	 85743.02950 	 13000.77881 	 11983.46801 	 8255.20316 	 8033.75312 	    0.00000 	 44325.97215 	 2993.41556 	 18869.48036 	 
2516.01108 	 2729.97053 	 4958.49535 	 12250.32706 	  999.61057 	 2051.15899 	 6166.56242 	 9204.15406 	 4006.71316 	 2701.92789 	 3371.70996 	 24029.04395 	 1364.14212 	 1994.31431 	 4857.36528 	 1905.43133 	 14633.06603 	 3699.71568 	 3322.50560 	 2712.16905 	 3876.69793 	 40617.97113 	    0.00000 	  785.66702 	 5948.69109 	 
9932.51346 	 1642.06437 	 6778.59489 	 14345.99696 	 4003.62408 	 7781.76729 	 3430.20591 	 1203.08998 	 15141.65426 	 1717.50059 	 1785.90920 	 4736.23296 	 1358.26053 	 17355.22449 	 2916.99410 	 4521.97196 	 20465.22910 	 5161.20305 	  556.24024 	 6396.37609 	 4229.70603 	 2243.51753 	  924.98272 	    0.00000 	 4417.66228 	 
18185.96814 	  455.63434 	 50007.04792 	 49466.36157 	 8124.74516 	 14695.96176 	 12654.13771 	 6063.57950 	 25331.54259 	 6118.34262 	 6603.73020 	 29885.74498 	 4142.45853 	 22181.51432 	 12538.65882 	 5198.06641 	 123239.96147 	 12150.03550 	 3807.24184 	 15989.28151 	 11357.19523 	 15300.09308 	 5103.47884 	 4974.21410 	    0.00000 	 
   0.00000 	  535.18824 	 1074.23827 	  731.28575 	  465.95654 	  610.23616 	  501.68069 	 1127.47805 	  536.25993 	  541.75403 	  484.62461 	 1727.51639 	  337.33302 	  627.39133 	 1087.75996 	  355.76356 	  973.45835 	  474.92814 	 1940.36754 	  470.02761 	  552.39104 	 2737.69147 	 2083.57314 	  524.46308 	  407.03819 	 
 626.01570 	    0.00000 	  301.99865 	  474.15320 	  525.80409 	  348.18214 	 1161.95917 	 1595.24135 	  452.02848 	  973.61709 	  873.12167 	 1710.92779 	  724.60990 	  917.96680 	  975.19306 	 1040.79043 	  186.02692 	   68.67179 	 2165.95582 	  193.08040 	  724.15619 	 3019.80654 	 2492.36469 	  592.65835 	   31.89680 	 
1228.78869 	  357.64901 	    0.00000 	  903.94086 	  956.09618 	  569.93667 	 1983.78786 	 2181.09116 	  526.72288 	 1652.90630 	 1322.84726 	 3005.57660 	 1399.39936 	 1514.58915 	 1316.04424 	 1530.81121 	  150.32224 	  278.93377 	 2895.02736 	  498.47606 	 1347.95124 	 3000.32509 	 3150.59208 	 1016.98794 	  469.06995 	 
 494.37270 	  748.05046 	  988.33870 	    0.00000 	  284.75932 	  361.61464 	 1004.55138 	  791.43993 	  275.66867 	  752.67726 	  295.60409 	 1996.63347 	  401.81876 	 1355.08913 	  304.20531 	  808.06334 	  557.81585 	  588.70199 	 1642.89958 	  498.08361 	  197.08423 	 1491.06040 	 2106.99740 	 1305.53962 	  539.58561 	 
 483.53797 	  445.33540 	  840.78266 	  273.90186 	    0.00000 	  163.96215 	  851.66971 	 1232.81731 	  281.12808 	  811.01894 	  464.46267 	 1906.52539 	  469.47996 	 1119.14388 	  561.76810 	  546.43729 	  409.17668 	  543.51804 	 1886.99369 	  234.01320 	  319.09606 	 2210.83640 	 1745.95373 	  824.80697 	  377.68961 	 
 569.64227 	  303.78991 	  607.34781 	  304.80343 	  239.63518 	    0.00000 	  864.32262 	 1515.54773 	   91.83453 	 1096.55615 	  616.68083 	 2493.23987 	  629.75926 	  952.19296 	  636.67162 	  856.75654 	  303.58952 	  301.49806 	 2084.97567 	   98.17957 	  537.93647 	 2704.36729 	 1704.73278 	  759.06130 	  221.63542 	 
 801.10479 	  839.15155 	 1203.17548 	  878.25753 	  826.89689 	 1231.83614 	    0.00000 	  809.56380 	 1120.29963 	  166.81169 	  372.79858 	  892.47705 	  478.60482 	  899.43078 	  615.53088 	  334.86028 	 1644.40579 	 1323.78906 	  866.49264 	 1290.84523 	  403.67503 	 1720.00657 	 1923.44864 	  904.49266 	 1417.84253 	 
 990.38438 	 1559.44354 	 1672.29386 	  903.75380 	  808.36573 	 1351.27009 	  549.88428 	    0.00000 	 1016.08998 	  613.12780 	  484.12770 	  746.57338 	  749.90009 	 1206.99207 	  699.56639 	  949.03112 	 1852.26822 	 1634.78500 	  598.56967 	 1123.75578 	  700.12950 	  969.29354 	  758.87685 	 1681.34074 	 1554.23158 	 
 447.63970 	  427.59929 	  638.09041 	  168.06128 	  172.05026 	   83.21761 	  747.74823 	 1471.02153 	    0.00000 	 1160.35250 	  761.45413 	 2459.57657 	  618.28819 	 1213.39726 	  508.58306 	  963.97598 	  545.74123 	  584.83558 	 1445.74786 	  155.84907 	  437.18795 	 1810.50393 	 2436.61180 	  868.74221 	  464.53223 	 
 510.76254 	 1252.53165 	 2069.49092 	  963.75142 	  818.73948 	  945.66147 	  197.66589 	  879.40175 	 1071.56096 	    0.00000 	  814.20751 	 1294.12158 	  595.61920 	  875.39640 	  783.70960 	  355.04422 	 1433.41697 	 1290.11396 	 1080.73479 	 1052.17243 	  800.31451 	 1277.34483 	 1490.36362 	  955.15170 	 1408.77099 	 
 637.16304 	 1167.86783 	 1466.99382 	  339.62496 	  633.79535 	  570.84980 	  489.65399 	  404.67587 	  584.66280 	  825.16554 	    0.00000 	 1195.70785 	  338.77003 	 1426.34118 	  340.18735 	  544.38281 	 1315.85453 	  897.94219 	 1264.48633 	  695.68270 	  224.96973 	 1455.10637 	 1546.53543 	  735.76900 	 1085.30179 	 
1534.90276 	 2340.04934 	 2886.64169 	 2253.32497 	 1461.88248 	 1992.71109 	 1228.88049 	  973.63949 	 2031.09627 	 1462.01129 	 1233.59392 	    0.00000 	 1749.46851 	 1648.24156 	 1882.51713 	 1214.63129 	 1846.26044 	 2681.41944 	  317.20631 	 1562.99659 	 1959.45285 	  439.81183 	 1198.49501 	 2145.85879 	 2043.20193 	 
 350.12647 	  964.12900 	 1064.17808 	  591.29146 	  290.45413 	  567.39363 	  316.34487 	  739.02979 	  665.54964 	  514.80134 	  427.09074 	 1677.97123 	    0.00000 	  958.87436 	  759.29254 	  326.99558 	 1082.38909 	  686.82770 	 1316.37983 	  484.22127 	  187.58570 	 1777.09525 	 2128.34588 	  719.10540 	  701.84432 	 
 696.87348 	  694.81562 	 1628.61643 	 1299.04058 	 1144.75435 	  824.10501 	 1147.15787 	 1804.05761 	 1259.00582 	  843.73597 	 1365.56071 	 2651.07156 	  838.20348 	    0.00000 	 1216.61537 	  877.62739 	  984.04498 	 1258.55207 	 2326.01800 	 1012.29085 	 1103.90679 	 2173.33364 	 2196.26910 	  175.71808 	  975.74296 	 
 804.07191 	  899.24853 	 1385.38130 	  252.41741 	  576.73671 	  481.52519 	 1099.91399 	  853.31118 	  553.48635 	 1184.46094 	  488.90735 	 1677.07945 	  592.75130 	 1663.95250 	    0.00000 	 1245.88806 	  741.74482 	  797.77302 	 1020.51890 	  614.92550 	  464.08908 	 1983.72998 	 1539.27284 	 1701.85913 	  761.53298 	 
 425.26613 	  828.49379 	 1416.72930 	 1064.25156 	  770.72044 	  798.84354 	  483.39618 	 1031.62230 	  982.31373 	  335.22485 	  858.83700 	 1424.09866 	  336.21304 	  545.39548 	  813.42717 	    0.00000 	 1514.02851 	 1054.59177 	 1528.52194 	 1088.56395 	  633.51036 	 2031.71898 	 2041.98840 	  584.18399 	  759.54329 	 
 736.08111 	  202.90885 	  172.86275 	  755.14673 	  430.34551 	  412.49299 	 1257.77645 	 1172.72266 	  382.98121 	 1506.24668 	 1083.86525 	 2243.72897 	  935.33645 	 1193.11894 	 1120.36493 	 1399.76241 	    0.00000 	   76.43846 	 2100.77589 	  355.20623 	  731.59967 	 2749.76213 	 1725.41066 	 1251.51472 	  182.56238 	 
 521.90170 	   95.05471 	  355.74778 	  536.66405 	  507.68789 	  422.17972 	 1352.49105 	 1627.50163 	  510.70200 	  961.88551 	 1222.24465 	 2405.07433 	 1115.62104 	  934.42490 	  752.38237 	 1123.77607 	   62.23017 	    0.00000 	 1671.74061 	  322.69262 	 1060.35789 	 3130.93043 	 2022.16205 	 1035.12665 	  103.20153 	 
1821.44478 	 2372.47554 	 2421.71925 	 1578.44258 	 1244.43947 	 1750.15659 	  819.15315 	  509.98868 	 2038.25196 	  890.45253 	 1229.75454 	  310.01857 	 1546.75622 	 1563.54695 	 1043.56819 	 1527.91567 	 2106.16277 	 1613.50812 	    0.00000 	 2067.79924 	 1275.27366 	  667.05630 	  967.30470 	 1653.92393 	 1604.90922 	 
 481.95750 	  243.00891 	  382.65031 	  464.88816 	  200.58705 	   77.00887 	 1139.28893 	 1115.07962 	  164.69295 	 1382.30602 	  993.73490 	 1763.20580 	  791.15306 	  748.66000 	  530.64644 	  792.08044 	  238.24524 	  282.74610 	 1382.07315 	    0.00000 	  480.17592 	 1795.12425 	 2199.97955 	  775.44307 	  188.42278 	 
 596.95360 	  645.69825 	 1010.00516 	  300.93777 	  329.78430 	  428.87131 	  393.83290 	  826.91581 	  369.41261 	  575.69469 	  289.71752 	 1907.20652 	  200.33834 	 1166.93579 	  513.60175 	  665.30348 	 1107.44888 	  851.23115 	 1227.52302 	  580.33748 	    0.00000 	 1467.55227 	 1727.12365 	  655.63178 	  885.34023 	 
2123.63996 	 2679.80732 	 2849.11266 	 1553.70487 	 1741.00706 	 2776.56073 	 1143.57503 	  729.44759 	 2352.29317 	 1322.22022 	 1342.58419 	  336.88522 	 1909.57071 	 2571.46569 	 1897.67598 	 1983.72224 	 3018.35840 	 2347.83180 	  560.73291 	 2599.71204 	 1235.28777 	    0.00000 	  545.69701 	 3077.54456 	 1877.01553 	 
2520.23002 	 2851.78834 	 2646.45057 	 1376.99322 	 1616.77473 	 2088.20636 	 1689.18236 	 1105.37519 	 1651.97902 	 2348.04624 	 1701.75193 	  990.12390 	 2164.75145 	 2456.34344 	 1522.70883 	 2482.49273 	 2121.27591 	 2432.04503 	 1072.46959 	 2690.59262 	 2017.73963 	  895.86570 	    0.00000 	 2352.41843 	 2479.76528 	 
 459.95537 	  790.85249 	 1518.09884 	  893.41461 	  660.87805 	  958.47478 	  700.90366 	 1171.95372 	 1180.39174 	  633.06581 	  923.68150 	 1572.66579 	  818.11126 	  237.42561 	 1250.88698 	  360.22401 	 1051.95285 	  809.12379 	 1806.82050 	  723.88712 	  970.52845 	 2913.71124 	 2750.05815 	    0.00000 	  665.31002 	 
 694.11682 	   34.58126 	  398.26496 	  535.38153 	  375.14004 	  299.19337 	 1182.08463 	 1238.26248 	  465.84384 	  938.36320 	 1089.57367 	 2026.76193 	  794.40583 	 1016.35582 	 1118.24398 	  808.28153 	  170.03430 	  135.30188 	 2033.11518 	  236.02738 	  905.56655 	 2548.27643 	 2393.85538 	  685.17204 	    0.00000 	 
   0.00000 	 4735.66434 	 5436.10601 	 23671.14843 	 4242.49415 	 5834.05299 	 10581.70771 	 1715.54058 	 6707.46155 	 5165.42081 	 3823.17961 	 11616.89792 	 12238.90144 	 20170.07687 	 2394.73679 	 7660.88455 	 40888.89352 	 14171.96624 	 1549.76856 	 5938.31044 	 5552.20510 	 6752.81191 	 1968.10531 	 14982.38370 	 20668.42201 	 
7440.14127 	    0.00000 	 15920.34373 	 12250.56256 	 4135.59357 	 6503.79952 	 2938.79779 	 3079.31018 	 7520.24352 	 4574.95913 	 1872.69978 	 9964.71503 	 1229.12486 	 6872.33231 	 1038.16228 	 5055.60326 	 27625.54599 	 8251.40947 	  914.43227 	 9059.53332 	 3920.47993 	 6614.87971 	 3636.33057 	 2555.56562 	  567.32683 	 
7230.30346 	 13932.86221 	    0.00000 	 43586.86618 	 6946.07578 	 10650.08841 	 5941.74873 	 7016.33059 	 18172.71041 	 5355.77692 	 4323.47346 	 24453.82313 	 1976.33986 	 26889.47650 	 7142.50592 	 3282.04987 	 238927.15939 	 34246.99169 	 3732.61406 	 12847.33276 	 7636.52000 	 22092.20673 	 5152.50020 	 8664.59078 	 50163.31855 	 
20421.86278 	 16514.49043 	 35279.65098 	    0.00000 	 22511.55870 	 33504.63780 	 24393.88447 	 35204.38682 	 51042.82984 	 19174.42323 	 35117.59486 	 68131.62221 	 9334.91663 	 54633.36776 	 63810.30164 	 16125.61361 	 204122.52080 	 40028.71593 	 12347.86620 	 21168.28668 	 52546.47863 	 39405.70994 	 16703.25725 	 19892.35020 	 33019.97342 	 
3692.06979 	 2853.63694 	 5894.19038 	 18308.35009 	    0.00000 	 6008.07352 	 3387.08327 	 1516.55344 	 7206.94021 	 2020.00348 	 2923.42466 	 4591.35517 	 1651.52283 	 7951.92111 	 2294.79483 	 1207.41824 	 22010.45896 	 5916.24496 	  820.34618 	 3832.45853 	 4718.73375 	 2730.08350 	  876.16823 	 5952.75425 	 7652.02986 	 
5907.52180 	 6841.03836 	 16745.78862 	 41638.97895 	 5443.74456 	    0.00000 	 3720.58634 	 4486.84373 	 10780.78770 	 2540.58029 	 2646.20282 	 13719.44414 	 2282.16613 	 18829.97726 	 4774.98269 	 1711.94160 	 57187.18811 	 13944.36055 	 2531.04961 	 6263.73809 	 7053.22028 	 5229.21081 	 2152.80223 	 6307.29327 	 18362.01829 	 
12612.67710 	 3189.21118 	 4617.01709 	 19642.19929 	 3101.29527 	 5119.69680 	    0.00000 	 9358.95129 	 7916.55994 	 38984.48703 	 9950.76287 	 28723.70348 	 6671.00268 	 7285.46794 	 5482.25834 	 16657.23381 	 33106.11343 	 5676.50042 	 6363.51991 	 2358.79728 	 12625.14324 	 12156.55681 	 3690.90523 	 1976.50337 	 8068.98624 	 
2661.23728 	 2921.44213 	 7455.38975 	 34893.99663 	 1865.29320 	 3032.08137 	 14706.89041 	    0.00000 	 6674.37031 	 6296.41032 	 8958.75785 	 33883.44504 	 1864.21551 	 4248.98349 	 9599.58359 	 2813.06473 	 20627.36457 	 6435.86138 	 10654.43636 	 3206.45412 	 9036.68996 	 22484.44073 	 8030.02968 	 1031.43179 	 10846.39095 	 
8743.47246 	 7941.10796 	 18258.94119 	 44403.54997 	 7320.19514 	 12530.44797 	 5390.96380 	 6449.12473 	    0.00000 	 4982.38904 	 5523.43517 	 25366.05326 	 4924.37213 	 29897.20904 	 7255.69873 	 5071.91927 	 91026.37633 	 18121.47629 	 3405.78021 	 7860.12671 	 12672.93522 	 15981.43377 	 2980.30310 	 10528.77347 	 19487.75974 	 
7042.27756 	 4885.30524 	 3969.39693 	 19486.54652 	 2053.55309 	 3980.76018 	 28094.63597 	 6407.49432 	 4571.58367 	    0.00000 	 5326.54999 	 19587.10512 	 4552.46752 	 6549.48620 	 2902.71148 	 16811.87102 	 29562.40319 	 6967.21467 	 1885.97850 	 3386.78903 	 8234.56650 	 7608.92522 	 3231.83885 	 2291.25209 	 4127.80841 	 
3419.56543 	 3124.29929 	 4110.24680 	 21457.15598 	 1817.96313 	 3070.27714 	 12562.92020 	 10094.66713 	 6209.52020 	 4963.08439 	    0.00000 	 12463.63835 	 2755.22616 	 4429.65933 	 9578.80049 	 2112.64192 	 15594.48551 	 5203.20947 	 4036.42185 	 2359.93682 	 20106.75783 	 8699.46846 	 3488.06395 	 1280.37313 	 6622.48650 	 
6947.41369 	 6885.59993 	 20491.72131 	 71251.40923 	 5630.30606 	 14966.12837 	 23561.17665 	 29226.84528 	 23750.51240 	 12865.30924 	 17674.90545 	    0.00000 	 6079.50457 	 17902.73000 	 16087.37342 	 10021.60454 	 86480.38823 	 14899.77032 	 25526.97052 	 11994.86293 	 17164.29403 	 119005.91278 	 29814.73671 	 3260.07299 	 18426.71144 	 
11070.53042 	 1312.44169 	 1734.29645 	 12353.41294 	 1378.36877 	 1629.69290 	 5044.60372 	 1252.88157 	 5598.14278 	 3371.16214 	 3081.59532 	 6037.14645 	    0.00000 	 3952.43639 	 1236.68778 	 5833.96108 	 9701.61369 	 2790.65911 	  787.18825 	 1517.82513 	 5527.58540 	 2728.87656 	 1133.91366 	 1668.39386 	 5126.07491 	 
18624.99640 	 9012.66914 	 18191.02150 	 47636.31048 	 6243.77248 	 13198.30774 	 7517.89424 	 3662.35030 	 18804.62170 	 6834.45149 	 5082.52738 	 14051.52015 	 3385.24764 	    0.00000 	 5659.28176 	 9451.20383 	 173257.72840 	 18835.72637 	 1316.72483 	 16229.89453 	 9374.51482 	 7067.39178 	 1317.06663 	 15191.59416 	 21043.06924 	 
4150.68596 	 1487.90223 	 5837.44802 	 44819.83718 	 1884.35799 	 4308.78470 	 4604.33652 	 10557.21182 	 8215.39612 	 2670.36560 	 7454.34469 	 15644.71799 	  798.87740 	 6703.77231 	    0.00000 	 2151.94136 	 30606.76237 	 5304.13205 	 4537.53280 	 2975.46455 	 7682.68677 	 9006.76446 	 6606.39018 	 2299.01892 	 14219.66212 	 
7893.64254 	 6380.53883 	 4045.34277 	 16991.49409 	 1724.27733 	 2529.21983 	 15384.15989 	 2589.27800 	 4524.75336 	 21312.78241 	 2759.26808 	 12071.58948 	 5840.89873 	 11691.42531 	 2308.94321 	    0.00000 	 22591.33109 	 4622.53946 	 1038.60757 	 1936.75976 	 5631.90019 	 6674.66578 	 1437.78118 	 4582.89566 	 5295.29579 	 
51085.43925 	 32252.30338 	 168830.31744 	 202320.35108 	 26558.45944 	 51254.70427 	 35807.84076 	 26390.70478 	 60123.93921 	 24579.04434 	 19383.85239 	 80079.91976 	 11509.57114 	 170473.54761 	 31896.14284 	 17119.09487 	    0.00000 	 10959.16673 	 8801.20980 	 69461.48075 	 38652.77436 	 74658.39700 	 18614.23569 	 32861.56867 	 139989.60681 	 
11891.27067 	 5819.75879 	 47487.74039 	 27570.24524 	 5273.32442 	 14436.93551 	 8943.18836 	 6398.97614 	 18840.90659 	 4887.35372 	 5521.30220 	 25145.13967 	 3249.01950 	 20289.19920 	 6255.53949 	 4846.45631 	 8312.74530 	    0.00000 	 1972.47523 	 30998.74710 	 8869.48445 	 15676.16748 	 5627.36577 	 6354.99798 	 12414.52389 	 
1775.87799 	  750.48480 	 3076.12950 	 18484.23356 	 1133.06305 	 3301.38127 	 5722.71514 	 7735.80580 	 3893.10432 	 2417.37775 	 2813.32606 	 32798.98498 	  833.67567 	  916.16819 	 5655.40736 	  956.40302 	 14074.97135 	 2228.78716 	    0.00000 	 1478.67757 	 3323.20841 	 10150.57837 	 2933.61557 	  522.61284 	 3555.36276 	 
5893.93062 	 9342.18581 	 12116.43553 	 25810.56476 	 4368.71274 	 4076.03075 	 2914.27223 	 3117.08336 	 11999.89352 	 2597.74914 	 2351.47454 	 11611.67598 	 1128.17331 	 10717.08028 	 3049.01647 	 1997.80541 	 66951.32276 	 26918.85010 	 1738.79889 	    0.00000 	 4713.90419 	 6429.80678 	 1710.79975 	 6243.96625 	 9937.96251 	 
5094.03115 	 4620.50114 	 8502.42637 	 31691.44348 	 6868.01772 	 9174.40350 	 11331.65770 	 8216.85550 	 8728.39818 	 6299.27414 	 11709.93969 	 11641.01832 	 7235.44146 	 6819.79690 	 8610.49191 	 4366.08435 	 30431.57378 	 7967.54215 	 3270.45131 	 4859.03629 	    0.00000 	 11755.59533 	 4010.28736 	 4939.19726 	 14807.00248 	 
5399.37304 	 7895.44476 	 13527.57042 	 45513.74180 	 3435.72983 	 4976.72028 	 14312.36921 	 13516.63423 	 15170.78305 	 8804.02232 	 7083.66662 	 98696.29645 	 3069.96118 	 10197.57693 	 9759.28114 	 4852.50453 	 83365.96611 	 10838.56553 	 12814.65749 	 7312.37604 	 9898.55429 	    0.00000 	 32835.22213 	 2853.56253 	 21041.31731 	 
3196.30835 	 3024.74483 	 3009.28271 	 12327.24269 	 1201.04897 	 2172.71031 	 6348.19227 	 6645.83042 	 4891.80223 	 3337.91652 	 3696.73487 	 27165.90229 	 1230.03572 	 1536.68640 	 4853.85617 	 2621.46740 	 19206.86786 	 3674.48909 	 4002.23528 	 2516.14588 	 2784.32148 	 43658.43083 	    0.00000 	  893.89325 	 4180.70094 	 
12491.08048 	 2376.25612 	 9782.35590 	 15967.64511 	 5041.23337 	 8050.21787 	 2837.14110 	  900.71445 	 12797.53073 	 2571.90138 	 1687.40151 	 3758.12262 	 1483.28287 	 20006.68887 	 3519.03074 	 2640.56919 	 28110.13253 	 6577.70825 	  481.88004 	 4031.26138 	 4534.88208 	 2316.06441 	 1148.67524 	    0.00000 	 6184.93723 	 
17293.59450 	  716.67159 	 44371.99858 	 42438.00720 	 9145.17715 	 15483.12653 	 10031.00048 	 9058.69055 	 23405.46336 	 6628.53570 	 7224.41567 	 23275.57837 	 5530.39039 	 24633.69777 	 15619.77026 	 4912.48669 	 188793.25865 	 15278.06230 	 4100.52418 	 16564.25389 	 14144.07957 	 24282.41126 	 5635.71037 	 6073.97970 	    0.00000 	 
   0.00000 	  612.06822 	  778.67016 	  499.77901 	  427.63040 	  718.98673 	  633.92973 	  961.95888 	  621.78131 	  636.47012 	  655.51333 	 1625.16705 	  395.61661 	  585.31862 	  831.81973 	  389.38694 	  531.85572 	  826.85641 	 1503.16042 	  660.89767 	  471.67261 	 2461.43973 	 2279.49432 	  287.99277 	  433.94553 	 
 742.18360 	    0.00000 	  477.16689 	  571.12032 	  521.85815 	  348.44575 	 1276.25937 	 1162.82784 	  442.03175 	 1181.01759 	 1109.78708 	 1632.58626 	  561.94353 	  696.74600 	 1116.27000 	  885.44573 	  192.82157 	   93.87997 	 2072.83113 	  168.25824 	  878.92487 	 2969.77254 	 2867.44698 	 1060.13545 	   44.68100 	 
 748.49455 	  259.38327 	    0.00000 	  678.71572 	  798.91202 	  582.55576 	 1685.08320 	 2022.14777 	  515.65929 	 1576.83856 	 1308.85903 	 3280.57990 	 1392.63156 	 1118.34332 	  946.15359 	 1450.79208 	  152.41557 	  340.26192 	 2152.42042 	  350.73127 	  932.90630 	 2742.42651 	 2845.83724 	 1467.93111 	  452.13185 	 
 435.93287 	  643.11282 	  761.03999 	    0.00000 	  282.97748 	  230.55916 	  781.44554 	  734.88555 	  200.29716 	 1199.58702 	  508.28272 	 1574.22973 	  344.05405 	 1081.70838 	  280.78185 	  948.67593 	  858.06088 	  572.42692 	 1489.89715 	  473.39923 	  180.31059 	 1758.53082 	 2023.26775 	 1023.82922 	  614.57583 	 
 375.56282 	  355.28721 	  624.11487 	  311.89598 	    0.00000 	  203.22737 	  613.04151 	 1248.27181 	  308.88071 	 1057.68160 	  617.49442 	 2100.08254 	  356.93616 	 1067.84731 	  690.04625 	  641.50170 	  492.45863 	  486.55076 	 1453.61093 	  202.92019 	  368.96650 	 1591.20274 	 2182.00229 	  731.15784 	  449.21187 	 
 713.09250 	  398.27809 	  556.41649 	  331.99863 	  228.64303 	    0.00000 	 1257.49709 	 1362.56828 	   77.91339 	  869.21557 	  516.89149 	 1999.64410 	  800.82818 	  911.02142 	  726.99885 	  924.00446 	  480.25543 	  322.02409 	 1697.11108 	  111.48075 	  553.44535 	 2286.76302 	 2442.71370 	 1205.76181 	  225.36660 	 
 910.34456 	 1478.35251 	 1797.30631 	  605.01070 	  708.26468 	  839.95162 	    0.00000 	  792.56634 	  964.94130 	  223.98890 	  467.81241 	  892.47480 	  500.46657 	 1077.02821 	 1066.38684 	  474.67145 	 1351.93307 	 1282.88049 	  965.54647 	  860.32386 	  663.69728 	 1525.29826 	 1790.73431 	  764.61895 	 1036.62049 	 
 871.09982 	 1104.31970 	 1729.61468 	  741.88939 	 1273.58864 	 1559.81800 	  495.25744 	    0.00000 	 1258.08792 	 1093.94891 	  709.24362 	  921.05906 	  655.95980 	 1662.05864 	  629.71206 	 1063.70104 	 1795.30132 	 1748.43815 	  460.48923 	 1345.24049 	  598.17514 	  705.91016 	 1127.02516 	 1923.95938 	 1146.55121 	 
 614.94460 	  342.39426 	  512.33678 	  267.30325 	  291.11909 	  106.40102 	  800.17878 	 1379.72982 	    0.00000 	 1143.80076 	  787.60559 	 1746.58398 	  563.95468 	  843.50568 	  475.93137 	 1209.64726 	  377.09341 	  416.71152 	 1815.63746 	  254.10483 	  576.18712 	 2622.80666 	 2376.50356 	 1215.23272 	  445.89219 	 
 600.54183 	 1372.07002 	 1656.47057 	  775.02953 	 1119.28149 	 1267.44754 	  187.64738 	  822.79415 	 1200.75813 	    0.00000 	  770.73284 	 1608.08128 	  574.23891 	  986.81719 	  989.96259 	  214.95509 	 1672.39335 	 1544.65023 	 1144.11056 	 1455.32232 	  818.80903 	 2070.60781 	 1599.93625 	  941.86783 	 1387.84272 	 
 839.86593 	 1059.92496 	 1152.36712 	  492.95942 	  612.02440 	  859.28149 	  370.42862 	  638.32742 	  704.12350 	  674.51849 	    0.00000 	  956.55911 	  296.16291 	 1145.18671 	  381.15186 	  701.88460 	 1374.42401 	  849.93290 	 1151.03528 	  819.24883 	  253.29557 	 1626.51349 	 1559.78013 	 1216.84995 	  891.58691 	 
1729.33414 	 2643.50133 	 2497.74396 	 2045.19335 	 2384.53849 	 2365.09442 	 1154.07916 	  874.56836 	 2562.05674 	 1524.52737 	 1413.47782 	    0.00000 	 1867.94974 	 1665.20515 	 1934.29217 	 1792.39122 	 2480.31333 	 2693.66892 	  291.78057 	 1608.60743 	 2021.35883 	  358.32129 	  806.78763 	 1880.75640 	 2262.94382 	 
 260.47867 	  559.85269 	  890.20871 	  361.48795 	  383.51487 	  489.89415 	  354.80693 	  793.90582 	  656.49963 	  534.10926 	  388.11769 	 1638.65868 	    0.00000 	  842.45214 	  774.47271 	  269.95885 	  739.75614 	  745.97790 	 1130.46883 	  599.73025 	  273.04022 	 1468.47046 	 1346.87105 	  634.21192 	  654.26382 	 
 684.65831 	  944.64459 	 1395.37212 	 1079.34718 	 1188.86785 	 1076.29025 	 1205.12282 	 1957.78701 	 1431.85096 	 1072.94688 	 1219.19929 	 2124.11030 	  609.77501 	    0.00000 	 1657.20832 	  647.60659 	  791.86322 	 1023.91098 	 1771.93016 	 1054.79380 	  869.81727 	 3005.62131 	 2594.94550 	  205.67293 	 1009.15698 	 
1139.93716 	  979.24986 	 1454.18577 	  335.69915 	  755.92239 	  441.26239 	  866.91758 	  566.83088 	  686.44508 	 1127.30130 	  471.47018 	 1167.92409 	  733.36738 	 1671.54810 	    0.00000 	  788.30631 	 1302.66075 	  719.12164 	 1532.56184 	  896.23543 	  394.55414 	 1136.35842 	 1590.11631 	 1176.42501 	  859.76619 	 
 541.51271 	  924.27143 	 1482.53460 	  639.16511 	  715.67389 	  710.85960 	  353.36775 	 1156.83754 	 1190.92922 	  340.06405 	  650.98465 	 1359.67299 	  251.78377 	  849.73046 	  833.83826 	    0.00000 	 1181.20223 	  965.55283 	 1631.73423 	  900.36090 	  626.98728 	 1530.95130 	 1568.48146 	  586.20166 	 1147.42344 	 
 729.10898 	  203.41006 	  243.20921 	  893.37276 	  569.07115 	  499.90123 	 1381.91425 	 1258.46134 	  424.42493 	 1451.91505 	 1342.05796 	 2315.49952 	  866.15742 	  858.95243 	  829.69594 	 1042.29585 	    0.00000 	   99.14342 	 1508.39035 	  406.47295 	  916.60205 	 2561.01027 	 1798.58169 	 1282.16133 	  247.53230 	 
 774.61917 	   90.93071 	  354.04620 	  684.16971 	  564.28113 	  354.63769 	 1037.68448 	 1741.28816 	  529.66141 	 1633.88071 	 1207.77209 	 2675.98777 	  784.84555 	  960.51851 	  918.28413 	 1232.23566 	   60.11056 	    0.00000 	 2107.67111 	  337.51250 	  884.44578 	 2230.29468 	 2550.42523 	  730.29507 	  118.16083 	 
1788.89654 	 2324.10633 	 2905.69685 	 1272.52313 	 1540.76225 	 1290.71664 	  769.86724 	  653.68006 	 1185.49162 	 1148.17941 	  735.98206 	  456.81063 	 1339.07787 	 2075.25137 	 1099.54613 	  931.76156 	 2504.70557 	 2408.33924 	    0.00000 	 1776.05984 	 1429.74502 	  710.93757 	 1017.89019 	 1463.85346 	 1750.84998 	 
 393.15297 	  238.74657 	  472.21066 	  474.40106 	  307.99102 	  102.95495 	  941.61699 	  911.88153 	  168.18511 	  907.66887 	  719.00377 	 2145.89925 	  495.03427 	 1283.81833 	  759.46135 	 1050.23208 	  375.22176 	  231.09922 	 1862.43722 	    0.00000 	  680.84886 	 1911.53570 	 1745.20813 	  713.30098 	  251.20805 	 
 395.43122 	  906.24240 	  744.02736 	  318.91395 	  248.45693 	  558.84561 	  549.78092 	  885.98444 	  455.19728 	  674.48418 	  232.58882 	 1727.52909 	  216.47008 	 1271.33664 	  462.94689 	  421.52389 	  793.20688 	  602.92991 	 1050.56395 	  448.74875 	    0.00000 	 2209.89121 	 1707.97928 	  714.80669 	  669.06163 	 
2567.00928 	 2249.06637 	 2601.58801 	 2121.12415 	 2079.99811 	 1944.55950 	 1781.35442 	  952.98978 	 1579.37498 	 1261.10603 	 1471.98754 	  372.21419 	 1896.16153 	 2594.55413 	 1684.30008 	 2017.51523 	 2870.92129 	 2267.88166 	  533.72032 	 1584.73114 	 1985.63366 	    0.00000 	  575.45114 	 1984.65456 	 3037.23421 	 
2773.66581 	 1905.06681 	 2788.32953 	 1667.60485 	 2111.91091 	 2410.18661 	 2131.84953 	  939.04564 	 1954.44376 	 2219.69158 	 1806.82463 	 1206.39224 	 2423.51110 	 2139.63137 	 1155.44957 	 1746.63480 	 1989.15967 	 2845.07273 	 1277.65373 	 2062.98298 	 1547.75858 	  645.04848 	    0.00000 	 2760.84293 	 2793.93259 	 
 508.14650 	  686.76428 	  916.42861 	  711.20396 	  895.16397 	  720.84320 	  878.87991 	 1720.81122 	  998.64665 	  860.48831 	  854.66057 	 2686.33737 	  768.65888 	  162.15707 	 1630.47070 	  613.66958 	 1124.82209 	  878.78143 	 2050.72340 	  726.52230 	  684.27669 	 2805.98213 	 2389.55618 	    0.00000 	  861.25924 	 
 500.66673 	   29.56086 	  441.58214 	  639.91870 	  390.39613 	  215.68780 	 1450.44087 	 1297.51710 	  487.54801 	 1546.83271 	 1034.55945 	 2012.09323 	  878.17848 	 1011.67019 	  853.23488 	  938.16687 	  194.35585 	  156.81729 	 2237.43555 	  238.30917 	  586.36136 	 2122.80146 	 2852.66960 	  799.69349 	    0.00000 	 
   0.00000 	 5917.02691 	 5523.21640 	 19557.47565 	 3729.60200 	 4512.45208 	 8262.68653 	 2053.20584 	 10485.54890 	 9202.78197 	 2844.95529 	 8803.07374 	 8542.57647 	 27793.12299 	 2426.91070 	 12278.94635 	 59530.17933 	 9517.42590 	 1450.11439 	 5335.35489 	 7427.28774 	 6772.40498 	 3323.66106 	 15793.68621 	 20538.95796 	 
6493.78140 	    0.00000 	 12167.15101 	 15489.46851 	 4168.82584 	 6175.65631 	 4412.21450 	 2354.76119 	 5565.03809 	 3833.36776 	 1833.90958 	 8624.96039 	 1047.80148 	 6916.64480 	  951.03412 	 6089.60079 	 25486.56076 	 8316.68171 	  949.62876 	 8096.92405 	 4785.33836 	 5182.37010 	 2641.07135 	 1547.15106 	  537.19735 	 
7520.11252 	 14185.31459 	    0.00000 	 31777.26156 	 4730.30130 	 10802.24271 	 6751.20391 	 5959.87905 	 13709.15064 	 4823.87051 	 3827.58897 	 15773.60353 	 1519.25649 	 20615.86750 	 6921.72176 	 4363.97873 	 164116.97618 	 33345.08567 	 2634.42795 	 9257.32413 	 7848.37510 	 19934.93780 	 4698.07328 	 8198.47796 	 49718.18462 	 
16072.01633 	 13961.94305 	 34606.49003 	    0.00000 	 19480.40453 	 37453.36444 	 22528.26359 	 26310.73260 	 57886.22152 	 12005.36896 	 35460.13439 	 47813.77887 	 12102.93654 	 40358.72243 	 60714.59821 	 14266.31821 	 196154.96158 	 27348.94087 	 13848.65948 	 24149.53342 	 54190.65733 	 37854.39674 	 14532.00439 	 15931.66680 	 30892.13434 	 
5966.00600 	 3712.23412 	 6287.36278 	 24513.78329 	    0.00000 	 7632.80052 	 2517.61892 	 1174.53716 	 6242.58410 	 1892.09439 	 2449.11710 	 5476.58929 	 2247.36003 	 6675.59068 	 1941.63480 	 1435.48008 	 30529.09447 	 5220.67246 	  858.74057 	 4722.79108 	 6062.26030 	 3122.94109 	 1003.37522 	 5947.13699 	 8293.85404 	 
7490.05013 	 4645.46151 	 14624.53085 	 42413.99465 	 8978.73847 	    0.00000 	 5538.33626 	 4147.54758 	 10842.03974 	 4416.46456 	 3088.91854 	 14194.57358 	 2464.96766 	 19241.05460 	 5254.97565 	 2266.55182 	 54264.20973 	 15015.39144 	 3533.44891 	 5577.85367 	 6212.74231 	 8433.02746 	 2151.07978 	 7311.57401 	 17492.05989 	 
11266.13160 	 4749.94056 	 6182.72999 	 25911.02176 	 3083.12708 	 5479.23379 	    0.00000 	 10907.03382 	 7851.88261 	 33711.49964 	 8558.17217 	 19181.87834 	 8426.45530 	 10251.65447 	 4550.54235 	 11714.60574 	 30486.33342 	 5737.43062 	 4365.18502 	 3252.12372 	 8198.72378 	 10616.42103 	 6018.98495 	 3139.77759 	 12167.42638 	 
2336.53226 	 2699.08369 	 4158.04011 	 20215.17363 	 1632.98640 	 2548.93465 	 12635.97654 	    0.00000 	 4598.35097 	 7722.94602 	 10599.45879 	 36397.53383 	 2308.34008 	 3727.88388 	 7504.14628 	 1872.52828 	 19641.99988 	 6482.26656 	 11194.37286 	 2322.68356 	 7884.15931 	 17517.70085 	 5784.19383 	 1401.39778 	 6014.45705 	 
8318.94347 	 4918.34182 	 16931.82915 	 48154.91725 	 5366.00592 	 9112.34425 	 5204.96103 	 4256.65537 	    0.00000 	 4776.65054 	 6048.63648 	 24287.13955 	 5294.18030 	 17276.87930 	 10334.32182 	 4215.37272 	 81916.33562 	 16067.23758 	 3506.35563 	 10271.79672 	 8711.44603 	 15573.87364 	 3810.16001 	 16323.40054 	 16099.92406 	 
7682.54999 	 3926.00098 	 4548.08955 	 17527.73926 	 1608.13925 	 3386.34980 	 40594.52661 	 7299.43050 	 4185.74689 	    0.00000 	 4744.16959 	 16328.00596 	 3243.51309 	 8259.94770 	 2194.80017 	 21433.31673 	 34623.38487 	 4575.94309 	 1943.67252 	 2990.62722 	 8584.96933 	 10155.03484 	 2780.52646 	 2450.34257 	 5482.50578 	 
2787.13040 	 2434.26382 	 3296.53645 	 27458.70588 	 2451.31093 	 3149.07206 	 12147.50936 	 9699.81845 	 5227.29702 	 4663.99457 	    0.00000 	 12816.19809 	 2240.68076 	 3697.98834 	 5450.32260 	 2933.28362 	 16436.70528 	 5240.85964 	 3113.61721 	 2120.67093 	 12448.25581 	 6317.18719 	 2625.13553 	 1624.78347 	 8595.53544 	 
8900.74606 	 6233.95428 	 27484.51241 	 78850.93793 	 5494.20064 	 18439.01935 	 27354.54669 	 36559.63607 	 25796.64759 	 20447.97491 	 11798.15957 	    0.00000 	 3835.70085 	 13580.43688 	 18900.89859 	 12562.56193 	 105656.32253 	 19950.40785 	 39653.18161 	 13384.53490 	 13576.75045 	 105320.31792 	 29478.46203 	 3276.10987 	 18334.79743 	 
9299.64622 	 1516.16781 	 1962.40963 	 15559.80893 	 2141.71493 	 1784.55584 	 6837.89233 	 1264.28226 	 5566.32613 	 3418.47892 	 2300.85001 	 5612.73397 	    0.00000 	 2656.25706 	  795.28720 	 6069.07434 	 13260.68779 	 3085.31245 	  554.05572 	 1381.73386 	 6114.17080 	 2326.89803 	 1172.52356 	 1702.62966 	 5222.07330 	 
18868.98820 	 7377.08847 	 17403.78690 	 55149.85818 	 8352.38503 	 19006.28208 	 7209.53646 	 2749.38863 	 19951.91570 	 8799.99220 	 4536.01612 	 12191.59688 	 3021.32595 	    0.00000 	 5395.67647 	 10575.57983 	 170781.13756 	 30658.04694 	 1004.61627 	 12996.19159 	 6369.66940 	 8885.13510 	 2242.62424 	 20012.23859 	 26601.33132 	 
3938.66856 	 1447.85021 	 6360.52018 	 36742.62308 	 2309.10232 	 4133.02983 	 5152.31320 	 8913.61503 	 10076.20892 	 3212.74576 	 9473.96066 	 15028.47853 	 1128.27323 	 5471.80037 	    0.00000 	 2203.02241 	 25001.55343 	 6582.31295 	 3516.13370 	 1988.19568 	 7763.70391 	 15602.24393 	 4602.60759 	 2578.77951 	 10934.59411 	 
11536.30793 	 4977.61693 	 2646.39649 	 15704.82939 	 1708.27180 	 2369.15116 	 9648.71957 	 2047.16651 	 5088.33632 	 23073.70056 	 2301.72346 	 8191.32150 	 4443.79445 	 12140.45347 	 1957.50070 	    0.00000 	 23475.51185 	 4574.10756 	  688.19419 	 1580.75501 	 4172.19608 	 7331.39444 	 1715.86251 	 4184.82281 	 5508.34382 	 
38737.58690 	 22206.38092 	 169549.32089 	 164580.89265 	 31776.26935 	 44948.60114 	 24383.54047 	 23106.82906 	 87152.26542 	 33106.58946 	 19290.00362 	 82591.20770 	 12744.68121 	 202527.45254 	 25059.22406 	 16874.13494 	    0.00000 	 10871.42791 	 9895.21125 	 55883.36523 	 40692.92760 	 59654.54059 	 11230.29734 	 25372.70867 	 166538.61503 	 
14520.82005 	 5965.38673 	 31573.97620 	 36495.13694 	 6576.39618 	 11930.31340 	 6048.06954 	 6381.59862 	 14265.11391 	 4711.69924 	 3152.57867 	 20388.44502 	 2986.48973 	 28444.94283 	 8545.97098 	 4820.95333 	 7657.96203 	    0.00000 	 2130.10672 	 35472.17782 	 7439.28571 	 17904.63873 	 3811.56787 	 4543.17506 	 14380.35668 	 
1050.83992 	  717.81598 	 3532.77037 	 16190.34550 	 1284.04079 	 3311.63101 	 6109.45959 	 8277.36634 	 4572.57567 	 1577.95452 	 3042.43834 	 38239.84538 	  634.59023 	 1057.13451 	 4877.27240 	  659.62558 	 13224.14295 	 2645.64076 	    0.00000 	 1874.12735 	 4152.93813 	 12038.64843 	 4063.00826 	  725.25765 	 2916.76390 	 
4511.16621 	 8433.48904 	 14968.17465 	 22731.37639 	 3716.53008 	 5907.29887 	 3708.50098 	 2381.35121 	 9290.07278 	 4115.23020 	 2239.38094 	 13284.33974 	 1549.13464 	 17481.50879 	 3377.59800 	 1395.15102 	 77587.52435 	 37483.94616 	 1718.81679 	    0.00000 	 5663.90092 	 6360.78887 	 1563.64640 	 6272.47525 	 13240.33357 	 
6485.87939 	 4595.80285 	 7635.18572 	 52721.25582 	 6433.63177 	 5994.84750 	 11936.14698 	 6074.27886 	 12306.86086 	 7885.11876 	 15220.36309 	 12305.64258 	 7146.04203 	 7858.28166 	 9354.34355 	 5889.80507 	 37490.86555 	 8751.97627 	 3694.49369 	 4202.70289 	    0.00000 	 12020.07763 	 2556.48026 	 4169.51912 	 12174.45143 	 
4719.47590 	 7301.74936 	 16025.87621 	 43477.52695 	 3171.06375 	 8044.53004 	 15583.92113 	 17302.36800 	 16190.65088 	 9305.51769 	 7808.96523 	 75646.20614 	 3429.98379 	 6912.67275 	 9278.21896 	 7360.49307 	 87239.02501 	 13379.27256 	 9625.22442 	 8480.29082 	 10339.05719 	    0.00000 	 44559.14272 	 3132.20519 	 25659.19293 	 
2622.05001 	 3918.24239 	 5034.47876 	 16477.10469 	 1267.59403 	 2435.89606 	 6253.38755 	 8377.10895 	 3983.87808 	 2506.06133 	 3934.82074 	 28986.24450 	 1267.38121 	 1706.14448 	 7936.63390 	 2264.10690 	 13832.40824 	 3373.73921 	 3555.95841 	 2677.66545 	 3662.94956 	 27613.54153 	    0.00000 	 1148.55246 	 3784.81708 	 
10892.50698 	 1630.52803 	 8082.99402 	 21110.57930 	 4011.93463 	 5784.69903 	 2761.37188 	 1318.48863 	 15688.51129 	 2183.32178 	 1535.02659 	 3176.35432 	 1303.98157 	 25642.68981 	 2351.72882 	 3267.88237 	 21183.68505 	 7014.45684 	  698.10876 	 5637.73117 	 2743.91015 	 2113.95281 	  977.06480 	    0.00000 	 7204.92658 	 
19249.01489 	  694.22305 	 61512.65823 	 46268.65029 	 7926.72417 	 10049.43910 	 8860.82479 	 7467.23062 	 18229.81306 	 4587.12817 	 8044.82261 	 18774.39519 	 4853.62012 	 17955.53522 	 13978.83550 	 3923.08346 	 197769.59885 	 9601.84645 	 3737.71343 	 11684.21822 	 12149.92553 	 19131.88611 	 6150.95886 	 4525.07999 	    0.00000 	 
   0.00000 	  744.75345 	 1156.42612 	  440.42697 	  458.96395 	  656.45513 	  893.52698 	 1075.80459 	  429.25737 	  864.18589 	  605.93292 	 1432.54055 	  351.30837 	  524.16039 	  938.68682 	  432.18272 	  640.52151 	  493.69128 	 1734.52070 	  675.42810 	  476.89545 	 1955.71305 	 1657.67934 	  412.94085 	  530.30856 	 
 629.67742 	    0.00000 	  459.70790 	  729.52172 	  526.36538 	  266.20093 	 1498.19071 	 1175.48923 	  441.99600 	 1200.78228 	 1100.05988 	 2523.02285 	  890.35497 	  682.77474 	 1111.86852 	 1008.59862 	  229.85286 	  114.18280 	 2582.83720 	  192.16002 	  863.87024 	 1895.59348 	 2601.69753 	  900.18304 	   42.64274 	 
 909.39816 	  296.72929 	    0.00000 	  760.58635 	  671.50845 	  559.97127 	 1547.77290 	 2134.11976 	  534.59025 	 1459.21046 	 1225.22934 	 3325.47728 	  839.70274 	 1039.76365 	 1429.78132 	 1642.01494 	  209.69417 	  319.53387 	 1991.38070 	  544.29201 	 1252.00403 	 3448.13798 	 3149.47078 	  880.45180 	  354.82719 	 
 573.44229 	  665.36317 	  643.46535 	    0.00000 	  212.96773 	  350.00934 	  649.63050 	  805.15174 	  217.75263 	  863.43476 	  340.84698 	 2136.80563 	  339.89993 	 1385.52491 	  304.82551 	  982.11383 	  781.32401 	  860.52389 	 1513.48371 	  331.68715 	  276.87784 	 2331.64579 	 1544.54984 	 1036.28399 	  478.49007 	 
 280.49038 	  369.96110 	  736.45862 	  235.17771 	    0.00000 	  164.58620 	  666.83608 	  821.19012 	  262.13286 	 1014.61484 	  550.85167 	 1502.80398 	  357.33742 	  712.06184 	  655.81964 	  683.74782 	  521.16684 	  612.40695 	 2014.12473 	  267.37542 	  297.79516 	 2212.79397 	 1927.40736 	  920.77868 	  411.99103 	 
 700.41935 	  275.34819 	  671.50349 	  355.55001 	  237.26026 	    0.00000 	 1183.40421 	 1045.43066 	   72.30758 	 1167.02619 	  492.38991 	 1762.47230 	  565.06799 	 1115.84860 	  740.22875 	  682.74262 	  345.37794 	  297.44923 	 1310.44969 	  107.94557 	  597.85761 	 1945.28215 	 1722.31473 	 1093.61959 	  246.87823 	 
 635.61595 	 1017.93126 	 1920.52219 	  779.62453 	  664.69476 	  716.13357 	    0.00000 	  468.96551 	  837.55786 	  167.16425 	  372.41493 	 1514.10867 	  496.39709 	  824.56004 	  952.69375 	  351.58162 	 1285.30878 	 1361.04142 	  810.97541 	  805.80983 	  529.20585 	 1712.51200 	 1631.13672 	 1084.00455 	 1462.81815 	 
1170.76706 	 1846.14373 	 1508.75780 	 1002.86697 	 1295.05568 	 1245.53698 	  701.36777 	    0.00000 	 1377.89091 	  639.60455 	  712.32927 	  662.91553 	  980.17108 	 2148.79858 	  604.35757 	 1137.36255 	 2030.50720 	 1441.18822 	  618.29730 	 1507.62819 	  990.96969 	  723.83612 	 1187.25881 	 1787.97718 	 1300.16299 	 
 457.19348 	  368.40336 	  527.09011 	  204.81323 	  193.44301 	  115.98701 	 1009.11658 	  838.96596 	    0.00000 	 1062.25108 	  561.68737 	 2546.20383 	  588.24660 	 1248.54574 	  536.47539 	  997.03829 	  461.57392 	  472.94506 	 1943.66415 	  178.44531 	  519.59713 	 2010.70568 	 1671.36108 	  809.20535 	  325.65744 	 
 543.82696 	 1462.80111 	 1645.96915 	  687.66347 	  981.32881 	 1110.32373 	  163.97742 	  826.80707 	 1010.44124 	    0.00000 	  615.24689 	 1441.51368 	  605.15805 	 1250.08840 	 1013.14260 	  253.86447 	 1671.59111 	 1390.46137 	 1282.34435 	 1206.45760 	  653.12138 	 1888.90818 	 1695.54942 	 1030.15542 	  952.01377 	 
 769.34414 	  877.75472 	 1045.66830 	  297.63428 	  654.41991 	  586.21461 	  561.95739 	  578.09005 	  753.48622 	  746.69928 	    0.00000 	 1493.16466 	  436.75781 	  954.47653 	  313.80723 	  858.13785 	 1238.42487 	 1041.15168 	 1360.70850 	  873.60735 	  219.86319 	 1922.93960 	 1054.07583 	 1089.67957 	  809.43487 	 
2058.72311 	 2562.24949 	 2530.38597 	 1974.76543 	 1368.07079 	 2124.27504 	 1402.33600 	  732.70778 	 2054.47154 	 1048.35470 	 1324.57723 	    0.00000 	 2040.81326 	 2114.07787 	 1941.11974 	 1947.79773 	 2909.68509 	 3015.20035 	  360.78745 	 1546.37842 	 1745.10009 	  342.84293 	 1261.47081 	 2558.64641 	 2854.45433 	 
 381.83926 	  749.35507 	 1187.46639 	  353.92949 	  372.88151 	  609.64949 	  440.18614 	  700.78631 	  530.00603 	  522.55215 	  330.23751 	 1867.10573 	    0.00000 	 1019.90202 	  625.77994 	  246.08449 	 1089.13179 	 1046.51492 	 1046.80631 	  624.77468 	  320.79527 	 2171.72395 	 2075.37007 	  589.71047 	  960.89128 	 
 423.50873 	 1180.27416 	 1244.24896 	  995.32294 	 1214.96304 	  872.18526 	 1349.60130 	 1894.46754 	 1452.68249 	  916.53828 	 1237.38574 	 2012.36578 	  922.73499 	    0.00000 	 1516.70652 	  582.75026 	  976.43562 	  935.71834 	 2499.98666 	 1037.85039 	 1022.44911 	 2277.35755 	 2575.79504 	  193.22697 	  810.88818 	 
 817.82921 	 1058.10124 	 1348.38904 	  419.14487 	  513.61552 	  678.72562 	  911.32342 	  647.25457 	  440.20101 	 1091.35756 	  522.95175 	 1152.39232 	  907.65724 	 1824.77907 	    0.00000 	 1168.20029 	 1073.99180 	 1251.86975 	 1394.79142 	  830.00100 	  444.79968 	 1241.71590 	 1721.58226 	 1194.10169 	  756.98443 	 
 535.93660 	  817.05937 	 1295.94695 	  669.57441 	  759.97723 	 1008.68130 	  468.71292 	  793.05170 	 1041.24756 	  338.09658 	  686.32597 	 2018.03429 	  377.42244 	  595.98812 	  748.71470 	    0.00000 	 1123.54777 	 1055.42681 	 1667.56945 	  704.59214 	  759.50217 	 2210.54233 	 1780.10817 	  375.59440 	 1062.70719 	 
 720.52412 	  186.73402 	  150.73622 	  561.70245 	  548.60378 	  510.23547 	 1586.85681 	 1974.65813 	  540.51496 	 1714.31022 	 1089.47049 	 2814.32098 	 1158.84674 	  802.56738 	 1136.05047 	 1103.73875 	    0.00000 	   66.82594 	 2417.88767 	  283.05020 	  659.53603 	 2167.70577 	 2847.16316 	  959.81186 	  216.06873 	 
 647.21796 	   94.05526 	  268.66831 	  637.37286 	  469.71474 	  279.71300 	 1252.33076 	 1341.86079 	  555.22374 	  981.91047 	 1159.51051 	 1981.77443 	 1062.29503 	 1240.14209 	  728.34599 	 1069.80569 	  108.19272 	    0.00000 	 2300.70472 	  227.89641 	  673.90954 	 2211.50331 	 2672.74356 	  837.42289 	  136.90742 	 
1249.39075 	 2072.31193 	 2856.61864 	 1362.95244 	 1352.31810 	 1464.30285 	  754.56209 	  551.49227 	 2181.97094 	 1095.17841 	 1266.13787 	  437.31264 	 1187.98635 	 1507.63625 	  979.56673 	 1006.31481 	 2462.51574 	 2503.91299 	    0.00000 	 2114.12848 	  954.56007 	  722.18825 	  922.10069 	 1920.39746 	 2173.05213 	 
 492.58810 	  260.78024 	  500.65934 	  349.28421 	  273.15397 	  103.83837 	 1287.33690 	 1445.23025 	  189.93115 	  924.09415 	  861.49426 	 2140.52331 	  523.84287 	  741.73162 	  907.65223 	  832.94179 	  321.18346 	  329.97903 	 2196.78376 	    0.00000 	  556.44593 	 2683.78029 	 1933.92787 	  716.88432 	  210.97083 	 
 449.98482 	  750.80623 	  768.38889 	  321.88940 	  292.94317 	  558.55866 	  677.69617 	 1002.92931 	  459.71129 	  814.82796 	  263.68353 	 1770.78571 	  264.32692 	 1243.42116 	  568.60824 	  568.62011 	  631.43496 	  726.17040 	 1107.80695 	  436.73605 	    0.00000 	 2052.47495 	 1623.50904 	 1037.29662 	  718.67708 	 
2147.19243 	 2580.52693 	 2635.80477 	 1593.25399 	 2223.28368 	 1849.45002 	 1442.01143 	 1083.94682 	 1982.87550 	 1255.42862 	 1904.66136 	  262.55338 	 1499.40273 	 2406.27212 	 1209.45486 	 1576.14455 	 2672.97282 	 3202.89052 	  693.07314 	 1786.59538 	 1264.47095 	    0.00000 	  593.46854 	 2472.64025 	 1981.69660 	 
2556.70522 	 1639.72122 	 2181.65134 	 1424.91796 	 2494.67736 	 2047.35333 	 1602.57122 	  984.89114 	 1458.76904 	 1332.84288 	 1273.86169 	  985.40894 	 1823.84144 	 3488.93178 	 1056.98239 	 2181.35865 	 2054.07644 	 2407.25039 	  806.26376 	 1586.29994 	 1938.31786 	  504.25880 	    0.00000 	 2452.10616 	 1632.15518 	 
 528.03082 	  592.24619 	  950.21827 	 1049.04143 	  830.93835 	  664.69041 	  769.79906 	 1386.01883 	  946.77804 	  798.15368 	 1302.59338 	 2210.96417 	  811.82966 	  205.62175 	 1106.09523 	  600.90298 	  983.50524 	  814.88926 	 1475.38158 	  763.26352 	  681.38887 	 2124.76537 	 2919.02323 	    0.00000 	  721.84567 	 
 613.48341 	   28.76139 	  520.43317 	  476.02310 	  328.06670 	  383.79278 	 1071.52975 	 1322.64229 	  281.56456 	 1213.45070 	 1094.57002 	 2357.67592 	  722.69892 	  928.73102 	  757.11557 	 1249.87030 	  227.46454 	  169.97635 	 2089.90018 	  188.68166 	  849.83730 	 2955.38654 	 2490.26009 	  809.10916 	    0.00000 	 
   0.00000 	 5056.41051 	 7624.82633 	 18877.81223 	 5667.21698 	 7598.02147 	 11304.61772 	 2676.29227 	 6279.75927 	 6774.26941 	 4404.52495 	 8722.62572 	 12131.49103 	 18546.52383 	 2915.21410 	 8799.91100 	 51035.84977 	 10178.78421 	 1407.47512 	 5680.66867 	 7399.93056 	 8547.40876 	 2789.89195 	 10819.95517 	 17347.71492 	 
8260.08330 	    0.00000 	 16510.53696 	 12353.63362 	 4305.71950 	 6191.82675 	 5017.92979 	 2650.93242 	 8220.38596 	 4989.75154 	 2243.41973 	 8623.85472 	 1198.30774 	 5930.31381 	 1336.29387 	 4487.61523 	 26936.06801 	 6659.60489 	  621.32593 	 8544.72570 	 4287.77634 	 9350.44282 	 3933.20473 	 2256.63675 	  456.84098 	 
5871.02771 	 15062.64273 	    0.00000 	 34001.84671 	 6105.69779 	 12864.04702 	 5596.07376 	 4169.36624 	 20836.09155 	 4913.32484 	 3718.42074 	 27152.85692 	 2133.03972 	 30259.15973 	 5766.53145 	 3639.29734 	 192102.51957 	 35247.81028 	 2476.90084 	 16121.59276 	 8713.11451 	 15849.30702 	 4048.10144 	 8315.37564 	 52983.00800 	 
19279.33017 	 13349.48938 	 25429.32949 	    0.00000 	 14541.87640 	 25688.02739 	 22043.40953 	 30106.75118 	 57847.06377 	 12656.14722 	 36339.52776 	 61891.23820 	 13927.78823 	 33013.97976 	 51639.89405 	 11774.09152 	 154390.89798 	 29402.46992 	 18640.01381 	 26344.18942 	 34588.93238 	 41696.71854 	 17404.36796 	 15201.02209 	 31373.36483 	 
3378.13570 	 3108.21789 	 7274.67321 	 22865.98292 	    0.00000 	 9339.42208 	 3652.42886 	 1977.51736 	 5039.81047 	 1445.99590 	 2381.51092 	 4658.68082 	 2113.12181 	 5345.47879 	 2597.30467 	 1306.61349 	 32016.19199 	 7473.08133 	 1343.87567 	 3470.55423 	 4128.07901 	 3115.99054 	  832.88294 	 4451.55799 	 8531.05206 	 
7365.78309 	 4072.27759 	 16850.53563 	 43018.76715 	 8943.47159 	    0.00000 	 6018.82737 	 3416.83547 	 11576.90740 	 3144.06132 	 3263.89609 	 14821.81820 	 1906.02414 	 18258.35147 	 4902.70394 	 2195.43496 	 50455.85857 	 14391.52755 	 3617.99307 	 6000.60092 	 7562.77258 	 4874.23365 	 2535.43206 	 5424.43061 	 12671.02689 	 
14717.63060 	 3528.05696 	 6383.63997 	 18898.67868 	 2181.59726 	 4365.54510 	    0.00000 	 14862.59459 	 6166.20859 	 30312.32614 	 12654.37954 	 30192.61811 	 6871.62206 	 5923.37948 	 5192.67067 	 16218.46416 	 33980.12703 	 8614.95264 	 4298.59221 	 2523.48368 	 9337.03649 	 11314.56090 	 6162.95987 	 2426.26339 	 9548.81954 	 
2580.08192 	 3462.39306 	 5036.97424 	 22391.79668 	 1750.75891 	 3815.13750 	 12766.61177 	    0.00000 	 6637.82787 	 5393.39803 	 10932.59615 	 29668.22036 	 2120.46046 	 2434.26784 	 10566.11668 	 2621.30921 	 24926.08368 	 5694.22212 	 6906.59807 	 2753.59052 	 6037.76959 	 20053.88528 	 5636.69752 	 1133.88641 	 10399.91075 	 
6463.94118 	 6617.53397 	 14723.84800 	 48869.63527 	 8470.02723 	 9297.84216 	 5699.88732 	 6263.53409 	    0.00000 	 4807.55503 	 4152.82817 	 23020.20852 	 4372.15069 	 22587.74874 	 9895.89811 	 5274.32593 	 85005.28158 	 22736.22177 	 3776.74213 	 9172.19597 	 13641.44317 	 15118.59948 	 3817.69420 	 13969.79634 	 25126.48517 	 
7366.63937 	 3786.47149 	 3964.19139 	 11412.94329 	 1881.78926 	 3632.06451 	 39330.23609 	 4968.05074 	 5050.42157 	    0.00000 	 4157.02589 	 15226.49432 	 3806.17549 	 8649.12527 	 2520.88309 	 21595.91912 	 19738.49427 	 4677.12683 	 2691.16742 	 4080.69017 	 6620.18767 	 8848.45692 	 3525.36354 	 2808.59526 	 5524.20620 	 
3294.10105 	 1731.72059 	 3977.40949 	 21029.87705 	 2826.83044 	 3494.63663 	 10892.76435 	 9267.56624 	 4243.88088 	 3790.14991 	    0.00000 	 18976.59042 	 3555.98510 	 3302.66501 	 5540.18885 	 2142.62394 	 22032.12263 	 4655.88033 	 4085.67565 	 2305.94183 	 13280.81949 	 8187.95170 	 2826.50161 	 1518.18664 	 7173.30811 	 
11202.50351 	 6196.79515 	 23782.05823 	 58692.89104 	 5284.24964 	 14652.64420 	 32494.26630 	 22218.11635 	 23950.60224 	 16069.71278 	 16486.21269 	    0.00000 	 4613.38420 	 16394.35048 	 18990.02252 	 11896.42856 	 91954.07552 	 17606.79108 	 32466.65019 	 9144.06988 	 18389.87649 	 117968.30647 	 33323.12777 	 3837.59853 	 20483.18239 	 
7330.39989 	 1265.55145 	 1979.84805 	 13649.81562 	 1682.08338 	 1949.06223 	 5287.28352 	 2295.37611 	 3444.11689 	 3092.13075 	 2672.21619 	 4960.68487 	    0.00000 	 3916.91292 	 1386.34161 	 4189.87124 	 9490.25343 	 3446.37820 	  701.60037 	 1550.16016 	 6715.83908 	 3658.24581 	  814.23920 	 1930.12766 	 3766.52108 	 
25757.72009 	 8443.12254 	 17837.51758 	 46110.67738 	 9044.90052 	 16555.93942 	 10127.07847 	 4301.60641 	 28556.24134 	 10994.04271 	 3553.79782 	 17979.95808 	 3005.15292 	    0.00000 	 3975.37346 	 10673.72176 	 157763.21375 	 20254.50932 	 1173.53216 	 13252.21789 	 6949.71355 	 5814.65513 	 1837.99931 	 22858.80924 	 26455.15084 	 
3162.79400 	  835.14202 	 6406.39199 	 43105.92894 	 2515.87153 	 3728.28590 	 5632.15595 	 7291.03812 	 7652.19368 	 2307.29407 	 9151.85480 	 13926.18844 	 1243.53225 	 5243.74718 	    0.00000 	 2135.54338 	 24775.38090 	 8235.12439 	 5639.38881 	 3030.09673 	 7706.51101 	 11670.13887 	 6445.71093 	 2928.58828 	 8491.26609 	 
11312.66481 	 4652.97929 	 3422.40246 	 13565.44310 	 1349.57031 	 2204.66824 	 15583.50007 	 3072.75592 	 4914.63104 	 17670.13503 	 3424.28952 	 8824.10837 	 4310.90938 	 9213.51716 	 2687.27684 	    0.00000 	 19574.67635 	 3779.24605 	 1049.57857 	 1606.05439 	 5573.41826 	 6474.19783 	 2180.66718 	 2761.32464 	 4096.32923 	 
41860.25088 	 28281.97153 	 259598.45604 	 131435.84658 	 32256.27405 	 73670.35742 	 28123.73772 	 22596.97438 	 74167.59016 	 32865.31961 	 17591.27772 	 128353.79175 	 12368.99949 	 203834.25327 	 34106.03805 	 21553.08230 	    0.00000 	 10961.37318 	 11550.91087 	 51247.68615 	 34763.35244 	 51649.53444 	 18420.38909 	 30257.53728 	 131455.52804 	 
13453.35708 	 6312.94189 	 39807.01799 	 40436.38497 	 4808.31416 	 14662.86901 	 6360.02486 	 4346.91219 	 19880.71703 	 7621.59047 	 5509.08087 	 23446.53309 	 2573.09396 	 22174.46055 	 6297.89570 	 5177.31186 	 11582.47603 	    0.00000 	 3053.48065 	 21664.88901 	 7255.22970 	 11538.87383 	 5923.31475 	 7089.49284 	 13992.59411 	 
1191.79060 	 1019.15637 	 3697.51518 	 10896.17742 	  942.15740 	 2214.80371 	 4808.64809 	 8648.57935 	 3562.95409 	 1868.35969 	 2788.51526 	 23981.16814 	  894.12082 	 1324.50193 	 6360.56016 	  973.83416 	 14080.49108 	 2684.71672 	    0.00000 	 2252.76896 	 3971.02831 	 9010.07622 	 2762.93474 	  713.29526 	 2588.04904 	 
4869.28177 	 5890.24481 	 9292.77303 	 27807.13697 	 3959.86990 	 5890.52307 	 2849.76910 	 3239.99802 	 12840.95229 	 2672.29913 	 2470.66088 	 13991.67206 	 1311.51457 	 14586.21954 	 2435.73322 	 2251.18185 	 67173.79597 	 28820.59155 	 2125.30483 	    0.00000 	 4312.49550 	 5804.18409 	 2208.56219 	 5571.26008 	 10215.28988 	 
6490.11465 	 3339.17792 	 5371.48863 	 32110.90371 	 3821.57648 	 7302.65731 	 10830.00851 	 6146.67542 	 10286.10455 	 8747.59594 	 13651.86779 	 20727.67700 	 4729.26155 	 9866.57819 	 8521.61975 	 4018.70976 	 43767.85389 	 7984.61578 	 3396.18225 	 5783.72599 	    0.00000 	 12289.79242 	 3665.64420 	 3763.37765 	 8398.79424 	 
5724.44416 	 6461.92404 	 12657.78997 	 27324.20448 	 3006.69294 	 7389.54552 	 12898.54195 	 21601.23566 	 16004.13006 	 7600.99792 	 8329.44188 	 93254.50847 	 3079.94961 	 8230.75424 	 15712.82668 	 8291.06342 	 82063.47756 	 17961.82324 	 11237.92797 	 5424.58721 	 8905.15300 	    0.00000 	 31518.72500 	 2371.70258 	 22297.84974 	 
3368.22428 	 4804.14350 	 4325.71620 	 15057.48088 	  766.92081 	 2691.33266 	 5056.45922 	 6858.42308 	 4347.31874 	 2721.04016 	 3302.18762 	 23829.26995 	 1316.03224 	 1508.58404 	 6598.78768 	 1886.32131 	 10521.13159 	 5782.05162 	 3734.40228 	 2646.39613 	 2844.76151 	 26999.27135 	    0.00000 	 1021.67449 	 6016.09203 	 
11463.46552 	 2599.56722 	 7264.11067 	 16618.78378 	 5386.48301 	 8294.66541 	 2861.08800 	  953.66059 	 15498.82706 	 2163.39469 	 1471.90528 	 2790.81977 	 1055.78991 	 18673.60123 	 2924.56469 	 4477.07176 	 22885.91305 	 6772.54450 	  620.03760 	 4408.96236 	 3929.66395 	 2825.74922 	 1135.86861 	    0.00000 	 5169.41764 	 
14306.16974 	  561.05529 	 53184.24716 	 41846.72089 	 5324.56491 	 16181.25981 	 12741.22671 	 8745.62016 	 21310.41033 	 5431.93744 	 6696.42605 	 17871.21339 	 4997.75869 	 24808.61757 	 12252.40541 	 5245.77356 	 121296.69419 	 12286.46873 	 2518.62813 	 14574.47144 	 12856.74373 	 25118.39466 	 5228.53396 	 6796.81918 	    0.00000 	 
   0.00000 	  653.15629 	 1146.77586 	  623.77660 	  379.80507 	  435.48389 	  854.41255 	 1197.03709 	  535.14435 	  656.48815 	  595.91075 	 1567.44694 	  312.15558 	  487.48742 	 1121.01802 	  347.47381 	  736.82568 	  758.53580 	 1693.60502 	  520.90147 	  597.46792 	 2581.49540 	 2755.62547 	  422.08516 	  567.61638 	 
 746.41286 	    0.00000 	  414.33940 	  592.93947 	  506.68326 	  280.38627 	 1220.21266 	 1200.55767 	  489.44671 	 1085.13009 	  729.95058 	 2283.43853 	  771.20404 	  775.10240 	 1190.35481 	  814.01459 	  132.85584 	  116.53347 	 2379.41253 	  209.31612 	  926.80494 	 2827.35156 	 1876.08517 	  700.55295 	   45.39034 	 
1138.52640 	  479.19730 	    0.00000 	  612.56380 	  912.68496 	  705.58594 	 1219.86674 	 1547.42304 	  543.27761 	 1464.69293 	  890.31406 	 2290.57690 	 1302.92719 	 1427.99075 	 1322.92892 	 1470.11855 	  159.72047 	  311.38319 	 2313.15520 	  600.55195 	 1073.80061 	 2338.05575 	 2364.75615 	 1516.67746 	  428.93150 	 
 521.76793 	  489.32174 	  643.54833 	    0.00000 	  253.85207 	  329.34990 	  618.52963 	 1071.26429 	  172.28027 	  837.19172 	  504.74831 	 1640.50269 	  389.19477 	 1237.22047 	  418.05558 	  719.22888 	  773.18715 	  635.85380 	 1759.54937 	  407.18143 	  321.97120 	 1774.78342 	 1425.21676 	  757.17581 	  424.34085 	 
 359.05447 	  371.61078 	  728.16385 	  320.59168 	    0.00000 	  222.74087 	  728.95620 	  852.31555 	  176.33362 	  793.09859 	  545.77564 	 1789.77476 	  448.11834 	  733.37333 	  637.51407 	  867.30234 	  414.31082 	  566.39947 	 1499.38229 	  202.08175 	  275.83204 	 2269.24778 	 2023.90621 	  682.25655 	  349.42096 	 
 517.93456 	  321.09865 	  406.17508 	  349.95094 	  251.23531 	    0.00000 	  712.50930 	 1515.73240 	  106.68369 	  806.25761 	  826.97972 	 1795.22269 	  637.47482 	 1051.33020 	  645.43983 	  947.03821 	  358.93860 	  385.57622 	 2129.96726 	  134.69642 	  382.19544 	 2321.48583 	 2393.10084 	 1063.58166 	  228.19620 	 
 510.18322 	  860.30857 	 1289.97220 	 1024.59918 	  703.87281 	  956.51962 	    0.00000 	  736.96993 	  692.93247 	  251.26135 	  467.28821 	 1439.42078 	  347.58057 	 1229.64404 	  771.35727 	  310.40431 	 1126.23170 	 1074.44862 	 1104.41254 	 1323.66677 	  479.13478 	 1494.62867 	 1350.83694 	 1036.59255 	 1119.43537 	 
1019.69909 	 1761.75901 	 2083.62428 	 1063.66747 	 1387.40966 	 1464.75018 	  486.22167 	    0.00000 	 1148.18024 	  864.16743 	  401.54604 	  719.47908 	  968.56029 	 2176.79971 	  512.81716 	 1178.21129 	 2023.77676 	 1653.32271 	  482.93481 	 1275.14442 	  997.39654 	  812.30702 	 1065.05145 	 1825.00687 	 1791.35373 	 
 535.80237 	  324.79655 	  609.17505 	  177.89405 	  269.98181 	   72.87838 	  892.59363 	 1293.40288 	    0.00000 	  831.71172 	  755.63703 	 2049.52007 	  801.50855 	 1167.76334 	  443.79577 	 1130.43309 	  537.72331 	  322.34918 	 1695.35146 	  234.85110 	  463.37332 	 2277.70347 	 1375.37648 	  787.36731 	  353.08071 	 
 725.10072 	 1223.59855 	 1823.18839 	  983.38907 	  921.14677 	  849.34452 	  224.28833 	  805.74915 	 1330.97844 	    0.00000 	  550.89564 	 1495.10948 	  387.77361 	 1079.22122 	 1190.33264 	  375.45433 	 1246.07445 	 1071.54849 	 1024.60722 	  899.55975 	  552.24093 	 1898.52981 	 2435.05124 	  810.17611 	 1285.79904 	 
 598.44030 	  873.76910 	 1609.95772 	  465.05578 	  646.13552 	  551.76051 	  475.74467 	  425.54015 	  754.19542 	  678.96027 	    0.00000 	 1339.65871 	  398.87242 	 1358.51075 	  405.29695 	  695.62459 	 1106.72878 	  998.45352 	  973.03421 	  597.89394 	  253.64055 	 1552.32981 	 1829.99940 	 1039.46005 	  712.36096 	 
1576.54371 	 2196.78203 	 3116.48704 	 1952.17955 	 2375.96521 	 2008.55803 	 1374.83189 	  668.72950 	 2492.08462 	 1242.05362 	 1575.91251 	    0.00000 	 1405.53981 	 2725.41968 	 1367.03024 	 1280.39030 	 2600.99184 	 2288.39779 	  424.19755 	 1523.57269 	 1681.02052 	  347.99033 	  988.58603 	 2712.66723 	 2779.78789 	 
 391.13707 	  698.89846 	 1175.97109 	  400.63446 	  458.35912 	  665.61641 	  397.70671 	  806.12723 	  440.45139 	  380.38996 	  456.40112 	 1636.40096 	    0.00000 	  795.22898 	  553.64961 	  377.88457 	 1073.16790 	 1058.11201 	 1175.04435 	  711.33009 	  288.40793 	 2314.32761 	 2028.98972 	  755.74960 	  967.39934 	 
 641.90418 	  689.68431 	 1248.48742 	 1188.52863 	 1011.20623 	  759.79666 	  772.83429 	 1343.16370 	 1497.03200 	 1248.29346 	 1277.50812 	 2072.28441 	  674.79187 	    0.00000 	 1614.16732 	  505.37553 	 1011.10878 	  740.40305 	 2372.84849 	  970.76355 	 1072.65826 	 2700.14479 	 3496.00747 	  167.20280 	  769.94644 	 
1021.87782 	 1024.68859 	  887.26079 	  342.40180 	  513.71939 	  585.07923 	  649.89084 	  587.45047 	  694.74140 	 1259.13761 	  509.91832 	 1157.09053 	  490.96804 	 1653.85216 	    0.00000 	  972.42661 	  720.46248 	 1280.93415 	 1511.29051 	  838.17088 	  473.38143 	 1352.04207 	 1619.73131 	 1195.22375 	 1172.64629 	 
 506.79104 	  863.09951 	 1025.72514 	  971.04545 	  566.24298 	  665.85081 	  524.14922 	 1178.48841 	  798.03774 	  256.90436 	  527.28192 	 1573.32770 	  255.92654 	  693.53040 	  994.05128 	    0.00000 	 1502.96859 	 1084.75872 	 1163.21895 	  839.04338 	  612.34471 	 1830.71391 	 1646.18258 	  426.14599 	 1066.29804 	 
 801.73436 	  187.30964 	  146.70857 	  917.63245 	  744.11309 	  405.17083 	 1555.66507 	 1847.23788 	  356.82768 	 1630.70622 	 1018.98717 	 1992.51494 	  693.46022 	 1348.96075 	 1105.09860 	 1218.58314 	    0.00000 	   83.79010 	 2621.06703 	  304.32747 	 1005.95777 	 2815.48529 	 3039.96709 	  710.85484 	  183.69516 	 
 562.58556 	  101.50837 	  286.03470 	  799.81432 	  628.26076 	  385.08654 	 1490.07337 	 1799.08020 	  528.66932 	 1087.81031 	  932.16020 	 2777.49465 	 1078.97626 	  956.90574 	 1248.59897 	 1337.15395 	   66.47624 	    0.00000 	 1623.07766 	  342.58489 	  680.37864 	 3139.12849 	 2733.45955 	  864.26018 	  141.22075 	 
1762.01427 	 1500.64297 	 1729.86138 	 1274.47941 	 1505.38907 	 1523.42493 	 1002.53601 	  746.13619 	 2143.52095 	 1279.83462 	  967.61751 	  393.85828 	 1122.74760 	 2290.47261 	 1267.26772 	 1234.98920 	 2615.23511 	 1760.72490 	    0.00000 	 2138.82423 	  946.37455 	  553.18276 	  993.42651 	 1811.67900 	 1492.11572 	 
 614.55841 	  271.25781 	  405.53621 	  284.78326 	  286.74816 	  125.18909 	 1219.10594 	 1541.73015 	  236.73846 	  810.33767 	  648.14090 	 1664.55788 	  740.05643 	 1263.39853 	  743.98839 	 1077.14305 	  321.09451 	  259.50284 	 1640.16774 	    0.00000 	  409.05388 	 2825.28221 	 2181.94588 	 1132.81378 	  193.00218 	 
 581.61710 	  718.81378 	  731.48076 	  290.33577 	  280.93885 	  438.84259 	  415.16399 	  648.11178 	  473.48582 	  509.96653 	  265.11910 	 1768.11187 	  280.58985 	  951.31895 	  439.21464 	  561.10571 	 1049.82406 	  744.48033 	  944.68254 	  663.09660 	    0.00000 	 1868.66758 	 2032.53294 	 1066.94409 	  912.36984 	 
2126.02648 	 1732.76592 	 3156.88677 	 1986.77381 	 2594.73917 	 1687.11826 	 1231.16699 	  737.01040 	 2511.86317 	 1984.95260 	 1703.95384 	  261.36510 	 2019.08781 	 2738.87548 	 1588.81075 	 1759.23295 	 2183.54751 	 2899.88460 	  788.01289 	 2556.42122 	 1431.20291 	    0.00000 	  607.68397 	 2409.39040 	 2993.50240 	 
2581.22750 	 2105.05960 	 2542.97116 	 1405.14582 	 1443.10539 	 1664.99399 	 1829.94564 	  725.23620 	 1638.16874 	 1921.28729 	 1838.20650 	  932.28025 	 1611.39659 	 3503.67499 	 1628.36978 	 1995.71637 	 1879.52844 	 2639.24334 	 1311.52750 	 2598.56045 	 1413.21484 	  671.84678 	    0.00000 	 2232.35730 	 1659.48781 	 
 387.91456 	  809.76576 	  969.77540 	  851.18792 	  748.46250 	 1060.21901 	 1122.02346 	 1523.08788 	 1109.14767 	  780.92103 	  968.69584 	 2767.34625 	  560.80993 	  245.40881 	  949.28525 	  642.07699 	  790.41765 	  700.62280 	 1473.75978 	  832.18131 	  960.78866 	 1720.16432 	 2466.23563 	    0.00000 	  869.40624 	 
 409.28460 	   34.70859 	  448.27654 	  447.91915 	  346.12992 	  327.50831 	 1065.65413 	 1602.42331 	  387.02987 	 1206.67520 	  705.23674 	 2443.53749 	  544.20148 	  919.48077 	  885.16960 	 1227.83398 	  271.55103 	  154.29967 	 1992.99313 	  160.17238 	  838.89256 	 2815.88881 	 2959.30182 	  712.31231 	    0.00000 	 
   0.00000 	 8340.70677 	 9052.53908 	 17474.59698 	 5570.83668 	 6635.41766 	 8680.36923 	 2562.26442 	 9821.20089 	 7300.45214 	 3402.91334 	 11921.90268 	 9264.79078 	 27958.34916 	 3773.65485 	 7319.02011 	 46227.48080 	 8236.43304 	 1334.36977 	 6310.70765 	 4701.52313 	 5569.60009 	 3499.65325 	 9576.51243 	 16051.89130 	 
6446.98403 	    0.00000 	 10873.58750 	 11131.81876 	 2719.15240 	 6795.69509 	 4390.52354 	 4016.85737 	 7346.96168 	 3604.21777 	 2431.58727 	 7898.69798 	 1022.21202 	 9024.26533 	  952.28231 	 5036.53442 	 31751.62432 	 7186.24278 	  905.32750 	 6008.16420 	 4731.84634 	 6985.19721 	 3498.05051 	 1762.35679 	  480.70497 	 
7056.77685 	 13063.25910 	    0.00000 	 30600.17246 	 7637.76535 	 10063.78958 	 4721.81846 	 4778.90672 	 14372.48285 	 5160.83150 	 3673.23723 	 21735.82785 	 2087.95319 	 19052.76348 	 5141.78320 	 4515.57677 	 177965.70362 	 48586.89686 	 2032.86058 	 15627.07118 	 9189.33745 	 21639.96190 	 5286.19386 	 9229.55879 	 48009.36912 	 
23735.02012 	 16318.71229 	 40832.04094 	    0.00000 	 21818.99728 	 40989.53578 	 24282.35668 	 20907.56149 	 60948.29521 	 18562.73401 	 20612.77312 	 84878.10339 	 14985.30948 	 51758.24826 	 46939.24593 	 15586.11180 	 160821.89357 	 46211.68856 	 11546.49468 	 25221.34604 	 35639.88954 	 33437.55709 	 15677.10677 	 14499.49499 	 37866.52342 	 
4303.58989 	 3288.50344 	 6393.54458 	 14356.09860 	    0.00000 	 8801.82476 	 2649.63788 	 1596.02050 	 6630.96327 	 2278.04780 	 1814.21784 	 4904.53023 	 1674.09020 	 5992.58695 	 2433.77242 	 1348.72781 	 27334.04755 	 6379.94237 	 1309.56071 	 2897.47915 	 4833.16620 	 2660.23418 	  879.00123 	 4735.67091 	 5205.99686 	 
4519.99950 	 6678.23642 	 13233.32113 	 33387.79315 	 5373.92273 	    0.00000 	 5697.21146 	 4087.01680 	 8110.65066 	 2499.97477 	 2006.18359 	 15518.89535 	 2188.60143 	 13958.82696 	 6227.71224 	 1689.48348 	 54089.42164 	 13802.87069 	 3399.37756 	 5881.02002 	 5304.37931 	 5420.64065 	 1939.42337 	 6261.14191 	 17558.18853 	 
10733.91899 	 3157.48697 	 6051.59300 	 21879.43247 	 3534.84656 	 5402.73880 	    0.00000 	 10104.22369 	 8001.00413 	 41881.85872 	 9348.91449 	 30721.49969 	 6316.82594 	 7717.93467 	 4663.95193 	 16838.90674 	 38367.64093 	 8321.28419 	 4759.69805 	 2980.34484 	 9779.14996 	 17254.37761 	 3830.19145 	 2061.37296 	 11102.94888 	 
2284.96392 	 2552.66576 	 6886.47283 	 34026.84291 	 1229.19177 	 4065.18915 	 8614.84253 	    0.00000 	 4865.68620 	 6825.47728 	 12795.40855 	 34562.78944 	 1645.88112 	 3796.69350 	 9742.78799 	 2544.05350 	 26883.84276 	 5563.13799 	 9204.37742 	 3321.14929 	 6463.08945 	 15869.35497 	 8139.18550 	 1321.38167 	 6304.10214 	 
11390.05261 	 7483.32373 	 17862.57199 	 37093.72841 	 6517.51217 	 12897.90979 	 7654.14465 	 6471.84368 	    0.00000 	 3514.57807 	 5267.72589 	 25457.87161 	 4914.13507 	 25021.53217 	 11227.26170 	 4701.61225 	 66827.76005 	 20628.28618 	 4037.06095 	 12961.50954 	 9149.79739 	 10000.57289 	 4836.93417 	 14484.16919 	 16455.92968 	 
8178.29590 	 4836.17074 	 4621.76450 	 18505.37043 	 1852.03122 	 3979.40873 	 28269.35825 	 5755.97605 	 4138.62346 	    0.00000 	 5083.85011 	 15569.47408 	 3234.29255 	 7722.17439 	 3308.54102 	 16030.17232 	 24335.12145 	 7723.27666 	 1881.80100 	 3737.70142 	 6269.28184 	 10152.55389 	 2656.60536 	 1691.76686 	 4431.08005 	 
3745.59131 	 2134.00111 	 3025.74727 	 31469.68096 	 2625.96909 	 2092.86511 	 12951.11085 	 7753.21220 	 5386.79491 	 5536.10320 	    0.00000 	 15572.68793 	 2166.38720 	 5045.84045 	 7115.49949 	 2623.35534 	 18012.04884 	 4775.29790 	 2997.18388 	 1671.58303 	 19228.41276 	 6291.50095 	 3258.99905 	 1690.27801 	 8695.65663 	 
9767.52234 	 9719.80984 	 18439.86730 	 82043.58033 	 5431.89787 	 12536.93875 	 30133.81734 	 23774.73510 	 19069.68023 	 16321.44337 	 11199.34507 	    0.00000 	 7007.83834 	 15991.88960 	 13345.59915 	 7821.80390 	 119393.46127 	 22773.13557 	 23548.65666 	 10426.78597 	 17584.78473 	 73991.32986 	 34921.34595 	 4968.93541 	 24266.93954 	 
11434.75224 	 1244.33972 	 2092.26993 	 9915.89797 	 2387.00824 	 2602.63544 	 6101.10634 	 1945.60679 	 4144.13386 	 4248.28021 	 2913.34667 	 4408.82394 	    0.00000 	 4193.89105 	 1245.44190 	 5496.61892 	 11001.45735 	 3722.98788 	  846.19341 	 1042.58631 	 5315.88100 	 2384.49823 	 1180.16275 	 1669.41565 	 5155.26102 	 
24472.96976 	 6683.77991 	 27478.94152 	 41311.01760 	 4976.25614 	 18605.55692 	 7387.19550 	 3364.86530 	 27182.53038 	 7030.72553 	 3224.74337 	 11605.34727 	 2824.83353 	    0.00000 	 6376.16263 	 11495.06672 	 139439.02107 	 23915.65768 	 1148.09327 	 14223.62367 	 5992.12134 	 5859.52847 	 1467.16758 	 14524.26453 	 26741.55799 	 
3706.85653 	  859.20319 	 7363.75103 	 58854.58645 	 2579.28787 	 6400.18601 	 3350.21228 	 10618.58237 	 12141.57806 	 2603.21407 	 6510.69092 	 14195.74083 	  838.75574 	 5054.37059 	    0.00000 	 1897.04462 	 25463.36471 	 8806.60405 	 6043.63964 	 1894.97279 	 9570.73239 	 10838.88042 	 5242.75856 	 2439.75941 	 9193.49839 	 
8404.54047 	 5910.52042 	 4249.98950 	 15442.40816 	 1609.85816 	 1546.02027 	 12599.70071 	 1796.68333 	 4908.25280 	 20724.28453 	 2758.80555 	 12052.74204 	 5410.47697 	 7055.21784 	 2673.49342 	    0.00000 	 21371.98730 	 5164.81435 	  635.40572 	 1612.57368 	 5378.04924 	 7426.42161 	 2192.40556 	 3456.78801 	 4587.06655 	 
59873.90035 	 19870.82690 	 251420.21797 	 213109.76183 	 31426.53149 	 66698.57501 	 24013.27677 	 21257.65938 	 57244.95738 	 28253.82455 	 21436.73060 	 108863.80065 	 9571.82285 	 123610.94697 	 25866.61234 	 26435.84173 	    0.00000 	 8405.48221 	 12349.67885 	 70784.53865 	 30236.81524 	 57477.27720 	 16154.02557 	 23241.42632 	 158072.36692 	 
8663.58245 	 6436.08179 	 27137.49115 	 45825.83277 	 4287.29611 	 12407.36285 	 7331.98416 	 4753.54846 	 14519.10550 	 4396.71148 	 4047.67312 	 19559.11564 	 2910.23248 	 21427.51415 	 5622.15324 	 4243.64953 	 6760.92573 	    0.00000 	 2757.14265 	 37530.20602 	 5701.49304 	 11298.21814 	 4870.95587 	 4511.56997 	 12148.11403 	 
 976.08540 	  654.66923 	 3537.48766 	 15660.07349 	 1324.66636 	 2340.91000 	 6229.31735 	 6725.02951 	 4978.87813 	 2722.10691 	 3379.03325 	 31924.43744 	  745.63639 	  851.28755 	 5258.08185 	 1104.22172 	 13168.45974 	 2928.82358 	    0.00000 	 2406.89073 	 4048.24059 	 14412.87328 	 3608.74534 	  505.68838 	 3781.00179 	 
4884.38247 	 6888.05747 	 14917.34552 	 20995.10441 	 5071.96676 	 4707.58215 	 2444.91604 	 2549.25151 	 7643.07885 	 4636.41088 	 2590.99408 	 8454.32612 	 1031.40277 	 11164.63872 	 2230.74495 	 1455.62171 	 48656.75142 	 22146.08257 	 1710.49640 	    0.00000 	 5724.22989 	 5486.68587 	 2491.49430 	 4997.98531 	 11705.52419 	 
6563.20138 	 2945.70618 	 7829.76515 	 32213.84970 	 5346.48756 	 8925.54853 	 9249.01714 	 5669.78774 	 14497.01583 	 5245.75651 	 11287.29656 	 18540.18497 	 4798.60413 	 10429.15870 	 8911.88879 	 3479.61141 	 38050.17097 	 8070.16969 	 2615.28214 	 5148.12200 	    0.00000 	 10565.29604 	 2814.72657 	 3646.09090 	 9214.06065 	 
5862.89104 	 8642.11595 	 16578.08599 	 30883.71216 	 4274.40945 	 6697.27348 	 14581.91502 	 12620.72470 	 14067.33857 	 10933.78373 	 10510.04969 	 67176.92090 	 2995.95237 	 5877.96339 	 10692.02993 	 8379.78418 	 81306.08979 	 18277.98582 	 13286.52400 	 6855.56972 	 12137.14557 	    0.00000 	 42722.39403 	 3304.32467 	 18189.83528 	 
2807.67198 	 4123.64173 	 5236.55723 	 10646.40171 	  938.30033 	 2539.08747 	 3504.80997 	 5827.58464 	 5327.85276 	 3143.82887 	 3694.62690 	 38175.33208 	 1120.49147 	 2243.40867 	 7801.73650 	 2430.28244 	 13178.72038 	 4545.82844 	 2846.00841 	 1737.28838 	 3709.01452 	 38561.72412 	    0.00000 	 1008.14522 	 5055.03877 	 
12313.79838 	 2156.95471 	 6566.57001 	 17536.47782 	 3537.95644 	 8344.95280 	 3228.76206 	 1114.59610 	 11491.82339 	 2888.90238 	 1631.98259 	 2779.06707 	 1946.43639 	 24073.98827 	 3877.63818 	 2945.48508 	 28833.34997 	 6267.06476 	  407.74817 	 6864.12719 	 2805.02387 	 1827.03893 	  662.80489 	    0.00000 	 5107.65591 	 
16042.38957 	  417.96647 	 42452.73554 	 45032.67847 	 4943.48100 	 13200.61782 	 8214.63483 	 8665.77898 	 19526.16357 	 4175.65767 	 8056.27146 	 17919.22446 	 5783.82368 	 23070.69213 	 12409.99846 	 6027.55968 	 171916.06202 	 13117.43491 	 4173.44359 	 12665.49428 	 12039.59305 	 18383.16627 	 4192.27249 	 7291.05246 	    0.00000 	 
